category_slug,subreddit,is_scoring,is_core,partner_priority,comments_per_hour_est,evidence
artist-booking,artistsforhire,True,,0,1.38,competitor_posts
artist-booking,artistswithoutagents,True,,1,0.5,"ops, community_search"
artist-booking,atlfilmmakers,True,,0,0.5,community_search
artist-booking,aves,True,,0,26.07,community_search
artist-booking,avproduction,True,,0,0.5,community_search
artist-booking,bandmembers,True,,0,1.29,community_search
artist-booking,bands4bands,True,,0,0.5,community_search
artist-booking,barbands,True,,0,0.5,community_search
artist-booking,barowners,True,,0,0.92,competitor_posts
artist-booking,bookingagent,True,,1,0.5,"signal, old"
artist-booking,britishmetal,True,,0,0.5,community_search
artist-booking,buildinpublic,True,,0,5.48,competitor_posts
artist-booking,business,True,,0,116.75,index_scoring
artist-booking,clubspace,True,,0,0.5,competitor_posts
artist-booking,countrymusicstuff,True,,0,2.82,community_search
artist-booking,dieselboy,True,,0,0.5,community_search
artist-booking,djs,True,,1,5.85,"partner_mentions, signal, index_scoring, community_search, old"
artist-booking,edm,True,,0,137.27,old
artist-booking,eventplanners,True,,0,0.79,index_scoring
artist-booking,eventproduction,True,,0,0.77,"index_scoring, community_search"
artist-booking,eventproductiondubai,True,,0,0.5,community_search
artist-booking,events,True,,0,0.08,index_scoring
artist-booking,experimentalarts,True,,0,0.5,community_search
artist-booking,festivals,True,,1,10.08,"signal, community_search, old"
artist-booking,filmmakers,True,,0,35.13,"index_scoring, community_search"
artist-booking,hardstyle,True,,0,5.48,community_search
artist-booking,hiphopcollabs,True,,0,0.76,community_search
artist-booking,hololive,True,,0,70.14,community_search
artist-booking,hulaween,True,,0,1.03,community_search
artist-booking,indieheads,True,,0,164.02,"competitor_posts, community_search, old"
artist-booking,irishfilm,True,,0,0.5,community_search
artist-booking,jambands,True,,0,7.18,index_scoring
artist-booking,japanesemusic,True,,0,5.92,community_search
artist-booking,jobs,True,,0,128.1,competitor_posts
artist-booking,kcedm,True,,0,0.5,community_search
artist-booking,kpop,True,,0,175.22,community_search
artist-booking,kpopthoughts,True,,0,12.82,community_search
artist-booking,langchain,True,,1,4.89,partner_mentions
artist-booking,letstalkmusic,True,,0,26.59,community_search
artist-booking,livesound,True,,1,6.03,"signal, index_scoring, community_search, old"
artist-booking,llmdevs,True,,1,7.83,partner_mentions
artist-booking,makinghiphop,True,,0,15.64,old
artist-booking,marketing,True,,0,88.83,index_scoring
artist-booking,mcmgmusicpromotion,True,,0,0.5,community_search
artist-booking,micro_saas,True,,0,22.82,competitor_posts
artist-booking,microsaas,True,,0,21.23,competitor_posts
artist-booking,mobiledj,True,,0,1.62,index_scoring
artist-booking,musicbusiness,True,True,1,1.17,"panel_threads, ops, signal, community_search, old"
artist-booking,musicians,True,,1,9.35,"ops, competitor_posts, community_search, old"
artist-booking,musiciansmeetup,True,,0,0.5,community_search
artist-booking,musicindustry,True,True,1,3.37,"panel_threads, ops, signal, index_scoring, competitor_posts, community_search, old"
artist-booking,musicindustryla,True,,0,0.5,community_search
artist-booking,musicindustrynetwork,True,,0,0.5,community_search
artist-booking,musicmarketing,True,,0,5.13,community_search
artist-booking,musicpromotion,True,,0,3.77,community_search
artist-booking,musicpromotiontricks,True,,1,0.5,ops
artist-booking,nycbands,True,,0,0.5,community_search
artist-booking,openrouter,True,,1,0.98,partner_mentions
artist-booking,opera,True,,0,2.51,community_search
artist-booking,partyplanning,True,,0,2.76,index_scoring
artist-booking,phxmusic,True,,0,0.5,community_search
artist-booking,psytrance,True,,0,2.91,community_search
artist-booking,publicrelations,True,,0,1.94,index_scoring
artist-booking,punk,True,,0,16.2,community_search
artist-booking,rancid,True,,0,0.5,community_search
artist-booking,sacramentomusicians,True,,0,0.5,community_search
artist-booking,sideproject,True,,0,53.63,competitor_posts
artist-booking,singing,True,,0,64.63,community_search
artist-booking,smallbusiness,True,,0,114.69,"index_scoring, competitor_posts"
artist-booking,software,True,,0,14.84,index_scoring
artist-booking,squaredcircle,True,,0,61.24,community_search
artist-booking,techno,True,,0,22.34,community_search
artist-booking,technoproduction,True,,0,4.87,community_search
artist-booking,theatre,True,,0,3.49,"index_scoring, community_search"
artist-booking,theentertainmentmix,True,,0,0.5,community_search
artist-booking,touringmusicians,True,True,1,0.77,"panel_threads, signal, competitor_posts, community_search, old"
artist-booking,tourmanagement,True,,0,0.5,community_search
artist-booking,ukfestivals,True,,0,0.67,index_scoring
artist-booking,umf,True,,0,1.66,competitor_posts
artist-booking,videoprofessionals,True,,0,0.5,community_search
artist-booking,wearethemusicmakers,True,,0,172.83,"community_search, old"
artist-booking,webapps,True,,0,0.95,competitor_posts
eor-global-payroll,4dayweekjobs,True,,0,0.5,competitor_posts
eor-global-payroll,accountant,True,,0,0.27,index_scoring
eor-global-payroll,accounting,True,True,1,76.58,"panel_threads, index_scoring, community_search"
eor-global-payroll,accountingdepartment,True,,0,0.75,index_scoring
eor-global-payroll,accountingph,True,,0,10.18,index_scoring
eor-global-payroll,accountinguk,True,,0,1.24,index_scoring
eor-global-payroll,adp,True,,0,0.5,competitor_posts
eor-global-payroll,advancedentrepreneur,True,True,1,1.27,"panel_threads, index_scoring"
eor-global-payroll,agency,True,,0,4.55,index_scoring
eor-global-payroll,albaniaexpats,True,,0,0.5,community_search
eor-global-payroll,allthingsremote,True,,0,0.5,community_search
eor-global-payroll,americanexpatsuk,True,,0,0.94,community_search
eor-global-payroll,americansincanada,True,,0,0.51,competitor_posts
eor-global-payroll,amsterdam,True,,0,16.8,community_search
eor-global-payroll,antiwork,True,,0,135.32,community_search
eor-global-payroll,askaccounting,True,,0,0.51,index_scoring
eor-global-payroll,askanything,True,,0,11.9,competitor_posts
eor-global-payroll,askhr,True,,0,40.08,"index_scoring, competitor_posts, community_search"
eor-global-payroll,askhruk,True,,0,7.1,index_scoring
eor-global-payroll,askindia,True,,0,41.02,competitor_posts
eor-global-payroll,askmanagers,True,,0,10.3,index_scoring
eor-global-payroll,askmkd,True,,0,0.5,competitor_posts
eor-global-payroll,askswitzerland,True,,0,11.05,competitor_posts
eor-global-payroll,asktheworld,True,,0,22.57,competitor_posts
eor-global-payroll,askvenezuela,True,,0,1.11,competitor_posts
eor-global-payroll,ausbusiness,True,,0,6.17,index_scoring
eor-global-payroll,aushumanresources,True,,0,0.5,community_search
eor-global-payroll,aussie,True,,0,3.61,competitor_posts
eor-global-payroll,australianaccounting,True,,0,3.92,index_scoring
eor-global-payroll,b2bforhire,True,,0,28.5,community_search
eor-global-payroll,bangkok,True,,0,8.33,community_search
eor-global-payroll,bddevs,True,,0,0.89,competitor_posts
eor-global-payroll,beermoneyglobal,True,,0,12.63,competitor_posts
eor-global-payroll,belasting,True,,0,0.5,competitor_posts
eor-global-payroll,belgium,True,,0,18.37,competitor_posts
eor-global-payroll,belgium2,True,,0,3.18,competitor_posts
eor-global-payroll,bigdatajobs,True,,0,0.99,community_search
eor-global-payroll,bitwage,True,,0,0.5,community_search
eor-global-payroll,blackexpats,True,,0,0.5,community_search
eor-global-payroll,bolehland,True,,0,8.81,competitor_posts
eor-global-payroll,bookkeeping,True,,1,3.87,"ops, index_scoring, community_search"
eor-global-payroll,bpoinph,True,True,1,68.3,"panel_threads, index_scoring, competitor_posts, community_search"
eor-global-payroll,brdev,True,,0,49.6,competitor_posts
eor-global-payroll,britishexpats,True,,0,0.5,community_search
eor-global-payroll,buhaydigital,True,,0,36.33,"competitor_posts, community_search"
eor-global-payroll,bulgariaexpats,True,,0,0.5,"competitor_posts, community_search"
eor-global-payroll,business,True,,0,116.75,"index_scoring, community_search"
eor-global-payroll,business_in_china,True,,0,1.0,competitor_posts
eor-global-payroll,businessbritain,True,,0,0.08,index_scoring
eor-global-payroll,businessowners,True,,0,1.7,old
eor-global-payroll,businessph,True,,0,5.68,index_scoring
eor-global-payroll,buyfromeu,True,,0,16.64,competitor_posts
eor-global-payroll,canada,True,,0,195.0,community_search
eor-global-payroll,canadasmallbusiness,True,,0,1.27,index_scoring
eor-global-payroll,cantax,True,,0,2.51,index_scoring
eor-global-payroll,careeradvice,True,,0,39.41,index_scoring
eor-global-payroll,cfo,True,True,1,1.77,"panel_threads, index_scoring"
eor-global-payroll,china,True,,0,30.73,community_search
eor-global-payroll,chinajobs,True,,0,0.5,community_search
eor-global-payroll,chinalife,True,,0,20.36,community_search
eor-global-payroll,choosingvendors,True,,0,0.5,competitor_posts
eor-global-payroll,chronobank,True,,0,0.5,community_search
eor-global-payroll,commercialisti,True,,0,2.6,competitor_posts
eor-global-payroll,compliance,True,,1,0.5,ops
eor-global-payroll,construction,True,True,1,66.36,"panel_threads, index_scoring, community_search"
eor-global-payroll,constructionmanagers,True,,0,9.42,index_scoring
eor-global-payroll,consulting,True,,0,17.36,index_scoring
eor-global-payroll,contractors,True,,0,0.5,community_search
eor-global-payroll,contractoruk,True,,0,1.79,"competitor_posts, community_search"
eor-global-payroll,cscareerquestions,True,,1,107.88,"ops, competitor_posts, community_search"
eor-global-payroll,designjobs,True,,0,9.14,community_search
eor-global-payroll,develeire,True,,0,4.7,community_search
eor-global-payroll,developerjobs,True,,0,2.66,community_search
eor-global-payroll,developersindia,True,,0,89.12,community_search
eor-global-payroll,developerspak,True,,0,8.84,competitor_posts
eor-global-payroll,devopsjobs,True,,0,11.96,"competitor_posts, community_search"
eor-global-payroll,devpt,True,,0,2.66,competitor_posts
eor-global-payroll,devsfinanzas,True,,0,0.5,competitor_posts
eor-global-payroll,digitalnomad,True,,1,109.23,"ops, competitor_posts, community_search, old"
eor-global-payroll,digitalnomadlife,True,,1,0.5,ops
eor-global-payroll,djangojobs,True,,0,0.5,community_search
eor-global-payroll,dubai,True,,0,25.75,community_search
eor-global-payroll,dubairemotework,True,,0,0.5,community_search
eor-global-payroll,economy,True,,0,48.75,community_search
eor-global-payroll,egyptianexpats,True,,0,0.86,community_search
eor-global-payroll,egyptianfreelancers,True,,0,1.96,competitor_posts
eor-global-payroll,egyremoteworkers,True,,0,2.84,competitor_posts
eor-global-payroll,entrepreneur,True,,1,24.81,"ops, index_scoring, community_search, old"
eor-global-payroll,entrepreneurs,True,True,1,8.95,"panel_threads, index_scoring, competitor_posts, community_search"
eor-global-payroll,entrepreneurship,True,,1,6.5,ops
eor-global-payroll,eorfortech,True,True,1,0.5,"panel_threads, ops, competitor_posts"
eor-global-payroll,eulaw,True,,0,0.5,competitor_posts
eor-global-payroll,expat,True,,0,4.04,"community_search, old"
eor-global-payroll,expatfinance,True,,0,1.36,community_search
eor-global-payroll,expatfire,True,,0,6.54,community_search
eor-global-payroll,expats,True,,0,11.74,community_search
eor-global-payroll,expats_in_france,True,,0,1.19,community_search
eor-global-payroll,expats_ph,True,,0,0.5,community_search
eor-global-payroll,expatsgermany,True,,0,0.5,community_search
eor-global-payroll,expatsinbangkok,True,,0,0.5,community_search
eor-global-payroll,expatsitaly,True,,0,0.5,community_search
eor-global-payroll,expatsprague,True,,0,0.5,community_search
eor-global-payroll,federalcontractors,True,,0,0.5,community_search
eor-global-payroll,fednews,True,,0,27.67,community_search
eor-global-payroll,financejobsremote,True,,0,0.5,community_search
eor-global-payroll,financialindependence,True,,0,110.74,competitor_posts
eor-global-payroll,finansial,True,,0,11.93,competitor_posts
eor-global-payroll,finansije,True,,0,1.93,competitor_posts
eor-global-payroll,findapath,True,,0,36.61,community_search
eor-global-payroll,fintech,True,True,1,4.35,panel_threads
eor-global-payroll,fire,True,,0,46.08,competitor_posts
eor-global-payroll,firepakistan,True,,0,3.61,competitor_posts
eor-global-payroll,forhire,True,,0,33.95,community_search
eor-global-payroll,freelance,True,,0,31.57,old
eor-global-payroll,freelanceindia,True,,0,2.5,community_search
eor-global-payroll,frenchtech,True,,0,0.62,competitor_posts
eor-global-payroll,gdpr,True,,0,1.14,competitor_posts
eor-global-payroll,geldzaken,True,,0,6.22,competitor_posts
eor-global-payroll,genroam,True,,0,0.5,competitor_posts
eor-global-payroll,germany,True,True,1,52.88,"panel_threads, competitor_posts"
eor-global-payroll,germany_jobs,True,True,1,2.3,panel_threads
eor-global-payroll,getemployed,True,,0,31.47,competitor_posts
eor-global-payroll,gothenburgexpats,True,,0,0.5,community_search
eor-global-payroll,governmentcontracting,True,,0,0.93,index_scoring
eor-global-payroll,growmybusiness,True,,0,6.96,index_scoring
eor-global-payroll,gymowner,True,,0,0.68,index_scoring
eor-global-payroll,hirevire,True,,0,0.5,community_search
eor-global-payroll,hiring,True,,0,6.5,"index_scoring, community_search"
eor-global-payroll,hiringpakistan,True,,0,1.93,community_search
eor-global-payroll,hongkong,True,,0,32.62,community_search
eor-global-payroll,hrprofessional,True,,0,0.5,community_search
eor-global-payroll,hrtechnology,True,,0,0.5,community_search
eor-global-payroll,human_resources,True,True,1,0.67,"panel_threads, ops, index_scoring, community_search"
eor-global-payroll,humanresources,True,True,1,19.33,"panel_threads, ops, index_scoring, competitor_posts, community_search, old"
eor-global-payroll,humanresourcesblog,True,,0,0.5,community_search
eor-global-payroll,humanresourcescanada,True,,0,0.5,community_search
eor-global-payroll,humanresourcesexam,True,,0,0.5,community_search
eor-global-payroll,humanresourcesph,True,,0,0.5,community_search
eor-global-payroll,humanresourcesremote,True,,1,0.5,"ops, competitor_posts, community_search"
eor-global-payroll,humanresourcesuk,True,,0,2.0,"index_scoring, competitor_posts, community_search"
eor-global-payroll,huntrco,True,,0,0.5,competitor_posts
eor-global-payroll,incometax_india,True,,0,0.5,competitor_posts
eor-global-payroll,indiabusiness,True,,0,26.12,index_scoring
eor-global-payroll,indiajobs,True,,0,36.4,"index_scoring, community_search"
eor-global-payroll,indiaspeaks,True,,0,51.09,community_search
eor-global-payroll,indiebiz,True,,0,0.38,index_scoring
eor-global-payroll,indonesia,True,,0,44.11,"competitor_posts, community_search"
eor-global-payroll,internalaudit,True,,0,3.98,index_scoring
eor-global-payroll,internationalbusiness,True,True,1,0.21,"panel_threads, index_scoring, old"
eor-global-payroll,internationalteachers,True,,0,2.57,community_search
eor-global-payroll,internships,True,,0,6.64,"competitor_posts, community_search"
eor-global-payroll,iopsychology,True,,0,1.88,community_search
eor-global-payroll,iraq_developers,True,,0,0.5,competitor_posts
eor-global-payroll,irs,True,,0,21.77,index_scoring
eor-global-payroll,italiacareeradvice,True,,0,5.78,competitor_posts
eor-global-payroll,itcareerquestions,True,,0,25.77,community_search
eor-global-payroll,itmanagers,True,,0,6.51,index_scoring
eor-global-payroll,itposlodavci,True,,0,0.7,competitor_posts
eor-global-payroll,iwantout,True,,0,93.21,community_search
eor-global-payroll,japanjobs,True,True,1,1.4,panel_threads
eor-global-payroll,jobayti,True,,1,0.5,partner_mentions
eor-global-payroll,jobboardsearch,True,,1,1.24,"partner_mentions, competitor_posts"
eor-global-payroll,jobph,True,,0,5.86,community_search
eor-global-payroll,jobs,True,,0,128.1,community_search
eor-global-payroll,jobsdubai,True,,0,0.5,competitor_posts
eor-global-payroll,jobsearchhack,True,,0,0.5,competitor_posts
eor-global-payroll,jobshungary,True,,0,2.55,competitor_posts
eor-global-payroll,jobskenyahub,True,,0,0.5,community_search
eor-global-payroll,jovemedinamica,True,,0,5.58,index_scoring
eor-global-payroll,korea,True,,0,64.09,community_search
eor-global-payroll,koreaexpats,True,,0,0.5,community_search
eor-global-payroll,kuwait,True,,0,4.45,community_search
eor-global-payroll,labor,True,,1,0.73,ops
eor-global-payroll,laborlaw,True,,1,0.5,ops
eor-global-payroll,law,True,,0,100.93,competitor_posts
eor-global-payroll,lawfirm,True,,0,4.89,index_scoring
eor-global-payroll,lebanon,True,,0,7.53,community_search
eor-global-payroll,legaladvice,True,,0,162.37,community_search
eor-global-payroll,legaladviceuk,True,,0,61.45,community_search
eor-global-payroll,linkedinlunatics,True,,0,48.9,competitor_posts
eor-global-payroll,literaciafinanceira,True,,0,50.65,community_search
eor-global-payroll,london_forhire,True,,0,0.5,community_search
eor-global-payroll,machinelearningjobs,True,,0,3.06,community_search
eor-global-payroll,malaysia,True,,0,60.75,"competitor_posts, community_search"
eor-global-payroll,marketingjobs,True,,0,0.5,community_search
eor-global-payroll,medicalvaph,True,,0,1.7,competitor_posts
eor-global-payroll,mercor_contractors,True,,0,0.5,community_search
eor-global-payroll,mexicofinanciero,True,,0,19.4,competitor_posts
eor-global-payroll,minneapolis,True,,0,11.55,competitor_posts
eor-global-payroll,mkd,True,,0,2.35,competitor_posts
eor-global-payroll,modernhiring,True,,0,0.74,community_search
eor-global-payroll,moroccopreneur,True,,0,0.84,community_search
eor-global-payroll,movingtojapan,True,,0,6.72,competitor_posts
eor-global-payroll,msp,True,,0,11.21,index_scoring
eor-global-payroll,mwopportunitiesdaily,True,,0,0.5,competitor_posts
eor-global-payroll,nanny,True,,0,17.52,index_scoring
eor-global-payroll,nannyemployers,True,,0,7.12,index_scoring
eor-global-payroll,nederland,True,,0,2.15,competitor_posts
eor-global-payroll,nederlands,True,,0,13.77,competitor_posts
eor-global-payroll,netherlands,True,,0,23.41,community_search
eor-global-payroll,netherlandsexpats,True,,0,0.5,community_search
eor-global-payroll,nicaragua,True,,0,2.32,competitor_posts
eor-global-payroll,nonprofit,True,True,1,4.28,"panel_threads, index_scoring"
eor-global-payroll,novatedleasingau,True,,0,2.66,index_scoring
eor-global-payroll,nursing,True,,0,95.46,index_scoring
eor-global-payroll,o1visaseb1greencards,True,,0,0.5,competitor_posts
eor-global-payroll,oman,True,,0,3.08,community_search
eor-global-payroll,onguardforthee,True,,0,14.74,competitor_posts
eor-global-payroll,onlineworkfinder,True,,0,0.5,community_search
eor-global-payroll,onlyinfotech,True,,0,0.5,community_search
eor-global-payroll,overemployed,True,,0,30.16,"index_scoring, competitor_posts, community_search"
eor-global-payroll,pakfreelancers,True,,0,0.5,competitor_posts
eor-global-payroll,pakistan,True,,0,31.63,competitor_posts
eor-global-payroll,pakistanitech,True,,0,5.96,competitor_posts
eor-global-payroll,pakistanitwenties,True,,0,2.34,competitor_posts
eor-global-payroll,pakstartups,True,,0,1.0,competitor_posts
eor-global-payroll,panamaexpats,True,,0,0.5,community_search
eor-global-payroll,paraguay,True,,0,7.9,competitor_posts
eor-global-payroll,paychex_official,True,,0,0.5,community_search
eor-global-payroll,payoneer,True,,0,0.52,competitor_posts
eor-global-payroll,payroll,True,True,1,1.35,"panel_threads, ops, index_scoring, competitor_posts, community_search, old"
eor-global-payroll,payrollhub,True,,0,0.1,"index_scoring, community_search"
eor-global-payroll,payrollpanda,True,True,1,0.5,"panel_threads, competitor_posts, community_search"
eor-global-payroll,payrollsoftware,True,,0,0.5,community_search
eor-global-payroll,payslipsph,True,,0,1.14,competitor_posts
eor-global-payroll,personalfinancecanada,True,,0,85.38,community_search
eor-global-payroll,personalfinancegreece,True,,0,1.05,competitor_posts
eor-global-payroll,personalfinancenz,True,,0,6.47,competitor_posts
eor-global-payroll,ph_hr_confession,True,,0,2.17,index_scoring
eor-global-payroll,phfinance,True,,0,0.4,index_scoring
eor-global-payroll,philippines,True,,0,163.01,community_search
eor-global-payroll,philippines_expats,True,,0,4.97,community_search
eor-global-payroll,phstartups,True,,0,1.42,index_scoring
eor-global-payroll,portugalexpats,True,,0,3.27,"competitor_posts, community_search"
eor-global-payroll,productdesignjobs,True,,0,0.5,competitor_posts
eor-global-payroll,programare,True,,0,39.18,competitor_posts
eor-global-payroll,programminghungary,True,,0,1.61,competitor_posts
eor-global-payroll,punejobs,True,,0,0.5,community_search
eor-global-payroll,pythonjobs,True,,0,1.67,community_search
eor-global-payroll,qatar,True,,0,6.37,community_search
eor-global-payroll,quickbooks,True,,0,1.9,community_search
eor-global-payroll,railsjobs,True,,0,0.5,community_search
eor-global-payroll,recordlabels,True,,0,0.5,community_search
eor-global-payroll,recruiter_advice,True,,1,0.65,ops
eor-global-payroll,recruiting,True,,0,2.35,"index_scoring, community_search"
eor-global-payroll,recruitinghell,True,,0,171.99,"index_scoring, community_search"
eor-global-payroll,recruitinghiringph,True,,1,2.07,"ops, community_search"
eor-global-payroll,recruitment,True,True,1,1.23,panel_threads
eor-global-payroll,recruitmenthub,True,,0,0.64,community_search
eor-global-payroll,redfoxlabs,True,,0,0.5,community_search
eor-global-payroll,remote,True,,0,0.5,old
eor-global-payroll,remotearchitecture,True,,0,0.5,community_search
eor-global-payroll,remotearmy,True,,1,0.5,ops
eor-global-payroll,remotejobs,True,,1,26.36,"ops, community_search"
eor-global-payroll,remotejobsau,True,,0,0.5,community_search
eor-global-payroll,remotejobseekers,True,,0,3.74,community_search
eor-global-payroll,remotejobsfinders,True,,0,1.45,community_search
eor-global-payroll,remotejs,True,,1,2.23,"ops, community_search"
eor-global-payroll,remotelegaljobs,True,,0,0.5,competitor_posts
eor-global-payroll,remotepython,True,,0,0.83,community_search
eor-global-payroll,remotework,True,True,1,28.59,"panel_threads, ops, index_scoring, competitor_posts, community_search, old"
eor-global-payroll,remoteworkcanada,True,,0,0.5,community_search
eor-global-payroll,remoteworkcommunity,True,,0,0.5,community_search
eor-global-payroll,remoteworkeurope,True,,0,0.5,community_search
eor-global-payroll,remoteworkfromhome,True,,0,0.5,community_search
eor-global-payroll,remoteworkguide,True,,0,0.5,community_search
eor-global-payroll,remoteworkhiring,True,,0,0.5,community_search
eor-global-payroll,remoteworkindia,True,,0,0.5,community_search
eor-global-payroll,remoteworking,True,,0,4.41,community_search
eor-global-payroll,remoteworklatam,True,,0,0.5,community_search
eor-global-payroll,remoteworkops,True,,0,0.5,community_search
eor-global-payroll,remoteworks,True,True,1,5.12,"panel_threads, competitor_posts, community_search"
eor-global-payroll,remoteworksource,True,,0,0.5,community_search
eor-global-payroll,remoteworkuk,True,,0,0.5,community_search
eor-global-payroll,remotivejobs,True,,0,0.5,competitor_posts
eor-global-payroll,restaurantowners,True,,0,5.5,index_scoring
eor-global-payroll,resumeexperts,True,,0,0.55,index_scoring
eor-global-payroll,riyadhexpats,True,,0,0.55,community_search
eor-global-payroll,saas,True,True,1,78.73,"panel_threads, ops, index_scoring, competitor_posts, old"
eor-global-payroll,saasstartups,True,True,1,0.5,panel_threads
eor-global-payroll,salary,True,,0,84.81,index_scoring
eor-global-payroll,sales,True,,0,29.84,community_search
eor-global-payroll,saudiarabia,True,,0,9.55,community_search
eor-global-payroll,scamchecker,True,,0,0.5,competitor_posts
eor-global-payroll,scams,True,,0,64.43,competitor_posts
eor-global-payroll,shanghai,True,,0,5.7,community_search
eor-global-payroll,shrm,True,,0,0.5,community_search
eor-global-payroll,sideproject,True,,0,53.63,competitor_posts
eor-global-payroll,singapore,True,,0,81.84,community_search
eor-global-payroll,slasify,True,,1,0.5,"ops, owned"
eor-global-payroll,smallbusiness,True,True,1,114.69,"panel_threads, ops, index_scoring, community_search, old"
eor-global-payroll,smallbusinesscanada,True,,0,1.66,index_scoring
eor-global-payroll,smallbusinessindia,True,,0,42.9,index_scoring
eor-global-payroll,smallbusinessowner,True,,1,4.01,"ops, index_scoring"
eor-global-payroll,smallbusinessowners,True,,0,1.04,index_scoring
eor-global-payroll,smallbusinessus,True,True,1,4.1,"panel_threads, ops"
eor-global-payroll,smartremotework,True,,0,0.5,community_search
eor-global-payroll,smesingapore,True,True,1,1.71,panel_threads
eor-global-payroll,softwareunboxed,True,True,1,0.5,"panel_threads, ops, community_search"
eor-global-payroll,spainexpats,True,,0,0.5,community_search
eor-global-payroll,startup,True,,0,14.54,index_scoring
eor-global-payroll,startupaccelerators,True,,0,1.9,competitor_posts
eor-global-payroll,startupindia,True,,0,20.32,"index_scoring, community_search"
eor-global-payroll,startups,True,,1,96.15,"ops, index_scoring, community_search, old"
eor-global-payroll,startups_eu,True,,0,0.84,index_scoring
eor-global-payroll,swiftjobs,True,,0,0.5,community_search
eor-global-payroll,switzerland,True,,0,27.24,competitor_posts
eor-global-payroll,sysadmin,True,,1,111.96,"ops, index_scoring, community_search"
eor-global-payroll,sysadminjobs,True,,0,1.35,community_search
eor-global-payroll,taquerosprogramadores,True,,0,2.56,competitor_posts
eor-global-payroll,tax,True,,1,26.61,"ops, index_scoring, community_search"
eor-global-payroll,taxpros,True,True,1,4.12,"panel_threads, community_search"
eor-global-payroll,taxresidencyguide,True,True,1,0.5,panel_threads
eor-global-payroll,tech,True,,0,31.46,community_search
eor-global-payroll,techaijobs,True,,0,0.5,community_search
eor-global-payroll,techjobs,True,,0,2.39,community_search
eor-global-payroll,thailand,True,,0,43.18,community_search
eor-global-payroll,themarketinglab,True,,1,0.5,ops
eor-global-payroll,thenetherlands,True,,0,66.3,competitor_posts
eor-global-payroll,timetrackingsoftware,True,True,1,0.5,panel_threads
eor-global-payroll,toolstacked,True,,1,0.5,ops
eor-global-payroll,toptalent,True,,0,138.47,competitor_posts
eor-global-payroll,truckingstartups,True,,0,0.5,community_search
eor-global-payroll,truephilippinesexpats,True,,0,0.5,community_search
eor-global-payroll,trulymalaysians,True,,0,0.5,competitor_posts
eor-global-payroll,tunisia,True,,0,6.62,competitor_posts
eor-global-payroll,tunisiatech,True,,0,14.41,competitor_posts
eor-global-payroll,uae,True,,0,15.04,community_search
eor-global-payroll,uae_startups,True,,0,1.61,index_scoring
eor-global-payroll,ukstartups,True,True,1,1.98,"panel_threads, index_scoring"
eor-global-payroll,unpath,True,,0,1.04,community_search
eor-global-payroll,usafedcontractors,True,,0,0.5,community_search
eor-global-payroll,usexpattaxes,True,,0,1.38,community_search
eor-global-payroll,vancouverjobs,True,,0,1.87,community_search
eor-global-payroll,vha_human_resources,True,,0,0.71,community_search
eor-global-payroll,viennaexpats,True,,0,0.5,community_search
eor-global-payroll,vietnam,True,,0,68.94,community_search
eor-global-payroll,vietnam_expats,True,,0,0.5,community_search
eor-global-payroll,virtualassistant,True,,0,8.04,community_search
eor-global-payroll,virtualassistantph,True,,0,7.1,community_search
eor-global-payroll,webdeveloperjobs,True,,0,12.81,community_search
eor-global-payroll,webdevjobs,True,,0,0.74,community_search
eor-global-payroll,wfh,True,,0,10.77,community_search
eor-global-payroll,work,True,,1,72.44,ops
eor-global-payroll,workday,True,,0,1.13,competitor_posts
eor-global-payroll,workforcemanagement,True,,0,0.2,"index_scoring, competitor_posts"
eor-global-payroll,workfromhome,True,,0,6.45,old
eor-global-payroll,workonline,True,,0,34.78,community_search
eor-global-payroll,workreform,True,,0,101.6,"index_scoring, community_search"
eor-global-payroll,workremoteafrica,True,,0,0.5,community_search
eor-global-payroll,worldwithoutlimits,True,,0,0.5,"competitor_posts, community_search"
eor-global-payroll,zimbabwe,True,,0,2.61,competitor_posts
commercial-insurance-brokerage,accounting,True,,0,76.58,index_scoring
commercial-insurance-brokerage,actuary,True,,0,6.86,"index_scoring, community_search, old"
commercial-insurance-brokerage,actuaryindia,True,,0,0.5,competitor_posts
commercial-insurance-brokerage,adjusters,True,,0,0.77,competitor_posts
commercial-insurance-brokerage,advertising,True,,0,11.64,competitor_posts
commercial-insurance-brokerage,affordablecontractors,True,,0,0.5,community_search
commercial-insurance-brokerage,agency,True,,1,4.55,ops
commercial-insurance-brokerage,aiinfinancialservices,True,,0,0.5,community_search
commercial-insurance-brokerage,aiprocessautomation,True,,0,0.5,community_search
commercial-insurance-brokerage,allthequestions,True,,0,5.81,competitor_posts
commercial-insurance-brokerage,amazonflexdrivers,True,,0,8.02,community_search
commercial-insurance-brokerage,americansincanada,True,,0,0.51,competitor_posts
commercial-insurance-brokerage,architects,True,,1,3.88,"ops, competitor_posts"
commercial-insurance-brokerage,askforhelp,True,,0,1.02,competitor_posts
commercial-insurance-brokerage,askmarketing,True,,0,10.31,competitor_posts
commercial-insurance-brokerage,asksingapore,True,,0,17.27,community_search
commercial-insurance-brokerage,atlanta,True,,0,25.25,"competitor_posts, community_search"
commercial-insurance-brokerage,aus,True,,0,1.36,competitor_posts
commercial-insurance-brokerage,ausbusiness,True,,0,6.17,community_search
commercial-insurance-brokerage,aussie,True,,0,3.61,competitor_posts
commercial-insurance-brokerage,austin,True,,0,28.66,"competitor_posts, community_search"
commercial-insurance-brokerage,austinrecsandreviews,True,,0,0.5,community_search
commercial-insurance-brokerage,australianstartups,True,,0,2.52,community_search
commercial-insurance-brokerage,aviation,True,,0,126.86,competitor_posts
commercial-insurance-brokerage,bangalorestartups,True,,0,5.8,competitor_posts
commercial-insurance-brokerage,barowners,True,True,1,0.92,"panel_threads, ops, community_search"
commercial-insurance-brokerage,bartenders,True,,0,8.62,community_search
commercial-insurance-brokerage,bayarea,True,,0,37.77,"competitor_posts, community_search"
commercial-insurance-brokerage,berlinstartups,True,,0,0.5,competitor_posts
commercial-insurance-brokerage,bizbuysell,True,,0,0.5,competitor_posts
commercial-insurance-brokerage,blockchain_startups,True,,0,0.5,community_search
commercial-insurance-brokerage,blockchainstartups,True,,0,2.64,community_search
commercial-insurance-brokerage,bookkeeping,True,,1,3.87,ops
commercial-insurance-brokerage,boston,True,,0,36.35,competitor_posts
commercial-insurance-brokerage,boxtruckstartup,True,,0,0.5,competitor_posts
commercial-insurance-brokerage,bpoinph,True,,0,68.3,competitor_posts
commercial-insurance-brokerage,business,True,,1,116.75,"ops, community_search"
commercial-insurance-brokerage,business_owners,True,,0,0.5,community_search
commercial-insurance-brokerage,business_startups,True,,0,0.5,community_search
commercial-insurance-brokerage,businessowners,True,,1,1.7,"ops, community_search, old"
commercial-insurance-brokerage,businessowners_usa,True,,0,0.5,community_search
commercial-insurance-brokerage,calgarysmallbusiness,True,,0,0.5,community_search
commercial-insurance-brokerage,canada,True,,0,195.0,community_search
commercial-insurance-brokerage,canadasmallbusiness,True,,0,1.27,community_search
commercial-insurance-brokerage,cannabusiness,True,,1,0.5,ops
commercial-insurance-brokerage,casualuk,True,,0,127.03,competitor_posts
commercial-insurance-brokerage,catering,True,,1,0.5,ops
commercial-insurance-brokerage,ccw,True,,0,12.02,community_search
commercial-insurance-brokerage,chicago,True,,0,29.63,community_search
commercial-insurance-brokerage,chicagosuburbs,True,,0,11.21,competitor_posts
commercial-insurance-brokerage,ciso,True,,0,0.52,old
commercial-insurance-brokerage,claimsadjuster,True,,0,1.51,index_scoring
commercial-insurance-brokerage,clothingstartups,True,,0,2.41,community_search
commercial-insurance-brokerage,columbiamo,True,,0,1.83,competitor_posts
commercial-insurance-brokerage,commercialinsurance,True,,0,0.5,community_search
commercial-insurance-brokerage,commercialisti,True,,0,2.6,competitor_posts
commercial-insurance-brokerage,commercialrealestate,True,,1,5.95,"ops, competitor_posts, community_search, old"
commercial-insurance-brokerage,complaints,True,,0,6.49,competitor_posts
commercial-insurance-brokerage,compliance,True,,0,0.5,old
commercial-insurance-brokerage,connecticut,True,,0,17.12,competitor_posts
commercial-insurance-brokerage,conservative,True,,0,62.39,"competitor_posts, community_search"
commercial-insurance-brokerage,consulting,True,,1,17.36,ops
commercial-insurance-brokerage,contractor,True,,0,2.91,community_search
commercial-insurance-brokerage,contractoruk,True,,0,1.79,competitor_posts
commercial-insurance-brokerage,corporatefinance,True,,0,0.5,old
commercial-insurance-brokerage,corporatelawyer,True,,1,0.5,ops
commercial-insurance-brokerage,cyberinsurance,True,,0,0.5,community_search
commercial-insurance-brokerage,cybernews,True,,0,2.18,community_search
commercial-insurance-brokerage,cybersecurity,True,True,1,69.03,"panel_threads, ops, competitor_posts, community_search, old"
commercial-insurance-brokerage,cybersecurity101,True,,0,3.18,community_search
commercial-insurance-brokerage,cybersecurity_help,True,,0,9.33,community_search
commercial-insurance-brokerage,cybersecurity_news,True,,0,0.74,community_search
commercial-insurance-brokerage,cybersecurityadvice,True,,1,6.42,"ops, community_search"
commercial-insurance-brokerage,cybersecurityjobs,True,,0,3.02,community_search
commercial-insurance-brokerage,denver,True,,0,23.62,"competitor_posts, community_search"
commercial-insurance-brokerage,disabilityinsurance,True,,0,0.5,competitor_posts
commercial-insurance-brokerage,doordash,True,,0,48.07,"competitor_posts, community_search"
commercial-insurance-brokerage,doordash_drivers,True,,0,22.12,community_search
commercial-insurance-brokerage,drones,True,,0,13.2,community_search
commercial-insurance-brokerage,dubai,True,,0,25.75,community_search
commercial-insurance-brokerage,eceprofessionals,True,,1,4.58,ops
commercial-insurance-brokerage,ecommerce,True,,1,30.68,"ops, competitor_posts"
commercial-insurance-brokerage,economy,True,,0,48.75,"competitor_posts, community_search"
commercial-insurance-brokerage,electricians,True,,1,26.06,ops
commercial-insurance-brokerage,entrepreneur,True,,1,24.81,"ops, index_scoring, community_search, old"
commercial-insurance-brokerage,entrepreneurridealong,True,,1,32.95,"ops, community_search"
commercial-insurance-brokerage,entrepreneurs,True,True,1,8.95,"panel_threads, ops"
commercial-insurance-brokerage,entrepreneurship,True,,1,6.5,ops
commercial-insurance-brokerage,equestrian,True,,1,7.33,ops
commercial-insurance-brokerage,explorefortmyers,True,,0,0.5,competitor_posts
commercial-insurance-brokerage,farmersinsurance,True,,0,0.5,community_search
commercial-insurance-brokerage,fednews,True,,0,27.67,community_search
commercial-insurance-brokerage,financialcareers,True,,0,79.96,"index_scoring, competitor_posts, community_search"
commercial-insurance-brokerage,financialplanning,True,,0,44.5,community_search
commercial-insurance-brokerage,fintechstartups,True,,0,0.5,community_search
commercial-insurance-brokerage,firearms,True,,0,14.43,community_search
commercial-insurance-brokerage,firsttimehomebuyer,True,,0,46.38,competitor_posts
commercial-insurance-brokerage,foodtrucks,True,,1,2.17,ops
commercial-insurance-brokerage,forhire,True,,0,33.95,"competitor_posts, community_search"
commercial-insurance-brokerage,founder,True,,0,10.97,competitor_posts
commercial-insurance-brokerage,freightbrokers,True,,0,2.11,community_search
commercial-insurance-brokerage,frm,True,,0,0.92,community_search
commercial-insurance-brokerage,fulfillmentbyamazon,True,,0,6.54,community_search
commercial-insurance-brokerage,generalcontractor,True,,1,2.53,ops
commercial-insurance-brokerage,geotech,True,,1,0.78,ops
commercial-insurance-brokerage,getstartups,True,,0,2.46,community_search
commercial-insurance-brokerage,grc,True,,0,1.06,community_search
commercial-insurance-brokerage,hackernews,True,,0,4.57,competitor_posts
commercial-insurance-brokerage,halifax,True,,0,8.21,"competitor_posts, community_search"
commercial-insurance-brokerage,handyman,True,,0,6.91,competitor_posts
commercial-insurance-brokerage,hartford,True,,0,0.77,competitor_posts
commercial-insurance-brokerage,healthinsuranceagents,True,,0,0.5,community_search
commercial-insurance-brokerage,healthit,True,,0,2.68,index_scoring
commercial-insurance-brokerage,hillsboro,True,,0,0.72,community_search
commercial-insurance-brokerage,homeinspectors,True,,1,0.5,ops
commercial-insurance-brokerage,homeowners,True,,0,139.11,community_search
commercial-insurance-brokerage,houston,True,,0,25.86,community_search
commercial-insurance-brokerage,houstonjobs,True,,0,0.89,competitor_posts
commercial-insurance-brokerage,howislivingthere,True,,0,32.44,competitor_posts
commercial-insurance-brokerage,humanresources,True,,1,19.33,ops
commercial-insurance-brokerage,hwstartups,True,,1,2.43,"ops, community_search"
commercial-insurance-brokerage,illinois,True,,0,15.29,competitor_posts
commercial-insurance-brokerage,independentagents,True,,0,0.5,community_search
commercial-insurance-brokerage,india,True,,0,157.19,community_search
commercial-insurance-brokerage,indiacareers,True,,0,12.06,competitor_posts
commercial-insurance-brokerage,indiainvestments,True,,0,43.15,community_search
commercial-insurance-brokerage,indianstartups,True,,0,7.8,"competitor_posts, community_search"
commercial-insurance-brokerage,indiaspeaks,True,,0,51.09,community_search
commercial-insurance-brokerage,indiastartups,True,,0,1.18,community_search
commercial-insurance-brokerage,indie_startups,True,,0,0.64,community_search
commercial-insurance-brokerage,infinitebanking,True,,0,0.5,community_search
commercial-insurance-brokerage,insurance,True,True,1,10.72,"panel_threads, ops, signal, competitor_posts, community_search, old"
commercial-insurance-brokerage,insurance_companies,True,,0,1.14,competitor_posts
commercial-insurance-brokerage,insuranceagent,True,,1,7.76,"ops, index_scoring, competitor_posts, community_search"
commercial-insurance-brokerage,insuranceagents,True,,0,0.5,community_search
commercial-insurance-brokerage,insurancecanada,True,,0,0.5,community_search
commercial-insurance-brokerage,insurancecompanies,True,,1,0.5,ops
commercial-insurance-brokerage,insurancepro,True,,1,0.5,"signal, old"
commercial-insurance-brokerage,insuranceprofessional,True,,1,1.75,"signal, competitor_posts, community_search"
commercial-insurance-brokerage,insurancetroubleindia,True,,0,0.5,community_search
commercial-insurance-brokerage,insurtech,True,,0,0.01,index_scoring
commercial-insurance-brokerage,isrisk,True,,0,0.5,community_search
commercial-insurance-brokerage,italiastartups,True,,0,0.5,community_search
commercial-insurance-brokerage,itcareerquestions,True,,0,25.77,community_search
commercial-insurance-brokerage,jobboardsearch,True,,0,1.24,competitor_posts
commercial-insurance-brokerage,jobs,True,,0,128.1,competitor_posts
commercial-insurance-brokerage,kansascity,True,,0,10.8,"competitor_posts, community_search"
commercial-insurance-brokerage,kenyastartups,True,,0,0.5,community_search
commercial-insurance-brokerage,kitchenconfidential,True,,0,84.43,"competitor_posts, community_search"
commercial-insurance-brokerage,landlord,True,,0,9.6,community_search
commercial-insurance-brokerage,lawfirm,True,,1,4.89,"ops, competitor_posts"
commercial-insurance-brokerage,lawyeradvice,True,,1,1.05,ops
commercial-insurance-brokerage,leanmanufacturing,True,,1,0.61,ops
commercial-insurance-brokerage,legal,True,,0,17.48,competitor_posts
commercial-insurance-brokerage,legaladvice,True,,1,162.37,"ops, community_search"
commercial-insurance-brokerage,lemonadeinsurance,True,,0,0.5,community_search
commercial-insurance-brokerage,libertarian,True,,0,23.15,community_search
commercial-insurance-brokerage,linkedinlunatics,True,,0,48.9,competitor_posts
commercial-insurance-brokerage,longisland,True,,0,10.45,community_search
commercial-insurance-brokerage,macrostartups,True,,0,1.32,community_search
commercial-insurance-brokerage,malaysia,True,,0,60.75,community_search
commercial-insurance-brokerage,malaysianpf,True,,0,7.5,community_search
commercial-insurance-brokerage,manufacturing,True,,1,4.68,"ops, competitor_posts"
commercial-insurance-brokerage,marketingagency,True,,1,0.76,ops
commercial-insurance-brokerage,medicalmalpractice,True,,0,0.5,community_search
commercial-insurance-brokerage,medicare,True,,0,1.18,community_search
commercial-insurance-brokerage,medicine,True,,0,25.64,competitor_posts
commercial-insurance-brokerage,mepengineering,True,,1,1.23,ops
commercial-insurance-brokerage,mergers,True,,0,0.5,competitor_posts
commercial-insurance-brokerage,minnesota,True,,0,23.15,community_search
commercial-insurance-brokerage,msp,True,True,1,11.21,"panel_threads, ops, index_scoring, competitor_posts, community_search"
commercial-insurance-brokerage,nannyemployers,True,,1,7.12,ops
commercial-insurance-brokerage,nashville,True,,0,13.56,community_search
commercial-insurance-brokerage,negosyo,True,,0,1.68,community_search
commercial-insurance-brokerage,newengland,True,,0,4.17,competitor_posts
commercial-insurance-brokerage,newjersey,True,,0,23.38,competitor_posts
commercial-insurance-brokerage,newzealand,True,,0,39.01,community_search
commercial-insurance-brokerage,nextinsurance,True,,0,0.5,"competitor_posts, community_search"
commercial-insurance-brokerage,nonprofit,True,,1,4.28,ops
commercial-insurance-brokerage,nonprofitstartups,True,,1,0.5,ops
commercial-insurance-brokerage,norfolk,True,,0,2.69,competitor_posts
commercial-insurance-brokerage,northcarolina,True,,0,23.94,competitor_posts
commercial-insurance-brokerage,nova,True,,0,17.32,community_search
commercial-insurance-brokerage,nursing,True,,0,95.46,community_search
commercial-insurance-brokerage,nyc,True,,0,45.08,community_search
commercial-insurance-brokerage,oaklandcounty,True,,0,0.5,competitor_posts
commercial-insurance-brokerage,oilandgas,True,,1,0.67,ops
commercial-insurance-brokerage,oilandgasworkers,True,,1,2.63,ops
commercial-insurance-brokerage,oldhouses,True,,0,7.71,competitor_posts
commercial-insurance-brokerage,olympia,True,,0,3.12,competitor_posts
commercial-insurance-brokerage,onguardforthee,True,,0,14.74,community_search
commercial-insurance-brokerage,ontario,True,,0,47.73,community_search
commercial-insurance-brokerage,oregon,True,,0,13.8,competitor_posts
commercial-insurance-brokerage,ottawa,True,,0,17.48,community_search
commercial-insurance-brokerage,owneroperators,True,,0,0.67,competitor_posts
commercial-insurance-brokerage,pakstartups,True,,0,1.0,community_search
commercial-insurance-brokerage,paralegal,True,,0,3.61,competitor_posts
commercial-insurance-brokerage,personalfinancecanada,True,,0,85.38,community_search
commercial-insurance-brokerage,personalfinanceindia,True,,0,27.57,community_search
commercial-insurance-brokerage,personalfinancenz,True,,0,6.47,community_search
commercial-insurance-brokerage,perth,True,,0,18.4,competitor_posts
commercial-insurance-brokerage,pharmacy,True,,0,9.25,community_search
commercial-insurance-brokerage,phinvest,True,,0,36.74,community_search
commercial-insurance-brokerage,phstartups,True,,0,1.42,community_search
commercial-insurance-brokerage,pittsburgh,True,,0,14.38,community_search
commercial-insurance-brokerage,pmirmp,True,,0,0.5,community_search
commercial-insurance-brokerage,progun,True,,0,8.21,community_search
commercial-insurance-brokerage,projectmanagement,True,,0,10.84,community_search
commercial-insurance-brokerage,realestate,True,,0,113.41,community_search
commercial-insurance-brokerage,realestateinvesting,True,,1,88.87,ops
commercial-insurance-brokerage,realtors,True,,0,8.97,community_search
commercial-insurance-brokerage,remotejobs,True,,0,26.36,competitor_posts
commercial-insurance-brokerage,remoteworks,True,,0,5.12,competitor_posts
commercial-insurance-brokerage,restaurant,True,True,1,8.99,"panel_threads, ops, community_search"
commercial-insurance-brokerage,restauranteur,True,,0,0.5,community_search
commercial-insurance-brokerage,restaurantmarketing,True,,0,0.5,community_search
commercial-insurance-brokerage,restaurantowners,True,,1,5.5,"ops, community_search"
commercial-insurance-brokerage,restauranttech,True,,0,0.5,community_search
commercial-insurance-brokerage,restaurateur,True,,1,1.31,"ops, community_search"
commercial-insurance-brokerage,returntoindia,True,,0,1.87,competitor_posts
commercial-insurance-brokerage,riskmanagement,True,,1,0.5,"signal, community_search, old"
commercial-insurance-brokerage,riskmanager,True,,0,0.5,community_search
commercial-insurance-brokerage,rochester,True,,0,6.07,community_search
commercial-insurance-brokerage,rva,True,,0,9.64,"competitor_posts, community_search"
commercial-insurance-brokerage,saas,True,,1,78.73,"ops, index_scoring, community_search"
commercial-insurance-brokerage,sacramento,True,,0,11.49,community_search
commercial-insurance-brokerage,sales,True,,0,29.84,community_search
commercial-insurance-brokerage,sanfrancisco,True,,0,30.68,community_search
commercial-insurance-brokerage,saudiarabia,True,,0,9.55,competitor_posts
commercial-insurance-brokerage,seattle,True,,0,38.79,"competitor_posts, community_search"
commercial-insurance-brokerage,seattlewa,True,,0,18.46,community_search
commercial-insurance-brokerage,secopsdaily,True,,0,0.71,competitor_posts
commercial-insurance-brokerage,security,True,,0,7.72,community_search
commercial-insurance-brokerage,securitycareeradvice,True,,0,5.27,community_search
commercial-insurance-brokerage,selbststaendig,True,,0,2.8,competitor_posts
commercial-insurance-brokerage,selfdefenseandthelaw,True,,0,0.5,community_search
commercial-insurance-brokerage,sideproject,True,,0,53.63,community_search
commercial-insurance-brokerage,simplybusinessus,True,,0,0.5,community_search
commercial-insurance-brokerage,singapore,True,,0,81.84,"competitor_posts, community_search"
commercial-insurance-brokerage,singaporefi,True,,0,12.08,community_search
commercial-insurance-brokerage,slo,True,,0,1.84,competitor_posts
commercial-insurance-brokerage,small_business_ideas,True,,0,1.48,community_search
commercial-insurance-brokerage,smallbizowners,True,,0,0.5,community_search
commercial-insurance-brokerage,smallbusiness,True,,1,114.69,"ops, competitor_posts, community_search, old"
commercial-insurance-brokerage,smallbusinessau,True,,0,0.5,community_search
commercial-insurance-brokerage,smallbusinessaus,True,,0,0.5,community_search
commercial-insurance-brokerage,smallbusinesscanada,True,,0,1.66,community_search
commercial-insurance-brokerage,smallbusinesscoach,True,,0,0.5,community_search
commercial-insurance-brokerage,smallbusinessesowners,True,,1,0.56,ops
commercial-insurance-brokerage,smallbusinessindia,True,,0,42.9,community_search
commercial-insurance-brokerage,smallbusinessnews,True,,0,0.5,community_search
commercial-insurance-brokerage,smallbusinessowner,True,,1,4.01,"ops, community_search"
commercial-insurance-brokerage,smallbusinessowners,True,,1,1.04,"ops, community_search"
commercial-insurance-brokerage,smallbusinessph,True,,0,1.87,community_search
commercial-insurance-brokerage,smallbusinesssellers,True,,0,0.78,community_search
commercial-insurance-brokerage,smallbusinesssupport,True,,0,0.5,community_search
commercial-insurance-brokerage,smallbusinessuae,True,,0,0.97,community_search
commercial-insurance-brokerage,smallbusinessuk,True,,0,3.7,community_search
commercial-insurance-brokerage,smallbusinessus,True,,1,4.1,"ops, community_search"
commercial-insurance-brokerage,socialwork,True,,0,6.26,community_search
commercial-insurance-brokerage,solodevelopment,True,,0,45.21,competitor_posts
commercial-insurance-brokerage,sparkdriver,True,,0,4.68,competitor_posts
commercial-insurance-brokerage,spartastartups,True,,0,0.5,community_search
commercial-insurance-brokerage,startup,True,,0,14.54,community_search
commercial-insurance-brokerage,startup_ideas,True,,0,15.51,community_search
commercial-insurance-brokerage,startupindia,True,,0,20.32,community_search
commercial-insurance-brokerage,startups,True,True,1,96.15,"panel_threads, ops, community_search, old"
commercial-insurance-brokerage,startups_eu,True,,0,0.84,community_search
commercial-insurance-brokerage,startups_promotion,True,,0,1.85,community_search
commercial-insurance-brokerage,startupsargentina,True,,0,0.5,community_search
commercial-insurance-brokerage,startupshelpstartups,True,,0,1.12,community_search
commercial-insurance-brokerage,startupsindubai,True,,0,0.5,community_search
commercial-insurance-brokerage,startupsolofounder,True,,0,5.39,community_search
commercial-insurance-brokerage,stlouis,True,,0,11.93,community_search
commercial-insurance-brokerage,sweatystartup,True,,0,9.54,community_search
commercial-insurance-brokerage,sysadmin,True,,0,111.96,"index_scoring, community_search"
commercial-insurance-brokerage,tampa,True,,0,12.39,community_search
commercial-insurance-brokerage,taxpros,True,True,1,4.12,"panel_threads, competitor_posts, community_search"
commercial-insurance-brokerage,technadu,True,,0,0.5,competitor_posts
commercial-insurance-brokerage,techstartups,True,,0,0.7,community_search
commercial-insurance-brokerage,thehartford,True,,0,0.5,competitor_posts
commercial-insurance-brokerage,therapists,True,,1,76.14,ops
commercial-insurance-brokerage,tools,True,,1,45.46,"ops, competitor_posts"
commercial-insurance-brokerage,toronto,True,,0,42.68,"competitor_posts, community_search"
commercial-insurance-brokerage,tricitieswa,True,,0,1.45,competitor_posts
commercial-insurance-brokerage,turo,True,,0,2.69,community_search
commercial-insurance-brokerage,uae_startups,True,,0,1.61,community_search
commercial-insurance-brokerage,uberdrivers,True,,0,21.36,"competitor_posts, community_search"
commercial-insurance-brokerage,ubereatsdrivers,True,,0,5.34,competitor_posts
commercial-insurance-brokerage,ukpersonalfinance,True,,0,84.36,community_search
commercial-insurance-brokerage,ukstartups,True,,0,1.98,community_search
commercial-insurance-brokerage,usaa,True,,0,2.14,community_search
commercial-insurance-brokerage,valueinvesting,True,,0,51.1,competitor_posts
commercial-insurance-brokerage,vancouver,True,,0,29.12,"competitor_posts, community_search"
commercial-insurance-brokerage,venturecapital,True,,1,3.89,"ops, old"
commercial-insurance-brokerage,videography,True,,1,20.64,ops
commercial-insurance-brokerage,virginiabeach,True,,0,3.5,competitor_posts
commercial-insurance-brokerage,washingtondc,True,,0,24.29,competitor_posts
commercial-insurance-brokerage,westchester,True,,0,3.01,community_search
commercial-insurance-brokerage,westernaustralia,True,,0,3.61,competitor_posts
commercial-insurance-brokerage,wfhjobs,True,,0,10.98,competitor_posts
commercial-insurance-brokerage,ycombinator,True,,0,9.28,community_search
commercial-insurance-brokerage,youngbusinessowners,True,,0,0.5,community_search
commercial-insurance-brokerage,zurich,True,,0,6.14,competitor_posts
recreation-entertainment-insurance,3gun,True,,0,0.67,community_search
recreation-entertainment-insurance,actuary,True,,0,6.86,"index_scoring, competitor_posts"
recreation-entertainment-insurance,adjusters,True,,0,0.77,competitor_posts
recreation-entertainment-insurance,airbnb,True,,0,17.84,community_search
recreation-entertainment-insurance,airbnb_hosts,True,,0,6.65,competitor_posts
recreation-entertainment-insurance,airsoft,True,True,1,21.43,"panel_threads, ops, signal, community_search"
recreation-entertainment-insurance,airsoft_uk,True,,0,0.68,community_search
recreation-entertainment-insurance,airsoftcanada,True,,0,0.5,community_search
recreation-entertainment-insurance,airsoftfields,True,,1,0.5,ops
recreation-entertainment-insurance,airsoftireland,True,,0,0.5,community_search
recreation-entertainment-insurance,airsoftmarket,True,,0,3.76,community_search
recreation-entertainment-insurance,airsoftph,True,,0,0.5,community_search
recreation-entertainment-insurance,albany,True,,1,4.71,"ops, community_search"
recreation-entertainment-insurance,amusementparks,True,,1,0.5,"ops, community_search"
recreation-entertainment-insurance,arcade,True,True,1,3.04,"panel_threads, ops, community_search"
recreation-entertainment-insurance,archery,True,True,1,13.4,"panel_threads, ops, signal, community_search"
recreation-entertainment-insurance,ask_airsoft,True,,0,0.5,community_search
recreation-entertainment-insurance,austin,True,,0,28.66,community_search
recreation-entertainment-insurance,axethrowing,True,True,1,0.57,"panel_threads, ops, signal, community_search"
recreation-entertainment-insurance,barowners,True,True,1,0.92,"panel_threads, ops"
recreation-entertainment-insurance,bizbuysell,True,,0,0.5,competitor_posts
recreation-entertainment-insurance,blackpowder,True,,0,1.31,community_search
recreation-entertainment-insurance,boating,True,,1,9.63,ops
recreation-entertainment-insurance,bowling,True,True,1,5.19,"panel_threads, ops, community_search"
recreation-entertainment-insurance,business,True,,0,116.75,"index_scoring, community_search"
recreation-entertainment-insurance,cade,True,,0,3.98,community_search
recreation-entertainment-insurance,caguns,True,,0,5.49,community_search
recreation-entertainment-insurance,canadaguns,True,,0,3.91,community_search
recreation-entertainment-insurance,claimsadjuster,True,,0,1.51,index_scoring
recreation-entertainment-insurance,climbing,True,,0,73.77,community_search
recreation-entertainment-insurance,coclimbing,True,,0,0.5,community_search
recreation-entertainment-insurance,columbus,True,,1,13.29,ops
recreation-entertainment-insurance,commercialinsurance,True,,1,0.5,ops
recreation-entertainment-insurance,constructedadventures,True,,0,0.91,community_search
recreation-entertainment-insurance,dallas,True,,0,23.78,community_search
recreation-entertainment-insurance,dallasevents,True,,0,0.5,community_search
recreation-entertainment-insurance,danceteachers,True,,1,0.5,ops
recreation-entertainment-insurance,djs,True,,0,5.85,index_scoring
recreation-entertainment-insurance,entrepreneur,True,,1,24.81,"ops, index_scoring, community_search"
recreation-entertainment-insurance,entrepreneurs,True,True,1,8.95,"panel_threads, ops"
recreation-entertainment-insurance,escaperoomdev,True,,0,0.5,community_search
recreation-entertainment-insurance,escaperooms,True,True,1,1.19,"panel_threads, ops, signal, community_search"
recreation-entertainment-insurance,eventplanners,True,,0,0.79,index_scoring
recreation-entertainment-insurance,eventplanning,True,,1,0.5,ops
recreation-entertainment-insurance,eventproduction,True,,0,0.77,index_scoring
recreation-entertainment-insurance,events,True,True,1,0.08,"panel_threads, ops, index_scoring"
recreation-entertainment-insurance,filmmakers,True,,0,35.13,index_scoring
recreation-entertainment-insurance,firearms,True,,0,14.43,community_search
recreation-entertainment-insurance,gelblaster,True,,1,0.72,ops
recreation-entertainment-insurance,gokarts,True,,1,1.44,"ops, community_search"
recreation-entertainment-insurance,golf,True,True,1,81.39,"panel_threads, ops, community_search"
recreation-entertainment-insurance,golfsimulator,True,,1,4.23,ops
recreation-entertainment-insurance,golfsimulatorbusiness,True,,1,0.5,ops
recreation-entertainment-insurance,gunmeetups,True,,0,0.5,community_search
recreation-entertainment-insurance,guns,True,True,1,42.63,"panel_threads, ops, community_search"
recreation-entertainment-insurance,gymowner,True,,1,0.68,ops
recreation-entertainment-insurance,hauntedattractions,True,True,1,0.93,"panel_threads, ops"
recreation-entertainment-insurance,homeowners,True,True,1,139.11,panel_threads
recreation-entertainment-insurance,hosting_world,True,True,1,0.5,panel_threads
recreation-entertainment-insurance,insurance,True,True,1,10.72,"panel_threads, ops, competitor_posts"
recreation-entertainment-insurance,insurance_companies,True,True,1,1.14,"panel_threads, ops"
recreation-entertainment-insurance,insuranceagent,True,,0,7.76,"index_scoring, competitor_posts"
recreation-entertainment-insurance,insuranceprofessional,True,,0,1.75,competitor_posts
recreation-entertainment-insurance,insurtech,True,,0,0.01,index_scoring
recreation-entertainment-insurance,jambands,True,,0,7.18,index_scoring
recreation-entertainment-insurance,jetski,True,,1,1.33,ops
recreation-entertainment-insurance,jetskirentals,True,,0,0.5,community_search
recreation-entertainment-insurance,karting,True,,0,3.24,community_search
recreation-entertainment-insurance,kayaking,True,,1,8.47,ops
recreation-entertainment-insurance,lasertag,True,,1,0.5,"ops, signal, community_search"
recreation-entertainment-insurance,liberalgunowners,True,,0,14.09,community_search
recreation-entertainment-insurance,lightingdesign,True,,0,1.82,index_scoring
recreation-entertainment-insurance,livesound,True,,0,6.03,index_scoring
recreation-entertainment-insurance,longrange,True,,0,8.94,community_search
recreation-entertainment-insurance,longrangeshooting,True,,0,0.5,community_search
recreation-entertainment-insurance,martialarts,True,,1,24.22,ops
recreation-entertainment-insurance,miguns,True,True,1,0.5,panel_threads
recreation-entertainment-insurance,milsim,True,,0,3.3,community_search
recreation-entertainment-insurance,minibikes,True,,0,1.76,community_search
recreation-entertainment-insurance,minigolf,True,,1,0.5,"ops, community_search"
recreation-entertainment-insurance,mobiledj,True,,0,1.62,index_scoring
recreation-entertainment-insurance,motorcycles,True,,0,197.91,community_search
recreation-entertainment-insurance,museumpros,True,,0,3.8,index_scoring
recreation-entertainment-insurance,musicindustry,True,,0,3.37,index_scoring
recreation-entertainment-insurance,nerf,True,True,1,4.81,"panel_threads, ops, community_search"
recreation-entertainment-insurance,newjersey,True,,0,23.38,community_search
recreation-entertainment-insurance,nextinsurance,True,,0,0.5,competitor_posts
recreation-entertainment-insurance,njguns,True,,0,1.48,community_search
recreation-entertainment-insurance,nonprofit,True,,0,4.28,"index_scoring, competitor_posts"
recreation-entertainment-insurance,novaguns,True,,0,0.5,community_search
recreation-entertainment-insurance,nyguns,True,,0,1.34,community_search
recreation-entertainment-insurance,ocala,True,,0,1.6,community_search
recreation-entertainment-insurance,operationbouncehouse,True,,0,0.5,community_search
recreation-entertainment-insurance,ottawa,True,,0,17.48,community_search
recreation-entertainment-insurance,paintball,True,True,1,3.98,"panel_threads, ops, signal, community_search"
recreation-entertainment-insurance,paintballcalifornia,True,,0,0.5,community_search
recreation-entertainment-insurance,paintballflorida,True,,0,0.5,community_search
recreation-entertainment-insurance,paintballny,True,,0,0.5,community_search
recreation-entertainment-insurance,paintballohio,True,,0,0.5,community_search
recreation-entertainment-insurance,paintballontario,True,,0,0.5,community_search
recreation-entertainment-insurance,paintballruinedmylife,True,,0,0.5,community_search
recreation-entertainment-insurance,paintballtexas,True,,0,0.5,community_search
recreation-entertainment-insurance,parenting,True,,1,373.28,"ops, community_search"
recreation-entertainment-insurance,parkour,True,,0,4.29,community_search
recreation-entertainment-insurance,partyplanning,True,,0,2.76,"index_scoring, community_search"
recreation-entertainment-insurance,partyrentals,True,,1,0.5,"ops, community_search"
recreation-entertainment-insurance,passive_income,True,,1,56.69,ops
recreation-entertainment-insurance,phinvest,True,,0,36.74,community_search
recreation-entertainment-insurance,pickleball,True,True,1,6.74,"panel_threads, ops"
recreation-entertainment-insurance,podcasting,True,,0,8.68,index_scoring
recreation-entertainment-insurance,publicrelations,True,,0,1.94,index_scoring
recreation-entertainment-insurance,redneckengineering,True,,0,39.39,community_search
recreation-entertainment-insurance,rideaccidents,True,,0,0.5,community_search
recreation-entertainment-insurance,rockclimbing,True,,0,2.35,community_search
recreation-entertainment-insurance,rockclimbinggym,True,,0,0.5,community_search
recreation-entertainment-insurance,rollercoasters,True,,0,6.82,community_search
recreation-entertainment-insurance,rollerderby,True,,0,1.61,community_search
recreation-entertainment-insurance,rollerskating,True,True,1,6.88,"panel_threads, ops, community_search"
recreation-entertainment-insurance,rvrental,True,,0,0.5,community_search
recreation-entertainment-insurance,saas,True,,0,78.73,index_scoring
recreation-entertainment-insurance,sca,True,,0,1.22,community_search
recreation-entertainment-insurance,scenario_paintball,True,,0,0.5,community_search
recreation-entertainment-insurance,shooting,True,,0,0.96,community_search
recreation-entertainment-insurance,shorttermrentals,True,,0,1.83,community_search
recreation-entertainment-insurance,skateparks,True,,0,0.5,community_search
recreation-entertainment-insurance,smallbusiness,True,,1,114.69,"ops, index_scoring, competitor_posts, community_search"
recreation-entertainment-insurance,smallbusinessesowners,True,True,1,0.56,panel_threads
recreation-entertainment-insurance,smallbusinessowner,True,True,1,4.01,"panel_threads, ops"
recreation-entertainment-insurance,sweatystartup,True,,1,9.54,"ops, community_search"
recreation-entertainment-insurance,techtheatre,True,,0,3.88,index_scoring
recreation-entertainment-insurance,theatre,True,,0,3.49,index_scoring
recreation-entertainment-insurance,themepark,True,,0,1.61,community_search
recreation-entertainment-insurance,thepaintballcommunity,True,,0,0.5,community_search
recreation-entertainment-insurance,toolstacked,True,True,1,0.5,panel_threads
recreation-entertainment-insurance,top10companies,True,True,1,0.5,panel_threads
recreation-entertainment-insurance,topinsurance,True,,0,0.5,competitor_posts
recreation-entertainment-insurance,toronto,True,,0,42.68,community_search
recreation-entertainment-insurance,trackdays,True,,0,2.72,community_search
recreation-entertainment-insurance,tradclimbing,True,,0,1.6,community_search
recreation-entertainment-insurance,trampolining,True,,1,0.5,signal
recreation-entertainment-insurance,turohosts,True,,0,0.5,community_search
recreation-entertainment-insurance,ukfestivals,True,,0,0.67,index_scoring
recreation-entertainment-insurance,vaguns,True,,0,5.51,community_search
recreation-entertainment-insurance,vancouver,True,,0,29.12,community_search
recreation-entertainment-insurance,videography,True,,0,20.64,index_scoring
recreation-entertainment-insurance,vrarcade,True,,0,0.5,community_search
recreation-entertainment-insurance,wa_guns,True,,0,1.35,community_search
recreation-entertainment-insurance,yogateachers,True,,0,1.71,competitor_posts
recreation-entertainment-insurance,ziplines,True,,0,0.5,community_search
aba-therapy,aba,True,,1,3.42,"ops, signal, competitor_posts, community_search"
aba-therapy,aba_survivors,True,,0,0.5,competitor_posts
aba-therapy,abapractitioners,True,,0,0.5,community_search
aba-therapy,academicpsychology,True,,0,8.51,community_search
aba-therapy,adelaide,True,,0,12.19,community_search
aba-therapy,adhd,True,,0,103.36,community_search
aba-therapy,adultautism,True,,0,0.5,community_search
aba-therapy,adultautismsupport,True,,0,0.5,community_search
aba-therapy,albany,True,,0,4.71,competitor_posts
aba-therapy,ama,True,,0,84.34,community_search
aba-therapy,antipsychiatry,True,,0,2.83,community_search
aba-therapy,arethentsokay,True,,0,0.9,community_search
aba-therapy,asdparenting,True,,0,0.5,community_search
aba-therapy,asdpeersupport,True,,0,0.5,community_search
aba-therapy,asheville,True,,0,6.75,competitor_posts
aba-therapy,askautism,True,,0,0.63,community_search
aba-therapy,askdocs,True,,0,37.26,community_search
aba-therapy,askforhelp,True,,0,1.02,competitor_posts
aba-therapy,aspergers,True,,0,8.94,community_search
aba-therapy,aspergirls,True,,0,4.99,community_search
aba-therapy,aspiememes,True,,0,12.7,community_search
aba-therapy,attachmentparenting,True,,0,2.96,community_search
aba-therapy,audhd,True,,0,1.44,community_search
aba-therapy,audhdelders,True,,0,0.5,community_search
aba-therapy,audhdwomen,True,,0,4.42,community_search
aba-therapy,austin,True,,0,28.66,community_search
aba-therapy,australia,True,,0,131.65,community_search
aba-therapy,autism,True,,1,26.44,"signal, competitor_posts, community_search"
aba-therapy,autism_advice,True,,0,0.5,community_search
aba-therapy,autism_controversial,True,,0,0.5,community_search
aba-therapy,autism_parenting,True,,1,4.86,"ops, signal, competitor_posts, community_search"
aba-therapy,autism_parents,True,,0,0.5,community_search
aba-therapy,autism_pride,True,,0,0.5,community_search
aba-therapy,autism_vent,True,,0,0.5,community_search
aba-therapy,autismadhd,True,,0,0.5,community_search
aba-therapy,autismaustralia,True,,0,0.5,community_search
aba-therapy,autismblogs,True,,0,0.5,community_search
aba-therapy,autismcaregivers,True,,0,0.5,community_search
aba-therapy,autismcertified,True,,0,0.5,community_search
aba-therapy,autismcomics,True,,0,0.5,community_search
aba-therapy,autismgirls,True,,0,0.5,community_search
aba-therapy,autisminwomen,True,,0,13.61,community_search
aba-therapy,autismireland,True,,0,0.5,community_search
aba-therapy,autismmemes,True,,0,2.93,community_search
aba-therapy,autismparent,True,,0,0.5,community_search
aba-therapy,autismparenting,True,,1,0.5,signal
aba-therapy,autismparentresource,True,,0,0.5,community_search
aba-therapy,autismparents,True,,0,0.5,community_search
aba-therapy,autismpolitics,True,,0,0.5,community_search
aba-therapy,autismtranslated,True,,0,3.48,community_search
aba-therapy,autismtraumasurvivors,True,,0,0.5,community_search
aba-therapy,autismuk,True,,0,0.55,community_search
aba-therapy,autisticadults,True,,0,6.33,community_search
aba-therapy,autisticparents,True,,0,0.5,community_search
aba-therapy,autisticpeeps,True,,0,0.5,community_search
aba-therapy,autisticpride,True,,0,2.74,community_search
aba-therapy,autisticwithadhd,True,,0,5.17,community_search
aba-therapy,bcba,True,,1,0.94,"signal, competitor_posts, community_search"
aba-therapy,behavioranalysis,True,,0,2.18,"competitor_posts, community_search"
aba-therapy,behaviorismcirclejerk,True,,0,0.5,community_search
aba-therapy,birmingham,True,,0,5.84,competitor_posts
aba-therapy,breakingmom,True,,0,6.84,community_search
aba-therapy,brisbane,True,,0,23.61,community_search
aba-therapy,britishcolumbia,True,,0,21.83,community_search
aba-therapy,canada,True,,0,195.0,community_search
aba-therapy,canberra,True,,0,7.14,community_search
aba-therapy,changemyview,True,,0,190.06,community_search
aba-therapy,chaoticevilautism,True,,0,0.72,community_search
aba-therapy,charleston,True,,0,3.81,community_search
aba-therapy,charlottesville,True,,1,3.1,ops
aba-therapy,chesapeake,True,,1,0.5,ops
aba-therapy,chicago,True,,0,29.63,community_search
aba-therapy,conspiracy,True,,0,109.26,community_search
aba-therapy,daddit,True,,0,88.87,community_search
aba-therapy,daddydoingdonts,True,,0,0.5,community_search
aba-therapy,disability,True,,0,5.04,community_search
aba-therapy,dyspraxia,True,,0,0.79,community_search
aba-therapy,eceprofessionals,True,,0,4.58,community_search
aba-therapy,edpsych,True,,0,0.5,community_search
aba-therapy,education,True,,0,11.07,community_search
aba-therapy,evilautism,True,,0,7.74,community_search
aba-therapy,fakedisordercringe,True,,0,13.96,community_search
aba-therapy,familymedicine,True,,0,15.9,index_scoring
aba-therapy,fatheringautism,True,,0,0.5,community_search
aba-therapy,findapath,True,,0,36.61,community_search
aba-therapy,fredericksburg,True,,1,1.01,ops
aba-therapy,gofundmefornewusers,True,,0,0.56,competitor_posts
aba-therapy,goodabatherapy,True,,0,0.5,community_search
aba-therapy,grbsnark,True,,0,1.18,community_search
aba-therapy,greeley,True,,0,0.5,competitor_posts
aba-therapy,greenville,True,,0,3.82,competitor_posts
aba-therapy,gwinnett,True,,0,2.47,competitor_posts
aba-therapy,hamptonroads,True,,1,1.4,ops
aba-therapy,healthcare,True,,0,5.89,index_scoring
aba-therapy,healthcarejobsinusa,True,,0,0.5,competitor_posts
aba-therapy,henricocounty,True,,1,0.5,ops
aba-therapy,highsupportneedautism,True,,0,0.5,community_search
aba-therapy,homeschools,True,,0,0.5,community_search
aba-therapy,hosa,True,,0,0.5,competitor_posts
aba-therapy,inhomeabatherapy,True,,0,0.5,"competitor_posts, community_search"
aba-therapy,jobboardsearch,True,,0,1.24,competitor_posts
aba-therapy,kansascity,True,,0,10.8,competitor_posts
aba-therapy,lausd,True,,0,0.5,community_search
aba-therapy,letmehelpyouout,True,,0,0.5,competitor_posts
aba-therapy,medicalassistant,True,,0,5.22,index_scoring
aba-therapy,medicine,True,,0,25.64,index_scoring
aba-therapy,melbourne,True,,0,48.2,community_search
aba-therapy,mommit,True,,0,123.73,community_search
aba-therapy,myautisticchild,True,,0,0.5,community_search
aba-therapy,neurodiversity,True,,0,5.89,"competitor_posts, community_search"
aba-therapy,newportnews,True,,1,0.5,ops
aba-therapy,northwestarkansas,True,,0,1.1,competitor_posts
aba-therapy,nova,True,,1,17.32,ops
aba-therapy,nursepractitioner,True,,0,3.24,index_scoring
aba-therapy,nycteachers,True,,0,1.06,community_search
aba-therapy,occupational_therapy,True,,0,0.5,community_search
aba-therapy,occupationalscience,True,,0,0.5,community_search
aba-therapy,occupationaltherapy,True,,0,2.68,community_search
aba-therapy,oneanddone,True,,0,4.49,community_search
aba-therapy,ontario,True,,0,47.73,community_search
aba-therapy,parentingadhd,True,,0,1.55,community_search
aba-therapy,parentingpda,True,,0,0.5,community_search
aba-therapy,pediatricslps,True,,0,0.5,community_search
aba-therapy,physical_therapy,True,,0,0.5,community_search
aba-therapy,pmhnp,True,,0,2.01,index_scoring
aba-therapy,privatepracticedocs,True,,0,1.33,index_scoring
aba-therapy,psychiatry,True,,0,5.82,index_scoring
aba-therapy,psychology,True,,0,221.16,community_search
aba-therapy,psychologystudents,True,,0,9.19,"competitor_posts, community_search"
aba-therapy,raisedbyautistics,True,,0,0.5,community_search
aba-therapy,rbt,True,,1,0.5,"signal, community_search"
aba-therapy,regretfulparents,True,,0,9.95,community_search
aba-therapy,rehabtherapy,True,,0,0.5,community_search
aba-therapy,rochester,True,,0,6.07,competitor_posts
aba-therapy,sacramento,True,,0,11.49,competitor_posts
aba-therapy,sandiego,True,,0,24.25,competitor_posts
aba-therapy,schoolpsychology,True,,0,0.9,community_search
aba-therapy,siblingofspecialneeds,True,,0,0.5,community_search
aba-therapy,siblingsupport,True,,0,0.5,community_search
aba-therapy,singleparentsasdkids,True,,0,0.5,community_search
aba-therapy,skeptic,True,,0,15.88,community_search
aba-therapy,slp,True,,0,3.26,community_search
aba-therapy,slpaba,True,,0,0.5,community_search
aba-therapy,socialwork,True,,0,6.26,index_scoring
aba-therapy,specialed,True,,1,2.47,"ops, competitor_posts, community_search"
aba-therapy,specialeducationlaw,True,,0,0.5,community_search
aba-therapy,specialneeds,True,,1,0.5,"signal, community_search"
aba-therapy,specialneedsbabies,True,,0,0.5,community_search
aba-therapy,specialneedschildren,True,,0,0.5,community_search
aba-therapy,specialneedsparenting,True,,0,0.5,community_search
aba-therapy,speechdelays,True,,0,0.5,community_search
aba-therapy,speechlesstv,True,,0,0.5,community_search
aba-therapy,speechtherapy,True,,0,0.5,community_search
aba-therapy,spicyautism,True,,0,1.27,community_search
aba-therapy,sydney,True,,0,35.59,community_search
aba-therapy,teachers,True,,0,254.09,community_search
aba-therapy,teaching,True,,0,15.61,community_search
aba-therapy,teachingresources,True,,0,2.1,community_search
aba-therapy,teenagers,True,,0,166.61,community_search
aba-therapy,texas,True,,0,33.54,community_search
aba-therapy,texasteachers,True,,0,1.54,community_search
aba-therapy,theaspieworld,True,,0,0.5,community_search
aba-therapy,theoreticalissuessig,True,,0,0.5,community_search
aba-therapy,therapeuticresources,True,,0,0.5,community_search
aba-therapy,therapistpicksurbrain,True,,0,0.5,community_search
aba-therapy,therapists,True,,0,76.14,index_scoring
aba-therapy,therapyabuse,True,,0,1.06,community_search
aba-therapy,toddlers,True,,0,24.79,"competitor_posts, community_search"
aba-therapy,troubledteens,True,,0,2.63,community_search
aba-therapy,tucson,True,,0,6.7,competitor_posts
aba-therapy,twiceexceptional,True,,0,0.5,community_search
aba-therapy,uaejobseekers,True,,0,1.36,competitor_posts
aba-therapy,virginia,True,,1,16.98,"ops, community_search"
aba-therapy,virginiabeach,True,,1,3.5,ops
aba-therapy,washdc,True,,1,4.14,ops
aba-therapy,whatdoido,True,,0,21.21,competitor_posts
aba-therapy,winchester,True,,1,0.5,ops
investment-research,100xpennystock,True,,0,0.95,community_search
investment-research,500to100k,True,,0,0.5,community_search
investment-research,accounting,True,,0,76.58,community_search
investment-research,advancedentrepreneur,True,,0,1.27,index_scoring
investment-research,ai_trading,True,,0,2.93,community_search
investment-research,aifu_stock,True,,0,0.54,competitor_posts
investment-research,ainvestofficial,True,,0,0.5,community_search
investment-research,aiportfolio,True,,0,0.5,"competitor_posts, community_search"
investment-research,airjoule,True,,0,0.5,competitor_posts
investment-research,aktien,True,,0,17.34,community_search
investment-research,algorithmictrading,True,,0,0.57,index_scoring
investment-research,algotrading,True,,1,13.02,"index_core, index_scoring, community_search"
investment-research,allauthorswelcome,True,,0,0.5,competitor_posts
investment-research,allcryptobets,True,,0,7.52,community_search
investment-research,allocatesmartly,True,,0,0.5,competitor_posts
investment-research,almontyindustries,True,,0,0.5,competitor_posts
investment-research,alpacamarkets,True,,0,0.5,competitor_posts
investment-research,amcstock,True,,0,23.6,community_search
investment-research,amprius,True,,0,0.5,competitor_posts
investment-research,angelinvesting,True,,0,0.45,"index_scoring, community_search"
investment-research,antiwork,True,,0,135.32,community_search
investment-research,applestocks,True,,0,0.5,community_search
investment-research,arbe_investors,True,,0,0.5,competitor_posts
investment-research,artificialinteligence,True,,0,87.77,index_scoring
investment-research,askeconomics,True,,0,65.41,community_search
investment-research,asx_bets,True,,0,6.0,community_search
investment-research,ausfinance,True,,0,14.79,"index_scoring, competitor_posts, community_search"
investment-research,austockmarket,True,,0,0.5,community_search
investment-research,axsm,True,,0,0.5,competitor_posts
investment-research,baba,True,,0,0.84,community_search
investment-research,banglastocks,True,,0,0.5,community_search
investment-research,baystreetbets,True,,0,1.68,"index_scoring, competitor_posts"
investment-research,befire,True,,0,2.78,community_search
investment-research,beginnerinvesting,True,,1,0.78,"ops, competitor_posts, community_search"
investment-research,bgmstock,True,,0,0.62,competitor_posts
investment-research,bhartiyastockmarket,True,,0,0.5,community_search
investment-research,bigbraincapital,True,,0,0.5,community_search
investment-research,binaryoptionsmarkets,True,,0,0.5,community_search
investment-research,biotech,True,,0,11.49,community_search
investment-research,biotech_stocks,True,,0,1.45,community_search
investment-research,biotechplays,True,,0,1.0,community_search
investment-research,blackberryai,True,,0,0.5,competitor_posts
investment-research,blackberrystock,True,,0,0.5,community_search
investment-research,bmnrinvestors,True,,0,0.5,competitor_posts
investment-research,bobooexchange,True,,0,0.5,community_search
investment-research,bogleheads,True,True,1,44.65,"panel_threads, index_scoring, competitor_posts, community_search"
investment-research,boursefr,True,,0,0.21,index_scoring
investment-research,breakout_day_trading,True,,0,0.5,community_search
investment-research,broadcomstock,True,,0,0.5,"competitor_posts, community_search"
investment-research,bscmoonshots,True,,0,5.43,community_search
investment-research,buildinpublic,True,,0,5.48,competitor_posts
investment-research,bullpennyinsights,True,,0,0.5,community_search
investment-research,burryology,True,,1,1.32,ops
investment-research,business,True,,0,116.75,"index_scoring, community_search"
investment-research,bybit,True,,0,3.61,community_search
investment-research,byndinvest,True,,0,0.69,competitor_posts
investment-research,bzai,True,,0,0.5,competitor_posts
investment-research,canadainvesting,True,,0,0.5,community_search
investment-research,canadapersonalfinance,True,,0,7.98,index_scoring
investment-research,canadastockpicks,True,,0,0.5,community_search
investment-research,canadianinvestor,True,,0,30.03,community_search
investment-research,canadianstockpicks,True,,0,0.5,community_search
investment-research,canadianstockresearch,True,,0,0.5,community_search
investment-research,canslim,True,,0,0.5,community_search
investment-research,carstockmarket,True,,0,0.5,community_search
investment-research,cassandraai,True,,0,0.5,community_search
investment-research,cassiafinance,True,,0,0.5,community_search
investment-research,cei_stock,True,,0,0.58,community_search
investment-research,cfa,True,,0,10.13,community_search
investment-research,cfaindia,True,,0,0.95,community_search
investment-research,cfp,True,,0,4.31,competitor_posts
investment-research,charteredaccountants,True,,0,68.43,community_search
investment-research,chicago,True,,0,29.63,competitor_posts
investment-research,chileinversiones,True,,0,0.54,competitor_posts
investment-research,chubbyfire,True,,0,6.95,community_search
investment-research,clov,True,,0,2.31,community_search
investment-research,coastfire,True,,0,6.79,community_search
investment-research,comstocklode,True,,0,0.5,competitor_posts
investment-research,conspiracy,True,,0,109.26,community_search
investment-research,coveredcalls,True,,0,2.05,index_scoring
investment-research,criticalmineralstocks,True,,0,1.0,competitor_posts
investment-research,cryptocurrencyico,True,,0,8.8,community_search
investment-research,cryptoinvesting,True,,0,0.83,community_search
investment-research,cryptomarkets,True,,0,89.55,community_search
investment-research,cryptomarsshots,True,,0,4.38,community_search
investment-research,cryptomoonshots,True,,0,103.33,community_search
investment-research,cryptotradingfloor,True,,0,1.77,community_search
investment-research,dailystockpick,True,,0,0.5,competitor_posts
investment-research,datasets,True,,0,0.71,index_scoring
investment-research,daytrading,True,,1,39.04,"ops, index_scoring, competitor_posts, community_search, old"
investment-research,deepfuckingvalue,True,,0,14.17,"competitor_posts, community_search"
investment-research,deepvalueinvesting,True,,0,0.5,community_search
investment-research,developerspak,True,,0,8.84,competitor_posts
investment-research,dividendcult,True,,0,0.5,community_search
investment-research,dividendgang,True,,1,3.05,"ops, competitor_posts, community_search"
investment-research,dividendgrowth,True,,0,0.5,community_search
investment-research,dividendincome,True,,0,0.5,community_search
investment-research,dividendinvesting,True,,0,3.24,"competitor_posts, community_search"
investment-research,dividends,True,True,1,20.94,"panel_threads, ops, index_scoring, community_search"
investment-research,dividendscanada,True,,0,2.94,community_search
investment-research,dividendsuk,True,,0,0.5,community_search
investment-research,dogecoin,True,,0,115.55,community_search
investment-research,doublebubbler,True,,0,0.5,competitor_posts
investment-research,drip_dividend,True,,0,0.57,community_search
investment-research,drts_stock,True,,0,0.5,competitor_posts
investment-research,dutchfire,True,,0,4.97,community_search
investment-research,dvlt,True,,0,0.5,community_search
investment-research,earnextraincome,True,,0,4.58,competitor_posts
investment-research,econmonitor,True,,0,2.01,community_search
investment-research,economy,True,,0,48.75,community_search
investment-research,economycharts,True,,0,61.22,"index_scoring, competitor_posts, community_search"
investment-research,educatedinvesting,True,,0,4.35,community_search
investment-research,eltp_stock,True,,0,0.5,competitor_posts
investment-research,ensilica,True,,0,0.5,competitor_posts
investment-research,entrepreneurridealong,True,,0,32.95,competitor_posts
investment-research,equityresearch,True,,0,0.5,community_search
investment-research,equityresearchindia,True,,0,1.21,"competitor_posts, community_search"
investment-research,equityresearchusa,True,,0,0.5,community_search
investment-research,etfs,True,,0,18.82,"index_scoring, community_search"
investment-research,ethanalysis,True,,0,0.5,community_search
investment-research,ethtrader,True,,0,106.14,community_search
investment-research,etoro,True,,0,1.78,old
investment-research,eupersonalfinance,True,,0,19.26,"index_scoring, competitor_posts, community_search"
investment-research,europefire,True,,0,16.42,community_search
investment-research,everhint,True,,0,0.5,competitor_posts
investment-research,expatfire,True,,0,6.54,community_search
investment-research,fatfire,True,,1,22.44,"ops, community_search"
investment-research,fatfireindia,True,,0,5.94,community_search
investment-research,fatfireuk,True,,0,1.16,community_search
investment-research,fiaustralia,True,,0,5.41,"index_scoring, community_search"
investment-research,fican,True,,0,14.34,"index_scoring, community_search"
investment-research,fidelityinvestments,True,,0,14.34,community_search
investment-research,fijerk,True,,0,1.27,community_search
investment-research,finance,True,,0,96.41,"community_search, old"
investment-research,financialadvisortips,True,,0,0.5,competitor_posts
investment-research,financialcareers,True,,0,79.96,"index_scoring, community_search"
investment-research,financialeducation,True,,1,0.5,ops
investment-research,financialindependence,True,,1,110.74,"ops, community_search"
investment-research,financialmodelling,True,,1,2.07,"ops, community_search"
investment-research,financialplanning,True,,0,44.5,"index_scoring, community_search"
investment-research,finansial,True,,0,11.93,community_search
investment-research,finansije,True,,0,1.93,competitor_posts
investment-research,finanzaschile,True,,0,1.08,competitor_posts
investment-research,fintech,True,,0,4.35,"index_scoring, competitor_posts"
investment-research,fire,True,,1,46.08,"ops, competitor_posts, community_search"
investment-research,fire4india,True,,0,0.5,community_search
investment-research,firegermany,True,,0,1.02,community_search
investment-research,fireindia,True,,0,10.3,community_search
investment-research,firepakistan,True,,0,3.61,community_search
investment-research,fireuk,True,,0,6.71,"index_scoring, community_search"
investment-research,fireyfemmes,True,,0,4.87,community_search
investment-research,fluentinfinance,True,,0,26.11,"competitor_posts, community_search"
investment-research,fnma_fmcc_exit,True,,0,0.5,competitor_posts
investment-research,forex,True,,0,24.86,community_search
investment-research,founder,True,,0,10.97,index_scoring
investment-research,francefire,True,,0,1.91,community_search
investment-research,frmi,True,,0,0.5,competitor_posts
investment-research,fuboinvestors,True,,0,0.5,competitor_posts
investment-research,fundamentalanalysis,True,,0,0.5,community_search
investment-research,getdelta,True,,0,0.5,community_search
investment-research,gme,True,,0,21.36,"competitor_posts, community_search"
investment-research,gold,True,,0,20.18,competitor_posts
investment-research,govfire,True,,0,3.66,community_search
investment-research,grab_stock,True,,0,0.5,competitor_posts
investment-research,growth_investing,True,,0,0.5,community_search
investment-research,growthstockinvesting,True,,0,0.5,community_search
investment-research,growthstocks,True,,1,0.92,"ops, community_search"
investment-research,growthstockswithvalue,True,,0,0.5,community_search
investment-research,growthstonks,True,,0,0.5,community_search
investment-research,hedgefund,True,,0,8.11,"index_scoring, community_search"
investment-research,heluspharma,True,,0,0.5,competitor_posts
investment-research,hgraf,True,,0,0.5,competitor_posts
investment-research,high_growth_stocks,True,,0,0.5,community_search
investment-research,highfinance_careers,True,,0,0.5,community_search
investment-research,hot_stocks,True,,0,1.74,competitor_posts
investment-research,hungary,True,,0,32.77,competitor_posts
investment-research,ibrx,True,,0,0.5,competitor_posts
investment-research,icaew,True,,0,0.81,community_search
investment-research,idex_stock,True,,0,0.5,community_search
investment-research,incomeinvesting,True,,0,0.5,community_search
investment-research,incomeinvestors,True,,0,0.5,community_search
investment-research,indiaalgotrading,True,,0,1.09,competitor_posts
investment-research,indiagrowthstocks,True,,0,1.17,community_search
investment-research,indiainvestments,True,,0,43.15,"index_scoring, community_search"
investment-research,indian_stock_market_,True,,0,0.5,community_search
investment-research,indianmutualfunds,True,,0,1.17,index_scoring
investment-research,indianstockmarket,True,,0,62.02,"index_scoring, competitor_posts, community_search"
investment-research,indianstockresearch,True,,0,0.5,community_search
investment-research,indianstocks,True,,0,12.9,"index_scoring, competitor_posts, community_search"
investment-research,indianstreetbets,True,,0,6.53,"index_scoring, community_search"
investment-research,indiantradingbets,True,,0,0.56,competitor_posts
investment-research,indiastockmarket,True,,0,1.39,"competitor_posts, community_search"
investment-research,indiastocks,True,,0,2.38,competitor_posts
investment-research,indiastreetbets,True,,0,2.06,competitor_posts
investment-research,infq,True,,0,0.5,competitor_posts
investment-research,innercircleinvesting,True,,0,0.5,"competitor_posts, community_search"
investment-research,intelligentinvesting,True,,0,0.5,community_search
investment-research,interactivebrokers,True,,0,4.95,old
investment-research,intrinsicvalue,True,,0,0.5,community_search
investment-research,intuitivemachines,True,,0,0.89,competitor_posts
investment-research,invest,True,,0,1.55,community_search
investment-research,investing,True,True,1,72.72,"panel_threads, ops, partner_mentions, index_core, index_scoring, competitor_posts, community_search, old"
investment-research,investing_discussion,True,,1,5.09,"partner_mentions, community_search"
investment-research,investingandtrading,True,,0,1.26,community_search
investment-research,investingcanada,True,,0,0.5,community_search
investment-research,investingchina,True,,0,0.5,community_search
investment-research,investingcrypto,True,,0,0.5,community_search
investment-research,investingforbeginners,True,True,1,11.27,"panel_threads, ops, partner_mentions, index_scoring, competitor_posts, community_search"
investment-research,investinguk,True,,0,1.11,"competitor_posts, community_search"
investment-research,investment,True,,0,1.95,"competitor_posts, community_search"
investment-research,investmentclub,True,,0,4.94,community_search
investment-research,investmenteducation,True,,0,1.8,community_search
investment-research,investments,True,,0,2.07,community_search
investment-research,investors,True,,1,1.57,ops
investment-research,invinityenergysystems,True,,0,0.5,competitor_posts
investment-research,ipo_india,True,,0,3.14,community_search
investment-research,irenstocks,True,,0,0.68,competitor_posts
investment-research,irishpersonalfinance,True,,0,4.43,community_search
investment-research,jepq,True,,0,0.5,community_search
investment-research,keelinfrastructure,True,,0,0.5,competitor_posts
investment-research,kenyastockmarket,True,,0,0.5,community_search
investment-research,koinangestreetbets,True,,0,1.57,index_scoring
investment-research,koyfin,True,,0,0.5,competitor_posts
investment-research,krakenstockresearch,True,,0,0.65,community_search
investment-research,kulr,True,,0,0.86,competitor_posts
investment-research,latentspaceclub,True,,0,0.58,competitor_posts
investment-research,leanfire,True,,0,17.33,community_search
investment-research,literaciafinanceira,True,,0,50.65,"index_scoring, competitor_posts"
investment-research,lithuania,True,,0,6.42,competitor_posts
investment-research,longtermgrowthstocks,True,,0,0.5,community_search
investment-research,lunr,True,,0,0.5,competitor_posts
investment-research,m1finance,True,,0,2.75,community_search
investment-research,malaysianpf,True,,0,7.5,community_search
investment-research,marketpicks,True,,0,0.5,community_search
investment-research,mba,True,,0,15.08,"competitor_posts, community_search"
investment-research,memeeconomy,True,,0,83.76,community_search
investment-research,memestockmarket,True,,0,1.5,community_search
investment-research,metalsonreddit,True,,0,0.5,competitor_posts
investment-research,metaverseinvesting,True,,0,0.5,community_search
investment-research,micro_saas,True,,0,22.82,index_scoring
investment-research,mltraders,True,,0,0.26,index_scoring
investment-research,modernastock,True,,0,0.5,competitor_posts
investment-research,monarchmoney,True,,0,2.56,community_search
investment-research,moongangcapital,True,,0,0.5,community_search
investment-research,mu_stock,True,,0,1.33,competitor_posts
investment-research,mutualfunds,True,,0,10.23,index_scoring
investment-research,mutualfundsindia,True,,0,3.17,index_scoring
investment-research,nbis_stock,True,,0,1.4,competitor_posts
investment-research,nepalstock,True,,0,1.8,community_search
investment-research,newsph,True,,0,9.49,competitor_posts
investment-research,newwallstreet,True,,0,0.5,community_search
investment-research,nextmovestocks,True,,0,0.2,"index_scoring, competitor_posts"
investment-research,ngenf,True,,0,0.5,competitor_posts
investment-research,nio,True,,0,2.51,competitor_posts
investment-research,nio_stock,True,,0,0.78,community_search
investment-research,nvidiastock,True,,0,5.28,competitor_posts
investment-research,options,True,,0,64.9,"competitor_posts, community_search, old"
investment-research,optionwhales,True,,0,0.5,competitor_posts
investment-research,otlk_investors,True,,0,0.5,competitor_posts
investment-research,pakistanstockx,True,,0,0.94,"index_scoring, competitor_posts"
investment-research,palantir_investors,True,,0,0.98,competitor_posts
investment-research,panendividen,True,,0,0.5,community_search
investment-research,passive_income,True,,0,56.69,"index_scoring, competitor_posts, community_search"
investment-research,pennystock,True,,0,4.93,index_scoring
investment-research,pennystocks,True,,0,37.92,"index_scoring, community_search, old"
investment-research,pennystockscanada,True,,0,0.98,community_search
investment-research,personalfinance,True,,1,195.63,"ops, index_scoring, community_search"
investment-research,personalfinancecanada,True,,0,85.38,"index_scoring, community_search"
investment-research,philippines,True,,0,163.01,competitor_posts
investment-research,phinvest,True,,0,36.74,"index_scoring, competitor_posts, community_search"
investment-research,pinoy,True,,0,13.29,competitor_posts
investment-research,plug_power,True,,0,0.5,competitor_posts
investment-research,poettechnologiesinc,True,,0,0.5,competitor_posts
investment-research,pokeinvesting,True,,0,16.75,community_search
investment-research,pokemoninvesting,True,,0,2.43,community_search
investment-research,portfolios,True,,1,6.58,"ops, index_scoring, competitor_posts, community_search"
investment-research,povertyfinance,True,,0,131.94,community_search
investment-research,propertyinvestinguk,True,,0,0.62,community_search
investment-research,psky,True,,0,0.5,competitor_posts
investment-research,python,True,,0,68.21,community_search
investment-research,quant,True,,1,5.3,"index_core, index_scoring, community_search"
investment-research,quantfinance,True,,1,7.62,"index_core, index_scoring, community_search"
investment-research,qullamaggie,True,,0,0.89,index_scoring
investment-research,qxo,True,,0,0.5,competitor_posts
investment-research,qyldgang,True,,0,1.39,community_search
investment-research,realestateinvesting,True,,0,88.87,community_search
investment-research,realestatetechnology,True,,0,3.54,community_search
investment-research,realstockmarket,True,,0,0.5,community_search
investment-research,redditstock,True,,0,0.98,competitor_posts
investment-research,rentalinvesting,True,,0,1.15,community_search
investment-research,rh_growth_stocks,True,,0,0.5,community_search
investment-research,rivnstock,True,,0,0.72,competitor_posts
investment-research,roaringkitty,True,,0,7.11,community_search
investment-research,robinhood,True,,0,47.11,"community_search, old"
investment-research,robinhoodpennystocks,True,,0,28.2,community_search
investment-research,robinhoodtrade,True,,0,1.67,community_search
investment-research,robursa,True,,0,3.91,competitor_posts
investment-research,rwatimes,True,,1,0.5,ops
investment-research,rycey,True,,0,0.55,community_search
investment-research,rzlv,True,,0,0.5,competitor_posts
investment-research,saas,True,,0,78.73,"index_scoring, competitor_posts"
investment-research,schd,True,,0,1.58,community_search
investment-research,securityanalysis,True,,1,9.64,"ops, community_search, old"
investment-research,seekingalpha,True,,1,0.5,"ops, competitor_posts"
investment-research,selfhosted,True,,0,66.7,competitor_posts
investment-research,sellaslifememes,True,,0,0.5,competitor_posts
investment-research,sellsidecareers,True,,0,0.5,community_search
investment-research,shippingstocks,True,,0,0.5,competitor_posts
investment-research,shitcoinmoonshots,True,,0,7.34,community_search
investment-research,shitcoinstreet,True,,0,0.51,community_search
investment-research,shortsqueeze,True,,0,4.59,"index_scoring, community_search"
investment-research,shortstocks,True,,0,0.5,community_search
investment-research,sideproject,True,,0,53.63,"competitor_posts, community_search"
investment-research,sideprojects,True,,0,3.94,competitor_posts
investment-research,singaporefi,True,,0,12.08,community_search
investment-research,smallstreetbets,True,,0,58.71,"index_scoring, competitor_posts"
investment-research,smcidiscussion,True,,0,0.73,competitor_posts
investment-research,sndk_stock,True,,0,0.61,"competitor_posts, community_search"
investment-research,sndl,True,,0,3.06,"competitor_posts, community_search"
investment-research,sofistock,True,,0,1.87,"competitor_posts, community_search"
investment-research,soundhound,True,,0,0.72,competitor_posts
investment-research,sp500,True,,0,1.29,competitor_posts
investment-research,spacexbets,True,,0,2.16,competitor_posts
investment-research,spainfire,True,,0,2.11,community_search
investment-research,spx6900,True,,0,0.5,community_search
investment-research,srfm_stock,True,,0,0.5,competitor_posts
investment-research,startups,True,,0,96.15,index_scoring
investment-research,stock_market,True,,0,0.5,"competitor_posts, community_search"
investment-research,stockanalysis,True,,0,0.5,community_search
investment-research,stockbetz,True,,0,1.64,community_search
investment-research,stockcharts,True,,0,0.5,community_search
investment-research,stockconsultant,True,,0,0.5,community_search
investment-research,stockinvest,True,True,1,3.13,"panel_threads, competitor_posts, community_search"
investment-research,stocklaunchers,True,,0,1.17,community_search
investment-research,stockmarket,True,,1,59.31,"ops, index_core, index_scoring, competitor_posts, community_search, old"
investment-research,stockmarketchat,True,,0,0.91,community_search
investment-research,stockmarketindia,True,,0,11.72,"index_scoring, competitor_posts, community_search"
investment-research,stockmarketmovers,True,,0,1.41,community_search
investment-research,stockmarketph,True,,0,0.5,community_search
investment-research,stockmarketresearch,True,,0,0.5,community_search
investment-research,stockmarketsentiment,True,,0,0.5,community_search
investment-research,stockmarkettldr,True,,0,0.5,community_search
investment-research,stockmarkettrading,True,,0,0.5,community_search
investment-research,stockpicknews,True,,0,0.5,community_search
investment-research,stockpicksdaily,True,,0,0.5,community_search
investment-research,stockresearchers,True,,0,0.5,community_search
investment-research,stocks,True,,1,325.82,"ops, index_core, index_scoring, competitor_posts, community_search, old"
investment-research,stocks_picks,True,,0,6.78,"index_scoring, competitor_posts, community_search"
investment-research,stocksandtrading,True,,1,0.73,"ops, index_scoring, community_search"
investment-research,stocksinvesting,True,,0,0.5,community_search
investment-research,stockstobuy,True,,0,0.5,old
investment-research,stockstobuytoday,True,,1,10.85,"ops, index_scoring, competitor_posts, community_search"
investment-research,stocktips,True,,0,0.5,community_search
investment-research,stocktraders,True,,0,0.54,community_search
investment-research,stocktrading,True,,0,0.5,old
investment-research,stocktradingalerts,True,,0,2.18,competitor_posts
investment-research,stocktradingideas,True,,0,1.3,competitor_posts
investment-research,stockvalueanalysis,True,,0,0.5,"competitor_posts, community_search"
investment-research,superstonk,True,,0,168.83,"index_scoring, competitor_posts, community_search"
investment-research,swingtrading,True,,1,1.8,"ops, index_core, index_scoring, competitor_posts, community_search, old"
investment-research,swisspersonalfinance,True,,0,2.21,competitor_posts
investment-research,taxlieninvestingtips,True,,0,0.03,index_scoring
investment-research,tdameritrade,True,,0,1.11,old
investment-research,tdeasytrade,True,,0,0.5,competitor_posts
investment-research,tech_philippines,True,,0,11.02,competitor_posts
investment-research,technicalanalysis,True,,0,3.88,community_search
investment-research,tejimandiapp,True,,0,0.5,community_search
investment-research,tenbaggerstockpicks,True,,0,0.5,community_search
investment-research,teslainvestorsclub,True,,0,4.21,community_search
investment-research,theraceto100k,True,,0,4.07,competitor_posts
investment-research,theraceto10million,True,,0,29.47,"competitor_posts, community_search"
investment-research,theraceto1million,True,,0,3.91,competitor_posts
investment-research,thetagang,True,,0,37.79,index_scoring
investment-research,thrifty,True,,0,3.17,community_search
investment-research,tipranksofficial,True,,0,0.5,community_search
investment-research,tlry,True,,0,1.03,"competitor_posts, community_search"
investment-research,topstockpicks,True,,0,0.5,community_search
investment-research,topstocksdaily,True,,0,0.5,competitor_posts
investment-research,tradertools,True,,0,0.5,competitor_posts
investment-research,trading,True,,0,26.27,"index_scoring, competitor_posts, community_search"
investment-research,trading212,True,,0,9.83,competitor_posts
investment-research,tradingedge,True,,0,2.19,community_search
investment-research,tradingview,True,,0,8.99,"competitor_posts, old"
investment-research,tradingviewsignals,True,,0,0.8,competitor_posts
investment-research,trakstocks,True,,0,2.68,community_search
investment-research,truevalueinvesting,True,,0,0.5,community_search
investment-research,uamy,True,,0,0.5,competitor_posts
investment-research,uk_fire_and_frugal,True,,0,0.5,community_search
investment-research,ukinvesting,True,,0,10.76,community_search
investment-research,ukpennystocks,True,,0,0.5,community_search
investment-research,ukpersonalfinance,True,,0,84.36,"index_scoring, community_search"
investment-research,ukstockmarket,True,,0,0.5,community_search
investment-research,valueinvesting,True,True,1,51.1,"panel_threads, ops, index_core, index_scoring, competitor_posts, community_search, old"
investment-research,valueinvestingbrasil,True,,0,0.5,community_search
investment-research,valueinvestingindia,True,,0,0.5,community_search
investment-research,venturecapital,True,,0,3.89,community_search
investment-research,vertical_aerospace,True,,0,0.5,competitor_posts
investment-research,visualstockresearch,True,,0,0.5,community_search
investment-research,vitards,True,,1,2.27,ops
investment-research,wallstreet,True,,0,5.08,competitor_posts
investment-research,wallstreetbetselite,True,,0,32.0,community_search
investment-research,wallstreetbetsger,True,,0,13.85,competitor_posts
investment-research,wallstreetbetsnew,True,,0,40.53,old
investment-research,wallstreetcareers,True,,0,0.5,community_search
investment-research,wallstreetsilver,True,,0,13.01,"competitor_posts, community_search"
investment-research,wallstreetstockpicks,True,,0,0.5,community_search
investment-research,wallstreetwins42,True,,0,0.5,community_search
investment-research,wealthfront,True,,0,1.22,community_search
investment-research,webull,True,,1,3.68,"ops, old"
investment-research,weedstocks,True,,0,12.15,community_search
investment-research,xgramatikinsights,True,,0,8.97,community_search
investment-research,xx_platform,True,,0,0.5,community_search
affiliate-referral-marketing,adops,True,,0,2.54,"competitor_posts, community_search"
affiliate-referral-marketing,adsense,True,,0,1.28,community_search
affiliate-referral-marketing,advertising,True,True,1,11.64,"panel_threads, competitor_posts, community_search"
affiliate-referral-marketing,adwords,True,,0,1.21,community_search
affiliate-referral-marketing,affigrowth,True,,1,0.5,"index_core, index_scoring, community_search"
affiliate-referral-marketing,affiliate,True,,1,0.16,"index_core, index_scoring, community_search, old"
affiliate-referral-marketing,affiliate4marketing,True,,0,0.5,community_search
affiliate-referral-marketing,affiliateearnings,True,,0,0.5,community_search
affiliate-referral-marketing,affiliatemarket,True,True,1,0.66,"panel_threads, ops, partner_mentions, index_core, index_scoring, competitor_posts, community_search"
affiliate-referral-marketing,affiliatemarket_hub,True,,0,0.5,community_search
affiliate-referral-marketing,affiliatemarketing,True,True,1,2.13,"panel_threads, ops, signal, index_core, index_scoring, competitor_posts, community_search, old"
affiliate-referral-marketing,affiliatemarketing247,True,True,1,0.5,"panel_threads, community_search"
affiliate-referral-marketing,affiliatemarketing_,True,,0,0.5,community_search
affiliate-referral-marketing,affiliatemarketing_de,True,,0,0.5,community_search
affiliate-referral-marketing,affiliatemarketings,True,,0,0.5,community_search
affiliate-referral-marketing,affiliatemarketingws,True,,0,0.5,community_search
affiliate-referral-marketing,affiliatenetworks,True,,0,0.5,community_search
affiliate-referral-marketing,affiliatenichesites,True,,0,0.5,community_search
affiliate-referral-marketing,agency,True,,0,4.55,community_search
affiliate-referral-marketing,agencynewbies,True,,0,5.68,index_scoring
affiliate-referral-marketing,agent_seo,True,,0,0.5,community_search
affiliate-referral-marketing,agentic_seo,True,,0,1.1,community_search
affiliate-referral-marketing,ai_affiliatemarketing,True,,0,0.5,community_search
affiliate-referral-marketing,ai_marketing_strategy,True,,0,0.5,community_search
affiliate-referral-marketing,aiautomations,True,,0,3.69,index_scoring
affiliate-referral-marketing,aisolobusinesses,True,,0,0.84,community_search
affiliate-referral-marketing,amazon_affiliate,True,,0,0.5,community_search
affiliate-referral-marketing,amazon_influencer,True,,0,0.7,community_search
affiliate-referral-marketing,amazonfba,True,,0,3.18,community_search
affiliate-referral-marketing,amazonpayperclick,True,,0,0.5,community_search
affiliate-referral-marketing,amazonsbest,True,,0,0.5,community_search
affiliate-referral-marketing,amazonseller,True,,0,4.45,community_search
affiliate-referral-marketing,analytics,True,,0,12.79,community_search
affiliate-referral-marketing,antimlm,True,,0,38.56,community_search
affiliate-referral-marketing,appbusiness,True,,0,7.7,index_scoring
affiliate-referral-marketing,arabredditor,True,,0,0.5,community_search
affiliate-referral-marketing,askmarketing,True,,0,10.31,"index_scoring, community_search"
affiliate-referral-marketing,auto_blogging,True,,0,0.5,community_search
affiliate-referral-marketing,b2bmarketing,True,,0,4.6,"index_scoring, community_search, old"
affiliate-referral-marketing,backlinks,True,,0,0.5,community_search
affiliate-referral-marketing,backlinkseo,True,,0,0.81,community_search
affiliate-referral-marketing,bangalorestartups,True,,0,5.8,index_scoring
affiliate-referral-marketing,beermoney,True,,0,2.73,index_scoring
affiliate-referral-marketing,bigquery,True,True,1,0.95,panel_threads
affiliate-referral-marketing,bigseo,True,,1,6.4,"signal, community_search"
affiliate-referral-marketing,bloggers,True,,0,0.77,community_search
affiliate-referral-marketing,bloggersblogging,True,,0,0.5,community_search
affiliate-referral-marketing,blogging,True,,1,2.43,"ops, index_scoring, community_search"
affiliate-referral-marketing,bloggingadvice,True,,0,0.5,community_search
affiliate-referral-marketing,bloggingbusiness,True,,0,0.5,community_search
affiliate-referral-marketing,bloggingguide,True,,0,0.5,community_search
affiliate-referral-marketing,bloggingseo,True,,0,0.08,"index_scoring, community_search"
affiliate-referral-marketing,blogs,True,,0,4.45,community_search
affiliate-referral-marketing,blogsnark,True,,0,9.27,community_search
affiliate-referral-marketing,buhaydigital,True,,0,36.33,index_scoring
affiliate-referral-marketing,buygoogleadsaccounts,True,,0,0.5,community_search
affiliate-referral-marketing,buypokemoncards,True,,0,0.5,community_search
affiliate-referral-marketing,clickbank,True,,0,0.5,old
affiliate-referral-marketing,comunidadseo,True,,0,0.5,community_search
affiliate-referral-marketing,content_marketing,True,,1,2.83,"ops, index_scoring, community_search"
affiliate-referral-marketing,cpamarketing,True,,0,0.5,competitor_posts
affiliate-referral-marketing,creatorsadvice,True,,0,8.7,community_search
affiliate-referral-marketing,crossfit,True,,0,83.18,community_search
affiliate-referral-marketing,digital_marketing,True,,1,17.04,"ops, index_scoring, community_search"
affiliate-referral-marketing,digitalincomepath,True,,0,1.26,index_scoring
affiliate-referral-marketing,digitalmarketing,True,,1,23.37,"index_core, index_scoring, competitor_posts, community_search, old"
affiliate-referral-marketing,digitalmarketingindia,True,,0,0.22,index_scoring
affiliate-referral-marketing,digitalproductsellers,True,,0,2.41,index_scoring
affiliate-referral-marketing,doseo,True,,0,0.5,community_search
affiliate-referral-marketing,dropservicing,True,,0,0.75,community_search
affiliate-referral-marketing,dropship,True,,0,16.25,competitor_posts
affiliate-referral-marketing,dropshipping,True,,0,13.12,old
affiliate-referral-marketing,ecommentrepreneurs,True,,0,0.5,community_search
affiliate-referral-marketing,ecommerce,True,,0,30.68,"index_scoring, community_search, old"
affiliate-referral-marketing,ecommerce_growth,True,,0,0.75,community_search
affiliate-referral-marketing,ecommercemarketing,True,,0,2.16,community_search
affiliate-referral-marketing,ecommerceseo,True,,0,0.06,"index_scoring, community_search"
affiliate-referral-marketing,emailmarketing,True,,0,5.61,community_search
affiliate-referral-marketing,entrepreneurridealong,True,,0,32.95,community_search
affiliate-referral-marketing,entrepreneurs,True,,0,8.95,index_scoring
affiliate-referral-marketing,experiencedppc,True,,0,0.5,community_search
affiliate-referral-marketing,expert_seo,True,,0,0.5,community_search
affiliate-referral-marketing,facebookads,True,True,1,12.22,"panel_threads, competitor_posts, community_search"
affiliate-referral-marketing,facebookads2014,True,,0,0.5,community_search
affiliate-referral-marketing,fashionblogging,True,,0,0.5,community_search
affiliate-referral-marketing,forhire,True,,0,33.95,community_search
affiliate-referral-marketing,freelancewriters,True,,0,9.09,community_search
affiliate-referral-marketing,freelancing,True,,0,4.91,index_scoring
affiliate-referral-marketing,freemoneyuk,True,,1,1.05,"index_core, index_scoring"
affiliate-referral-marketing,fulfillmentbyamazon,True,,0,6.54,community_search
affiliate-referral-marketing,furniture_ecom_brands,True,,0,0.5,community_search
affiliate-referral-marketing,gambling,True,,0,14.95,old
affiliate-referral-marketing,gamedev,True,,0,93.17,community_search
affiliate-referral-marketing,getecourse,True,,0,0.5,community_search
affiliate-referral-marketing,google,True,,0,158.17,community_search
affiliate-referral-marketing,google_ads,True,,1,0.81,"partner_mentions, community_search"
affiliate-referral-marketing,googleads,True,,1,3.66,"ops, community_search"
affiliate-referral-marketing,googleadsapi,True,,0,0.5,community_search
affiliate-referral-marketing,googleadsdiscussion,True,,0,0.5,community_search
affiliate-referral-marketing,googleadwords,True,,0,0.5,community_search
affiliate-referral-marketing,googleanalytics,True,True,1,1.88,"panel_threads, community_search"
affiliate-referral-marketing,googletagmanager,True,,0,0.73,community_search
affiliate-referral-marketing,growmybusiness,True,,0,6.96,index_scoring
affiliate-referral-marketing,growthhacking,True,,0,7.15,index_scoring
affiliate-referral-marketing,growthmarketing,True,,0,0.14,"index_scoring, old"
affiliate-referral-marketing,gtmengineering,True,,0,2.24,index_scoring
affiliate-referral-marketing,guestblogging,True,,0,0.5,community_search
affiliate-referral-marketing,guestpost,True,,0,0.6,community_search
affiliate-referral-marketing,guestposting,True,,0,0.5,community_search
affiliate-referral-marketing,hireawriter,True,,0,5.87,community_search
affiliate-referral-marketing,holisticseo,True,,0,0.5,community_search
affiliate-referral-marketing,honestsidehustles,True,,0,5.66,index_scoring
affiliate-referral-marketing,hoqu,True,,0,0.5,community_search
affiliate-referral-marketing,indiaspeaks,True,,0,51.09,competitor_posts
affiliate-referral-marketing,indiebiz,True,,0,0.38,index_scoring
affiliate-referral-marketing,influencermarketing,True,,0,3.06,index_scoring
affiliate-referral-marketing,instagrammarketing,True,,0,17.43,community_search
affiliate-referral-marketing,internetriches101,True,,0,0.5,community_search
affiliate-referral-marketing,iosappsmarketing,True,,0,2.68,index_scoring
affiliate-referral-marketing,isthisascam,True,,0,1.24,competitor_posts
affiliate-referral-marketing,juststart,True,,1,0.23,"ops, signal, index_core, index_scoring, community_search"
affiliate-referral-marketing,kotakuinaction,True,,0,7.56,community_search
affiliate-referral-marketing,lazysidehustle,True,,0,0.86,"index_scoring, community_search"
affiliate-referral-marketing,linkbuilding,True,,0,1.23,community_search
affiliate-referral-marketing,local_seo,True,,0,0.5,community_search
affiliate-referral-marketing,localseo,True,,0,7.13,community_search
affiliate-referral-marketing,makemoney,True,,0,10.09,community_search
affiliate-referral-marketing,makemoneyhacks,True,,0,2.92,index_scoring
affiliate-referral-marketing,makemoneyuk,True,,0,1.14,index_scoring
affiliate-referral-marketing,marketerssuccessclub,True,,0,0.5,community_search
affiliate-referral-marketing,marketing,True,,0,88.83,"index_scoring, community_search, old"
affiliate-referral-marketing,marketing_china,True,,0,0.5,community_search
affiliate-referral-marketing,marketingautomation,True,,0,3.78,"index_scoring, old"
affiliate-referral-marketing,marketingblogs,True,,0,0.5,competitor_posts
affiliate-referral-marketing,marketingdigitalbr,True,,0,2.18,community_search
affiliate-referral-marketing,marketinghelp,True,,0,2.09,"index_scoring, community_search"
affiliate-referral-marketing,marketingresearch,True,,0,1.61,community_search
affiliate-referral-marketing,mediabuyers,True,,0,0.5,community_search
affiliate-referral-marketing,microsaas,True,,0,21.23,index_scoring
affiliate-referral-marketing,mrmarketing,True,,0,0.5,community_search
affiliate-referral-marketing,newtubers,True,,0,32.89,community_search
affiliate-referral-marketing,onguardforthee,True,,0,14.74,community_search
affiliate-referral-marketing,onlinegambling,True,,0,3.49,old
affiliate-referral-marketing,partneredyoutube,True,,0,8.52,community_search
affiliate-referral-marketing,passive_income,True,,1,56.69,"ops, index_scoring, community_search"
affiliate-referral-marketing,passiveincome,True,,0,1.93,community_search
affiliate-referral-marketing,paypercall,True,,0,0.5,community_search
affiliate-referral-marketing,phinvest,True,,0,36.74,community_search
affiliate-referral-marketing,pinterest,True,,0,3.74,community_search
affiliate-referral-marketing,pinterestmarketing,True,,0,0.5,community_search
affiliate-referral-marketing,ppc,True,True,1,12.89,"panel_threads, ops, signal, index_scoring, competitor_posts, community_search, old"
affiliate-referral-marketing,ppc_analytics,True,,0,0.5,community_search
affiliate-referral-marketing,ppc_community,True,,0,0.5,community_search
affiliate-referral-marketing,ppcagency,True,,0,0.5,community_search
affiliate-referral-marketing,ppcecommerce,True,,0,0.5,community_search
affiliate-referral-marketing,privacy,True,,0,75.29,community_search
affiliate-referral-marketing,privatelabeling,True,,0,0.5,community_search
affiliate-referral-marketing,programmatic,True,,0,1.28,"index_scoring, community_search"
affiliate-referral-marketing,realseo,True,,0,0.5,community_search
affiliate-referral-marketing,referralcode,True,,0,0.5,community_search
affiliate-referral-marketing,referralcodes,True,,0,8.32,index_scoring
affiliate-referral-marketing,referrallinks,True,,1,115.08,"index_core, index_scoring"
affiliate-referral-marketing,referraluk,True,,0,26.73,index_scoring
affiliate-referral-marketing,rewardful,True,True,1,0.5,panel_threads
affiliate-referral-marketing,saas,True,,0,78.73,"index_scoring, community_search"
affiliate-referral-marketing,saasmarketing,True,,0,1.67,index_scoring
affiliate-referral-marketing,salesandmarketing,True,,0,0.5,community_search
affiliate-referral-marketing,savvysaversuk,True,,0,1.42,index_scoring
affiliate-referral-marketing,searchadvertising,True,,0,0.5,community_search
affiliate-referral-marketing,selfhosted,True,,0,66.7,"competitor_posts, community_search"
affiliate-referral-marketing,selfpublish,True,,0,8.22,index_scoring
affiliate-referral-marketing,seo,True,,1,29.66,"ops, community_search"
affiliate-referral-marketing,seo_digital_marketing,True,,0,3.51,community_search
affiliate-referral-marketing,seo_experts,True,,0,0.58,community_search
affiliate-referral-marketing,seo_for_ai,True,,0,0.5,community_search
affiliate-referral-marketing,seo_guide,True,,0,0.5,community_search
affiliate-referral-marketing,seo_helper,True,,0,0.5,community_search
affiliate-referral-marketing,seo_llm,True,,0,0.5,community_search
affiliate-referral-marketing,seo_methods,True,,0,0.5,community_search
affiliate-referral-marketing,seo_saas,True,,0,0.5,community_search
affiliate-referral-marketing,seo_talk,True,,0,0.5,community_search
affiliate-referral-marketing,seo_tools_reviews,True,,0,0.69,community_search
affiliate-referral-marketing,seo_xpert,True,,0,0.5,community_search
affiliate-referral-marketing,seogrowth,True,,0,3.78,community_search
affiliate-referral-marketing,seoreview,True,,0,0.5,community_search
affiliate-referral-marketing,seotips101,True,,0,2.38,community_search
affiliate-referral-marketing,shoesneakerfashion,True,,0,0.5,community_search
affiliate-referral-marketing,shopify,True,,0,17.13,community_search
affiliate-referral-marketing,shopify_geeks,True,,0,0.5,community_search
affiliate-referral-marketing,shopifyseo,True,,0,1.09,community_search
affiliate-referral-marketing,sidehustle,True,,0,149.33,community_search
affiliate-referral-marketing,sidehustlegold,True,,0,8.34,index_scoring
affiliate-referral-marketing,sidehustlesindia,True,,0,4.12,index_scoring
affiliate-referral-marketing,sideproject,True,,0,53.63,"index_scoring, community_search"
affiliate-referral-marketing,sigmaworld,True,,0,0.5,competitor_posts
affiliate-referral-marketing,slatestarcodex,True,,0,3.78,community_search
affiliate-referral-marketing,smallbusiness,True,,0,114.69,community_search
affiliate-referral-marketing,smallbusinessuae,True,,0,0.97,community_search
affiliate-referral-marketing,socialmedia,True,,0,95.45,"index_scoring, community_search"
affiliate-referral-marketing,socialmediamarketing,True,,0,14.24,community_search
affiliate-referral-marketing,sportsbetting,True,,0,26.79,old
affiliate-referral-marketing,startups,True,,0,96.15,"index_scoring, community_search"
affiliate-referral-marketing,sysadmin,True,,0,111.96,competitor_posts
affiliate-referral-marketing,takticaldigital,True,,0,0.5,community_search
affiliate-referral-marketing,techseo,True,,0,2.72,community_search
affiliate-referral-marketing,thesidehustle,True,,0,0.63,"index_scoring, community_search"
affiliate-referral-marketing,thisecommercelife,True,,0,0.5,community_search
affiliate-referral-marketing,tiktokshop,True,,0,1.65,community_search
affiliate-referral-marketing,tiktokshopaffiliate,True,,0,0.5,community_search
affiliate-referral-marketing,tiktokshopforbrands,True,,0,0.5,community_search
affiliate-referral-marketing,trueseo,True,,0,0.5,community_search
affiliate-referral-marketing,twitch,True,,0,130.1,community_search
affiliate-referral-marketing,uk_referral_codes,True,,0,6.28,index_scoring
affiliate-referral-marketing,ukfreemoney,True,,0,7.53,index_scoring
affiliate-referral-marketing,wallstreetbetsnew,True,,0,40.53,competitor_posts
affiliate-referral-marketing,web_design,True,,0,44.08,community_search
affiliate-referral-marketing,webdev,True,,0,149.24,community_search
affiliate-referral-marketing,webmarketing,True,,0,1.93,community_search
affiliate-referral-marketing,websiteseo,True,,0,1.47,community_search
affiliate-referral-marketing,wix,True,,0,0.87,community_search
affiliate-referral-marketing,wordpress,True,,0,27.2,community_search
affiliate-referral-marketing,workonline,True,,0,34.78,community_search
affiliate-referral-marketing,worksrightathome,True,,0,0.5,community_search
affiliate-referral-marketing,youtube,True,,0,155.9,community_search
recruiting,academia,True,,0,5.03,index_scoring
recruiting,accountingph,True,,0,10.18,competitor_posts
recruiting,advancedentrepreneur,True,,0,1.27,index_scoring
recruiting,advertising,True,,0,11.64,competitor_posts
recruiting,agency,True,,0,4.55,index_scoring
recruiting,agencyrecruiting,True,,1,0.5,"signal, old"
recruiting,agentic_ai_tool,True,,1,0.5,"partner_mentions, competitor_posts"
recruiting,agentsofai,True,True,1,14.51,panel_threads
recruiting,ai_agents,True,,0,35.16,"index_scoring, competitor_posts"
recruiting,ai_application,True,,0,1.32,competitor_posts
recruiting,aiagents,True,,0,3.44,index_scoring
recruiting,aiassisted,True,True,1,8.03,"panel_threads, index_scoring"
recruiting,aiautomations,True,,0,3.69,competitor_posts
recruiting,aidiscussion,True,,0,2.07,competitor_posts
recruiting,aiforops,True,,0,0.5,competitor_posts
recruiting,aiincomelab,True,,0,1.02,competitor_posts
recruiting,aijobapplications,True,,1,0.01,"index_core, index_scoring"
recruiting,ainotetaker,True,,1,0.77,"ops, index_scoring, competitor_posts"
recruiting,airforce,True,,0,13.31,competitor_posts
recruiting,aisaashunter,True,,0,0.24,index_scoring
recruiting,aiseoinsider,True,True,1,0.5,panel_threads
recruiting,aitoolbench,True,,0,0.85,index_scoring
recruiting,aitoolforbusiness,True,,0,0.75,competitor_posts
recruiting,aitoolsandtips,True,,0,1.52,"index_scoring, competitor_posts"
recruiting,aitoolstipsnews,True,,0,0.06,"index_scoring, competitor_posts"
recruiting,amazonjobslisting,True,,0,0.5,competitor_posts
recruiting,ambitionarena7,True,,0,0.5,competitor_posts
recruiting,antiai,True,,0,16.15,competitor_posts
recruiting,antiwork,True,,0,135.32,"competitor_posts, community_search"
recruiting,appbusiness,True,,0,7.7,index_scoring
recruiting,apple_employees,True,,0,0.5,competitor_posts
recruiting,arbeitsleben,True,,0,6.36,competitor_posts
recruiting,architecturejobs,True,,0,0.5,community_search
recruiting,artificial,True,,0,60.64,competitor_posts
recruiting,artificialinteligence,True,,1,87.77,"ops, competitor_posts"
recruiting,artificialntelligence,True,,0,1.88,competitor_posts
recruiting,asiandevelopmentbank,True,,0,0.5,competitor_posts
recruiting,askanything,True,,0,11.9,competitor_posts
recruiting,askengineers,True,,0,41.13,index_scoring
recruiting,askhr,True,,1,40.08,"ops, index_core, index_scoring, competitor_posts, community_search, old"
recruiting,askhruk,True,,0,7.1,index_scoring
recruiting,askireland,True,,0,6.83,competitor_posts
recruiting,askmanagers,True,,1,10.3,"ops, community_search"
recruiting,askmarketing,True,,1,10.31,ops
recruiting,asknyc,True,,0,22.96,community_search
recruiting,askportland,True,,0,4.35,community_search
recruiting,askrecruiters,True,,0,4.87,"index_scoring, competitor_posts, community_search"
recruiting,askswitzerland,True,,0,11.05,competitor_posts
recruiting,asktechnology,True,,0,2.82,"index_scoring, competitor_posts"
recruiting,atljobs,True,,0,0.5,community_search
recruiting,aushumanresources,True,,0,0.5,community_search
recruiting,austin,True,,0,28.66,community_search
recruiting,austinjobs,True,,0,2.06,community_search
recruiting,automate,True,,0,0.06,index_scoring
recruiting,automation,True,,0,10.61,index_scoring
recruiting,b2bforhire,True,,0,28.5,index_scoring
recruiting,b2bmarketing,True,True,1,4.6,panel_threads
recruiting,bayarea,True,,0,37.77,competitor_posts
recruiting,big4,True,,0,9.54,"index_scoring, community_search"
recruiting,biglawrecruiting,True,,0,0.61,community_search
recruiting,biotech,True,,0,11.49,"competitor_posts, community_search"
recruiting,boostmyats,True,True,1,0.5,panel_threads
recruiting,bpoinph,True,,0,68.3,index_scoring
recruiting,branddiscoveryzone,True,True,1,0.5,panel_threads
recruiting,btechcoders,True,,0,0.77,competitor_posts
recruiting,btechtards,True,,0,147.07,"index_scoring, competitor_posts"
recruiting,buhaydigital,True,,0,36.33,"index_scoring, community_search"
recruiting,buildinpublic,True,,0,5.48,competitor_posts
recruiting,bullhorncrm,True,,0,0.5,competitor_posts
recruiting,business_ideas,True,,0,21.41,community_search
recruiting,buysidecareers,True,,0,0.5,community_search
recruiting,cabincrewcareers,True,,0,26.28,"index_scoring, competitor_posts"
recruiting,calendly,True,,0,0.5,competitor_posts
recruiting,canada,True,,0,195.0,community_search
recruiting,canadajobs,True,,0,2.45,community_search
recruiting,canadapublicservants,True,,0,4.56,competitor_posts
recruiting,canadaroom,True,,0,0.5,competitor_posts
recruiting,canadian,True,,0,2.17,competitor_posts
recruiting,careeradvice,True,,0,39.41,"index_scoring, competitor_posts, community_search, old"
recruiting,careerguidance,True,,1,226.55,"ops, index_scoring, competitor_posts, community_search"
recruiting,careermarketplace,True,,0,0.5,community_search
recruiting,castateworkers,True,,0,3.17,community_search
recruiting,cebuitpark,True,,0,1.17,index_scoring
recruiting,centralpajobs,True,,0,0.5,community_search
recruiting,cfp,True,,0,4.31,index_scoring
recruiting,cfy,True,,0,0.01,index_scoring
recruiting,chicagojobs,True,,0,1.14,community_search
recruiting,chronobank,True,,0,0.5,community_search
recruiting,circled,True,,0,3.06,competitor_posts
recruiting,civilserviceuk,True,,0,0.5,competitor_posts
recruiting,claudeai,True,,0,52.84,competitor_posts
recruiting,claudeworkflows,True,,0,0.5,competitor_posts
recruiting,clinicalresearch,True,,0,2.97,competitor_posts
recruiting,cluely,True,,0,0.5,competitor_posts
recruiting,cmo_huddles,True,,0,0.5,competitor_posts
recruiting,cna,True,,0,3.44,community_search
recruiting,cognizant_benchers,True,,0,0.5,community_search
recruiting,coldemailing,True,True,1,0.5,panel_threads
recruiting,compsci,True,,0,0.38,index_scoring
recruiting,consulting,True,,0,17.36,index_scoring
recruiting,contentcreators,True,,0,4.96,index_scoring
recruiting,copilotpro,True,,0,1.24,competitor_posts
recruiting,corrections,True,,0,0.5,competitor_posts
recruiting,crmsoftware,True,True,1,4.03,"panel_threads, competitor_posts"
recruiting,croit,True,,0,5.19,index_scoring
recruiting,cscareeradvice,True,,0,3.0,"index_scoring, old"
recruiting,cscareerquestions,True,,1,107.88,"partner_mentions, index_core, index_scoring, competitor_posts, community_search, old"
recruiting,cscareerquestionscad,True,,0,0.76,index_scoring
recruiting,cscareerquestionseu,True,,0,8.01,index_scoring
recruiting,cscareerquestionsin,True,,0,0.84,index_scoring
recruiting,cscareerquestionsoce,True,,0,2.26,index_scoring
recruiting,cscareerquestionssea,True,,0,0.03,index_scoring
recruiting,cscareers,True,,0,2.75,"index_scoring, community_search"
recruiting,csmajors,True,,0,44.09,"index_scoring, competitor_posts, community_search"
recruiting,cto,True,True,1,0.5,panel_threads
recruiting,customersuccess,True,,0,3.73,index_scoring
recruiting,dallas,True,,0,23.78,community_search
recruiting,dataprivacy,True,,0,0.5,competitor_posts
recruiting,datascience,True,,0,1.93,index_scoring
recruiting,deceptiondetection,True,,0,0.5,community_search
recruiting,deloitte,True,,0,4.02,competitor_posts
recruiting,dentalbusinesshelp,True,,0,0.5,community_search
recruiting,denverjobs,True,,0,1.39,community_search
recruiting,designjobs,True,,0,9.14,community_search
recruiting,developerjobs,True,,0,2.66,competitor_posts
recruiting,developersindia,True,,1,89.12,"index_core, index_scoring, competitor_posts, community_search"
recruiting,developersofkerala,True,,0,0.5,competitor_posts
recruiting,devjobs,True,,0,0.67,competitor_posts
recruiting,devmanagers,True,True,1,0.5,panel_threads
recruiting,devsarg,True,,1,14.8,"index_core, index_scoring, competitor_posts"
recruiting,digitalmarketing,True,True,1,23.37,"panel_threads, index_scoring"
recruiting,disneycollegeprogram,True,,0,1.1,competitor_posts
recruiting,ecommerce,True,,0,30.68,community_search
recruiting,einsatzplanerprofis,True,,0,0.5,competitor_posts
recruiting,emiratescareers,True,,0,0.5,competitor_posts
recruiting,employment,True,,0,1.28,competitor_posts
recruiting,engineeringresumes,True,,1,2.53,"index_core, index_scoring, competitor_posts, old"
recruiting,engineeringstudents,True,,0,30.8,index_scoring
recruiting,enginehire,True,,0,0.5,competitor_posts
recruiting,entrepreneurridealong,True,,0,32.95,index_scoring
recruiting,evejobs,True,,0,1.34,community_search
recruiting,executive_searchfirms,True,,0,0.5,competitor_posts
recruiting,executiveassistants,True,,0,8.78,"index_scoring, competitor_posts"
recruiting,experienceddevs,True,,0,13.87,"index_scoring, competitor_posts, community_search"
recruiting,exposingrecruiters,True,,0,0.5,community_search
recruiting,faangrecruiting,True,,0,1.7,"competitor_posts, community_search"
recruiting,fdroidupdates,True,,1,0.5,"partner_mentions, competitor_posts"
recruiting,fednews,True,,0,27.67,community_search
recruiting,financestudents,True,,0,1.76,competitor_posts
recruiting,financialcareers,True,,0,79.96,"competitor_posts, community_search"
recruiting,findajob,True,,0,0.5,community_search
recruiting,findapath,True,,0,36.61,community_search
recruiting,forhire,True,,0,33.95,"competitor_posts, community_search"
recruiting,founder,True,,0,10.97,competitor_posts
recruiting,freelance,True,,0,31.57,"index_scoring, community_search"
recruiting,freelancerecruiters,True,,0,0.5,"competitor_posts, community_search"
recruiting,freelancewriters,True,,0,9.09,index_scoring
recruiting,freshertechjobsindia,True,,0,1.71,competitor_posts
recruiting,fuck_ai_slop,True,,0,1.88,competitor_posts
recruiting,g2dotcom,True,,0,0.5,competitor_posts
recruiting,gamedev,True,,0,93.17,competitor_posts
recruiting,gamedevclassifieds,True,,0,6.0,"index_scoring, community_search"
recruiting,geeklabs,True,True,1,0.5,panel_threads
recruiting,genai4all,True,,0,2.22,competitor_posts
recruiting,genaiapps,True,,0,3.3,index_scoring
recruiting,generativeai,True,,0,26.44,index_scoring
recruiting,geologycareers,True,,0,2.54,community_search
recruiting,getemployed,True,,0,31.47,"index_scoring, competitor_posts, community_search"
recruiting,goldmansachs,True,,0,0.76,competitor_posts
recruiting,growmybusiness,True,,0,6.96,index_scoring
recruiting,growthhacking,True,,0,7.15,competitor_posts
recruiting,gtmengineering,True,True,1,2.24,panel_threads
recruiting,halifaxjobs,True,,0,0.32,index_scoring
recruiting,hatethissmug,True,,1,6.94,partner_mentions
recruiting,hireengineers,True,,0,0.5,community_search
recruiting,hireez,True,True,1,0.5,"panel_threads, partner_mentions, competitor_posts"
recruiting,hiretruffle,True,True,1,0.5,"panel_threads, ops, competitor_posts"
recruiting,hirevire,True,,1,0.5,"ops, competitor_posts, community_search"
recruiting,hiring,True,,0,6.5,"index_scoring, community_search, old"
recruiting,hiring_recruiting,True,,0,0.5,community_search
recruiting,hiringcafe,True,,0,5.43,competitor_posts
recruiting,hiringhelp,True,True,1,0.5,panel_threads
recruiting,hiringmanagerhell,True,,0,0.5,community_search
recruiting,hiringpakistan,True,,0,1.93,competitor_posts
recruiting,houston,True,,0,25.86,community_search
recruiting,hrprofessional,True,,0,0.5,community_search
recruiting,hrtechnology,True,,0,0.5,community_search
recruiting,human_resources,True,,1,0.67,"ops, index_scoring, competitor_posts, community_search"
recruiting,humanresources,True,True,1,19.33,"panel_threads, ops, signal, index_core, index_scoring, competitor_posts, community_search, old"
recruiting,humanresourcesblog,True,,0,0.5,community_search
recruiting,humanresourcescanada,True,,0,0.5,community_search
recruiting,humanresourcesexam,True,,0,0.5,community_search
recruiting,humanresourcesph,True,,0,0.5,community_search
recruiting,humanresourcesremote,True,,0,0.5,community_search
recruiting,humanresourcesuk,True,,0,2.0,"index_scoring, community_search"
recruiting,iit_hyd,True,,0,0.5,competitor_posts
recruiting,indiajobs,True,,0,36.4,"index_scoring, competitor_posts"
recruiting,indian_academia,True,,0,14.36,index_scoring
recruiting,indiansidehustle,True,,0,2.53,competitor_posts
recruiting,indianworkplace,True,,0,6.48,community_search
recruiting,indiebiz,True,,0,0.38,index_scoring
recruiting,informatikkarriere,True,,0,1.62,competitor_posts
recruiting,internationalteachers,True,,0,2.57,"competitor_posts, community_search"
recruiting,internships,True,,0,6.64,competitor_posts
recruiting,internshipsph,True,,0,0.5,competitor_posts
recruiting,interviewcoderpro,True,True,1,0.52,panel_threads
recruiting,interviewing,True,,0,0.5,community_search
recruiting,interviewman,True,,0,0.58,competitor_posts
recruiting,interviewpreparations,True,,0,1.39,competitor_posts
recruiting,interviews,True,True,1,14.27,"panel_threads, competitor_posts, community_search"
recruiting,interviewshell,True,,0,0.79,competitor_posts
recruiting,interviewstack,True,,0,0.5,community_search
recruiting,interviewstories,True,,0,0.5,competitor_posts
recruiting,iopsychology,True,,0,1.88,community_search
recruiting,ireland,True,,0,58.22,competitor_posts
recruiting,isthisascam,True,,0,1.24,competitor_posts
recruiting,it,True,,0,12.47,index_scoring
recruiting,itcareerquestions,True,,0,25.77,"index_scoring, community_search"
recruiting,itjobstc,True,,0,0.5,community_search
recruiting,itmanagers,True,,0,6.51,index_scoring
recruiting,itpolska,True,,0,0.5,competitor_posts
recruiting,itposlodavci,True,,0,0.7,index_scoring
recruiting,japanjobs,True,True,1,1.4,"panel_threads, competitor_posts"
recruiting,japanlife,True,,0,33.06,community_search
recruiting,jobb,True,,0,0.37,index_scoring
recruiting,jobboardsearch,True,,1,1.24,"partner_mentions, competitor_posts"
recruiting,jobhunting,True,True,1,7.97,"panel_threads, ops, competitor_posts, community_search"
recruiting,jobinterviewtips,True,,0,0.5,community_search
recruiting,jobmarket,True,,0,0.77,competitor_posts
recruiting,jobs,True,,0,128.1,"index_scoring, competitor_posts, community_search"
recruiting,jobsearch,True,,0,11.64,"index_scoring, competitor_posts"
recruiting,jobsearchhacks,True,True,1,24.97,"panel_threads, index_scoring, competitor_posts, community_search"
recruiting,jobsearchhell,True,,0,0.5,competitor_posts
recruiting,jobsmorocco,True,,0,0.5,community_search
recruiting,jobsradar,True,,0,0.5,competitor_posts
recruiting,journalism,True,,0,4.5,"index_scoring, competitor_posts"
recruiting,jpmorganchase,True,,0,0.95,competitor_posts
recruiting,jpmorganchase_india,True,,0,0.5,competitor_posts
recruiting,langchain,True,,0,4.89,competitor_posts
recruiting,languagetechnology,True,,0,0.53,index_scoring
recruiting,latamcoders,True,,0,0.5,competitor_posts
recruiting,lawbitcheswithtaste,True,,0,2.0,competitor_posts
recruiting,lawoffice,True,,0,0.5,index_scoring
recruiting,lawyertalk,True,,0,9.22,competitor_posts
recruiting,layoffs,True,,0,8.48,competitor_posts
recruiting,leadgenmarketplace,True,,0,0.5,competitor_posts
recruiting,learnprogramming,True,,0,198.82,competitor_posts
recruiting,leetcode,True,,0,20.72,"competitor_posts, community_search"
recruiting,letsdiscussthis,True,,0,1.31,competitor_posts
recruiting,lifeinsuranceagents,True,,0,0.5,community_search
recruiting,linkedin,True,,0,7.58,competitor_posts
recruiting,linkedinautomation,True,True,1,0.5,panel_threads
recruiting,linkedincringeit,True,,0,1.16,competitor_posts
recruiting,linkedinlunatics,True,,0,48.9,"competitor_posts, community_search"
recruiting,linkedintips,True,,0,1.72,competitor_posts
recruiting,llmdevs,True,,0,7.83,competitor_posts
recruiting,llmtraffic,True,,0,0.5,competitor_posts
recruiting,losangeles,True,,0,43.17,competitor_posts
recruiting,lovingaiagents,True,,0,0.03,index_scoring
recruiting,lovingopensourceai,True,,0,0.39,index_scoring
recruiting,luftablassen,True,,0,6.43,competitor_posts
recruiting,macapps,True,,0,22.6,competitor_posts
recruiting,macosapps,True,,0,2.32,"index_scoring, competitor_posts"
recruiting,managers,True,,1,56.99,"ops, index_scoring, community_search"
recruiting,massachusetts,True,,0,17.49,competitor_posts
recruiting,mba,True,,0,15.08,"index_scoring, competitor_posts, community_search"
recruiting,mbb_b4_tech_roles,True,,0,0.5,competitor_posts
recruiting,mcmaster,True,,0,2.99,competitor_posts
recruiting,medicalschool,True,,0,36.65,community_search
recruiting,medicine,True,,0,25.64,index_scoring
recruiting,medspagrowth,True,,0,0.5,community_search
recruiting,mexico,True,,0,144.83,competitor_posts
recruiting,micro_saas,True,,0,22.82,competitor_posts
recruiting,microsaas,True,,0,21.23,competitor_posts
recruiting,microsoft_365_copilot,True,,0,1.59,competitor_posts
recruiting,military,True,,0,25.12,community_search
recruiting,mindai,True,,0,0.68,competitor_posts
recruiting,mnjobs,True,,0,0.5,competitor_posts
recruiting,modernhiring,True,True,1,0.74,"panel_threads, ops, index_core, index_scoring, competitor_posts"
recruiting,moroccotechai,True,,0,3.38,index_scoring
recruiting,mspjobs,True,,0,0.5,index_scoring
recruiting,museumpros,True,,0,3.8,index_scoring
recruiting,muslimventures,True,,1,0.5,partner_mentions
recruiting,n8n,True,,0,11.65,competitor_posts
recruiting,n8n_ai_agents,True,,0,1.71,competitor_posts
recruiting,negotiation,True,,0,2.11,competitor_posts
recruiting,neu,True,,0,2.33,competitor_posts
recruiting,newtubers,True,True,1,32.89,panel_threads
recruiting,newzealand,True,,0,39.01,competitor_posts
recruiting,nocode,True,True,1,6.35,panel_threads
recruiting,notion,True,,0,21.29,competitor_posts
recruiting,novoresumeofficial,True,True,1,0.5,panel_threads
recruiting,nursepractitioner,True,,0,3.24,index_scoring
recruiting,nursesph,True,,0,0.96,community_search
recruiting,nursing,True,,0,95.46,community_search
recruiting,nuvio,True,,1,2.67,partner_mentions
recruiting,nycjobs,True,,0,3.02,community_search
recruiting,obscurepatentdangers,True,,0,3.21,competitor_posts
recruiting,ofagencies,True,,0,0.5,community_search
recruiting,oilandgasworkers,True,,0,2.63,community_search
recruiting,oneai,True,,0,0.5,competitor_posts
recruiting,onguardforthee,True,,0,14.74,community_search
recruiting,onlineeslteaching,True,,0,3.4,index_scoring
recruiting,onlyinfotech,True,,0,0.5,community_search
recruiting,ontario,True,,0,47.73,"competitor_posts, community_search"
recruiting,ontarioteachers,True,,0,0.61,competitor_posts
recruiting,openai,True,,0,129.58,competitor_posts
recruiting,openaussie,True,True,1,1.77,"panel_threads, competitor_posts"
recruiting,ordinadors,True,,0,0.5,competitor_posts
recruiting,oregonstateworkers,True,,0,0.5,competitor_posts
recruiting,osteopathic,True,,0,1.15,competitor_posts
recruiting,osu,True,,0,4.92,competitor_posts
recruiting,overemployed,True,,0,30.16,community_search
recruiting,paylocity_user_group,True,,0,0.5,competitor_posts
recruiting,perplexity_ai,True,,0,9.23,competitor_posts
recruiting,pharmacy,True,,0,9.25,community_search
recruiting,phjobs,True,,0,5.7,community_search
recruiting,pittsburgh,True,,0,14.38,community_search
recruiting,placementsprep,True,,1,1.8,"partner_mentions, competitor_posts"
recruiting,pm_overemployed,True,,0,0.5,community_search
recruiting,pmcareers,True,,0,2.15,competitor_posts
recruiting,privacy,True,,0,75.29,"index_scoring, competitor_posts"
recruiting,product_design,True,,0,0.17,index_scoring
recruiting,productdesignjobs,True,,1,0.5,partner_mentions
recruiting,productivity,True,,0,9.37,index_scoring
recruiting,productivityapps,True,True,1,15.06,"panel_threads, index_scoring, competitor_posts"
recruiting,professors,True,,0,39.36,index_scoring
recruiting,programmerhumor,True,,0,214.53,community_search
recruiting,projectmanagement,True,,0,10.84,index_scoring
recruiting,projectmanagers,True,,0,1.25,competitor_posts
recruiting,promptengineering,True,,0,18.93,competitor_posts
recruiting,psychologystudents,True,,0,9.19,index_scoring
recruiting,ptordenado,True,,0,1.88,community_search
recruiting,publishing,True,,0,2.41,competitor_posts
recruiting,quantfinance,True,,0,7.62,competitor_posts
recruiting,raytheon,True,,0,1.26,competitor_posts
recruiting,recruiter_advice,True,True,1,0.65,"panel_threads, ops, competitor_posts"
recruiting,recruiters,True,,0,0.5,community_search
recruiting,recruiting,True,True,1,2.35,"panel_threads, ops, partner_mentions, signal, index_core, index_scoring, competitor_posts, community_search, old"
recruiting,recruiting_agencies,True,True,1,0.5,panel_threads
recruiting,recruitingagency,True,True,1,0.5,"panel_threads, ops, competitor_posts, community_search"
recruiting,recruitingautomation,True,True,1,0.5,"panel_threads, community_search"
recruiting,recruitinghell,True,True,1,171.99,"panel_threads, ops, partner_mentions, signal, index_core, index_scoring, competitor_posts, community_search, old"
recruiting,recruitinghiringph,True,True,1,2.07,"panel_threads, ops, community_search"
recruiting,recruitingstories,True,,0,0.5,community_search
recruiting,recruitment,True,True,1,1.23,"panel_threads, ops, partner_mentions, index_core, index_scoring, competitor_posts, community_search"
recruiting,recruitmentagencies,True,True,1,2.24,"panel_threads, ops, partner_mentions, signal, index_core, index_scoring, competitor_posts, community_search"
recruiting,recruitmentai,True,True,1,0.5,"panel_threads, ops, partner_mentions, competitor_posts"
recruiting,recruitmentaitrends,True,,1,0.5,"ops, community_search"
recruiting,recruitmenthub,True,,1,0.64,"ops, competitor_posts, community_search"
recruiting,recrutinghell,True,,1,0.5,ops
recruiting,rectech,True,,0,0.5,competitor_posts
recruiting,remotearmy,True,,0,0.5,competitor_posts
recruiting,remotejobs,True,,0,26.36,competitor_posts
recruiting,remotejobseekers,True,,0,3.74,competitor_posts
recruiting,remotework,True,,0,28.59,index_scoring
recruiting,remoteworkers,True,,0,4.01,competitor_posts
recruiting,resume,True,True,1,5.73,"panel_threads, ops"
recruiting,resumeadvice,True,,0,0.5,community_search
recruiting,resumeexperts,True,True,1,0.55,"panel_threads, ops, index_scoring, competitor_posts"
recruiting,resumes,True,True,1,59.48,"panel_threads, competitor_posts, community_search"
recruiting,resumetips,True,True,1,2.73,"panel_threads, index_scoring"
recruiting,reverse_recruiting,True,,0,0.5,community_search
recruiting,revopscareers,True,,0,0.5,community_search
recruiting,romania,True,,0,51.55,competitor_posts
recruiting,saas,True,True,1,78.73,"panel_threads, index_core, index_scoring, competitor_posts, old"
recruiting,saasdevelopers,True,,0,4.99,competitor_posts
recruiting,saassales,True,,0,1.62,competitor_posts
recruiting,sacmabirsub,True,,0,2.51,competitor_posts
recruiting,sacramento,True,,0,11.49,community_search
recruiting,salary,True,,0,84.81,competitor_posts
recruiting,salarygh,True,,0,0.5,community_search
recruiting,sales,True,,0,29.84,"index_scoring, community_search"
recruiting,sales_intelligence,True,True,1,0.5,panel_threads
recruiting,sales_professionals,True,,0,4.19,index_scoring
recruiting,salesoperations,True,True,1,1.05,"panel_threads, index_scoring"
recruiting,sanjose,True,,0,12.21,community_search
recruiting,scams,True,,0,64.43,"competitor_posts, community_search"
recruiting,scientology,True,,1,2.1,partner_mentions
recruiting,seajobs,True,,0,0.5,community_search
recruiting,seattlewa,True,,0,18.46,competitor_posts
recruiting,selfhosted,True,,0,66.7,"index_scoring, competitor_posts"
recruiting,semiconductors,True,,0,1.85,competitor_posts
recruiting,sfevents,True,,1,0.5,partner_mentions
recruiting,sgexams,True,,0,14.18,competitor_posts
recruiting,shrm,True,,0,0.5,community_search
recruiting,sideproject,True,,1,53.63,"index_core, index_scoring, competitor_posts"
recruiting,singularity,True,,0,180.07,competitor_posts
recruiting,skillbridge,True,,0,0.54,competitor_posts
recruiting,smallbusiness,True,,0,114.69,"index_scoring, community_search"
recruiting,smallbusinessowner,True,,0,4.01,index_scoring
recruiting,socialmediamarketing,True,,0,14.24,index_scoring
recruiting,socialworkaustralia,True,,0,0.5,competitor_posts
recruiting,software,True,,0,14.84,index_scoring
recruiting,softwareandapps,True,,0,0.03,index_scoring
recruiting,softwaredach,True,,0,0.87,index_scoring
recruiting,startupideas,True,,0,1.99,competitor_posts
recruiting,startups,True,,0,96.15,"index_scoring, old"
recruiting,startupshelpstartups,True,,0,1.12,competitor_posts
recruiting,startupsolofounder,True,,0,5.39,index_scoring
recruiting,stlouis,True,,0,11.93,community_search
recruiting,superframeworks,True,,0,0.5,competitor_posts
recruiting,sysadmin,True,,0,111.96,"index_scoring, competitor_posts, community_search"
recruiting,sysadminjobs,True,,0,1.35,community_search
recruiting,talentacquisition,True,,1,0.5,"signal, community_search, old"
recruiting,talesfromrecruiters,True,,0,0.5,community_search
recruiting,tamilyapping,True,,0,2.49,competitor_posts
recruiting,target,True,,0,10.44,"competitor_posts, community_search"
recruiting,teachers,True,,0,254.09,"index_scoring, competitor_posts, community_search"
recruiting,teaching,True,,0,15.61,index_scoring
recruiting,tech,True,,0,31.46,community_search
recruiting,tech_philippines,True,,0,11.02,competitor_posts
recruiting,techcareers,True,,0,0.5,old
recruiting,techimpact,True,,0,20.92,competitor_posts
recruiting,techjobs,True,,0,2.39,"index_scoring, community_search"
recruiting,technicalrecruiters,True,,0,0.5,community_search
recruiting,technology,True,,1,810.1,"ops, index_core, index_scoring, competitor_posts, community_search"
recruiting,techsales,True,True,1,10.63,"panel_threads, index_scoring, competitor_posts"
recruiting,techsalesjobs,True,,0,0.5,competitor_posts
recruiting,tefl,True,,0,4.57,community_search
recruiting,thecivilservice,True,,0,4.47,competitor_posts
recruiting,therapeuticresources,True,,0,0.5,community_search
recruiting,thetalenttimes,True,,1,0.5,partner_mentions
recruiting,torontojobs,True,,0,4.4,"competitor_posts, community_search"
recruiting,transcriptionai,True,True,1,0.5,panel_threads
recruiting,travelnursing,True,,0,3.22,community_search
recruiting,travelnursingjobs,True,,0,0.5,community_search
recruiting,trianglejobs,True,,0,0.5,community_search
recruiting,turkoyunsektoru,True,,0,0.5,competitor_posts
recruiting,twentiesindia,True,,0,15.97,competitor_posts
recruiting,uaejobseekers,True,,0,1.36,community_search
recruiting,ubc,True,,0,5.46,competitor_posts
recruiting,ukjobs,True,,0,18.39,"competitor_posts, community_search"
recruiting,union,True,,0,6.24,competitor_posts
recruiting,universitytr,True,,0,2.53,competitor_posts
recruiting,unpath,True,,0,1.04,competitor_posts
recruiting,usajobs,True,,0,9.23,community_search
recruiting,uwo,True,,0,2.1,competitor_posts
recruiting,uxdesign,True,,0,11.32,community_search
recruiting,uxresearch,True,True,1,3.09,"panel_threads, ops"
recruiting,vagasarrombadas,True,,0,10.63,competitor_posts
recruiting,vaphilippines,True,,0,0.5,community_search
recruiting,vha_human_resources,True,,0,0.71,community_search
recruiting,vibecodersnest,True,,0,0.26,index_scoring
recruiting,virtualassistant,True,,0,8.04,index_scoring
recruiting,virtualassistantph,True,,0,7.1,competitor_posts
recruiting,vit,True,,0,2.35,competitor_posts
recruiting,warmysender,True,True,1,0.5,panel_threads
recruiting,washingtondc,True,,0,24.29,community_search
recruiting,webdev,True,,0,149.24,competitor_posts
recruiting,wehiring,True,,0,0.5,community_search
recruiting,weirdsidehustles,True,,0,7.32,competitor_posts
recruiting,wellsfargobank,True,,0,0.5,competitor_posts
recruiting,wfhjobs,True,,0,10.98,competitor_posts
recruiting,wgu_humanresources,True,,0,0.5,community_search
recruiting,wguhumanresources,True,,0,0.5,community_search
recruiting,whatisit,True,,0,128.09,competitor_posts
recruiting,wholefoods,True,,0,1.57,competitor_posts
recruiting,womenintech,True,,0,5.06,competitor_posts
recruiting,work,True,,0,72.44,"index_scoring, competitor_posts"
recruiting,workday,True,,0,1.13,competitor_posts
recruiting,workonline,True,,0,34.78,index_scoring
recruiting,workreform,True,,0,101.6,"competitor_posts, community_search"
recruiting,worldbank,True,,0,0.5,competitor_posts
recruiting,xennials,True,,0,13.95,competitor_posts
digital-asset-management,3dmodeling,True,,0,8.87,index_scoring
digital-asset-management,adobe,True,,0,1.14,"index_scoring, competitor_posts"
digital-asset-management,adobeexpress,True,,0,0.5,competitor_posts
digital-asset-management,adobeillustrator,True,,0,3.63,"index_scoring, community_search"
digital-asset-management,adops,True,,0,2.54,community_search
digital-asset-management,advertising,True,,0,11.64,"index_scoring, community_search"
digital-asset-management,aftereffects,True,,0,14.18,index_scoring
digital-asset-management,agency,True,,0,4.55,index_scoring
digital-asset-management,agentic_seo,True,,0,1.1,competitor_posts
digital-asset-management,ai_agents,True,,0,35.16,index_scoring
digital-asset-management,aiart,True,,0,18.87,index_scoring
digital-asset-management,aigamedev,True,,0,46.07,index_scoring
digital-asset-management,aitoolbench,True,,0,0.85,index_scoring
digital-asset-management,aitoolforbusiness,True,,0,0.75,index_scoring
digital-asset-management,aitoolsandtips,True,,0,1.52,index_scoring
digital-asset-management,aiwars,True,,0,7.68,competitor_posts
digital-asset-management,alphaandbetausers,True,,0,3.52,index_scoring
digital-asset-management,animation,True,,0,12.79,index_scoring
digital-asset-management,appbusiness,True,,0,7.7,index_scoring
digital-asset-management,appdevelopers,True,,0,4.17,index_scoring
digital-asset-management,appmarketing,True,,0,0.5,community_search
digital-asset-management,appswebappsfullstack,True,,0,7.32,index_scoring
digital-asset-management,archivists,True,,1,1.67,"index_core, index_scoring, community_search"
digital-asset-management,archviz,True,,0,2.93,index_scoring
digital-asset-management,artcommissions,True,,0,11.81,community_search
digital-asset-management,artistlounge,True,,0,18.84,index_scoring
digital-asset-management,askcomputerscience,True,,0,0.61,index_scoring
digital-asset-management,askengineers,True,,0,41.13,"index_scoring, community_search"
digital-asset-management,askmarketing,True,,1,10.31,"ops, index_scoring, competitor_posts, community_search"
digital-asset-management,askphotography,True,,0,30.44,index_scoring
digital-asset-management,asteroidc,True,,0,0.94,community_search
digital-asset-management,audioengineering,True,,0,24.38,index_scoring
digital-asset-management,audiopost,True,,0,0.96,index_scoring
digital-asset-management,aws,True,,0,17.84,competitor_posts
digital-asset-management,b2b_sales,True,True,1,2.25,panel_threads
digital-asset-management,b2bmarketing,True,,1,4.6,"index_core, index_scoring, competitor_posts, community_search"
digital-asset-management,b2bmarketinglab,True,,0,0.5,community_search
digital-asset-management,baduibattles,True,,0,12.24,index_scoring
digital-asset-management,bizhackers,True,,0,0.5,community_search
digital-asset-management,blockchainecommerce,True,,0,0.5,community_search
digital-asset-management,bookdesign,True,,0,0.15,index_scoring
digital-asset-management,bostontrees,True,True,1,2.85,"panel_threads, ops"
digital-asset-management,brand,True,,0,0.5,community_search
digital-asset-management,brand_identity,True,,0,0.5,community_search
digital-asset-management,brand_management,True,,0,0.5,community_search
digital-asset-management,branddesign,True,,0,0.5,community_search
digital-asset-management,branding,True,True,1,4.33,"panel_threads, ops, index_core, index_scoring, competitor_posts, community_search"
digital-asset-management,brandmanagement,True,,1,0.5,"signal, community_search"
digital-asset-management,brasil,True,,0,150.48,competitor_posts
digital-asset-management,broadcastengineering,True,,0,0.65,index_scoring
digital-asset-management,business,True,,0,116.75,community_search
digital-asset-management,canadianweednews,True,,0,0.5,community_search
digital-asset-management,cannabis_jobs,True,,0,0.5,community_search
digital-asset-management,cannabiscorner,True,,0,0.5,community_search
digital-asset-management,cannabisentrepreneur,True,,0,0.5,community_search
digital-asset-management,cannabismarketing,True,,0,0.5,community_search
digital-asset-management,cannabismsos,True,,0,0.5,community_search
digital-asset-management,cannabistechnology,True,,0,0.5,community_search
digital-asset-management,cannabusiness,True,,0,0.5,community_search
digital-asset-management,cannifornia,True,,0,0.5,community_search
digital-asset-management,cc0textures,True,,0,0.5,index_scoring
digital-asset-management,choosingvendors,True,,1,0.5,"ops, competitor_posts"
digital-asset-management,cms,True,True,1,0.5,"panel_threads, community_search"
digital-asset-management,coding,True,,0,0.38,index_scoring
digital-asset-management,coents,True,,1,1.96,ops
digital-asset-management,commercialav,True,,0,6.52,index_scoring
digital-asset-management,commercialprinting,True,,0,1.43,competitor_posts
digital-asset-management,compsci,True,,0,0.38,index_scoring
digital-asset-management,computadores,True,,0,13.4,competitor_posts
digital-asset-management,computergraphics,True,,0,0.11,index_scoring
digital-asset-management,computerscience,True,,0,0.75,index_scoring
digital-asset-management,consulting,True,,0,17.36,community_search
digital-asset-management,content_marketing,True,,0,2.83,"index_scoring, community_search"
digital-asset-management,conversas,True,,0,40.16,competitor_posts
digital-asset-management,cpgsales,True,,0,0.5,community_search
digital-asset-management,creativeoperations,True,True,1,0.5,"panel_threads, ops, partner_mentions, competitor_posts, community_search"
digital-asset-management,cscareerquestions,True,,0,107.88,community_search
digital-asset-management,cscareerquestionscad,True,,0,0.76,index_scoring
digital-asset-management,cscareerquestionseu,True,,0,8.01,index_scoring
digital-asset-management,csmajors,True,,0,44.09,"index_scoring, community_search"
digital-asset-management,dam,True,,1,0.5,"signal, community_search"
digital-asset-management,dataengineering,True,,0,21.66,community_search
digital-asset-management,datasets,True,,0,0.71,index_scoring
digital-asset-management,degoogle,True,,1,54.97,ops
digital-asset-management,design,True,True,1,6.82,"panel_threads, ops, index_scoring, competitor_posts, community_search"
digital-asset-management,design_critiques,True,,0,3.77,"index_scoring, community_search"
digital-asset-management,designfreebie,True,,0,0.02,index_scoring
digital-asset-management,designjobs,True,,0,9.14,"index_scoring, community_search"
digital-asset-management,designsystems,True,,1,0.65,"ops, partner_mentions, index_scoring, community_search"
digital-asset-management,destroymygame,True,,0,7.78,index_scoring
digital-asset-management,devblogs,True,,0,0.15,index_scoring
digital-asset-management,devbr,True,,0,10.75,index_scoring
digital-asset-management,developersindia,True,,0,89.12,"index_scoring, community_search"
digital-asset-management,devjobs,True,,0,0.67,index_scoring
digital-asset-management,digikam,True,,1,0.12,"index_core, index_scoring"
digital-asset-management,digital_marketing,True,,1,17.04,"ops, index_scoring, community_search"
digital-asset-management,digitalart,True,,0,27.35,index_scoring
digital-asset-management,digitalarttutorials,True,,0,0.1,index_scoring
digital-asset-management,digitalassetmanagemen,True,,1,0.5,"ops, competitor_posts, community_search"
digital-asset-management,digitalassetmgmt,True,,1,0.5,ops
digital-asset-management,digitalmarketing,True,True,1,23.37,"panel_threads, ops, index_core, index_scoring, competitor_posts, community_search"
digital-asset-management,digitalmarketinghack,True,,0,3.32,community_search
digital-asset-management,digitalpainting,True,,0,1.11,index_scoring
digital-asset-management,dispensaryinsiders,True,,0,0.5,community_search
digital-asset-management,dispensarymarketing,True,True,1,0.5,"panel_threads, community_search"
digital-asset-management,djangocms,True,,0,0.5,community_search
digital-asset-management,ecommentrepreneurs,True,,0,0.5,community_search
digital-asset-management,ecommerce,True,True,1,30.68,"panel_threads, ops, index_scoring, competitor_posts"
digital-asset-management,ecommercemarketing,True,,1,2.16,ops
digital-asset-management,ecommercewebsite,True,True,1,1.32,"panel_threads, competitor_posts"
digital-asset-management,economy,True,,0,48.75,community_search
digital-asset-management,editing,True,,0,0.89,index_scoring
digital-asset-management,editors,True,,0,8.89,"index_scoring, community_search"
digital-asset-management,entrepreneurridealong,True,,0,32.95,index_scoring
digital-asset-management,entrepreneurs,True,True,1,8.95,"panel_threads, ops"
digital-asset-management,experienceddevs,True,,0,13.87,"index_scoring, community_search"
digital-asset-management,fieldrecording,True,,0,0.49,index_scoring
digital-asset-management,figmadesign,True,,0,7.13,community_search
digital-asset-management,figmadesignsystems,True,,0,0.5,community_search
digital-asset-management,filmmakers,True,,0,35.13,"index_scoring, competitor_posts"
digital-asset-management,fonts,True,,0,1.09,index_scoring
digital-asset-management,forhire,True,,0,33.95,community_search
digital-asset-management,forhirefreelance,True,,0,2.15,competitor_posts
digital-asset-management,foss,True,,0,2.47,competitor_posts
digital-asset-management,founder,True,,0,10.97,"index_scoring, competitor_posts"
digital-asset-management,foundersmarketing,True,,0,0.5,community_search
digital-asset-management,freelance,True,,0,31.57,index_scoring
digital-asset-management,freelanceuk,True,,0,0.15,index_scoring
digital-asset-management,frontend,True,,0,15.84,community_search
digital-asset-management,furniture_ecom_brands,True,,0,0.5,community_search
digital-asset-management,gameassets,True,,0,0.21,index_scoring
digital-asset-management,gamedesign,True,,0,13.99,"index_scoring, community_search"
digital-asset-management,gamedev,True,True,1,93.17,"panel_threads, index_scoring, community_search"
digital-asset-management,gamedevclassifieds,True,,0,6.0,index_scoring
digital-asset-management,gamedevelopment,True,,0,7.84,index_scoring
digital-asset-management,gamedevscreens,True,,0,6.0,index_scoring
digital-asset-management,gameideas,True,,0,1.22,index_scoring
digital-asset-management,gamejams,True,,0,0.21,index_scoring
digital-asset-management,gameproduction,True,,0,0.5,community_search
digital-asset-management,generative,True,,0,0.7,index_scoring
digital-asset-management,generativeai,True,,0,26.44,index_scoring
digital-asset-management,graphic_design,True,,1,132.01,"ops, index_core, index_scoring, competitor_posts, community_search"
digital-asset-management,graphicdesign_economy,True,,0,0.5,community_search
digital-asset-management,graphicdesigning,True,,0,2.58,community_search
digital-asset-management,graphicdesignjobs,True,,0,1.13,community_search
digital-asset-management,graphicdesignlearners,True,,0,0.5,community_search
digital-asset-management,graphicdesignph,True,,0,0.5,community_search
digital-asset-management,graphicdesignservices,True,,0,0.74,community_search
digital-asset-management,graphicdesignthings,True,,0,0.5,community_search
digital-asset-management,graphicdesigntools,True,,0,0.5,community_search
digital-asset-management,growmybusiness,True,,1,6.96,ops
digital-asset-management,growthhacking,True,,0,7.15,index_scoring
digital-asset-management,hci,True,,0,0.17,index_scoring
digital-asset-management,hobbygamedev,True,,0,1.15,index_scoring
digital-asset-management,homelab,True,,0,59.72,index_scoring
digital-asset-management,hungryartists,True,,0,27.91,"index_scoring, community_search"
digital-asset-management,hwstartups,True,True,1,2.43,"panel_threads, index_scoring"
digital-asset-management,iltrees,True,True,1,2.6,"panel_threads, ops"
digital-asset-management,inat,True,,0,5.36,index_scoring
digital-asset-management,indesign,True,,0,2.89,competitor_posts
digital-asset-management,indianengineers,True,,0,4.51,index_scoring
digital-asset-management,indiedev,True,,0,53.35,"index_scoring, competitor_posts"
digital-asset-management,indiegaming,True,,0,23.83,community_search
digital-asset-management,indiehackers,True,,0,6.65,index_scoring
digital-asset-management,indotech,True,,0,50.99,index_scoring
digital-asset-management,industrialdesign,True,,0,3.31,index_scoring
digital-asset-management,infographics,True,,0,10.4,index_scoring
digital-asset-management,inkscape,True,,0,0.62,index_scoring
digital-asset-management,iosappsmarketing,True,,0,2.68,index_scoring
digital-asset-management,it,True,,0,12.47,index_scoring
digital-asset-management,itassetmanagement,True,,0,0.5,community_search
digital-asset-management,itmanagers,True,,0,6.51,index_scoring
digital-asset-management,javascript,True,,0,1.83,index_scoring
digital-asset-management,joomla,True,,0,0.12,"index_scoring, community_search"
digital-asset-management,kraken,True,,0,2.06,community_search
digital-asset-management,learnblender,True,,0,0.02,index_scoring
digital-asset-management,learndesign,True,,0,0.22,"index_scoring, community_search"
digital-asset-management,librarians,True,,0,6.4,"index_scoring, community_search"
digital-asset-management,libraries,True,,0,8.84,index_scoring
digital-asset-management,locationsound,True,,0,1.5,index_scoring
digital-asset-management,logo_critique,True,,0,0.8,community_search
digital-asset-management,logodesign,True,,0,17.41,"index_scoring, community_search"
digital-asset-management,lostredditor,True,,1,4.86,partner_mentions
digital-asset-management,low_poly,True,,0,2.34,index_scoring
digital-asset-management,ludumdare,True,,0,0.03,index_scoring
digital-asset-management,mainetrees,True,,1,1.37,ops
digital-asset-management,management,True,,0,1.77,community_search
digital-asset-management,marijuana,True,,1,14.41,ops
digital-asset-management,maritimecannabis,True,,0,0.5,community_search
digital-asset-management,marketing,True,,1,88.83,"ops, index_scoring, community_search"
digital-asset-management,marketingagency,True,,1,0.76,ops
digital-asset-management,marketingandai,True,,0,0.5,community_search
digital-asset-management,marketingautomation,True,,1,3.78,"ops, community_search"
digital-asset-management,marketingmanagement,True,,0,0.5,community_search
digital-asset-management,marketingoperations,True,,0,0.5,community_search
digital-asset-management,marketingops,True,,1,0.5,"signal, community_search"
digital-asset-management,mbaswhocode,True,,0,0.5,community_search
digital-asset-management,melonproject,True,,0,0.5,community_search
digital-asset-management,microsaas,True,True,1,21.23,"panel_threads, competitor_posts"
digital-asset-management,missourimedical,True,,1,1.31,ops
digital-asset-management,motiondesign,True,,0,2.91,"index_scoring, community_search"
digital-asset-management,motiongraphics,True,,0,0.52,index_scoring
digital-asset-management,msp,True,,0,11.21,index_scoring
digital-asset-management,netsuite,True,,0,1.26,competitor_posts
digital-asset-management,newjerseydisporeviews,True,,1,0.5,ops
digital-asset-management,nocode,True,,0,6.35,index_scoring
digital-asset-management,nyctrees,True,,1,0.73,ops
digital-asset-management,nys_cannabis,True,,0,0.5,community_search
digital-asset-management,nyscannabis,True,True,1,2.25,"panel_threads, ops"
digital-asset-management,nz_graphicdesign,True,,0,0.5,community_search
digital-asset-management,opensource,True,,0,17.41,community_search
digital-asset-management,optimizely,True,,0,0.5,competitor_posts
digital-asset-management,packagingdesign,True,,1,0.85,"ops, community_search"
digital-asset-management,photography,True,,1,36.72,"ops, index_core, index_scoring"
digital-asset-management,pkms,True,,0,3.59,"index_scoring, community_search"
digital-asset-management,playmygame,True,,0,14.39,index_scoring
digital-asset-management,pmp,True,,0,5.89,community_search
digital-asset-management,posterdesign,True,,0,2.69,index_scoring
digital-asset-management,postplanify,True,True,1,0.5,panel_threads
digital-asset-management,postprocessing,True,,0,10.29,index_scoring
digital-asset-management,processmanagement,True,,0,0.5,community_search
digital-asset-management,prodmgmt,True,,0,0.68,index_scoring
digital-asset-management,product_design,True,,0,0.17,index_scoring
digital-asset-management,productdesign,True,,0,0.52,index_scoring
digital-asset-management,productmanagement,True,True,1,12.74,"panel_threads, index_scoring, community_search"
digital-asset-management,productmanagement_in,True,True,1,0.63,"panel_threads, index_scoring"
digital-asset-management,productphotography,True,,1,0.93,"ops, competitor_posts"
digital-asset-management,projectmanagement,True,,0,10.84,"index_scoring, community_search"
digital-asset-management,raptoreum,True,,0,0.5,community_search
digital-asset-management,reactjs,True,,0,3.01,"index_scoring, community_search"
digital-asset-management,rebrands,True,,0,0.5,community_search
digital-asset-management,redditstock,True,,1,0.98,partner_mentions
digital-asset-management,remotejobs,True,,0,26.36,competitor_posts
digital-asset-management,remotivejobs,True,,0,0.5,competitor_posts
digital-asset-management,restrictedmarketing,True,,1,0.5,"ops, community_search"
digital-asset-management,revops,True,,0,0.5,community_search
digital-asset-management,revopscareers,True,,0,0.5,competitor_posts
digital-asset-management,saas,True,,0,78.73,"index_scoring, competitor_posts"
digital-asset-management,saasmarketing,True,,0,1.67,competitor_posts
digital-asset-management,scaleinpublic,True,,0,0.77,competitor_posts
digital-asset-management,scoutforge,True,,0,0.5,competitor_posts
digital-asset-management,scrum,True,,0,0.85,index_scoring
digital-asset-management,selfhosted,True,,0,66.7,"index_scoring, competitor_posts, community_search"
digital-asset-management,seo,True,,0,29.66,competitor_posts
digital-asset-management,shopify,True,,0,17.13,competitor_posts
digital-asset-management,shopifydev,True,,0,1.28,competitor_posts
digital-asset-management,shopifyecommerce,True,,0,2.35,competitor_posts
digital-asset-management,showyourapp,True,,0,0.72,index_scoring
digital-asset-management,sideproject,True,,0,53.63,index_scoring
digital-asset-management,smallbusiness,True,,1,114.69,"ops, index_scoring"
digital-asset-management,smallbusinessus,True,True,1,4.1,panel_threads
digital-asset-management,snoo,True,,1,1.18,partner_mentions
digital-asset-management,socialmedia,True,,0,95.45,"index_scoring, community_search"
digital-asset-management,socialmediamanagers,True,,0,4.14,"index_scoring, community_search"
digital-asset-management,socialmediamarketing,True,,0,14.24,"index_scoring, competitor_posts, community_search"
digital-asset-management,software,True,,0,14.84,index_scoring
digital-asset-management,software_finder,True,,0,0.5,competitor_posts
digital-asset-management,softwarearchitecture,True,,0,5.38,community_search
digital-asset-management,softwaredevelopment,True,,0,7.42,index_scoring
digital-asset-management,softwarelabs,True,,0,0.5,community_search
digital-asset-management,solodevelopment,True,,0,45.21,index_scoring
digital-asset-management,somebodymakethis,True,,0,0.95,index_scoring
digital-asset-management,sounddesign,True,,0,2.08,index_scoring
digital-asset-management,stablediffusion,True,,0,131.73,index_scoring
digital-asset-management,startups,True,,0,96.15,index_scoring
digital-asset-management,startupsolofounder,True,,0,5.39,"index_scoring, competitor_posts"
digital-asset-management,strapi,True,,0,0.5,community_search
digital-asset-management,streetwearstartup,True,,0,38.45,community_search
digital-asset-management,svg,True,,0,0.13,index_scoring
digital-asset-management,sysadmin,True,,1,111.96,"index_core, index_scoring, competitor_posts, community_search"
digital-asset-management,systems,True,,0,0.5,community_search
digital-asset-management,tabletopgamedesign,True,,0,6.35,"index_scoring, community_search"
digital-asset-management,tech_x,True,,0,1.43,competitor_posts
digital-asset-management,techtheatre,True,,0,3.88,index_scoring
digital-asset-management,translationstudies,True,,0,2.81,competitor_posts
digital-asset-management,treebusiness,True,,0,0.5,community_search
digital-asset-management,typo3,True,,0,0.5,community_search
digital-asset-management,typography,True,,0,1.9,index_scoring
digital-asset-management,ui_design,True,,0,2.76,"index_scoring, community_search"
digital-asset-management,uiux,True,,0,1.46,index_scoring
digital-asset-management,userexperience,True,,0,6.7,"index_scoring, community_search"
digital-asset-management,uxdesign,True,,0,11.32,"index_scoring, competitor_posts, community_search"
digital-asset-management,vfx,True,,0,4.01,index_scoring
digital-asset-management,videoediting,True,,0,2.56,index_scoring
digital-asset-management,videoengineering,True,,0,5.4,index_scoring
digital-asset-management,videoproduction,True,,0,0.19,index_scoring
digital-asset-management,videosynthesis,True,,0,0.88,index_scoring
digital-asset-management,virtualassistantphil,True,,0,2.55,index_scoring
digital-asset-management,virtualproduction,True,,0,0.07,index_scoring
digital-asset-management,vjing,True,,0,1.1,index_scoring
digital-asset-management,voxelgamedev,True,,0,0.98,index_scoring
digital-asset-management,walmartsellers,True,,0,0.5,competitor_posts
digital-asset-management,web_design,True,,0,44.08,"index_scoring, community_search"
digital-asset-management,webapps,True,,0,0.95,index_scoring
digital-asset-management,webdesign,True,,1,28.34,"ops, index_scoring"
digital-asset-management,webdev,True,,0,149.24,"index_scoring, competitor_posts, community_search"
digital-asset-management,webdevelopment,True,,0,0.88,index_scoring
digital-asset-management,weedbiz,True,True,1,4.72,"panel_threads, ops"
digital-asset-management,weedstartups,True,,0,0.5,community_search
digital-asset-management,willpatersondesign,True,,0,1.14,community_search
digital-asset-management,womenofcannabis,True,,0,0.5,community_search
digital-asset-management,woocommerce,True,,0,2.32,competitor_posts
digital-asset-management,wordpress,True,,0,27.2,"index_scoring, community_search"
digital-asset-management,work,True,,0,72.44,community_search
digital-asset-management,workremotely,True,,0,0.5,community_search
digital-asset-management,wvmedicalcannabis,True,,1,0.5,ops
digital-asset-management,zichain,True,,0,0.5,community_search
help-desk,24hoursupport,True,,0,3.25,"index_scoring, community_search"
help-desk,accelerate,True,,0,4.28,"competitor_posts, community_search"
help-desk,accounting,True,,0,76.58,competitor_posts
help-desk,admindroid,True,,0,0.5,competitor_posts
help-desk,adulting,True,,0,100.37,competitor_posts
help-desk,advancedentrepreneur,True,,0,1.27,index_scoring
help-desk,agency,True,,0,4.55,"index_scoring, competitor_posts"
help-desk,agencynewbies,True,,0,5.68,competitor_posts
help-desk,agent_ai,True,,0,0.64,"index_scoring, community_search"
help-desk,agenticai,True,,0,0.81,community_search
help-desk,agentsofai,True,True,1,14.51,"panel_threads, index_scoring, competitor_posts, community_search"
help-desk,agile,True,,0,7.77,"competitor_posts, community_search"
help-desk,ai_agent_reviews,True,,0,0.5,community_search
help-desk,ai_agents,True,True,1,35.16,"panel_threads, ops, partner_mentions, index_scoring, competitor_posts, community_search"
help-desk,ai_agents_n8n_make,True,,0,0.5,community_search
help-desk,ai_customer_support,True,True,1,0.5,"panel_threads, competitor_posts, community_search"
help-desk,ai_customerservice,True,,0,0.5,community_search
help-desk,ai_sales,True,True,1,0.5,"panel_threads, ops, competitor_posts"
help-desk,aiagents,True,,0,3.44,"index_scoring, competitor_posts, community_search"
help-desk,aiagentsdirectory,True,,0,0.5,community_search
help-desk,aiagentsinaction,True,,0,0.56,"index_scoring, community_search"
help-desk,aiagentsnews,True,,0,0.5,community_search
help-desk,aiagentsstack,True,,0,0.5,community_search
help-desk,aiassisted,True,,0,8.03,competitor_posts
help-desk,aiautomations,True,True,1,3.69,"panel_threads, ops, partner_mentions, index_scoring, competitor_posts"
help-desk,aibuilders,True,,0,0.95,index_scoring
help-desk,aidevelopmentspace,True,,0,0.06,index_scoring
help-desk,ainotetaker,True,,1,0.77,ops
help-desk,airforce,True,,0,13.31,competitor_posts
help-desk,aiseoinsider,True,True,1,0.5,panel_threads
help-desk,aitoolforbusiness,True,,0,0.75,competitor_posts
help-desk,aitoolsperformance,True,True,1,0.5,panel_threads
help-desk,aitrailblazers,True,,0,0.67,index_scoring
help-desk,alarmdotcom,True,,0,0.5,competitor_posts
help-desk,alphaandbetausers,True,,0,3.52,index_scoring
help-desk,amazonprime,True,,0,11.66,community_search
help-desk,analytics,True,True,1,12.79,panel_threads
help-desk,android,True,,0,143.77,community_search
help-desk,ansible,True,,0,3.64,community_search
help-desk,antiai,True,,0,16.15,competitor_posts
help-desk,antiwork,True,,0,135.32,"competitor_posts, community_search"
help-desk,appbusiness,True,,0,7.7,index_scoring
help-desk,appswebappsfullstack,True,,0,7.32,community_search
help-desk,arbeitsleben,True,,0,6.36,competitor_posts
help-desk,arist,True,True,1,0.5,panel_threads
help-desk,artificial,True,True,1,60.64,"panel_threads, index_scoring, community_search"
help-desk,artificialinteligence,True,,1,87.77,"ops, index_scoring, competitor_posts, community_search"
help-desk,asana,True,,0,0.5,competitor_posts
help-desk,askcomputerscience,True,,0,0.61,index_scoring
help-desk,askengineers,True,,0,41.13,index_scoring
help-desk,askfrance,True,,0,20.88,competitor_posts
help-desk,askhungary,True,,0,6.19,competitor_posts
help-desk,askmarketing,True,,0,10.31,index_scoring
help-desk,asknetsec,True,True,1,1.92,"panel_threads, index_scoring, community_search"
help-desk,askprogramming,True,,0,6.53,index_scoring
help-desk,asksysadmin,True,,0,0.5,community_search
help-desk,askto,True,,0,15.36,competitor_posts
help-desk,assholedesign,True,,0,140.75,"competitor_posts, community_search"
help-desk,atlassian,True,,0,0.5,competitor_posts
help-desk,auscorp,True,,0,6.57,competitor_posts
help-desk,austechnology,True,,0,0.5,competitor_posts
help-desk,austin,True,,0,28.66,competitor_posts
help-desk,australia,True,,0,131.65,competitor_posts
help-desk,autogpt,True,,0,0.12,index_scoring
help-desk,automate,True,,0,0.06,index_scoring
help-desk,automation,True,True,1,10.61,"panel_threads, ops, index_scoring, competitor_posts, community_search"
help-desk,aws,True,,0,17.84,"competitor_posts, community_search"
help-desk,azure,True,True,1,9.72,"panel_threads, competitor_posts, community_search"
help-desk,azuredevops,True,,0,1.45,community_search
help-desk,b2b_sales,True,True,1,2.25,"panel_threads, ops, competitor_posts"
help-desk,b2bemailing,True,,0,0.5,competitor_posts
help-desk,b2bmarketing,True,,0,4.6,competitor_posts
help-desk,b2bsaas,True,True,1,0.86,"panel_threads, ops, index_scoring, competitor_posts, community_search"
help-desk,b2bsales,True,,0,0.5,competitor_posts
help-desk,baduibattles,True,,0,12.24,community_search
help-desk,bayarea,True,,0,37.77,competitor_posts
help-desk,belgium,True,,0,18.37,community_search
help-desk,best_ai_agents,True,,0,0.5,community_search
help-desk,better_claw,True,,0,0.6,index_scoring
help-desk,bitspilani,True,,1,9.57,partner_mentions
help-desk,bitwarden,True,,0,5.58,community_search
help-desk,blackboxai_,True,,0,1.82,community_search
help-desk,blueteamsec,True,,0,3.27,competitor_posts
help-desk,bpoinph,True,,0,68.3,"index_scoring, community_search"
help-desk,brasil,True,,0,150.48,competitor_posts
help-desk,brdev,True,,0,49.6,"competitor_posts, community_search"
help-desk,britishproblems,True,,0,39.95,community_search
help-desk,btechtards,True,,0,147.07,competitor_posts
help-desk,buhaydigital,True,,0,36.33,competitor_posts
help-desk,build_ai_agents,True,,0,0.5,community_search
help-desk,buildinpublic,True,,0,5.48,"competitor_posts, community_search"
help-desk,business,True,,0,116.75,"index_scoring, competitor_posts"
help-desk,businessdeconstructed,True,,0,1.13,competitor_posts
help-desk,businessemail,True,,0,0.51,competitor_posts
help-desk,buy_european,True,,0,0.75,competitor_posts
help-desk,buyfromeu,True,,0,16.64,competitor_posts
help-desk,california,True,,0,30.2,competitor_posts
help-desk,callcentres,True,,0,9.88,index_scoring
help-desk,capitalone,True,,0,1.01,competitor_posts
help-desk,capitalone_,True,,0,2.66,community_search
help-desk,careeradvice,True,,0,39.41,competitor_posts
help-desk,ccna,True,,0,6.82,community_search
help-desk,centurylink,True,,0,0.5,community_search
help-desk,chatgpt,True,True,1,137.0,"panel_threads, index_scoring, community_search"
help-desk,chatgptcoding,True,,0,18.18,community_search
help-desk,chicago,True,,0,29.63,competitor_posts
help-desk,choosingvendors,True,,0,0.5,competitor_posts
help-desk,citrix,True,,0,0.93,competitor_posts
help-desk,claudeai,True,True,1,52.84,"panel_threads, ops, competitor_posts, community_search"
help-desk,claudecode,True,,0,19.59,competitor_posts
help-desk,claudeskills,True,,0,4.12,competitor_posts
help-desk,clickup,True,,0,0.93,competitor_posts
help-desk,cloud,True,,0,1.23,index_scoring
help-desk,cloudengineering,True,,0,0.67,competitor_posts
help-desk,cloudndevops,True,,0,0.5,community_search
help-desk,cmmc,True,,0,0.57,competitor_posts
help-desk,cmo_huddles,True,,0,0.5,index_scoring
help-desk,cofounderhunt,True,,0,9.68,index_scoring
help-desk,coinbase,True,,0,20.92,community_search
help-desk,coldemailing,True,,0,0.5,competitor_posts
help-desk,colombiadevs,True,,0,0.7,competitor_posts
help-desk,comcast_xfinity,True,,0,3.9,community_search
help-desk,complaints,True,,0,6.49,competitor_posts
help-desk,comptia,True,,0,13.93,community_search
help-desk,computers,True,,0,16.51,index_scoring
help-desk,consulting,True,,0,17.36,community_search
help-desk,coolgithubprojects,True,,0,5.53,index_scoring
help-desk,copilotstudio,True,,0,0.71,competitor_posts
help-desk,corpochikaph,True,,0,2.94,competitor_posts
help-desk,corporate,True,,0,2.45,competitor_posts
help-desk,crafterq,True,True,1,0.5,panel_threads
help-desk,crazyideas,True,,0,38.27,competitor_posts
help-desk,crm,True,True,1,4.42,"panel_threads, ops, index_core, index_scoring, competitor_posts, community_search"
help-desk,crmsoftware,True,True,1,4.03,"panel_threads, index_scoring, competitor_posts"
help-desk,crowdstrike,True,,0,2.16,community_search
help-desk,crypto_com,True,,0,11.23,community_search
help-desk,cryptohelpdesk,True,,0,0.5,community_search
help-desk,cscareeradvice,True,,0,3.0,competitor_posts
help-desk,cscareerquestions,True,,0,107.88,"index_scoring, competitor_posts, community_search"
help-desk,cscareerquestionseu,True,,0,8.01,community_search
help-desk,cscareerquestionsoce,True,,0,2.26,community_search
help-desk,csharp,True,,0,5.24,index_scoring
help-desk,csmajors,True,,0,44.09,"index_scoring, community_search"
help-desk,customerexperience,True,,0,0.5,competitor_posts
help-desk,customerfromhell,True,,0,1.49,community_search
help-desk,customerservice,True,,0,3.89,"index_scoring, community_search"
help-desk,customerservicefails,True,,0,0.5,community_search
help-desk,customerservicekarma,True,,0,0.5,community_search
help-desk,customerservicenumber,True,,0,0.5,community_search
help-desk,customersuccess,True,True,1,3.73,"panel_threads, ops, index_scoring, competitor_posts, community_search"
help-desk,customersuccessjobsww,True,,0,0.5,community_search
help-desk,customersuccesssquad,True,,0,0.5,community_search
help-desk,customersupport,True,,0,0.5,community_search
help-desk,cvs,True,,0,3.89,community_search
help-desk,cybernews,True,,0,2.18,competitor_posts
help-desk,cybersecurity,True,,0,69.03,"index_scoring, competitor_posts, community_search"
help-desk,cybersecurity_help,True,,0,9.33,"index_scoring, competitor_posts"
help-desk,daily_techjobs_india,True,,0,0.5,competitor_posts
help-desk,datacenter,True,,0,10.25,index_scoring
help-desk,dataengineering,True,True,1,21.66,"panel_threads, community_search"
help-desk,datascience,True,,0,1.93,index_scoring
help-desk,datto,True,,0,0.5,competitor_posts
help-desk,dbrand,True,,0,3.12,community_search
help-desk,de_edv,True,,0,14.56,"index_scoring, competitor_posts, community_search"
help-desk,degoogle,True,,0,54.97,competitor_posts
help-desk,delta,True,,0,19.51,"competitor_posts, community_search"
help-desk,designdev_hub,True,,0,0.5,competitor_posts
help-desk,develeire,True,,0,4.7,"index_scoring, competitor_posts"
help-desk,developers,True,,0,2.64,community_search
help-desk,developersindia,True,,0,89.12,"competitor_posts, community_search"
help-desk,devops,True,True,1,10.84,"panel_threads, index_core, index_scoring, competitor_posts, community_search"
help-desk,devops7,True,,0,0.5,community_search
help-desk,devopscomic,True,,0,0.5,community_search
help-desk,devopsguru,True,,0,0.51,community_search
help-desk,devopsish,True,,0,0.5,community_search
help-desk,devopsjobs,True,,0,11.96,community_search
help-desk,devopsjobsus,True,,0,0.5,community_search
help-desk,devopskerala,True,,0,0.5,community_search
help-desk,devopslinks,True,,0,0.5,community_search
help-desk,devopsprojectshq,True,,0,0.5,community_search
help-desk,devopssec,True,,0,0.5,community_search
help-desk,devpt,True,,0,2.66,competitor_posts
help-desk,devrev,True,,1,0.5,"ops, partner_mentions, owned"
help-desk,devsarg,True,,0,14.8,community_search
help-desk,devsecops,True,,0,1.0,community_search
help-desk,diablo,True,,0,23.57,community_search
help-desk,digialps,True,,0,0.71,competitor_posts
help-desk,digital_marketing,True,True,1,17.04,panel_threads
help-desk,digitalescapetools,True,,0,3.26,competitor_posts
help-desk,digitalmarketing,True,,0,23.37,"index_scoring, competitor_posts"
help-desk,digitalnomadfire,True,,0,0.5,competitor_posts
help-desk,digitalnomadlife,True,,0,0.5,competitor_posts
help-desk,discordhelp,True,,0,0.56,competitor_posts
help-desk,distrokidhelpdesk,True,,0,1.26,community_search
help-desk,django,True,,0,7.49,competitor_posts
help-desk,docker_devops,True,,0,0.5,community_search
help-desk,doordash,True,,0,48.07,community_search
help-desk,doordash_drivers,True,,0,22.12,community_search
help-desk,dotnet,True,,0,11.03,community_search
help-desk,ece,True,,0,3.77,index_scoring
help-desk,ecommerce,True,,1,30.68,"index_core, index_scoring, competitor_posts, community_search"
help-desk,ecommerce_growth,True,,0,0.75,"competitor_posts, community_search"
help-desk,ecommercesuccesstips,True,,0,0.5,community_search
help-desk,eesti,True,,0,5.41,community_search
help-desk,egyremoteworkers,True,,0,2.84,competitor_posts
help-desk,emailmarketing,True,,0,5.61,index_scoring
help-desk,emailoutreach,True,,0,0.5,competitor_posts
help-desk,emburse,True,True,1,0.5,panel_threads
help-desk,employedbykohls,True,,0,1.22,community_search
help-desk,engineering,True,,0,0.33,index_scoring
help-desk,enshittification,True,,0,4.32,competitor_posts
help-desk,enterprise_ai_agents,True,,0,0.5,community_search
help-desk,entra,True,,0,0.55,competitor_posts
help-desk,entrepreneur,True,,1,24.81,"ops, index_scoring, competitor_posts, community_search"
help-desk,entrepreneurridealong,True,,0,32.95,"competitor_posts, community_search"
help-desk,entrepreneurs,True,True,1,8.95,"panel_threads, ops, partner_mentions, index_scoring, competitor_posts"
help-desk,everythingsaas,True,,0,0.5,community_search
help-desk,exchangeserver,True,,0,2.12,community_search
help-desk,executiveassistants,True,,0,8.78,competitor_posts
help-desk,experienceddevs,True,,0,13.87,"index_scoring, competitor_posts, community_search"
help-desk,experiencedfounders,True,,0,0.5,competitor_posts
help-desk,facebookmarketplace,True,,0,6.25,community_search
help-desk,fedexers,True,,0,3.03,community_search
help-desk,fednews,True,,0,27.67,competitor_posts
help-desk,fidelityinvestments,True,,0,14.34,community_search
help-desk,fordmavericktruck,True,,0,2.9,community_search
help-desk,forhire,True,,0,33.95,"competitor_posts, community_search"
help-desk,foss,True,,0,2.47,competitor_posts
help-desk,founder,True,,0,10.97,competitor_posts
help-desk,france,True,,0,117.22,competitor_posts
help-desk,freeitcourses,True,,0,0.66,competitor_posts
help-desk,freshservice,True,,0,0.5,"competitor_posts, community_search"
help-desk,fuck_ai_slop,True,,0,1.88,competitor_posts
help-desk,fuckmicrosoft,True,,0,3.15,competitor_posts
help-desk,g2dotcom,True,,0,0.5,competitor_posts
help-desk,geminiai,True,,0,17.3,competitor_posts
help-desk,genaiapps,True,,0,3.3,index_scoring
help-desk,generalmotors,True,,0,1.16,competitor_posts
help-desk,getemployed,True,,0,31.47,competitor_posts
help-desk,getstartups,True,,0,2.46,community_search
help-desk,github,True,,0,9.68,competitor_posts
help-desk,gitlab,True,,0,1.24,competitor_posts
help-desk,google,True,,0,158.17,competitor_posts
help-desk,googleappsscript,True,,0,0.84,competitor_posts
help-desk,googlefi,True,,0,2.83,community_search
help-desk,googlepixel,True,,0,56.23,community_search
help-desk,googleworkspace,True,,0,0.64,competitor_posts
help-desk,growmybusiness,True,,0,6.96,"index_scoring, competitor_posts"
help-desk,growthhacking,True,,0,7.15,"index_scoring, competitor_posts"
help-desk,gsuite,True,,0,1.68,competitor_posts
help-desk,gtmengineering,True,,1,2.24,"ops, partner_mentions, competitor_posts"
help-desk,guildwars2,True,,0,19.3,competitor_posts
help-desk,halopsa,True,,0,0.5,community_search
help-desk,hatethissmug,True,,0,6.94,competitor_posts
help-desk,headphones,True,,0,69.64,community_search
help-desk,help,True,,0,60.87,competitor_posts
help-desk,helpdesk,True,True,1,1.96,"panel_threads, index_core, index_scoring, competitor_posts, community_search"
help-desk,helpforthehelpdesk,True,,0,0.5,community_search
help-desk,homeassistant,True,,0,27.14,competitor_posts
help-desk,homeautomation,True,,0,206.76,competitor_posts
help-desk,homedepot,True,,0,5.93,community_search
help-desk,homelab,True,,1,59.72,"index_core, index_scoring, community_search"
help-desk,homelabsales,True,,0,7.73,competitor_posts
help-desk,homenetworking,True,,1,33.13,"index_core, index_scoring"
help-desk,homeserver,True,,0,14.17,index_scoring
help-desk,hubspot,True,,0,1.08,competitor_posts
help-desk,iam,True,True,1,0.5,"panel_threads, competitor_posts"
help-desk,ibm,True,,0,1.7,community_search
help-desk,identitymanagement,True,True,1,0.5,"panel_threads, competitor_posts"
help-desk,iiiiiiitttttttttttt,True,,0,16.88,"index_scoring, competitor_posts, community_search"
help-desk,india,True,,0,157.19,community_search
help-desk,indiajobs,True,,0,36.4,competitor_posts
help-desk,indianentrepreneur,True,,0,1.8,competitor_posts
help-desk,indiangaming,True,,0,29.17,competitor_posts
help-desk,indianstartups,True,,0,7.8,competitor_posts
help-desk,indiatech,True,,0,35.95,competitor_posts
help-desk,indiebiz,True,,0,0.38,index_scoring
help-desk,indiedev,True,,0,53.35,competitor_posts
help-desk,indiehackers,True,,0,6.65,"index_scoring, competitor_posts, community_search"
help-desk,indonesia,True,,0,44.11,competitor_posts
help-desk,indotech,True,,0,50.99,competitor_posts
help-desk,informatikkarriere,True,,0,1.62,competitor_posts
help-desk,informationtechnology,True,,0,3.41,"competitor_posts, community_search"
help-desk,infosecnews,True,,0,1.14,competitor_posts
help-desk,instacartshoppers,True,,0,11.72,community_search
help-desk,internalcomms,True,True,1,0.5,panel_threads
help-desk,internetbrasil,True,,0,9.94,index_scoring
help-desk,interstellarkinetics,True,,0,2.02,competitor_posts
help-desk,intune,True,,0,3.88,"competitor_posts, community_search"
help-desk,iosapps,True,,0,5.68,competitor_posts
help-desk,iosdev,True,,0,1.8,competitor_posts
help-desk,iptv_help_desk,True,,0,0.89,community_search
help-desk,isitbullshit,True,,0,30.57,community_search
help-desk,issuetrak,True,True,1,0.5,"panel_threads, competitor_posts"
help-desk,it,True,True,1,12.47,"panel_threads, index_scoring, competitor_posts, community_search"
help-desk,it_management,True,,0,0.5,community_search
help-desk,italiacareeradvice,True,,0,5.78,competitor_posts
help-desk,itassetmanagement,True,,0,0.5,community_search
help-desk,itcareerquestions,True,,1,25.77,"index_core, index_scoring, competitor_posts, community_search"
help-desk,itdept,True,,0,0.33,index_scoring
help-desk,ithelpdesk,True,,0,0.5,community_search
help-desk,itil,True,,0,0.42,"index_scoring, community_search"
help-desk,itmanagement,True,True,1,0.5,"panel_threads, competitor_posts"
help-desk,itmanagers,True,True,1,6.51,"panel_threads, ops, index_scoring, competitor_posts, community_search"
help-desk,itmemes,True,,0,1.69,competitor_posts
help-desk,itphilippines,True,,0,3.1,"index_scoring, competitor_posts, community_search"
help-desk,itprofessionals,True,,0,0.3,"index_scoring, competitor_posts"
help-desk,itsm,True,True,1,0.11,"panel_threads, index_core, index_scoring, competitor_posts, community_search"
help-desk,japanjobs,True,,0,1.4,competitor_posts
help-desk,jira,True,,0,0.77,"competitor_posts, community_search"
help-desk,jobhunting,True,,0,7.97,competitor_posts
help-desk,jobs,True,,0,128.1,"competitor_posts, community_search"
help-desk,jobsearchhacks,True,,0,24.97,competitor_posts
help-desk,jotform,True,,0,0.5,competitor_posts
help-desk,juniorit,True,,0,0.5,community_search
help-desk,k12sysadmin,True,,0,2.51,"competitor_posts, community_search"
help-desk,kaseya,True,,0,0.5,community_search
help-desk,keepersecurity,True,,0,0.5,competitor_posts
help-desk,kibernetinissaugumas,True,,0,0.5,competitor_posts
help-desk,kroger,True,,0,3.15,community_search
help-desk,kubernetes,True,,0,2.12,"index_scoring, community_search"
help-desk,langchain,True,,0,4.89,community_search
help-desk,laptophelpdesk,True,,0,0.5,community_search
help-desk,latestagecapitalism,True,,0,39.39,competitor_posts
help-desk,learnaiagents,True,,0,0.6,"index_scoring, community_search"
help-desk,learndevops,True,,0,0.5,community_search
help-desk,learnmachinelearning,True,,0,12.35,"index_scoring, competitor_posts"
help-desk,learnprogramming,True,,0,198.82,index_scoring
help-desk,ledgerwallet,True,,0,8.97,community_search
help-desk,linear,True,,0,0.5,competitor_posts
help-desk,linkedinlunatics,True,,0,48.9,"competitor_posts, community_search"
help-desk,linux,True,,1,86.57,"index_core, index_scoring, competitor_posts, community_search"
help-desk,linux4noobs,True,,0,38.55,"index_scoring, community_search"
help-desk,linuxadmin,True,,0,2.17,"index_scoring, community_search"
help-desk,linuxmasterrace,True,,0,15.9,community_search
help-desk,linuxmemes,True,,0,8.24,community_search
help-desk,linuxmint,True,,0,10.04,competitor_posts
help-desk,linuxquestions,True,,0,29.42,community_search
help-desk,linuxteck,True,,0,1.0,competitor_posts
help-desk,linuxturkey,True,,0,0.63,competitor_posts
help-desk,llc_life,True,,0,0.84,competitor_posts
help-desk,llmdevs,True,True,1,7.83,"panel_threads, index_scoring, community_search"
help-desk,localllama,True,,0,53.71,"index_scoring, competitor_posts, community_search"
help-desk,localllm,True,,0,55.21,"index_scoring, competitor_posts"
help-desk,london_entrepreneurs,True,,0,0.18,index_scoring
help-desk,longtermtravel,True,,0,1.46,competitor_posts
help-desk,louisville,True,,0,7.44,competitor_posts
help-desk,lovingopensourceai,True,,0,0.39,index_scoring
help-desk,lowes,True,,0,3.83,community_search
help-desk,m365reports,True,,0,0.5,competitor_posts
help-desk,macapps,True,,0,22.6,"index_scoring, competitor_posts"
help-desk,macbookpro,True,,0,18.64,competitor_posts
help-desk,machinelearning,True,,0,7.29,index_scoring
help-desk,macos,True,,0,29.05,competitor_posts
help-desk,macosapps,True,,0,2.32,competitor_posts
help-desk,macsysadmin,True,,0,2.42,community_search
help-desk,maliciouscompliance,True,,0,198.04,competitor_posts
help-desk,manageengine,True,,0,0.5,competitor_posts
help-desk,management,True,,0,1.77,community_search
help-desk,managementjourney,True,,0,0.5,community_search
help-desk,marketing,True,,0,88.83,index_scoring
help-desk,marketingautomation,True,,1,3.78,"ops, index_scoring"
help-desk,mastermindsaas,True,,0,0.5,community_search
help-desk,mba,True,,0,15.08,community_search
help-desk,mcp,True,True,1,5.15,"panel_threads, ops, index_scoring, competitor_posts, community_search"
help-desk,mercor_ai,True,,0,1.95,competitor_posts
help-desk,micro_saas,True,,0,22.82,"index_scoring, competitor_posts, community_search"
help-desk,microsaas,True,,0,21.23,"index_scoring, community_search"
help-desk,microsaasbr,True,,0,0.63,community_search
help-desk,microsoft,True,,0,68.4,"competitor_posts, community_search"
help-desk,microsoft365,True,,0,1.2,competitor_posts
help-desk,microsoft_365_copilot,True,,0,1.59,competitor_posts
help-desk,microsoftfabric,True,,0,1.27,community_search
help-desk,microsoftoffice,True,,0,0.93,competitor_posts
help-desk,microsoftteams,True,,0,4.12,competitor_posts
help-desk,mljobs,True,,0,0.96,index_scoring
help-desk,mlops,True,,0,1.79,community_search
help-desk,mondaydotcom,True,,0,0.5,competitor_posts
help-desk,msp,True,True,1,11.21,"panel_threads, index_core, index_scoring, competitor_posts, community_search"
help-desk,mspjobs,True,,0,0.5,"index_scoring, competitor_posts"
help-desk,n8n,True,,0,11.65,"competitor_posts, community_search"
help-desk,n8n_ai_agents,True,,0,1.71,"competitor_posts, community_search"
help-desk,n8nbusinessautomation,True,,0,1.14,community_search
help-desk,n8nforbeginners,True,,0,0.61,competitor_posts
help-desk,nairobitechies,True,,0,22.48,community_search
help-desk,netsuite,True,,0,1.26,community_search
help-desk,networking,True,,0,20.42,community_search
help-desk,networkingjobs,True,,0,0.15,index_scoring
help-desk,netwrix,True,,0,0.5,competitor_posts
help-desk,nextiva,True,,0,0.5,competitor_posts
help-desk,nl_modernwork,True,,0,0.5,competitor_posts
help-desk,nocode,True,,0,6.35,"index_scoring, competitor_posts"
help-desk,nocodesaas,True,,0,2.14,community_search
help-desk,nonprofit,True,,0,4.28,competitor_posts
help-desk,nootropicsdepot,True,,0,1.97,community_search
help-desk,notion,True,,0,21.29,competitor_posts
help-desk,nowincyber,True,,0,0.5,competitor_posts
help-desk,o365certification,True,,0,0.59,index_scoring
help-desk,office365,True,,0,7.22,competitor_posts
help-desk,okta,True,,0,0.5,competitor_posts
help-desk,oneplus,True,,0,16.0,community_search
help-desk,ones_dot_com,True,True,1,0.5,panel_threads
help-desk,ontario,True,,0,47.73,competitor_posts
help-desk,openai,True,,0,129.58,community_search
help-desk,openclaw,True,,0,6.1,"competitor_posts, community_search"
help-desk,opensource,True,,0,17.41,index_scoring
help-desk,opensourceai,True,,0,1.44,community_search
help-desk,opensourcealternative,True,,0,0.5,competitor_posts
help-desk,openwebui,True,,0,0.87,index_scoring
help-desk,outlook,True,,0,2.05,competitor_posts
help-desk,overemployed,True,,0,30.16,"competitor_posts, community_search"
help-desk,pakstartups,True,,0,1.0,competitor_posts
help-desk,paloaltonetworks,True,,0,2.34,competitor_posts
help-desk,paypal,True,,0,4.83,community_search
help-desk,pchelp,True,,1,70.62,"index_core, index_scoring"
help-desk,pdq,True,,0,0.5,competitor_posts
help-desk,pinoyprogrammer,True,,0,13.32,community_search
help-desk,pipedrive,True,,0,0.5,competitor_posts
help-desk,pmcareers,True,,0,2.15,competitor_posts
help-desk,pming,True,,0,0.5,community_search
help-desk,polska,True,,0,35.91,competitor_posts
help-desk,powerapps,True,,0,2.34,competitor_posts
help-desk,powershell,True,,0,13.93,community_search
help-desk,privacy,True,,0,75.29,index_scoring
help-desk,prodmgmt,True,,0,0.68,community_search
help-desk,product_design,True,,0,0.17,index_scoring
help-desk,product_management,True,,0,0.5,community_search
help-desk,productivityapps,True,,0,15.06,competitor_posts
help-desk,productmanagement,True,,0,12.74,"index_scoring, competitor_posts, community_search"
help-desk,productmanagement_in,True,True,1,0.63,"panel_threads, community_search"
help-desk,productmanagementeu,True,,0,0.5,community_search
help-desk,productmanagementjobs,True,,0,0.5,community_search
help-desk,productmarketing,True,,1,1.53,"ops, community_search"
help-desk,productmgmt,True,,0,0.66,community_search
help-desk,productowner,True,,0,0.66,community_search
help-desk,professors,True,,0,39.36,competitor_posts
help-desk,programare,True,,0,39.18,community_search
help-desk,programiranje,True,,0,2.22,"competitor_posts, community_search"
help-desk,programmer,True,,0,1.38,index_scoring
help-desk,programmerhumor,True,,0,214.53,"competitor_posts, community_search"
help-desk,programminghungary,True,,0,1.61,competitor_posts
help-desk,projectmanagement,True,True,1,10.84,"panel_threads, competitor_posts, community_search"
help-desk,projectmanagerdocs,True,,0,0.5,competitor_posts
help-desk,projectmanagers,True,,0,1.25,competitor_posts
help-desk,promptengineering,True,True,1,18.93,"panel_threads, ops, community_search"
help-desk,propertymanagement,True,,0,4.83,community_search
help-desk,protonmail,True,,0,9.71,competitor_posts
help-desk,protonpublic,True,,0,0.5,competitor_posts
help-desk,publix,True,,0,5.21,community_search
help-desk,purchasewithpurpose,True,,0,0.5,competitor_posts
help-desk,pwnhub,True,,0,4.21,competitor_posts
help-desk,python,True,,0,68.21,index_scoring
help-desk,qualityassurance,True,,0,3.85,competitor_posts
help-desk,quo,True,,0,0.5,competitor_posts
help-desk,raspberry_pi,True,,0,148.27,community_search
help-desk,razer,True,,0,10.9,community_search
help-desk,realestatetechnology,True,,0,3.54,index_scoring
help-desk,recruitinghiringph,True,,0,2.07,competitor_posts
help-desk,recruitment,True,,0,1.23,competitor_posts
help-desk,recruitmentagencies,True,,0,2.24,competitor_posts
help-desk,redhat,True,,0,2.66,community_search
help-desk,redpocket,True,,0,0.5,community_search
help-desk,remotejobs,True,,0,26.36,community_search
help-desk,remotework,True,,0,28.59,competitor_posts
help-desk,remoteworking,True,,0,4.41,competitor_posts
help-desk,restaurantowners,True,,0,5.5,index_scoring
help-desk,retailhell,True,,0,7.31,community_search
help-desk,revops,True,,1,0.5,"ops, partner_mentions, competitor_posts"
help-desk,rogally,True,,0,7.49,community_search
help-desk,royalmail,True,,0,2.6,community_search
help-desk,runescape,True,,0,18.3,community_search
help-desk,ruprogrammers,True,,0,0.56,competitor_posts
help-desk,rust,True,,0,19.13,competitor_posts
help-desk,saas,True,True,1,78.73,"panel_threads, ops, index_core, index_scoring, competitor_posts, community_search"
help-desk,saas_letsgo,True,,0,0.5,community_search
help-desk,saas_nospam,True,,0,0.5,community_search
help-desk,saas_ventures,True,,0,0.5,community_search
help-desk,saasbuild,True,,0,11.99,"index_scoring, competitor_posts, community_search"
help-desk,saasclub,True,,0,0.5,community_search
help-desk,saasdevelopers,True,,0,4.99,"index_scoring, competitor_posts, community_search"
help-desk,saasforsale,True,,0,1.08,community_search
help-desk,saasidea,True,,0,0.5,community_search
help-desk,saasinvestors,True,,0,0.5,community_search
help-desk,saasleadgeneration,True,,0,0.5,community_search
help-desk,saasmarketing,True,,0,1.67,community_search
help-desk,saassales,True,,0,1.62,"competitor_posts, community_search"
help-desk,saasselection,True,,0,0.5,community_search
help-desk,saassolopreneurs,True,,0,1.16,"index_scoring, competitor_posts, community_search"
help-desk,saasstartups,True,,0,0.5,community_search
help-desk,sales,True,,1,29.84,"ops, index_scoring, competitor_posts, community_search"
help-desk,sales_intelligence,True,,1,0.5,"ops, competitor_posts"
help-desk,sales_professionals,True,,0,4.19,competitor_posts
help-desk,salesdevelopment,True,,1,2.09,"ops, competitor_posts"
help-desk,salesengineers,True,,0,3.95,"competitor_posts, community_search"
help-desk,salesforce,True,,1,5.25,"ops, competitor_posts, community_search"
help-desk,salesforcecareers,True,,0,1.03,competitor_posts
help-desk,salesoperations,True,True,1,1.05,"panel_threads, ops, competitor_posts"
help-desk,salesops,True,True,1,0.5,"panel_threads, ops, competitor_posts"
help-desk,salestechniques,True,,1,3.11,"ops, competitor_posts"
help-desk,saltlakecity,True,,0,11.89,competitor_posts
help-desk,sap,True,,0,2.84,community_search
help-desk,saudiprofessionals,True,,0,2.21,competitor_posts
help-desk,secopsdaily,True,,0,0.71,competitor_posts
help-desk,selfhosted,True,True,1,66.7,"panel_threads, index_core, index_scoring, competitor_posts, community_search"
help-desk,seo_saas,True,,0,0.5,community_search
help-desk,servers,True,,0,0.71,index_scoring
help-desk,servicenow,True,,0,1.76,"competitor_posts, community_search"
help-desk,servicewriting,True,,0,0.5,community_search
help-desk,shittysysadmin,True,,0,4.26,"index_scoring, competitor_posts, community_search"
help-desk,shopify,True,,0,17.13,competitor_posts
help-desk,shopify_growth,True,,0,0.5,competitor_posts
help-desk,shopify_store_owners,True,,0,0.5,competitor_posts
help-desk,showmeyoursaas,True,,0,1.52,index_scoring
help-desk,sidehustleindia,True,,0,3.42,competitor_posts
help-desk,sideproject,True,,1,53.63,"index_core, index_scoring, competitor_posts, community_search"
help-desk,sideprojects,True,,0,3.94,competitor_posts
help-desk,singaporestartups,True,,0,0.5,competitor_posts
help-desk,singularity,True,,0,180.07,"index_scoring, competitor_posts, community_search"
help-desk,sitecore,True,,0,0.5,competitor_posts
help-desk,slavelabour,True,,0,22.12,competitor_posts
help-desk,smallbusiness,True,,0,114.69,"index_scoring, competitor_posts"
help-desk,smallbusinessowner,True,,0,4.01,competitor_posts
help-desk,smallbusinessus,True,,0,4.1,"index_scoring, competitor_posts"
help-desk,snipe_it,True,,0,0.5,competitor_posts
help-desk,socialmedia,True,,0,95.45,community_search
help-desk,socialmediamarketing,True,,0,14.24,competitor_posts
help-desk,software,True,,0,14.84,"index_scoring, competitor_posts"
help-desk,software_finder,True,True,1,0.5,"panel_threads, competitor_posts"
help-desk,softwaredevelopment,True,True,1,7.42,"panel_threads, competitor_posts"
help-desk,softwareengineering,True,True,1,7.85,panel_threads
help-desk,softwareengineerjobs,True,,0,2.56,competitor_posts
help-desk,softwaregore,True,,0,88.47,competitor_posts
help-desk,southafrica,True,,0,18.53,community_search
help-desk,sre,True,,1,1.52,"index_core, index_scoring, competitor_posts, community_search"
help-desk,sre_cloud_devops_es,True,,0,0.5,community_search
help-desk,starbucks,True,,0,15.45,community_search
help-desk,starlink,True,,0,12.96,community_search
help-desk,startup_ideas,True,,0,15.51,competitor_posts
help-desk,startupideasindia,True,,0,1.6,index_scoring
help-desk,startupindia,True,,0,20.32,competitor_posts
help-desk,startups,True,True,1,96.15,"panel_threads, index_scoring, community_search"
help-desk,startupshelpstartups,True,,0,1.12,competitor_posts
help-desk,startupsolofounder,True,,0,5.39,index_scoring
help-desk,suomi,True,,0,29.23,community_search
help-desk,superframeworks,True,,0,0.5,index_scoring
help-desk,synology,True,,0,9.07,competitor_posts
help-desk,sysadmin,True,True,1,111.96,"panel_threads, index_core, index_scoring, competitor_posts, community_search"
help-desk,sysadmin_fr,True,,0,1.26,community_search
help-desk,sysadmin_memes,True,,0,0.5,community_search
help-desk,sysadmin_rants,True,,0,0.5,community_search
help-desk,sysadmin_technical,True,,0,0.5,community_search
help-desk,sysadminblogs,True,,0,1.39,"competitor_posts, community_search"
help-desk,sysadminhumor,True,,0,2.4,community_search
help-desk,sysadminjobs,True,,0,1.35,"index_scoring, community_search"
help-desk,sysadminlife,True,,0,0.5,community_search
help-desk,sysadminresumes,True,,0,0.5,community_search
help-desk,sysadmintools,True,,0,0.5,community_search
help-desk,systems_engineering,True,,0,0.93,competitor_posts
help-desk,talesfromretail,True,,0,80.99,community_search
help-desk,talesfromtechsupport,True,,0,35.26,community_search
help-desk,talesfromthecustomer,True,,0,13.41,community_search
help-desk,talesfromthefrontdesk,True,,0,47.41,community_search
help-desk,tamilnadu,True,,0,14.72,competitor_posts
help-desk,tangoai,True,True,1,0.5,panel_threads
help-desk,target,True,,0,10.44,community_search
help-desk,taxpros,True,,0,4.12,competitor_posts
help-desk,teamviewer,True,,0,0.5,competitor_posts
help-desk,tech_philippines,True,,0,11.02,competitor_posts
help-desk,techinterviewsindia,True,,0,0.5,competitor_posts
help-desk,technews,True,,0,49.62,"competitor_posts, community_search"
help-desk,techsales,True,,1,10.63,"ops, index_scoring, competitor_posts"
help-desk,techsalesjobs,True,,0,0.5,competitor_posts
help-desk,techsupport,True,,0,155.2,competitor_posts
help-desk,techsupportgore,True,,0,29.69,community_search
help-desk,techsupportmacgyver,True,,0,0.98,index_scoring
help-desk,tecksupport,True,,0,0.5,community_search
help-desk,thecivilservice,True,,0,4.47,community_search
help-desk,thenetherlands,True,,0,66.3,competitor_posts
help-desk,thinkingdeeplyai,True,,0,0.18,index_scoring
help-desk,tidio,True,True,1,0.5,"panel_threads, competitor_posts"
help-desk,timetrackingsoftware,True,True,1,0.5,panel_threads
help-desk,tmobile,True,,0,10.48,community_search
help-desk,topautomationtools,True,,0,0.5,competitor_posts
help-desk,topproductmanagers,True,,0,0.5,community_search
help-desk,toronto,True,,0,42.68,competitor_posts
help-desk,tugatech,True,,0,0.5,competitor_posts
help-desk,tulsa,True,,0,5.27,competitor_posts
help-desk,tutanota,True,,0,2.63,competitor_posts
help-desk,uaejobseekers,True,,0,1.36,competitor_posts
help-desk,ualberta,True,,0,2.61,competitor_posts
help-desk,ubereats,True,,0,10.03,community_search
help-desk,ubuntu,True,,0,14.15,competitor_posts
help-desk,ubuntuhelpdesk,True,,0,0.5,community_search
help-desk,ucsd,True,,0,5.3,community_search
help-desk,ukjobs,True,,0,18.39,competitor_posts
help-desk,uktechscene,True,,1,0.5,partner_mentions
help-desk,unifiprotect,True,,0,0.5,competitor_posts
help-desk,unimelb,True,,0,2.75,competitor_posts
help-desk,uofm,True,,0,3.56,competitor_posts
help-desk,ups,True,,0,4.16,"competitor_posts, community_search"
help-desk,usefulscripts,True,,0,1.54,community_search
help-desk,userexperience,True,,0,6.7,community_search
help-desk,userexperiencedesign,True,,0,1.42,competitor_posts
help-desk,usmobile,True,,0,2.1,competitor_posts
help-desk,usps,True,,0,8.57,community_search
help-desk,usyd,True,,0,1.84,competitor_posts
help-desk,uxandui,True,,0,0.5,competitor_posts
help-desk,uxdesign,True,,0,11.32,community_search
help-desk,veeam,True,,0,0.92,community_search
help-desk,verizon,True,,0,6.84,community_search
help-desk,vibecoding,True,,0,76.47,index_scoring
help-desk,virtualassistant,True,,0,8.04,index_scoring
help-desk,virtualexecassistants,True,,0,0.67,index_scoring
help-desk,vmware,True,,0,7.82,community_search
help-desk,voiceagents,True,,0,0.5,community_search
help-desk,voiceautomationai,True,,0,0.5,community_search
help-desk,walmart,True,,0,16.97,community_search
help-desk,wayfair,True,,0,0.57,community_search
help-desk,webafterai,True,,0,0.09,"index_scoring, community_search"
help-desk,webapps,True,,0,0.95,"index_scoring, competitor_posts"
help-desk,webdev,True,,0,149.24,"index_scoring, competitor_posts, community_search"
help-desk,webhosting,True,,0,2.05,index_scoring
help-desk,wfhjobs,True,,0,10.98,community_search
help-desk,whaaat_ai,True,,0,0.5,community_search
help-desk,whatsappbusinessapi,True,,0,0.5,competitor_posts
help-desk,whichcrm,True,,0,0.5,competitor_posts
help-desk,windows11,True,,0,15.63,competitor_posts
help-desk,womenintech,True,,0,5.06,community_search
help-desk,wordpressplugins,True,,0,1.41,competitor_posts
help-desk,work,True,,0,72.44,"competitor_posts, community_search"
help-desk,workfromhomejobs,True,,0,0.69,competitor_posts
help-desk,wow,True,,0,144.02,community_search
help-desk,xprivo,True,,0,0.5,competitor_posts
help-desk,yesintelligent,True,,0,0.5,competitor_posts
help-desk,zapier,True,,0,0.86,competitor_posts
help-desk,zendesk,True,,0,0.5,competitor_posts
help-desk,zoho,True,,0,0.6,competitor_posts
help-desk,zohodesk,True,,0,0.5,competitor_posts
itsm,24hoursupport,True,,0,3.25,"index_scoring, community_search"
itsm,accelerate,True,,0,4.28,"competitor_posts, community_search"
itsm,accounting,True,,0,76.58,competitor_posts
itsm,admindroid,True,,0,0.5,competitor_posts
itsm,adulting,True,,0,100.37,competitor_posts
itsm,advancedentrepreneur,True,,0,1.27,index_scoring
itsm,agency,True,,0,4.55,"index_scoring, competitor_posts"
itsm,agencynewbies,True,,0,5.68,competitor_posts
itsm,agent_ai,True,,0,0.64,"index_scoring, community_search"
itsm,agenticai,True,,0,0.81,community_search
itsm,agentsofai,True,True,1,14.51,"panel_threads, index_scoring, competitor_posts, community_search"
itsm,agile,True,,0,7.77,"competitor_posts, community_search"
itsm,ai_agent_reviews,True,,0,0.5,community_search
itsm,ai_agents,True,True,1,35.16,"panel_threads, ops, partner_mentions, index_scoring, competitor_posts, community_search"
itsm,ai_agents_n8n_make,True,,0,0.5,community_search
itsm,ai_customer_support,True,True,1,0.5,"panel_threads, competitor_posts, community_search"
itsm,ai_customerservice,True,,0,0.5,community_search
itsm,ai_sales,True,True,1,0.5,"panel_threads, ops, competitor_posts"
itsm,aiagents,True,,0,3.44,"index_scoring, competitor_posts, community_search"
itsm,aiagentsdirectory,True,,0,0.5,community_search
itsm,aiagentsinaction,True,,0,0.56,"index_scoring, community_search"
itsm,aiagentsnews,True,,0,0.5,community_search
itsm,aiagentsstack,True,,0,0.5,community_search
itsm,aiassisted,True,,0,8.03,competitor_posts
itsm,aiautomations,True,True,1,3.69,"panel_threads, ops, partner_mentions, index_scoring, competitor_posts"
itsm,aibuilders,True,,0,0.95,index_scoring
itsm,aidevelopmentspace,True,,0,0.06,index_scoring
itsm,ainotetaker,True,,1,0.77,ops
itsm,airforce,True,,0,13.31,competitor_posts
itsm,aiseoinsider,True,True,1,0.5,panel_threads
itsm,aitoolforbusiness,True,,0,0.75,competitor_posts
itsm,aitoolsperformance,True,True,1,0.5,panel_threads
itsm,aitrailblazers,True,,0,0.67,index_scoring
itsm,alarmdotcom,True,,0,0.5,competitor_posts
itsm,alphaandbetausers,True,,0,3.52,index_scoring
itsm,amazonprime,True,,0,11.66,community_search
itsm,analytics,True,True,1,12.79,panel_threads
itsm,android,True,,0,143.77,community_search
itsm,ansible,True,,0,3.64,community_search
itsm,antiai,True,,0,16.15,competitor_posts
itsm,antiwork,True,,0,135.32,"competitor_posts, community_search"
itsm,appbusiness,True,,0,7.7,index_scoring
itsm,appswebappsfullstack,True,,0,7.32,community_search
itsm,arbeitsleben,True,,0,6.36,competitor_posts
itsm,arist,True,True,1,0.5,panel_threads
itsm,artificial,True,True,1,60.64,"panel_threads, index_scoring, community_search"
itsm,artificialinteligence,True,,1,87.77,"ops, index_scoring, competitor_posts, community_search"
itsm,asana,True,,0,0.5,competitor_posts
itsm,askcomputerscience,True,,0,0.61,index_scoring
itsm,askengineers,True,,0,41.13,index_scoring
itsm,askfrance,True,,0,20.88,competitor_posts
itsm,askhungary,True,,0,6.19,competitor_posts
itsm,askmarketing,True,,0,10.31,index_scoring
itsm,asknetsec,True,True,1,1.92,"panel_threads, index_scoring, community_search"
itsm,askprogramming,True,,0,6.53,index_scoring
itsm,asksysadmin,True,,0,0.5,community_search
itsm,askto,True,,0,15.36,competitor_posts
itsm,assholedesign,True,,0,140.75,"competitor_posts, community_search"
itsm,atlassian,True,,0,0.5,competitor_posts
itsm,auscorp,True,,0,6.57,competitor_posts
itsm,austechnology,True,,0,0.5,competitor_posts
itsm,austin,True,,0,28.66,competitor_posts
itsm,australia,True,,0,131.65,competitor_posts
itsm,autogpt,True,,0,0.12,index_scoring
itsm,automate,True,,0,0.06,index_scoring
itsm,automation,True,True,1,10.61,"panel_threads, ops, index_scoring, competitor_posts, community_search"
itsm,aws,True,,0,17.84,"competitor_posts, community_search"
itsm,azure,True,True,1,9.72,"panel_threads, competitor_posts, community_search"
itsm,azuredevops,True,,0,1.45,community_search
itsm,b2b_sales,True,True,1,2.25,"panel_threads, ops, competitor_posts"
itsm,b2bemailing,True,,0,0.5,competitor_posts
itsm,b2bmarketing,True,,0,4.6,competitor_posts
itsm,b2bsaas,True,True,1,0.86,"panel_threads, ops, index_scoring, competitor_posts, community_search"
itsm,b2bsales,True,,0,0.5,competitor_posts
itsm,baduibattles,True,,0,12.24,community_search
itsm,bayarea,True,,0,37.77,competitor_posts
itsm,belgium,True,,0,18.37,community_search
itsm,best_ai_agents,True,,0,0.5,community_search
itsm,better_claw,True,,0,0.6,index_scoring
itsm,bitspilani,True,,1,9.57,partner_mentions
itsm,bitwarden,True,,0,5.58,community_search
itsm,blackboxai_,True,,0,1.82,community_search
itsm,blueteamsec,True,,0,3.27,competitor_posts
itsm,bpoinph,True,,0,68.3,"index_scoring, community_search"
itsm,brasil,True,,0,150.48,competitor_posts
itsm,brdev,True,,0,49.6,"competitor_posts, community_search"
itsm,britishproblems,True,,0,39.95,community_search
itsm,btechtards,True,,0,147.07,competitor_posts
itsm,buhaydigital,True,,0,36.33,competitor_posts
itsm,build_ai_agents,True,,0,0.5,community_search
itsm,buildinpublic,True,,0,5.48,"competitor_posts, community_search"
itsm,business,True,,0,116.75,"index_scoring, competitor_posts"
itsm,businessdeconstructed,True,,0,1.13,competitor_posts
itsm,businessemail,True,,0,0.51,competitor_posts
itsm,buy_european,True,,0,0.75,competitor_posts
itsm,buyfromeu,True,,0,16.64,competitor_posts
itsm,california,True,,0,30.2,competitor_posts
itsm,callcentres,True,,0,9.88,index_scoring
itsm,capitalone,True,,0,1.01,competitor_posts
itsm,capitalone_,True,,0,2.66,community_search
itsm,careeradvice,True,,0,39.41,competitor_posts
itsm,ccna,True,,0,6.82,community_search
itsm,centurylink,True,,0,0.5,community_search
itsm,chatgpt,True,True,1,137.0,"panel_threads, index_scoring, community_search"
itsm,chatgptcoding,True,,0,18.18,community_search
itsm,chicago,True,,0,29.63,competitor_posts
itsm,choosingvendors,True,,0,0.5,competitor_posts
itsm,citrix,True,,0,0.93,competitor_posts
itsm,claudeai,True,True,1,52.84,"panel_threads, ops, competitor_posts, community_search"
itsm,claudecode,True,,0,19.59,competitor_posts
itsm,claudeskills,True,,0,4.12,competitor_posts
itsm,clickup,True,,0,0.93,competitor_posts
itsm,cloud,True,,0,1.23,index_scoring
itsm,cloudengineering,True,,0,0.67,competitor_posts
itsm,cloudndevops,True,,0,0.5,community_search
itsm,cmmc,True,,0,0.57,competitor_posts
itsm,cmo_huddles,True,,0,0.5,index_scoring
itsm,cofounderhunt,True,,0,9.68,index_scoring
itsm,coinbase,True,,0,20.92,community_search
itsm,coldemailing,True,,0,0.5,competitor_posts
itsm,colombiadevs,True,,0,0.7,competitor_posts
itsm,comcast_xfinity,True,,0,3.9,community_search
itsm,complaints,True,,0,6.49,competitor_posts
itsm,comptia,True,,0,13.93,community_search
itsm,computers,True,,0,16.51,index_scoring
itsm,consulting,True,,0,17.36,community_search
itsm,coolgithubprojects,True,,0,5.53,index_scoring
itsm,copilotstudio,True,,0,0.71,competitor_posts
itsm,corpochikaph,True,,0,2.94,competitor_posts
itsm,corporate,True,,0,2.45,competitor_posts
itsm,crafterq,True,True,1,0.5,panel_threads
itsm,crazyideas,True,,0,38.27,competitor_posts
itsm,crm,True,True,1,4.42,"panel_threads, ops, index_core, index_scoring, competitor_posts, community_search"
itsm,crmsoftware,True,True,1,4.03,"panel_threads, index_scoring, competitor_posts"
itsm,crowdstrike,True,,0,2.16,community_search
itsm,crypto_com,True,,0,11.23,community_search
itsm,cryptohelpdesk,True,,0,0.5,community_search
itsm,cscareeradvice,True,,0,3.0,competitor_posts
itsm,cscareerquestions,True,,0,107.88,"index_scoring, competitor_posts, community_search"
itsm,cscareerquestionseu,True,,0,8.01,community_search
itsm,cscareerquestionsoce,True,,0,2.26,community_search
itsm,csharp,True,,0,5.24,index_scoring
itsm,csmajors,True,,0,44.09,"index_scoring, community_search"
itsm,customerexperience,True,,0,0.5,competitor_posts
itsm,customerfromhell,True,,0,1.49,community_search
itsm,customerservice,True,,0,3.89,"index_scoring, community_search"
itsm,customerservicefails,True,,0,0.5,community_search
itsm,customerservicekarma,True,,0,0.5,community_search
itsm,customerservicenumber,True,,0,0.5,community_search
itsm,customersuccess,True,True,1,3.73,"panel_threads, ops, index_scoring, competitor_posts, community_search"
itsm,customersuccessjobsww,True,,0,0.5,community_search
itsm,customersuccesssquad,True,,0,0.5,community_search
itsm,customersupport,True,,0,0.5,community_search
itsm,cvs,True,,0,3.89,community_search
itsm,cybernews,True,,0,2.18,competitor_posts
itsm,cybersecurity,True,,0,69.03,"index_scoring, competitor_posts, community_search"
itsm,cybersecurity_help,True,,0,9.33,"index_scoring, competitor_posts"
itsm,daily_techjobs_india,True,,0,0.5,competitor_posts
itsm,datacenter,True,,0,10.25,index_scoring
itsm,dataengineering,True,True,1,21.66,"panel_threads, community_search"
itsm,datascience,True,,0,1.93,index_scoring
itsm,datto,True,,0,0.5,competitor_posts
itsm,dbrand,True,,0,3.12,community_search
itsm,de_edv,True,,0,14.56,"index_scoring, competitor_posts, community_search"
itsm,degoogle,True,,0,54.97,competitor_posts
itsm,delta,True,,0,19.51,"competitor_posts, community_search"
itsm,designdev_hub,True,,0,0.5,competitor_posts
itsm,develeire,True,,0,4.7,"index_scoring, competitor_posts"
itsm,developers,True,,0,2.64,community_search
itsm,developersindia,True,,0,89.12,"competitor_posts, community_search"
itsm,devops,True,True,1,10.84,"panel_threads, index_core, index_scoring, competitor_posts, community_search"
itsm,devops7,True,,0,0.5,community_search
itsm,devopscomic,True,,0,0.5,community_search
itsm,devopsguru,True,,0,0.51,community_search
itsm,devopsish,True,,0,0.5,community_search
itsm,devopsjobs,True,,0,11.96,community_search
itsm,devopsjobsus,True,,0,0.5,community_search
itsm,devopskerala,True,,0,0.5,community_search
itsm,devopslinks,True,,0,0.5,community_search
itsm,devopsprojectshq,True,,0,0.5,community_search
itsm,devopssec,True,,0,0.5,community_search
itsm,devpt,True,,0,2.66,competitor_posts
itsm,devrev,True,,1,0.5,"ops, partner_mentions, owned"
itsm,devsarg,True,,0,14.8,community_search
itsm,devsecops,True,,0,1.0,community_search
itsm,diablo,True,,0,23.57,community_search
itsm,digialps,True,,0,0.71,competitor_posts
itsm,digital_marketing,True,True,1,17.04,panel_threads
itsm,digitalescapetools,True,,0,3.26,competitor_posts
itsm,digitalmarketing,True,,0,23.37,"index_scoring, competitor_posts"
itsm,digitalnomadfire,True,,0,0.5,competitor_posts
itsm,digitalnomadlife,True,,0,0.5,competitor_posts
itsm,discordhelp,True,,0,0.56,competitor_posts
itsm,distrokidhelpdesk,True,,0,1.26,community_search
itsm,django,True,,0,7.49,competitor_posts
itsm,docker_devops,True,,0,0.5,community_search
itsm,doordash,True,,0,48.07,community_search
itsm,doordash_drivers,True,,0,22.12,community_search
itsm,dotnet,True,,0,11.03,community_search
itsm,ece,True,,0,3.77,index_scoring
itsm,ecommerce,True,,1,30.68,"index_core, index_scoring, competitor_posts, community_search"
itsm,ecommerce_growth,True,,0,0.75,"competitor_posts, community_search"
itsm,ecommercesuccesstips,True,,0,0.5,community_search
itsm,eesti,True,,0,5.41,community_search
itsm,egyremoteworkers,True,,0,2.84,competitor_posts
itsm,emailmarketing,True,,0,5.61,index_scoring
itsm,emailoutreach,True,,0,0.5,competitor_posts
itsm,emburse,True,True,1,0.5,panel_threads
itsm,employedbykohls,True,,0,1.22,community_search
itsm,engineering,True,,0,0.33,index_scoring
itsm,enshittification,True,,0,4.32,competitor_posts
itsm,enterprise_ai_agents,True,,0,0.5,community_search
itsm,entra,True,,0,0.55,competitor_posts
itsm,entrepreneur,True,,1,24.81,"ops, index_scoring, competitor_posts, community_search"
itsm,entrepreneurridealong,True,,0,32.95,"competitor_posts, community_search"
itsm,entrepreneurs,True,True,1,8.95,"panel_threads, ops, partner_mentions, index_scoring, competitor_posts"
itsm,everythingsaas,True,,0,0.5,community_search
itsm,exchangeserver,True,,0,2.12,community_search
itsm,executiveassistants,True,,0,8.78,competitor_posts
itsm,experienceddevs,True,,0,13.87,"index_scoring, competitor_posts, community_search"
itsm,experiencedfounders,True,,0,0.5,competitor_posts
itsm,facebookmarketplace,True,,0,6.25,community_search
itsm,fedexers,True,,0,3.03,community_search
itsm,fednews,True,,0,27.67,competitor_posts
itsm,fidelityinvestments,True,,0,14.34,community_search
itsm,fordmavericktruck,True,,0,2.9,community_search
itsm,forhire,True,,0,33.95,"competitor_posts, community_search"
itsm,foss,True,,0,2.47,competitor_posts
itsm,founder,True,,0,10.97,competitor_posts
itsm,france,True,,0,117.22,competitor_posts
itsm,freeitcourses,True,,0,0.66,competitor_posts
itsm,freshservice,True,,0,0.5,"competitor_posts, community_search"
itsm,fuck_ai_slop,True,,0,1.88,competitor_posts
itsm,fuckmicrosoft,True,,0,3.15,competitor_posts
itsm,g2dotcom,True,,0,0.5,competitor_posts
itsm,geminiai,True,,0,17.3,competitor_posts
itsm,genaiapps,True,,0,3.3,index_scoring
itsm,generalmotors,True,,0,1.16,competitor_posts
itsm,getemployed,True,,0,31.47,competitor_posts
itsm,getstartups,True,,0,2.46,community_search
itsm,github,True,,0,9.68,competitor_posts
itsm,gitlab,True,,0,1.24,competitor_posts
itsm,google,True,,0,158.17,competitor_posts
itsm,googleappsscript,True,,0,0.84,competitor_posts
itsm,googlefi,True,,0,2.83,community_search
itsm,googlepixel,True,,0,56.23,community_search
itsm,googleworkspace,True,,0,0.64,competitor_posts
itsm,growmybusiness,True,,0,6.96,"index_scoring, competitor_posts"
itsm,growthhacking,True,,0,7.15,"index_scoring, competitor_posts"
itsm,gsuite,True,,0,1.68,competitor_posts
itsm,gtmengineering,True,,1,2.24,"ops, partner_mentions, competitor_posts"
itsm,guildwars2,True,,0,19.3,competitor_posts
itsm,halopsa,True,,0,0.5,community_search
itsm,hatethissmug,True,,0,6.94,competitor_posts
itsm,headphones,True,,0,69.64,community_search
itsm,help,True,,0,60.87,competitor_posts
itsm,helpdesk,True,True,1,1.96,"panel_threads, index_core, index_scoring, competitor_posts, community_search"
itsm,helpforthehelpdesk,True,,0,0.5,community_search
itsm,homeassistant,True,,0,27.14,competitor_posts
itsm,homeautomation,True,,0,206.76,competitor_posts
itsm,homedepot,True,,0,5.93,community_search
itsm,homelab,True,,1,59.72,"index_core, index_scoring, community_search"
itsm,homelabsales,True,,0,7.73,competitor_posts
itsm,homenetworking,True,,1,33.13,"index_core, index_scoring"
itsm,homeserver,True,,0,14.17,index_scoring
itsm,hubspot,True,,0,1.08,competitor_posts
itsm,iam,True,True,1,0.5,"panel_threads, competitor_posts"
itsm,ibm,True,,0,1.7,community_search
itsm,identitymanagement,True,True,1,0.5,"panel_threads, competitor_posts"
itsm,iiiiiiitttttttttttt,True,,0,16.88,"index_scoring, competitor_posts, community_search"
itsm,india,True,,0,157.19,community_search
itsm,indiajobs,True,,0,36.4,competitor_posts
itsm,indianentrepreneur,True,,0,1.8,competitor_posts
itsm,indiangaming,True,,0,29.17,competitor_posts
itsm,indianstartups,True,,0,7.8,competitor_posts
itsm,indiatech,True,,0,35.95,competitor_posts
itsm,indiebiz,True,,0,0.38,index_scoring
itsm,indiedev,True,,0,53.35,competitor_posts
itsm,indiehackers,True,,0,6.65,"index_scoring, competitor_posts, community_search"
itsm,indonesia,True,,0,44.11,competitor_posts
itsm,indotech,True,,0,50.99,competitor_posts
itsm,informatikkarriere,True,,0,1.62,competitor_posts
itsm,informationtechnology,True,,0,3.41,"competitor_posts, community_search"
itsm,infosecnews,True,,0,1.14,competitor_posts
itsm,instacartshoppers,True,,0,11.72,community_search
itsm,internalcomms,True,True,1,0.5,panel_threads
itsm,internetbrasil,True,,0,9.94,index_scoring
itsm,interstellarkinetics,True,,0,2.02,competitor_posts
itsm,intune,True,,0,3.88,"competitor_posts, community_search"
itsm,iosapps,True,,0,5.68,competitor_posts
itsm,iosdev,True,,0,1.8,competitor_posts
itsm,iptv_help_desk,True,,0,0.89,community_search
itsm,isitbullshit,True,,0,30.57,community_search
itsm,issuetrak,True,True,1,0.5,"panel_threads, competitor_posts"
itsm,it,True,True,1,12.47,"panel_threads, index_scoring, competitor_posts, community_search"
itsm,it_management,True,,0,0.5,community_search
itsm,italiacareeradvice,True,,0,5.78,competitor_posts
itsm,itassetmanagement,True,,0,0.5,community_search
itsm,itcareerquestions,True,,1,25.77,"index_core, index_scoring, competitor_posts, community_search"
itsm,itdept,True,,0,0.33,index_scoring
itsm,ithelpdesk,True,,0,0.5,community_search
itsm,itil,True,,0,0.42,"index_scoring, community_search"
itsm,itmanagement,True,True,1,0.5,"panel_threads, competitor_posts"
itsm,itmanagers,True,True,1,6.51,"panel_threads, ops, index_scoring, competitor_posts, community_search"
itsm,itmemes,True,,0,1.69,competitor_posts
itsm,itphilippines,True,,0,3.1,"index_scoring, competitor_posts, community_search"
itsm,itprofessionals,True,,0,0.3,"index_scoring, competitor_posts"
itsm,itsm,True,True,1,0.11,"panel_threads, index_core, index_scoring, competitor_posts, community_search"
itsm,japanjobs,True,,0,1.4,competitor_posts
itsm,jira,True,,0,0.77,"competitor_posts, community_search"
itsm,jobhunting,True,,0,7.97,competitor_posts
itsm,jobs,True,,0,128.1,"competitor_posts, community_search"
itsm,jobsearchhacks,True,,0,24.97,competitor_posts
itsm,jotform,True,,0,0.5,competitor_posts
itsm,juniorit,True,,0,0.5,community_search
itsm,k12sysadmin,True,,0,2.51,"competitor_posts, community_search"
itsm,kaseya,True,,0,0.5,community_search
itsm,keepersecurity,True,,0,0.5,competitor_posts
itsm,kibernetinissaugumas,True,,0,0.5,competitor_posts
itsm,kroger,True,,0,3.15,community_search
itsm,kubernetes,True,,0,2.12,"index_scoring, community_search"
itsm,langchain,True,,0,4.89,community_search
itsm,laptophelpdesk,True,,0,0.5,community_search
itsm,latestagecapitalism,True,,0,39.39,competitor_posts
itsm,learnaiagents,True,,0,0.6,"index_scoring, community_search"
itsm,learndevops,True,,0,0.5,community_search
itsm,learnmachinelearning,True,,0,12.35,"index_scoring, competitor_posts"
itsm,learnprogramming,True,,0,198.82,index_scoring
itsm,ledgerwallet,True,,0,8.97,community_search
itsm,linear,True,,0,0.5,competitor_posts
itsm,linkedinlunatics,True,,0,48.9,"competitor_posts, community_search"
itsm,linux,True,,1,86.57,"index_core, index_scoring, competitor_posts, community_search"
itsm,linux4noobs,True,,0,38.55,"index_scoring, community_search"
itsm,linuxadmin,True,,0,2.17,"index_scoring, community_search"
itsm,linuxmasterrace,True,,0,15.9,community_search
itsm,linuxmemes,True,,0,8.24,community_search
itsm,linuxmint,True,,0,10.04,competitor_posts
itsm,linuxquestions,True,,0,29.42,community_search
itsm,linuxteck,True,,0,1.0,competitor_posts
itsm,linuxturkey,True,,0,0.63,competitor_posts
itsm,llc_life,True,,0,0.84,competitor_posts
itsm,llmdevs,True,True,1,7.83,"panel_threads, index_scoring, community_search"
itsm,localllama,True,,0,53.71,"index_scoring, competitor_posts, community_search"
itsm,localllm,True,,0,55.21,"index_scoring, competitor_posts"
itsm,london_entrepreneurs,True,,0,0.18,index_scoring
itsm,longtermtravel,True,,0,1.46,competitor_posts
itsm,louisville,True,,0,7.44,competitor_posts
itsm,lovingopensourceai,True,,0,0.39,index_scoring
itsm,lowes,True,,0,3.83,community_search
itsm,m365reports,True,,0,0.5,competitor_posts
itsm,macapps,True,,0,22.6,"index_scoring, competitor_posts"
itsm,macbookpro,True,,0,18.64,competitor_posts
itsm,machinelearning,True,,0,7.29,index_scoring
itsm,macos,True,,0,29.05,competitor_posts
itsm,macosapps,True,,0,2.32,competitor_posts
itsm,macsysadmin,True,,0,2.42,community_search
itsm,maliciouscompliance,True,,0,198.04,competitor_posts
itsm,manageengine,True,,0,0.5,competitor_posts
itsm,management,True,,0,1.77,community_search
itsm,managementjourney,True,,0,0.5,community_search
itsm,marketing,True,,0,88.83,index_scoring
itsm,marketingautomation,True,,1,3.78,"ops, index_scoring"
itsm,mastermindsaas,True,,0,0.5,community_search
itsm,mba,True,,0,15.08,community_search
itsm,mcp,True,True,1,5.15,"panel_threads, ops, index_scoring, competitor_posts, community_search"
itsm,mercor_ai,True,,0,1.95,competitor_posts
itsm,micro_saas,True,,0,22.82,"index_scoring, competitor_posts, community_search"
itsm,microsaas,True,,0,21.23,"index_scoring, community_search"
itsm,microsaasbr,True,,0,0.63,community_search
itsm,microsoft,True,,0,68.4,"competitor_posts, community_search"
itsm,microsoft365,True,,0,1.2,competitor_posts
itsm,microsoft_365_copilot,True,,0,1.59,competitor_posts
itsm,microsoftfabric,True,,0,1.27,community_search
itsm,microsoftoffice,True,,0,0.93,competitor_posts
itsm,microsoftteams,True,,0,4.12,competitor_posts
itsm,mljobs,True,,0,0.96,index_scoring
itsm,mlops,True,,0,1.79,community_search
itsm,mondaydotcom,True,,0,0.5,competitor_posts
itsm,msp,True,True,1,11.21,"panel_threads, index_core, index_scoring, competitor_posts, community_search"
itsm,mspjobs,True,,0,0.5,"index_scoring, competitor_posts"
itsm,n8n,True,,0,11.65,"competitor_posts, community_search"
itsm,n8n_ai_agents,True,,0,1.71,"competitor_posts, community_search"
itsm,n8nbusinessautomation,True,,0,1.14,community_search
itsm,n8nforbeginners,True,,0,0.61,competitor_posts
itsm,nairobitechies,True,,0,22.48,community_search
itsm,netsuite,True,,0,1.26,community_search
itsm,networking,True,,0,20.42,community_search
itsm,networkingjobs,True,,0,0.15,index_scoring
itsm,netwrix,True,,0,0.5,competitor_posts
itsm,nextiva,True,,0,0.5,competitor_posts
itsm,nl_modernwork,True,,0,0.5,competitor_posts
itsm,nocode,True,,0,6.35,"index_scoring, competitor_posts"
itsm,nocodesaas,True,,0,2.14,community_search
itsm,nonprofit,True,,0,4.28,competitor_posts
itsm,nootropicsdepot,True,,0,1.97,community_search
itsm,notion,True,,0,21.29,competitor_posts
itsm,nowincyber,True,,0,0.5,competitor_posts
itsm,o365certification,True,,0,0.59,index_scoring
itsm,office365,True,,0,7.22,competitor_posts
itsm,okta,True,,0,0.5,competitor_posts
itsm,oneplus,True,,0,16.0,community_search
itsm,ones_dot_com,True,True,1,0.5,panel_threads
itsm,ontario,True,,0,47.73,competitor_posts
itsm,openai,True,,0,129.58,community_search
itsm,openclaw,True,,0,6.1,"competitor_posts, community_search"
itsm,opensource,True,,0,17.41,index_scoring
itsm,opensourceai,True,,0,1.44,community_search
itsm,opensourcealternative,True,,0,0.5,competitor_posts
itsm,openwebui,True,,0,0.87,index_scoring
itsm,outlook,True,,0,2.05,competitor_posts
itsm,overemployed,True,,0,30.16,"competitor_posts, community_search"
itsm,pakstartups,True,,0,1.0,competitor_posts
itsm,paloaltonetworks,True,,0,2.34,competitor_posts
itsm,paypal,True,,0,4.83,community_search
itsm,pchelp,True,,1,70.62,"index_core, index_scoring"
itsm,pdq,True,,0,0.5,competitor_posts
itsm,pinoyprogrammer,True,,0,13.32,community_search
itsm,pipedrive,True,,0,0.5,competitor_posts
itsm,pmcareers,True,,0,2.15,competitor_posts
itsm,pming,True,,0,0.5,community_search
itsm,polska,True,,0,35.91,competitor_posts
itsm,powerapps,True,,0,2.34,competitor_posts
itsm,powershell,True,,0,13.93,community_search
itsm,privacy,True,,0,75.29,index_scoring
itsm,prodmgmt,True,,0,0.68,community_search
itsm,product_design,True,,0,0.17,index_scoring
itsm,product_management,True,,0,0.5,community_search
itsm,productivityapps,True,,0,15.06,competitor_posts
itsm,productmanagement,True,,0,12.74,"index_scoring, competitor_posts, community_search"
itsm,productmanagement_in,True,True,1,0.63,"panel_threads, community_search"
itsm,productmanagementeu,True,,0,0.5,community_search
itsm,productmanagementjobs,True,,0,0.5,community_search
itsm,productmarketing,True,,1,1.53,"ops, community_search"
itsm,productmgmt,True,,0,0.66,community_search
itsm,productowner,True,,0,0.66,community_search
itsm,professors,True,,0,39.36,competitor_posts
itsm,programare,True,,0,39.18,community_search
itsm,programiranje,True,,0,2.22,"competitor_posts, community_search"
itsm,programmer,True,,0,1.38,index_scoring
itsm,programmerhumor,True,,0,214.53,"competitor_posts, community_search"
itsm,programminghungary,True,,0,1.61,competitor_posts
itsm,projectmanagement,True,True,1,10.84,"panel_threads, competitor_posts, community_search"
itsm,projectmanagerdocs,True,,0,0.5,competitor_posts
itsm,projectmanagers,True,,0,1.25,competitor_posts
itsm,promptengineering,True,True,1,18.93,"panel_threads, ops, community_search"
itsm,propertymanagement,True,,0,4.83,community_search
itsm,protonmail,True,,0,9.71,competitor_posts
itsm,protonpublic,True,,0,0.5,competitor_posts
itsm,publix,True,,0,5.21,community_search
itsm,purchasewithpurpose,True,,0,0.5,competitor_posts
itsm,pwnhub,True,,0,4.21,competitor_posts
itsm,python,True,,0,68.21,index_scoring
itsm,qualityassurance,True,,0,3.85,competitor_posts
itsm,quo,True,,0,0.5,competitor_posts
itsm,raspberry_pi,True,,0,148.27,community_search
itsm,razer,True,,0,10.9,community_search
itsm,realestatetechnology,True,,0,3.54,index_scoring
itsm,recruitinghiringph,True,,0,2.07,competitor_posts
itsm,recruitment,True,,0,1.23,competitor_posts
itsm,recruitmentagencies,True,,0,2.24,competitor_posts
itsm,redhat,True,,0,2.66,community_search
itsm,redpocket,True,,0,0.5,community_search
itsm,remotejobs,True,,0,26.36,community_search
itsm,remotework,True,,0,28.59,competitor_posts
itsm,remoteworking,True,,0,4.41,competitor_posts
itsm,restaurantowners,True,,0,5.5,index_scoring
itsm,retailhell,True,,0,7.31,community_search
itsm,revops,True,,1,0.5,"ops, partner_mentions, competitor_posts"
itsm,rogally,True,,0,7.49,community_search
itsm,royalmail,True,,0,2.6,community_search
itsm,runescape,True,,0,18.3,community_search
itsm,ruprogrammers,True,,0,0.56,competitor_posts
itsm,rust,True,,0,19.13,competitor_posts
itsm,saas,True,True,1,78.73,"panel_threads, ops, index_core, index_scoring, competitor_posts, community_search"
itsm,saas_letsgo,True,,0,0.5,community_search
itsm,saas_nospam,True,,0,0.5,community_search
itsm,saas_ventures,True,,0,0.5,community_search
itsm,saasbuild,True,,0,11.99,"index_scoring, competitor_posts, community_search"
itsm,saasclub,True,,0,0.5,community_search
itsm,saasdevelopers,True,,0,4.99,"index_scoring, competitor_posts, community_search"
itsm,saasforsale,True,,0,1.08,community_search
itsm,saasidea,True,,0,0.5,community_search
itsm,saasinvestors,True,,0,0.5,community_search
itsm,saasleadgeneration,True,,0,0.5,community_search
itsm,saasmarketing,True,,0,1.67,community_search
itsm,saassales,True,,0,1.62,"competitor_posts, community_search"
itsm,saasselection,True,,0,0.5,community_search
itsm,saassolopreneurs,True,,0,1.16,"index_scoring, competitor_posts, community_search"
itsm,saasstartups,True,,0,0.5,community_search
itsm,sales,True,,1,29.84,"ops, index_scoring, competitor_posts, community_search"
itsm,sales_intelligence,True,,1,0.5,"ops, competitor_posts"
itsm,sales_professionals,True,,0,4.19,competitor_posts
itsm,salesdevelopment,True,,1,2.09,"ops, competitor_posts"
itsm,salesengineers,True,,0,3.95,"competitor_posts, community_search"
itsm,salesforce,True,,1,5.25,"ops, competitor_posts, community_search"
itsm,salesforcecareers,True,,0,1.03,competitor_posts
itsm,salesoperations,True,True,1,1.05,"panel_threads, ops, competitor_posts"
itsm,salesops,True,True,1,0.5,"panel_threads, ops, competitor_posts"
itsm,salestechniques,True,,1,3.11,"ops, competitor_posts"
itsm,saltlakecity,True,,0,11.89,competitor_posts
itsm,sap,True,,0,2.84,community_search
itsm,saudiprofessionals,True,,0,2.21,competitor_posts
itsm,secopsdaily,True,,0,0.71,competitor_posts
itsm,selfhosted,True,True,1,66.7,"panel_threads, index_core, index_scoring, competitor_posts, community_search"
itsm,seo_saas,True,,0,0.5,community_search
itsm,servers,True,,0,0.71,index_scoring
itsm,servicenow,True,,0,1.76,"competitor_posts, community_search"
itsm,servicewriting,True,,0,0.5,community_search
itsm,shittysysadmin,True,,0,4.26,"index_scoring, competitor_posts, community_search"
itsm,shopify,True,,0,17.13,competitor_posts
itsm,shopify_growth,True,,0,0.5,competitor_posts
itsm,shopify_store_owners,True,,0,0.5,competitor_posts
itsm,showmeyoursaas,True,,0,1.52,index_scoring
itsm,sidehustleindia,True,,0,3.42,competitor_posts
itsm,sideproject,True,,1,53.63,"index_core, index_scoring, competitor_posts, community_search"
itsm,sideprojects,True,,0,3.94,competitor_posts
itsm,singaporestartups,True,,0,0.5,competitor_posts
itsm,singularity,True,,0,180.07,"index_scoring, competitor_posts, community_search"
itsm,sitecore,True,,0,0.5,competitor_posts
itsm,slavelabour,True,,0,22.12,competitor_posts
itsm,smallbusiness,True,,0,114.69,"index_scoring, competitor_posts"
itsm,smallbusinessowner,True,,0,4.01,competitor_posts
itsm,smallbusinessus,True,,0,4.1,"index_scoring, competitor_posts"
itsm,snipe_it,True,,0,0.5,competitor_posts
itsm,socialmedia,True,,0,95.45,community_search
itsm,socialmediamarketing,True,,0,14.24,competitor_posts
itsm,software,True,,0,14.84,"index_scoring, competitor_posts"
itsm,software_finder,True,True,1,0.5,"panel_threads, competitor_posts"
itsm,softwaredevelopment,True,True,1,7.42,"panel_threads, competitor_posts"
itsm,softwareengineering,True,True,1,7.85,panel_threads
itsm,softwareengineerjobs,True,,0,2.56,competitor_posts
itsm,softwaregore,True,,0,88.47,competitor_posts
itsm,southafrica,True,,0,18.53,community_search
itsm,sre,True,,1,1.52,"index_core, index_scoring, competitor_posts, community_search"
itsm,sre_cloud_devops_es,True,,0,0.5,community_search
itsm,starbucks,True,,0,15.45,community_search
itsm,starlink,True,,0,12.96,community_search
itsm,startup_ideas,True,,0,15.51,competitor_posts
itsm,startupideasindia,True,,0,1.6,index_scoring
itsm,startupindia,True,,0,20.32,competitor_posts
itsm,startups,True,True,1,96.15,"panel_threads, index_scoring, community_search"
itsm,startupshelpstartups,True,,0,1.12,competitor_posts
itsm,startupsolofounder,True,,0,5.39,index_scoring
itsm,suomi,True,,0,29.23,community_search
itsm,superframeworks,True,,0,0.5,index_scoring
itsm,synology,True,,0,9.07,competitor_posts
itsm,sysadmin,True,True,1,111.96,"panel_threads, index_core, index_scoring, competitor_posts, community_search"
itsm,sysadmin_fr,True,,0,1.26,community_search
itsm,sysadmin_memes,True,,0,0.5,community_search
itsm,sysadmin_rants,True,,0,0.5,community_search
itsm,sysadmin_technical,True,,0,0.5,community_search
itsm,sysadminblogs,True,,0,1.39,"competitor_posts, community_search"
itsm,sysadminhumor,True,,0,2.4,community_search
itsm,sysadminjobs,True,,0,1.35,"index_scoring, community_search"
itsm,sysadminlife,True,,0,0.5,community_search
itsm,sysadminresumes,True,,0,0.5,community_search
itsm,sysadmintools,True,,0,0.5,community_search
itsm,systems_engineering,True,,0,0.93,competitor_posts
itsm,talesfromretail,True,,0,80.99,community_search
itsm,talesfromtechsupport,True,,0,35.26,community_search
itsm,talesfromthecustomer,True,,0,13.41,community_search
itsm,talesfromthefrontdesk,True,,0,47.41,community_search
itsm,tamilnadu,True,,0,14.72,competitor_posts
itsm,tangoai,True,True,1,0.5,panel_threads
itsm,target,True,,0,10.44,community_search
itsm,taxpros,True,,0,4.12,competitor_posts
itsm,teamviewer,True,,0,0.5,competitor_posts
itsm,tech_philippines,True,,0,11.02,competitor_posts
itsm,techinterviewsindia,True,,0,0.5,competitor_posts
itsm,technews,True,,0,49.62,"competitor_posts, community_search"
itsm,techsales,True,,1,10.63,"ops, index_scoring, competitor_posts"
itsm,techsalesjobs,True,,0,0.5,competitor_posts
itsm,techsupport,True,,0,155.2,competitor_posts
itsm,techsupportgore,True,,0,29.69,community_search
itsm,techsupportmacgyver,True,,0,0.98,index_scoring
itsm,tecksupport,True,,0,0.5,community_search
itsm,thecivilservice,True,,0,4.47,community_search
itsm,thenetherlands,True,,0,66.3,competitor_posts
itsm,thinkingdeeplyai,True,,0,0.18,index_scoring
itsm,tidio,True,True,1,0.5,"panel_threads, competitor_posts"
itsm,timetrackingsoftware,True,True,1,0.5,panel_threads
itsm,tmobile,True,,0,10.48,community_search
itsm,topautomationtools,True,,0,0.5,competitor_posts
itsm,topproductmanagers,True,,0,0.5,community_search
itsm,toronto,True,,0,42.68,competitor_posts
itsm,tugatech,True,,0,0.5,competitor_posts
itsm,tulsa,True,,0,5.27,competitor_posts
itsm,tutanota,True,,0,2.63,competitor_posts
itsm,uaejobseekers,True,,0,1.36,competitor_posts
itsm,ualberta,True,,0,2.61,competitor_posts
itsm,ubereats,True,,0,10.03,community_search
itsm,ubuntu,True,,0,14.15,competitor_posts
itsm,ubuntuhelpdesk,True,,0,0.5,community_search
itsm,ucsd,True,,0,5.3,community_search
itsm,ukjobs,True,,0,18.39,competitor_posts
itsm,uktechscene,True,,1,0.5,partner_mentions
itsm,unifiprotect,True,,0,0.5,competitor_posts
itsm,unimelb,True,,0,2.75,competitor_posts
itsm,uofm,True,,0,3.56,competitor_posts
itsm,ups,True,,0,4.16,"competitor_posts, community_search"
itsm,usefulscripts,True,,0,1.54,community_search
itsm,userexperience,True,,0,6.7,community_search
itsm,userexperiencedesign,True,,0,1.42,competitor_posts
itsm,usmobile,True,,0,2.1,competitor_posts
itsm,usps,True,,0,8.57,community_search
itsm,usyd,True,,0,1.84,competitor_posts
itsm,uxandui,True,,0,0.5,competitor_posts
itsm,uxdesign,True,,0,11.32,community_search
itsm,veeam,True,,0,0.92,community_search
itsm,verizon,True,,0,6.84,community_search
itsm,vibecoding,True,,0,76.47,index_scoring
itsm,virtualassistant,True,,0,8.04,index_scoring
itsm,virtualexecassistants,True,,0,0.67,index_scoring
itsm,vmware,True,,0,7.82,community_search
itsm,voiceagents,True,,0,0.5,community_search
itsm,voiceautomationai,True,,0,0.5,community_search
itsm,walmart,True,,0,16.97,community_search
itsm,wayfair,True,,0,0.57,community_search
itsm,webafterai,True,,0,0.09,"index_scoring, community_search"
itsm,webapps,True,,0,0.95,"index_scoring, competitor_posts"
itsm,webdev,True,,0,149.24,"index_scoring, competitor_posts, community_search"
itsm,webhosting,True,,0,2.05,index_scoring
itsm,wfhjobs,True,,0,10.98,community_search
itsm,whaaat_ai,True,,0,0.5,community_search
itsm,whatsappbusinessapi,True,,0,0.5,competitor_posts
itsm,whichcrm,True,,0,0.5,competitor_posts
itsm,windows11,True,,0,15.63,competitor_posts
itsm,womenintech,True,,0,5.06,community_search
itsm,wordpressplugins,True,,0,1.41,competitor_posts
itsm,work,True,,0,72.44,"competitor_posts, community_search"
itsm,workfromhomejobs,True,,0,0.69,competitor_posts
itsm,wow,True,,0,144.02,community_search
itsm,xprivo,True,,0,0.5,competitor_posts
itsm,yesintelligent,True,,0,0.5,competitor_posts
itsm,zapier,True,,0,0.86,competitor_posts
itsm,zendesk,True,,0,0.5,competitor_posts
itsm,zoho,True,,0,0.6,competitor_posts
itsm,zohodesk,True,,0,0.5,competitor_posts
website-builders,3dprintingtools,True,,1,0.5,partner_mentions
website-builders,accessibility,True,,0,1.53,index_scoring
website-builders,adobe,True,,0,1.14,index_scoring
website-builders,adobeillustrator,True,,0,3.63,index_scoring
website-builders,advertising,True,,0,11.64,index_scoring
website-builders,affiliatemarket,True,,0,0.66,index_scoring
website-builders,affiliatemarketing,True,,0,2.13,index_scoring
website-builders,afrotech,True,,0,0.5,community_search
website-builders,agency,True,True,1,4.55,"panel_threads, index_scoring"
website-builders,agentcontext_dev,True,,0,0.5,competitor_posts
website-builders,agentic_seo,True,,1,1.1,partner_mentions
website-builders,agile,True,,0,7.77,index_scoring
website-builders,ai_agents,True,True,1,35.16,"panel_threads, partner_mentions, index_scoring"
website-builders,ai_india,True,,1,2.62,partner_mentions
website-builders,ai_website_builder,True,True,1,0.51,"panel_threads, ops, index_core, index_scoring, competitor_posts, community_search"
website-builders,aiassistance,True,,1,0.5,partner_mentions
website-builders,aibubble,True,,0,0.5,competitor_posts
website-builders,aidigitalstack,True,,1,0.5,partner_mentions
website-builders,aipromptprogramming,True,,1,10.77,partner_mentions
website-builders,aiseoforbeginners,True,,1,0.5,partner_mentions
website-builders,aiseoinsider,True,,0,0.5,competitor_posts
website-builders,aisolobusinesses,True,,0,0.84,index_scoring
website-builders,aitoolbench,True,,0,0.85,index_scoring
website-builders,aitoolcompare,True,,0,0.5,competitor_posts
website-builders,aitoolforbusiness,True,,0,0.75,"index_scoring, competitor_posts"
website-builders,aitoolsandtips,True,,1,1.52,"partner_mentions, index_scoring"
website-builders,aitoolsperformance,True,,1,0.5,partner_mentions
website-builders,aitoolsubs,True,,0,0.5,competitor_posts
website-builders,alevel,True,,1,9.41,partner_mentions
website-builders,alevelbiology,True,,1,0.67,partner_mentions
website-builders,alphaandbetausers,True,,1,3.52,"partner_mentions, index_scoring, competitor_posts"
website-builders,analytics,True,,0,12.79,competitor_posts
website-builders,android,True,,0,143.77,community_search
website-builders,animaapp,True,,1,0.5,"partner_mentions, competitor_posts"
website-builders,animationcareer,True,,0,3.45,"competitor_posts, community_search"
website-builders,appbusiness,True,,1,7.7,"partner_mentions, index_scoring, competitor_posts"
website-builders,appdev,True,,1,0.96,"partner_mentions, community_search"
website-builders,appdevelopers,True,,0,4.17,index_scoring
website-builders,appmarketing,True,,1,0.5,"partner_mentions, competitor_posts"
website-builders,appswebappsfullstack,True,,1,7.32,"partner_mentions, index_scoring"
website-builders,architecture,True,,0,10.99,index_scoring
website-builders,architectureportfolio,True,,0,1.93,community_search
website-builders,archviz,True,,0,2.93,index_scoring
website-builders,artcommissions,True,,0,11.81,"competitor_posts, community_search"
website-builders,artificialintelligenc,True,,1,0.5,ops
website-builders,artistlounge,True,,0,18.84,"index_scoring, competitor_posts"
website-builders,artph,True,,0,0.78,competitor_posts
website-builders,askartists,True,True,1,0.88,"panel_threads, competitor_posts"
website-builders,askcareers,True,,1,0.5,partner_mentions
website-builders,askcomputerscience,True,,0,0.61,index_scoring
website-builders,askengineers,True,,0,41.13,index_scoring
website-builders,askmarketing,True,True,1,10.31,"panel_threads, index_core, index_scoring"
website-builders,askprogramming,True,,0,6.53,"index_scoring, community_search"
website-builders,astrojs,True,True,1,0.73,"panel_threads, community_search"
website-builders,australia,True,,0,131.65,competitor_posts
website-builders,australianstartups,True,,0,2.52,"index_scoring, community_search"
website-builders,aws,True,,1,17.84,partner_mentions
website-builders,b2bforhire,True,,1,28.5,partner_mentions
website-builders,b2bmarketing,True,True,1,4.6,"panel_threads, partner_mentions, index_scoring"
website-builders,backend,True,,0,3.36,index_scoring
website-builders,baduibattles,True,,0,12.24,"index_scoring, community_search"
website-builders,bangalorestartups,True,,1,5.8,partner_mentions
website-builders,beehiiv,True,,0,0.5,community_search
website-builders,beginnerartists,True,,1,3.02,partner_mentions
website-builders,beginnerwebdev,True,,0,0.5,community_search
website-builders,beginningwebdev,True,,0,0.5,community_search
website-builders,betatests,True,,1,0.8,partner_mentions
website-builders,bigseo,True,,0,6.4,community_search
website-builders,blockchain_startups,True,,0,0.5,community_search
website-builders,blockchainstartups,True,,0,2.64,community_search
website-builders,blogging,True,,1,2.43,"ops, index_scoring, community_search"
website-builders,boltnewbuilders,True,,1,0.61,"partner_mentions, competitor_posts"
website-builders,bookdesign,True,,1,0.15,"partner_mentions, index_scoring"
website-builders,branddesign,True,,0,0.5,community_search
website-builders,branding,True,,1,4.33,partner_mentions
website-builders,brasil,True,,0,150.48,competitor_posts
website-builders,brasilivre,True,,0,10.6,competitor_posts
website-builders,brawlstars,True,,1,66.93,partner_mentions
website-builders,brawlstarssc,True,,1,0.54,partner_mentions
website-builders,brdev,True,,0,49.6,competitor_posts
website-builders,bricksbuilder,True,,1,0.5,partner_mentions
website-builders,browsers,True,,0,16.7,index_scoring
website-builders,btechtards,True,,0,147.07,competitor_posts
website-builders,buhaydigital,True,,1,36.33,"partner_mentions, community_search"
website-builders,buildinpublic,True,,1,5.48,"partner_mentions, competitor_posts"
website-builders,buildmeapc,True,,1,9.28,partner_mentions
website-builders,business,True,,0,116.75,community_search
website-builders,business_startups,True,,0,0.5,community_search
website-builders,businessowners,True,,1,1.7,partner_mentions
website-builders,canadasmallbusiness,True,,0,1.27,competitor_posts
website-builders,careerguidance,True,,1,226.55,"partner_mentions, community_search"
website-builders,carrd,True,,0,0.5,community_search
website-builders,cdcs_research,True,,1,0.5,partner_mentions
website-builders,chatgptpromptgenius,True,True,1,37.04,panel_threads
website-builders,cheapgptplus,True,,0,0.69,competitor_posts
website-builders,cinematicanimationai,True,,1,0.5,partner_mentions
website-builders,claudeai,True,,1,52.84,"ops, competitor_posts, community_search"
website-builders,claudecode,True,,1,19.59,"partner_mentions, competitor_posts, community_search"
website-builders,claudedesign,True,,0,1.27,competitor_posts
website-builders,claudeworkflows,True,,0,0.5,competitor_posts
website-builders,climbingporn,True,,1,41.45,partner_mentions
website-builders,clothingstartups,True,,0,2.41,community_search
website-builders,cmftech,True,,1,1.13,partner_mentions
website-builders,cms,True,True,1,0.5,"panel_threads, ops, partner_mentions, competitor_posts"
website-builders,coding,True,,0,0.38,index_scoring
website-builders,codinghelp,True,,0,0.2,index_scoring
website-builders,cofounderhunt,True,,1,9.68,partner_mentions
website-builders,cofoundermatch,True,,1,0.5,partner_mentions
website-builders,complaints,True,,0,6.49,competitor_posts
website-builders,compmathneuro,True,,1,0.75,partner_mentions
website-builders,compsci,True,,0,0.38,index_scoring
website-builders,computerengineering,True,,0,0.73,index_scoring
website-builders,computerscience,True,,0,0.75,index_scoring
website-builders,consigli,True,,0,0.88,competitor_posts
website-builders,content_marketing,True,,1,2.83,"ops, index_scoring"
website-builders,coolgithubprojects,True,True,1,5.53,"panel_threads, index_scoring, competitor_posts"
website-builders,copywriting,True,,0,11.84,community_search
website-builders,copywriting_critiques,True,,0,0.5,community_search
website-builders,creativecoding,True,,0,0.8,index_scoring
website-builders,creativesmallbusiness,True,,1,0.5,partner_mentions
website-builders,creatorservices,True,,1,2.72,partner_mentions
website-builders,creatorswithai,True,,1,0.5,partner_mentions
website-builders,crocoblock_community,True,,1,0.5,partner_mentions
website-builders,cscareerquestions,True,,0,107.88,"competitor_posts, community_search"
website-builders,cscareerquestionscad,True,,0,0.76,index_scoring
website-builders,cscareerquestionseu,True,,0,8.01,index_scoring
website-builders,cscareerquestionsin,True,,0,0.84,index_scoring
website-builders,cscareerquestionsoce,True,,0,2.26,index_scoring
website-builders,cscareerquestionssea,True,,0,0.03,index_scoring
website-builders,cseducation,True,,0,0.22,index_scoring
website-builders,csmajors,True,,0,44.09,index_scoring
website-builders,css,True,,0,1.65,"index_scoring, community_search"
website-builders,cursor,True,,1,7.13,ops
website-builders,design,True,True,1,6.82,"panel_threads, ops, partner_mentions, index_scoring, competitor_posts, community_search"
website-builders,design_critiques,True,,1,3.77,"partner_mentions, index_scoring, community_search"
website-builders,design_portfolio,True,,0,0.5,community_search
website-builders,designbr,True,,0,0.5,"competitor_posts, community_search"
website-builders,designcareersindia,True,,1,0.5,partner_mentions
website-builders,designdesign,True,,0,1.86,index_scoring
website-builders,designdev_hub,True,,0,0.5,community_search
website-builders,designfordevelopers,True,,0,0.5,community_search
website-builders,designfreebie,True,,0,0.02,"index_scoring, community_search"
website-builders,designgrafic,True,,0,0.5,community_search
website-builders,designindia,True,,1,0.5,"partner_mentions, community_search"
website-builders,designjobs,True,,1,9.14,"partner_mentions, index_scoring, competitor_posts, community_search"
website-builders,designsystems,True,,0,0.65,"index_scoring, community_search"
website-builders,devblogs,True,,0,0.15,index_scoring
website-builders,devbr,True,,0,10.75,index_scoring
website-builders,developerjobs,True,,0,2.66,index_scoring
website-builders,developers,True,,0,2.64,"index_scoring, community_search"
website-builders,developers_hire,True,,1,3.78,"partner_mentions, index_scoring"
website-builders,developersindia,True,,1,89.12,"partner_mentions, index_scoring, community_search"
website-builders,developerspak,True,,1,8.84,partner_mentions
website-builders,devjobs,True,,1,0.67,"partner_mentions, index_scoring, competitor_posts"
website-builders,devsarg,True,,0,14.8,competitor_posts
website-builders,digital_marketing,True,,1,17.04,"ops, index_scoring"
website-builders,digitalart,True,,0,27.35,index_scoring
website-builders,digitalmarketing,True,True,1,23.37,"panel_threads, index_core, index_scoring, community_search"
website-builders,digitalproductsellers,True,,1,2.41,partner_mentions
website-builders,discount_subscription,True,,0,1.35,competitor_posts
website-builders,dissertation,True,,1,0.5,partner_mentions
website-builders,diy_tech,True,,0,0.15,index_scoring
website-builders,django,True,,0,7.49,index_scoring
website-builders,dkudvikler,True,,0,0.5,competitor_posts
website-builders,dns,True,,0,0.43,index_scoring
website-builders,domainflipping,True,,0,0.52,competitor_posts
website-builders,domains,True,,0,5.74,index_scoring
website-builders,domainzone,True,,0,0.89,index_scoring
website-builders,donedirtcheap,True,,1,6.35,partner_mentions
website-builders,dropinblog,True,,1,0.5,partner_mentions
website-builders,dropshipping,True,,0,13.12,index_scoring
website-builders,duolingoenglishtest,True,,1,0.5,partner_mentions
website-builders,earnmoretrading,True,,1,0.5,partner_mentions
website-builders,easywebdesign,True,,0,0.5,community_search
website-builders,ece,True,,0,3.77,index_scoring
website-builders,ecommerce,True,,1,30.68,"index_core, index_scoring, competitor_posts, community_search"
website-builders,ecommercemarketing,True,,0,2.16,community_search
website-builders,ecommercewebsite,True,,1,1.32,"partner_mentions, index_core, index_scoring, community_search"
website-builders,elementor,True,,1,1.6,"ops, community_search"
website-builders,emailmarketing,True,,0,5.61,index_scoring
website-builders,engineeringstudents,True,,0,30.8,index_scoring
website-builders,entrepreneur,True,True,1,24.81,"panel_threads, ops, index_scoring, competitor_posts, community_search"
website-builders,entrepreneurridealong,True,,1,32.95,"ops, index_scoring, community_search"
website-builders,entrepreneurs,True,,1,8.95,"ops, partner_mentions"
website-builders,executivecoaching,True,,1,0.5,partner_mentions
website-builders,experienceddevs,True,,0,13.87,index_scoring
website-builders,family,True,,1,26.24,partner_mentions
website-builders,figmaaddons,True,,1,0.02,"partner_mentions, index_scoring, community_search"
website-builders,figmacommunity,True,,0,0.5,"competitor_posts, community_search"
website-builders,figmadesign,True,True,1,7.13,"panel_threads, competitor_posts, community_search"
website-builders,figmatrix,True,,0,0.5,community_search
website-builders,filmmakers,True,,1,35.13,"partner_mentions, index_scoring"
website-builders,findframertemplates,True,,1,0.5,partner_mentions
website-builders,findvideoeditors,True,,1,1.07,partner_mentions
website-builders,fintechstartups,True,,0,0.5,community_search
website-builders,fiverrgigs,True,,1,1.46,partner_mentions
website-builders,flask,True,,0,0.18,"index_scoring, community_search"
website-builders,flutterdev,True,,0,8.26,community_search
website-builders,fmconsole,True,,1,0.5,partner_mentions
website-builders,fmscout,True,,1,0.5,partner_mentions
website-builders,footballmanager,True,,1,3.71,partner_mentions
website-builders,forhire,True,,1,33.95,"partner_mentions, competitor_posts, community_search"
website-builders,forhire2,True,,1,1.2,partner_mentions
website-builders,forhirefreelance,True,,1,2.15,partner_mentions
website-builders,foss,True,,1,2.47,partner_mentions
website-builders,founder,True,,1,10.97,"partner_mentions, index_scoring, competitor_posts"
website-builders,framer,True,,1,1.23,"ops, partner_mentions, owned, signal, competitor_posts, community_search"
website-builders,framerjs,True,,1,0.5,partner_mentions
website-builders,freecodecamp,True,,0,3.56,community_search
website-builders,freecourseseveryday,True,,0,0.91,competitor_posts
website-builders,freelance,True,,1,31.57,"ops, index_scoring, community_search"
website-builders,freelancedesign,True,,0,0.5,community_search
website-builders,freelanceindia,True,,1,2.5,partner_mentions
website-builders,freelanceprogramming,True,,0,1.49,"index_scoring, community_search"
website-builders,freelancers,True,,0,3.26,community_search
website-builders,freelanceuk,True,,0,0.15,index_scoring
website-builders,freelancewriters,True,,0,9.09,community_search
website-builders,freelancing,True,,1,4.91,partner_mentions
website-builders,frontend,True,,1,15.84,"ops, community_search"
website-builders,fullstack,True,,0,1.55,community_search
website-builders,gamedev,True,,0,93.17,"index_scoring, community_search"
website-builders,gamedevclassifieds,True,,1,6.0,"partner_mentions, index_scoring, community_search"
website-builders,gamedevelopment,True,,0,7.84,index_scoring
website-builders,gamedevjobs,True,,0,1.31,community_search
website-builders,gamejams,True,,0,0.21,index_scoring
website-builders,gammaapp,True,True,1,0.5,panel_threads
website-builders,genaiapps,True,,0,3.3,competitor_posts
website-builders,generative,True,,0,0.7,index_scoring
website-builders,generativeai,True,,0,26.44,index_scoring
website-builders,geo_optimization,True,,0,0.5,competitor_posts
website-builders,getmocho,True,,1,0.5,partner_mentions
website-builders,getstartups,True,True,1,2.46,"panel_threads, index_scoring, community_search"
website-builders,googleanalytics,True,,0,1.88,index_scoring
website-builders,graphic_design,True,True,1,132.01,"panel_threads, partner_mentions, index_scoring, competitor_posts, community_search"
website-builders,graphicdesigning,True,,1,2.58,partner_mentions
website-builders,graphicdesignjobs,True,,1,1.13,"partner_mentions, community_search"
website-builders,graphicdesignservices,True,,1,0.74,partner_mentions
website-builders,growmybusiness,True,True,1,6.96,"panel_threads, index_scoring"
website-builders,growthhacking,True,,1,7.15,"partner_mentions, index_core, index_scoring"
website-builders,gta6unmoderated,True,,1,7.59,"partner_mentions, competitor_posts"
website-builders,hackathon,True,,1,3.47,"partner_mentions, index_scoring"
website-builders,happeninginatlanta,True,,1,0.5,partner_mentions
website-builders,hci,True,,0,0.17,"index_scoring, community_search"
website-builders,hireanartist,True,,0,3.73,community_search
website-builders,hireaneditor,True,,1,3.27,partner_mentions
website-builders,hiredev,True,,1,1.06,"partner_mentions, index_scoring"
website-builders,hiredevelopers_,True,,1,0.5,partner_mentions
website-builders,hiringpakistan,True,,1,1.93,partner_mentions
website-builders,hiringphilippinesph,True,,1,0.85,partner_mentions
website-builders,hobbygamedev,True,,0,1.15,index_scoring
website-builders,homelab,True,,0,59.72,competitor_posts
website-builders,hosting,True,,0,1.31,"index_scoring, competitor_posts"
website-builders,hostingbattle,True,,1,0.5,partner_mentions
website-builders,hostinger,True,,1,0.55,partner_mentions
website-builders,howtobuildawebsite,True,True,1,0.5,"panel_threads, community_search"
website-builders,html,True,,0,1.51,index_scoring
website-builders,hungryartists,True,,0,27.91,"index_scoring, competitor_posts, community_search"
website-builders,hwstartups,True,,1,2.43,"partner_mentions, index_scoring, community_search"
website-builders,idesignedthis,True,,0,0.5,community_search
website-builders,imadethis,True,,1,2.85,"partner_mentions, index_scoring"
website-builders,inat,True,,0,5.36,"index_scoring, competitor_posts"
website-builders,india,True,,0,157.19,community_search
website-builders,indiacareers,True,,1,12.06,"partner_mentions, competitor_posts"
website-builders,indiajobs,True,,1,36.4,"partner_mentions, competitor_posts"
website-builders,indianengineers,True,,0,4.51,index_scoring
website-builders,indianstartups,True,,1,7.8,"partner_mentions, competitor_posts, community_search"
website-builders,indianstocks,True,,0,12.9,community_search
website-builders,indiaspeaks,True,,0,51.09,community_search
website-builders,indiastartups,True,,0,1.18,community_search
website-builders,indiatech,True,,1,35.95,"partner_mentions, community_search"
website-builders,indie_startups,True,,0,0.64,community_search
website-builders,indiedev,True,,0,53.35,"index_scoring, competitor_posts"
website-builders,indiegamewishlist,True,,1,0.5,partner_mentions
website-builders,indiehackers,True,,1,6.65,"partner_mentions, index_scoring, community_search"
website-builders,industrialdesign,True,,0,3.31,"index_scoring, community_search"
website-builders,information_security,True,,0,2.09,competitor_posts
website-builders,instructionaldesign,True,,0,2.8,community_search
website-builders,internationalshopper,True,,1,1.23,partner_mentions
website-builders,internetmarketing,True,,0,0.5,community_search
website-builders,iosapps,True,,1,5.68,partner_mentions
website-builders,iosdevelopment,True,,1,0.5,"partner_mentions, competitor_posts"
website-builders,it,True,,0,12.47,index_scoring
website-builders,italiastartups,True,,0,0.5,community_search
website-builders,itchio,True,,0,2.78,competitor_posts
website-builders,itposlodavci,True,,0,0.7,community_search
website-builders,iwanttolearn,True,,0,68.31,community_search
website-builders,javascript,True,,0,1.83,"index_scoring, community_search"
website-builders,javascriptjobs,True,,0,0.24,index_scoring
website-builders,jobbit,True,,1,4.81,partner_mentions
website-builders,jobsindubaiuae,True,,1,0.5,partner_mentions
website-builders,jobsphilippines,True,,1,7.68,partner_mentions
website-builders,joomla,True,,0,0.12,index_scoring
website-builders,juststart,True,,0,0.23,"index_scoring, community_search"
website-builders,kenyastartups,True,,0,0.5,community_search
website-builders,landing_page,True,,0,0.5,community_search
website-builders,laravel,True,,0,4.99,community_search
website-builders,launchigniter,True,,1,0.5,partner_mentions
website-builders,learndesign,True,,1,0.22,"partner_mentions, index_scoring, competitor_posts"
website-builders,learningenglish,True,,1,1.66,partner_mentions
website-builders,learninglanguages,True,,1,0.53,partner_mentions
website-builders,learnjavascript,True,,0,14.2,community_search
website-builders,learnprogramming,True,,0,198.82,"index_scoring, community_search"
website-builders,learnwebdesign,True,,0,0.5,community_search
website-builders,learnwebdevelopment,True,,0,0.5,community_search
website-builders,letsplay,True,,0,7.0,community_search
website-builders,linkedinlunatics,True,,0,48.9,competitor_posts
website-builders,linux,True,,0,86.57,community_search
website-builders,localllm,True,,1,55.21,"partner_mentions, competitor_posts"
website-builders,localseo,True,True,1,7.13,"panel_threads, index_core, index_scoring"
website-builders,logodesign,True,,0,17.41,"index_scoring, community_search"
website-builders,lovable,True,,0,2.52,"competitor_posts, community_search"
website-builders,lowcode,True,True,1,0.06,"panel_threads, index_scoring"
website-builders,ludumdare,True,,0,0.03,index_scoring
website-builders,macapps,True,,1,22.6,partner_mentions
website-builders,macappslaunches,True,,1,0.5,partner_mentions
website-builders,macrostartups,True,,0,1.32,"index_scoring, community_search"
website-builders,managementconsulting,True,,1,0.75,partner_mentions
website-builders,managers,True,,1,56.99,partner_mentions
website-builders,manchester,True,,1,19.79,partner_mentions
website-builders,marketing,True,,0,88.83,"index_scoring, community_search"
website-builders,marketinghelp,True,,0,2.09,community_search
website-builders,matteai,True,,1,0.5,partner_mentions
website-builders,menajobs,True,,1,0.5,partner_mentions
website-builders,menshairstyleadvice,True,,1,0.5,partner_mentions
website-builders,micro_saas,True,,1,22.82,"partner_mentions, index_scoring, competitor_posts"
website-builders,micronations,True,,1,0.79,partner_mentions
website-builders,microsaas,True,True,1,21.23,"panel_threads, partner_mentions, index_scoring, community_search"
website-builders,microsoft,True,,1,68.4,partner_mentions
website-builders,mobileui,True,,0,0.5,community_search
website-builders,mobilewebdev,True,,0,0.5,community_search
website-builders,motiondesign,True,True,1,2.91,"panel_threads, partner_mentions, index_scoring, community_search"
website-builders,motiongraphics,True,,0,0.52,index_scoring
website-builders,neocities,True,,0,1.26,competitor_posts
website-builders,newsletters,True,,1,0.66,partner_mentions
website-builders,nextjs,True,True,1,2.19,"panel_threads, index_scoring, community_search"
website-builders,nocode,True,True,1,6.35,"panel_threads, ops, partner_mentions, signal, index_core, index_scoring, competitor_posts, community_search"
website-builders,nocode_startups,True,,0,0.5,community_search
website-builders,nocodeaiautomation,True,,0,0.5,community_search
website-builders,nocodecommunity,True,,0,0.5,community_search
website-builders,nocodejobs,True,,0,0.5,community_search
website-builders,nocodemarketplace,True,,0,0.5,community_search
website-builders,nocodemovement,True,,0,0.5,community_search
website-builders,nocodeproject,True,,0,0.5,community_search
website-builders,nocodesaas,True,True,1,2.14,"panel_threads, partner_mentions, community_search"
website-builders,node,True,,0,15.84,community_search
website-builders,nonprofit,True,,0,4.28,index_scoring
website-builders,nothingtech,True,,1,4.9,partner_mentions
website-builders,notion,True,,1,21.29,"partner_mentions, competitor_posts"
website-builders,notioncreations,True,,1,1.11,partner_mentions
website-builders,nuxt,True,,0,0.91,competitor_posts
website-builders,obscurepatentdangers,True,,0,3.21,competitor_posts
website-builders,onlineservicesph,True,,1,2.29,partner_mentions
website-builders,pakfreelancers,True,,1,0.5,partner_mentions
website-builders,pakstartups,True,,0,1.0,community_search
website-builders,passive_income,True,,1,56.69,"partner_mentions, index_scoring"
website-builders,perguntereddit,True,,0,15.65,competitor_posts
website-builders,philippinesjobs,True,,1,1.54,partner_mentions
website-builders,php,True,,0,2.94,"index_scoring, community_search"
website-builders,phphelp,True,,0,0.57,index_scoring
website-builders,phstartups,True,,0,1.42,community_search
website-builders,pinoyprogrammer,True,,0,13.32,community_search
website-builders,pkms,True,,0,3.59,index_scoring
website-builders,playmygame,True,,1,14.39,"partner_mentions, index_scoring"
website-builders,portfoliocritique,True,,1,0.5,partner_mentions
website-builders,portfoliomentor,True,,0,0.5,community_search
website-builders,posterdesign,True,,0,2.69,index_scoring
website-builders,powerpoint,True,,1,2.21,partner_mentions
website-builders,ppc,True,,1,12.89,"ops, index_scoring, community_search"
website-builders,pressurewashers,True,,1,0.5,partner_mentions
website-builders,prodmgmt,True,,0,0.68,index_scoring
website-builders,product_design,True,,0,0.17,"index_scoring, community_search"
website-builders,productdesign,True,,0,0.52,index_scoring
website-builders,productivityapps,True,,1,15.06,partner_mentions
website-builders,productmanagement,True,,0,12.74,"index_scoring, community_search"
website-builders,productmanagement_in,True,,0,0.63,index_scoring
website-builders,programiranje,True,,0,2.22,community_search
website-builders,programmerhumor,True,,0,214.53,"competitor_posts, community_search"
website-builders,programmers_forhire,True,,0,0.61,index_scoring
website-builders,programmertil,True,,0,0.02,index_scoring
website-builders,programmingbuddies,True,,0,4.73,community_search
website-builders,programmingcirclejerk,True,,0,3.05,community_search
website-builders,programminghungary,True,,0,1.61,community_search
website-builders,projects,True,,1,1.0,partner_mentions
website-builders,promotemyapp,True,,1,0.64,partner_mentions
website-builders,promptcentral,True,,0,0.06,index_scoring
website-builders,propertymanagement,True,,0,4.83,index_scoring
website-builders,prowordpress,True,,1,0.96,"ops, index_scoring"
website-builders,publicvalidation,True,,0,0.5,competitor_posts
website-builders,python,True,,0,68.21,"index_scoring, community_search"
website-builders,reactjs,True,True,1,3.01,"panel_threads, index_scoring, competitor_posts, community_search"
website-builders,reactnative,True,,0,8.52,competitor_posts
website-builders,readymag,True,,0,0.5,competitor_posts
website-builders,reddit_ukr,True,,0,5.1,competitor_posts
website-builders,relume,True,,0,0.5,community_search
website-builders,renderings,True,,1,0.61,partner_mentions
website-builders,replit,True,,1,1.66,"partner_mentions, competitor_posts"
website-builders,replitbuilders,True,,0,0.5,competitor_posts
website-builders,resumetips,True,,0,2.73,competitor_posts
website-builders,rfactor2,True,,1,0.6,partner_mentions
website-builders,ruby,True,,0,1.14,index_scoring
website-builders,saas,True,True,1,78.73,"panel_threads, ops, partner_mentions, index_core, index_scoring, competitor_posts, community_search"
website-builders,saasbuild,True,,0,11.99,"index_scoring, competitor_posts"
website-builders,saasdevelopers,True,,1,4.99,partner_mentions
website-builders,saasforsale,True,,1,1.08,partner_mentions
website-builders,saasmarketing,True,,1,1.67,partner_mentions
website-builders,saassolopreneurs,True,,0,1.16,competitor_posts
website-builders,sales,True,,0,29.84,"competitor_posts, community_search"
website-builders,samplesize,True,,1,12.14,partner_mentions
website-builders,scaleinpublic,True,,0,0.77,competitor_posts
website-builders,scams,True,,0,64.43,competitor_posts
website-builders,seattle,True,,0,38.79,competitor_posts
website-builders,selfhosted,True,,0,66.7,"index_scoring, competitor_posts, community_search"
website-builders,selfpublish,True,,0,8.22,index_scoring
website-builders,seo,True,,1,29.66,"ops, partner_mentions, index_scoring, competitor_posts, community_search"
website-builders,seo_digital_marketing,True,,0,3.51,community_search
website-builders,seoandwebdesignguide,True,,0,0.5,community_search
website-builders,shooting,True,,1,0.96,partner_mentions
website-builders,shopify,True,,0,17.13,competitor_posts
website-builders,shopifyseo,True,,0,1.09,community_search
website-builders,showmeyourapps,True,,1,0.56,partner_mentions
website-builders,showmeyoursaas,True,,0,1.52,competitor_posts
website-builders,showyourapp,True,,1,0.72,"partner_mentions, index_scoring"
website-builders,sidehustleindia,True,,1,3.42,partner_mentions
website-builders,sidehustlepaglu,True,,1,3.1,partner_mentions
website-builders,sidehustlesindia,True,,1,4.12,partner_mentions
website-builders,sideproject,True,True,1,53.63,"panel_threads, ops, partner_mentions, index_scoring, competitor_posts, community_search"
website-builders,sideprojects,True,,1,3.94,"partner_mentions, index_scoring"
website-builders,simracing,True,,1,22.68,partner_mentions
website-builders,singularity,True,,0,180.07,competitor_posts
website-builders,skincareaddicts,True,,1,54.52,partner_mentions
website-builders,slavelabour,True,,1,22.12,"partner_mentions, community_search"
website-builders,smallbusiness,True,True,1,114.69,"panel_threads, ops, partner_mentions, index_core, index_scoring, competitor_posts, community_search"
website-builders,smallbusinessesowners,True,True,1,0.56,"panel_threads, partner_mentions, competitor_posts"
website-builders,smallbusinessowner,True,,1,4.01,ops
website-builders,smallbusinessus,True,,0,4.1,index_scoring
website-builders,socialmedia,True,,0,95.45,index_scoring
website-builders,socialmediamarketing,True,,0,14.24,index_scoring
website-builders,software,True,,0,14.84,index_scoring
website-builders,softwaredevelopment,True,,0,7.42,index_scoring
website-builders,solodevelopment,True,,0,45.21,index_scoring
website-builders,somebodymakethis,True,,0,0.95,index_scoring
website-builders,spartastartups,True,,0,0.5,community_search
website-builders,spline3d,True,,1,0.5,"partner_mentions, competitor_posts, community_search"
website-builders,squarespace,True,,0,0.97,competitor_posts
website-builders,startup,True,,0,14.54,community_search
website-builders,startup_ideas,True,,0,15.51,community_search
website-builders,startupideas,True,,1,1.99,partner_mentions
website-builders,startupindia,True,,1,20.32,"partner_mentions, community_search"
website-builders,startupmind,True,,1,1.06,partner_mentions
website-builders,startups,True,True,1,96.15,"panel_threads, ops, index_core, index_scoring, community_search"
website-builders,startups_eu,True,,0,0.84,community_search
website-builders,startups_promotion,True,,1,1.85,"partner_mentions, community_search"
website-builders,startupsargentina,True,,0,0.5,community_search
website-builders,startupshelpstartups,True,,0,1.12,community_search
website-builders,startupsindubai,True,,0,0.5,community_search
website-builders,startupsolofounder,True,,1,5.39,"partner_mentions, index_scoring, community_search"
website-builders,statichosting,True,,1,0.5,partner_mentions
website-builders,stevebuildswebsites,True,True,1,0.5,panel_threads
website-builders,stockmarketindia,True,,0,11.72,community_search
website-builders,students,True,,1,2.48,partner_mentions
website-builders,studentsph,True,,0,24.65,competitor_posts
website-builders,sunscreenreddit,True,,1,0.58,partner_mentions
website-builders,supabase,True,,0,2.0,competitor_posts
website-builders,superframeworks,True,True,1,0.5,panel_threads
website-builders,surveyexchange,True,,1,2.56,partner_mentions
website-builders,sweatystartup,True,,0,9.54,community_search
website-builders,sysadmin,True,True,1,111.96,panel_threads
website-builders,tailwindcss,True,,0,1.92,community_search
website-builders,tech_philippines,True,,0,11.02,competitor_posts
website-builders,techjobs,True,,0,2.39,community_search
website-builders,technook,True,,0,1.27,competitor_posts
website-builders,techseo,True,True,1,2.72,"panel_threads, partner_mentions, index_scoring, competitor_posts, community_search"
website-builders,techstartups,True,,0,0.7,community_search
website-builders,techsupport,True,,0,155.2,community_search
website-builders,thefounders,True,,1,1.59,partner_mentions
website-builders,theodinproject,True,,0,0.77,community_search
website-builders,threejs,True,,1,1.97,"partner_mentions, index_scoring"
website-builders,travelagents,True,,1,1.27,partner_mentions
website-builders,tunisiajobs,True,,1,0.5,partner_mentions
website-builders,typography,True,,0,1.9,index_scoring
website-builders,uae_startups,True,,0,1.61,community_search
website-builders,ual,True,,0,0.5,competitor_posts
website-builders,ubiquiti,True,,1,14.85,partner_mentions
website-builders,ugc_forhire,True,,1,0.5,partner_mentions
website-builders,ui_design,True,True,1,2.76,"panel_threads, index_scoring, competitor_posts, community_search"
website-builders,ui_design_dev,True,,0,0.5,community_search
website-builders,uidesign,True,,1,0.5,"partner_mentions, community_search"
website-builders,uiux,True,,1,1.46,"partner_mentions, index_scoring, competitor_posts, community_search"
website-builders,uiuxdesign,True,,0,0.5,community_search
website-builders,uiuxdesignfrontier,True,,1,0.5,partner_mentions
website-builders,ukraine_dev,True,,0,9.14,competitor_posts
website-builders,ukstartups,True,,1,1.98,"partner_mentions, community_search"
website-builders,userexperience,True,,1,6.7,"ops, index_scoring, community_search"
website-builders,userexperiencedesign,True,,1,1.42,"partner_mentions, community_search"
website-builders,ux_design,True,,1,2.03,"partner_mentions, competitor_posts, community_search"
website-builders,uxandui,True,,0,0.5,community_search
website-builders,uxcareerquestions,True,,1,0.67,"partner_mentions, index_scoring, community_search"
website-builders,uxdesign,True,True,1,11.32,"panel_threads, ops, partner_mentions, index_scoring, competitor_posts, community_search"
website-builders,uxresearch,True,,0,3.09,community_search
website-builders,uxwriting,True,,0,0.63,community_search
website-builders,vercel,True,,0,0.5,competitor_posts
website-builders,vgen,True,,1,0.74,partner_mentions
website-builders,vibecodedevs,True,,0,4.87,index_scoring
website-builders,vibecodersnest,True,True,1,0.26,"panel_threads, partner_mentions, index_scoring, competitor_posts"
website-builders,vibecoding,True,True,1,76.47,"panel_threads, ops, partner_mentions, index_scoring, competitor_posts, community_search"
website-builders,vibecodingcommunity,True,,0,0.53,competitor_posts
website-builders,videoeditingconnect,True,,1,0.5,partner_mentions
website-builders,videoeditingindia,True,,1,0.5,partner_mentions
website-builders,videoeditingtips,True,,1,0.57,partner_mentions
website-builders,videoeditors,True,,1,3.7,partner_mentions
website-builders,videoeditors_forhire,True,,1,7.01,partner_mentions
website-builders,videoproduction,True,,0,0.19,index_scoring
website-builders,virtualyoutubers,True,,1,12.6,partner_mentions
website-builders,volleyball,True,,1,13.33,partner_mentions
website-builders,vr_ar_ux_design,True,,0,0.5,community_search
website-builders,vtubers,True,,1,3.94,partner_mentions
website-builders,vuejs,True,,0,1.13,"index_scoring, competitor_posts"
website-builders,web_design,True,True,1,44.08,"panel_threads, ops, partner_mentions, signal, index_core, index_scoring, competitor_posts, community_search"
website-builders,web_design_circlejerk,True,,0,0.5,community_search
website-builders,web_design_test,True,,0,0.5,community_search
website-builders,web_designerz,True,,0,0.5,community_search
website-builders,web_dev,True,,0,0.5,community_search
website-builders,web_development,True,,0,1.32,community_search
website-builders,webapps,True,True,1,0.95,"panel_threads, index_scoring"
website-builders,webdesign,True,True,1,28.34,"panel_threads, ops, partner_mentions, signal, index_core, index_scoring, competitor_posts, community_search"
website-builders,webdesigndevelopment,True,,0,0.5,community_search
website-builders,webdesignindia,True,,0,0.5,community_search
website-builders,webdesignjobs,True,,0,0.5,community_search
website-builders,webdev,True,True,1,149.24,"panel_threads, ops, partner_mentions, index_core, index_scoring, competitor_posts, community_search"
website-builders,webdev_inspiration,True,,0,0.5,community_search
website-builders,webdevelopement,True,,0,0.5,community_search
website-builders,webdeveloperjobs,True,,1,12.81,"partner_mentions, index_scoring, community_search"
website-builders,webdevelopment,True,True,1,0.88,"panel_threads, index_core, index_scoring, competitor_posts, community_search"
website-builders,webdevhelp,True,,0,0.5,community_search
website-builders,webdevjobs,True,,1,0.74,partner_mentions
website-builders,webdevtutorials,True,,0,0.09,"index_scoring, competitor_posts, community_search"
website-builders,webflow,True,True,1,1.95,"panel_threads, ops, partner_mentions, signal, competitor_posts, community_search"
website-builders,webflowtemplates,True,,0,0.5,community_search
website-builders,webgamedev,True,,0,0.5,community_search
website-builders,webhosting,True,,1,2.05,"partner_mentions, index_scoring, competitor_posts, community_search"
website-builders,webmarketing,True,,1,1.93,"ops, community_search"
website-builders,website,True,True,1,9.15,"panel_threads, ops, partner_mentions, index_scoring, competitor_posts, community_search"
website-builders,website_ideas,True,,0,0.49,index_scoring
website-builders,websitebuilders,True,,0,0.5,community_search
website-builders,websiteseo,True,,1,1.47,"index_core, index_scoring, competitor_posts, community_search"
website-builders,websiteservices,True,,1,0.87,"partner_mentions, index_core, index_scoring, competitor_posts, community_search"
website-builders,websitestarters,True,,1,0.5,"partner_mentions, competitor_posts"
website-builders,websoftgiveaway,True,,1,0.5,partner_mentions
website-builders,webstudio,True,,0,0.5,community_search
website-builders,willpatersondesign,True,,1,1.14,"partner_mentions, community_search"
website-builders,wix,True,True,1,0.87,"panel_threads, competitor_posts, community_search"
website-builders,womenengineers,True,,0,1.54,index_scoring
website-builders,wordpress,True,,1,27.2,"ops, partner_mentions, index_core, index_scoring, competitor_posts, community_search"
website-builders,wordpressjobs,True,,0,0.56,"index_scoring, competitor_posts"
website-builders,wordpressplugins,True,,1,1.41,"index_core, index_scoring"
website-builders,wordpressthemes,True,,0,0.09,index_scoring
website-builders,workfromhomejobs,True,,1,0.69,partner_mentions
website-builders,wylora,True,,1,0.5,partner_mentions
website-builders,ycombinator,True,,0,9.28,community_search
website-builders,ynabalternatives,True,,1,0.5,partner_mentions
website-builders,youtube,True,,0,155.9,competitor_posts
website-builders,youtube_startups,True,,0,7.02,community_search
website-builders,youtubeeditorforhire,True,,1,4.78,partner_mentions
website-builders,youtubeeditorsforhire,True,,1,2.64,"partner_mentions, competitor_posts"
website-builders,zelda,True,,1,149.93,"partner_mentions, community_search"
expense-management,aatstudents,True,,0,0.5,community_search
expense-management,acca,True,,0,2.07,community_search
expense-management,accountant,True,,1,0.27,"partner_mentions, index_scoring, competitor_posts"
expense-management,accounting,True,True,1,76.58,"panel_threads, ops, partner_mentions, index_core, index_scoring, competitor_posts, community_search"
expense-management,accountingbasics,True,,0,0.5,community_search
expense-management,accountingblockchain,True,,0,0.5,community_search
expense-management,accountingcanada,True,,0,0.5,community_search
expense-management,accountingdepartment,True,,1,0.75,"ops, community_search"
expense-management,accountinghelp_,True,,0,0.2,"index_scoring, community_search"
expense-management,accountingjobs,True,,0,0.5,community_search
expense-management,accountingmemes,True,,0,0.5,community_search
expense-management,accountingph,True,,0,10.18,"competitor_posts, community_search"
expense-management,accountingtechnology,True,,0,0.5,community_search
expense-management,accountinguk,True,,0,1.24,community_search
expense-management,accounts,True,,1,0.5,ops
expense-management,advancedentrepreneur,True,,0,1.27,index_scoring
expense-management,aiautomations,True,,0,3.69,competitor_posts
expense-management,aiprocessautomation,True,,0,0.5,community_search
expense-management,airwallexofficial,True,,0,0.5,competitor_posts
expense-management,alaskaairlines,True,,0,3.54,competitor_posts
expense-management,amazonmanagers,True,,0,0.5,competitor_posts
expense-management,amdavadclassifieds,True,,0,0.5,competitor_posts
expense-management,americanairlines,True,,0,6.86,"competitor_posts, community_search"
expense-management,americansincanada,True,,0,0.51,competitor_posts
expense-management,amex,True,,0,26.12,community_search
expense-management,amexindia,True,,0,0.85,community_search
expense-management,amexplatinum,True,,0,9.49,community_search
expense-management,antiwork,True,,0,135.32,"competitor_posts, community_search"
expense-management,apartmentliving,True,,0,32.58,competitor_posts
expense-management,applewallet,True,,1,0.83,partner_mentions
expense-management,apps,True,,1,5.56,partner_mentions
expense-management,appstore,True,,0,0.5,competitor_posts
expense-management,arbeitsleben,True,,0,6.36,competitor_posts
expense-management,army,True,,0,16.82,community_search
expense-management,askaccounting,True,,1,0.51,"partner_mentions, competitor_posts, community_search"
expense-management,askbalkans,True,,0,10.37,competitor_posts
expense-management,askforanswers,True,,0,4.15,competitor_posts
expense-management,askhungary,True,,0,6.19,competitor_posts
expense-management,askmanagers,True,,1,10.3,ops
expense-management,asksg,True,,0,1.77,competitor_posts
expense-management,askspain,True,,0,10.73,competitor_posts
expense-management,askuk,True,,0,109.95,competitor_posts
expense-management,assholedesign,True,,0,140.75,community_search
expense-management,atlanta,True,,0,25.25,competitor_posts
expense-management,augusta,True,,0,1.39,community_search
expense-management,ausbusiness,True,,0,6.17,"competitor_posts, community_search"
expense-management,ausfinance,True,,0,14.79,"index_scoring, competitor_posts, community_search"
expense-management,aussie,True,,0,3.61,competitor_posts
expense-management,australia,True,,0,131.65,"competitor_posts, community_search"
expense-management,australianaccounting,True,,0,3.92,"competitor_posts, community_search"
expense-management,automation,True,True,1,10.61,"panel_threads, ops"
expense-management,awardtravel,True,,0,27.58,"competitor_posts, community_search"
expense-management,b2b_sales,True,,0,2.25,index_scoring
expense-management,b2btravel,True,,1,0.5,partner_mentions
expense-management,badaccounting,True,,0,0.5,community_search
expense-management,bangalore,True,,0,49.89,competitor_posts
expense-management,banking,True,,0,10.34,index_scoring
expense-management,bankruptcy,True,,0,2.28,community_search
expense-management,baruch,True,,0,0.72,community_search
expense-management,bayarea,True,,0,37.77,competitor_posts
expense-management,beermoneyuk,True,,0,11.0,"competitor_posts, community_search"
expense-management,befreelance,True,,0,1.02,community_search
expense-management,berlin_freelancers,True,,0,0.5,community_search
expense-management,best_alternative,True,,0,0.5,competitor_posts
expense-management,betatests,True,,1,0.8,partner_mentions
expense-management,big4,True,,0,9.54,"index_scoring, community_search"
expense-management,bih,True,,0,4.0,competitor_posts
expense-management,biltrewards,True,,0,2.69,competitor_posts
expense-management,blockchain_accounting,True,,0,0.5,community_search
expense-management,bogleheads,True,,0,44.65,competitor_posts
expense-management,bookkeeper,True,,0,0.5,community_search
expense-management,bookkeeping,True,True,1,3.87,"panel_threads, ops, partner_mentions, competitor_posts, community_search"
expense-management,bookkeeping_business,True,,0,0.5,"competitor_posts, community_search"
expense-management,bookkeepingandtaxph,True,,0,0.5,community_search
expense-management,bookkeepinghelp,True,,0,0.5,community_search
expense-management,bookkeepingjobs,True,,0,0.5,community_search
expense-management,bookkeepingph,True,,0,0.5,community_search
expense-management,bpoinph,True,,1,68.3,"partner_mentions, competitor_posts"
expense-management,brdev,True,,0,49.6,competitor_posts
expense-management,brexcard,True,,1,0.5,"partner_mentions, competitor_posts"
expense-management,britishairways,True,,0,3.08,competitor_posts
expense-management,budget,True,,0,5.7,index_scoring
expense-management,buhaydigital,True,,0,36.33,"competitor_posts, community_search"
expense-management,bulgaria,True,,0,16.37,competitor_posts
expense-management,business,True,,0,116.75,"competitor_posts, community_search"
expense-management,business_ideas,True,,0,21.41,community_search
expense-management,businessloans,True,,0,0.63,community_search
expense-management,businessowners,True,,0,1.7,competitor_posts
expense-management,businesstravelers,True,,0,0.5,community_search
expense-management,calgarysmallbusiness,True,,0,0.5,community_search
expense-management,california,True,,0,30.2,competitor_posts
expense-management,canada,True,,0,195.0,community_search
expense-management,canadasmallbusiness,True,,0,1.27,"competitor_posts, community_search"
expense-management,canadianinvestor,True,,0,30.03,index_scoring
expense-management,careeradvice,True,,1,39.41,partner_mentions
expense-management,cfo,True,True,1,1.77,"panel_threads, ops, index_scoring, competitor_posts"
expense-management,cfp,True,,0,4.31,index_scoring
expense-management,changemyview,True,,0,190.06,competitor_posts
expense-management,chargeforward,True,,0,0.5,competitor_posts
expense-management,charteredaccountants,True,,0,68.43,"index_scoring, community_search"
expense-management,chicagojobs,True,,0,1.14,competitor_posts
expense-management,chinalife,True,,0,20.36,index_scoring
expense-management,chubbytravel,True,,0,4.55,competitor_posts
expense-management,churning,True,,0,30.36,community_search
expense-management,cofounderhunt,True,,0,9.68,competitor_posts
expense-management,cofoundermatch,True,,0,0.5,competitor_posts
expense-management,college,True,,0,132.09,community_search
expense-management,coloradosmallbusiness,True,,0,0.5,community_search
expense-management,conseilboulot,True,,0,5.28,competitor_posts
expense-management,conservative,True,,0,62.39,community_search
expense-management,construction,True,True,1,66.36,"panel_threads, index_scoring"
expense-management,constructionmanagers,True,,1,9.42,"index_core, index_scoring"
expense-management,consulting,True,,1,17.36,"ops, index_scoring, community_search"
expense-management,contractcompliance,True,,0,0.5,community_search
expense-management,contractoruk,True,,1,1.79,"ops, community_search"
expense-management,cork,True,,0,4.65,competitor_posts
expense-management,corporate,True,True,1,2.45,"panel_threads, competitor_posts"
expense-management,corporatetravel,True,True,1,0.5,"panel_threads, ops, partner_mentions, competitor_posts"
expense-management,costaccounting,True,,0,0.5,community_search
expense-management,cpa,True,,1,29.88,"index_core, index_scoring, competitor_posts, community_search"
expense-management,credit,True,,0,16.49,community_search
expense-management,creditcards,True,True,1,70.2,"panel_threads, competitor_posts, community_search"
expense-management,creditcardsindia,True,,0,18.01,"competitor_posts, community_search"
expense-management,cscareerquestions,True,,0,107.88,competitor_posts
expense-management,cscareerquestionsoce,True,,0,2.26,"competitor_posts, community_search"
expense-management,d365financeoperations,True,,0,0.5,community_search
expense-management,d365fo,True,,0,0.5,community_search
expense-management,de_edv,True,,0,14.56,competitor_posts
expense-management,de_it,True,,0,0.5,competitor_posts
expense-management,deloitte,True,,0,4.02,community_search
expense-management,deloitteusi,True,,0,0.5,community_search
expense-management,delta,True,,0,19.51,"competitor_posts, community_search"
expense-management,devbulgaria,True,,0,0.5,competitor_posts
expense-management,developersindia,True,,1,89.12,"partner_mentions, index_core, index_scoring, competitor_posts"
expense-management,digitalnomad,True,,0,109.23,"competitor_posts, community_search"
expense-management,digitalpayments,True,,0,0.5,competitor_posts
expense-management,diyretirement,True,,0,5.19,index_scoring
expense-management,documentautomation,True,,0,0.5,competitor_posts
expense-management,doordash,True,,0,48.07,competitor_posts
expense-management,dynamics365,True,,0,0.72,community_search
expense-management,dynamics365finops,True,,0,0.5,community_search
expense-management,ecommerce,True,,1,30.68,"index_core, index_scoring, community_search"
expense-management,ecommerceaccountant,True,,0,0.5,community_search
expense-management,economy,True,,0,48.75,community_search
expense-management,edgar_news,True,,1,0.5,partner_mentions
expense-management,editors,True,,0,8.89,community_search
expense-management,egyptianfreelancers,True,,0,1.96,community_search
expense-management,electricians,True,True,1,26.06,panel_threads
expense-management,emburse,True,True,1,0.5,"panel_threads, competitor_posts"
expense-management,entrepreneur,True,True,1,24.81,"panel_threads, ops, index_scoring, competitor_posts, community_search"
expense-management,entrepreneurridealong,True,,0,32.95,"index_scoring, competitor_posts"
expense-management,entrepreneurs,True,,1,8.95,"ops, competitor_posts, community_search"
expense-management,escapetheusa,True,,0,0.5,community_search
expense-management,etsy,True,,0,14.49,community_search
expense-management,eu_economics,True,,0,2.08,competitor_posts
expense-management,executiveassistants,True,True,1,8.78,"panel_threads, ops, partner_mentions, index_core, index_scoring, competitor_posts, community_search"
expense-management,executives,True,,0,0.5,competitor_posts
expense-management,exfy,True,,1,0.5,partner_mentions
expense-management,expatfinance,True,,0,1.36,competitor_posts
expense-management,expenseautomation,True,,1,0.5,partner_mentions
expense-management,expensesmonitor,True,,1,0.5,"partner_mentions, competitor_posts"
expense-management,experiencedfounders,True,,1,0.5,partner_mentions
expense-management,expertquickbooks,True,,0,0.5,community_search
expense-management,f1models,True,,1,1.08,partner_mentions
expense-management,fattravel,True,,0,3.79,competitor_posts
expense-management,fessofficial,True,,0,0.5,community_search
expense-management,fidelityinvestments,True,,0,14.34,competitor_posts
expense-management,filipinofreelancersph,True,,0,0.5,community_search
expense-management,filipinotravel,True,,0,2.54,competitor_posts
expense-management,finance,True,,0,96.41,"index_scoring, community_search"
expense-management,financebg,True,,0,0.51,competitor_posts
expense-management,financialanalyst,True,,0,0.29,index_scoring
expense-management,financialcareers,True,,1,79.96,"partner_mentions, index_scoring, community_search"
expense-management,financialplanning,True,,0,44.5,index_scoring
expense-management,finansial,True,,0,11.93,index_scoring
expense-management,finops,True,True,1,0.5,panel_threads
expense-management,fintech,True,True,1,4.35,"panel_threads, competitor_posts, community_search"
expense-management,firstworldproblems,True,,0,14.54,community_search
expense-management,flipping,True,,0,23.02,community_search
expense-management,foodtrucks,True,,1,2.17,ops
expense-management,forhire,True,,0,33.95,competitor_posts
expense-management,founder,True,,0,10.97,index_scoring
expense-management,fpanda,True,True,1,3.87,"panel_threads, partner_mentions, index_scoring, community_search"
expense-management,freelance,True,,0,31.57,community_search
expense-management,freelanceindia,True,,0,2.5,community_search
expense-management,freelancejobs,True,,0,0.5,community_search
expense-management,freelanceraccounting,True,True,1,0.5,"panel_threads, partner_mentions, competitor_posts"
expense-management,freelancers,True,,0,3.26,community_search
expense-management,freelancersph,True,,0,0.5,community_search
expense-management,freelancerspt,True,,0,0.5,community_search
expense-management,freelancersunited,True,,0,0.5,community_search
expense-management,freelances_forhire,True,,0,0.5,community_search
expense-management,freelanceuk,True,,0,0.15,index_scoring
expense-management,freelancewriters,True,,0,9.09,community_search
expense-management,freelancing,True,,0,4.91,community_search
expense-management,freelasbr,True,,0,0.5,community_search
expense-management,frugal_ind,True,,0,6.59,index_scoring
expense-management,fulfillmentbyamazon,True,,0,6.54,community_search
expense-management,fundaccounting,True,,0,0.5,community_search
expense-management,gamestop,True,,0,5.92,community_search
expense-management,generalcontractor,True,True,1,2.53,"panel_threads, ops, index_core, index_scoring"
expense-management,getemployed,True,,0,31.47,competitor_posts
expense-management,gnucash,True,,1,0.18,"index_core, index_scoring"
expense-management,goldmansachs_india,True,,0,0.5,community_search
expense-management,graphic_design,True,,0,132.01,community_search
expense-management,grc,True,,0,1.06,competitor_posts
expense-management,growmybusiness,True,,0,6.96,index_scoring
expense-management,gtmengineering,True,,0,2.24,competitor_posts
expense-management,guidertravel,True,,0,0.5,community_search
expense-management,gustosignupbonus,True,,1,0.5,partner_mentions
expense-management,hailcorporate,True,,0,9.69,community_search
expense-management,halifax,True,,0,8.21,community_search
expense-management,heronebag,True,,0,7.99,community_search
expense-management,hilton,True,,0,3.97,competitor_posts
expense-management,hmrc,True,,0,0.5,competitor_posts
expense-management,honestsidehustles,True,,0,5.66,competitor_posts
expense-management,hong_kong,True,,0,1.11,community_search
expense-management,hostel,True,,0,0.5,community_search
expense-management,houseflipping,True,,0,0.98,competitor_posts
expense-management,hrvatska,True,,0,4.42,competitor_posts
expense-management,humanresources,True,,0,19.33,competitor_posts
expense-management,india,True,,0,157.19,"competitor_posts, community_search"
expense-management,indiabusiness,True,,0,26.12,community_search
expense-management,indianstartups,True,,0,7.8,index_scoring
expense-management,indianstockmarket,True,,0,62.02,competitor_posts
expense-management,indiatax,True,,0,10.61,"competitor_posts, community_search"
expense-management,indiedev,True,,0,53.35,competitor_posts
expense-management,indiehackersindia,True,,1,0.7,partner_mentions
expense-management,indotech,True,,0,50.99,competitor_posts
expense-management,instincthq,True,,1,0.5,partner_mentions
expense-management,investment,True,,0,1.95,competitor_posts
expense-management,ios,True,,1,45.55,partner_mentions
expense-management,iosapps,True,,0,5.68,competitor_posts
expense-management,ireland,True,,0,58.22,community_search
expense-management,iscanner,True,True,1,0.5,"panel_threads, partner_mentions, competitor_posts"
expense-management,it,True,,0,12.47,index_scoring
expense-management,itmanagers,True,True,1,6.51,panel_threads
expense-management,japanresidents,True,,0,4.35,competitor_posts
expense-management,japantravel,True,,0,158.8,community_search
expense-management,jenova_ai,True,,1,0.5,"partner_mentions, competitor_posts"
expense-management,jobhuntify,True,,1,0.5,"partner_mentions, competitor_posts"
expense-management,jobhunting,True,,1,7.97,partner_mentions
expense-management,jobs,True,,0,128.1,competitor_posts
expense-management,jobs4bitcoins,True,,0,3.9,community_search
expense-management,jobsfordevelopers,True,,0,0.5,competitor_posts
expense-management,jpmorganchase,True,,0,0.95,community_search
expense-management,juststart,True,,0,0.23,index_scoring
expense-management,kpmg,True,,0,1.64,competitor_posts
expense-management,lacamiseta,True,,1,3.75,partner_mentions
expense-management,landscaping,True,,0,77.85,competitor_posts
expense-management,lawfirm,True,,0,4.89,community_search
expense-management,lawyertalk,True,,0,9.22,competitor_posts
expense-management,learnexcel,True,,0,0.5,community_search
expense-management,lifeprotips,True,True,1,1040.03,"panel_threads, community_search"
expense-management,linkedinlunatics,True,,0,48.9,competitor_posts
expense-management,llc,True,,0,1.77,competitor_posts
expense-management,llc_life,True,,0,0.84,"competitor_posts, community_search"
expense-management,luxtravelsanstas,True,,0,0.5,community_search
expense-management,maliciouscompliance,True,,0,198.04,"competitor_posts, community_search"
expense-management,malta,True,,0,2.98,competitor_posts
expense-management,managementaccounting,True,,0,0.5,community_search
expense-management,managers,True,True,1,56.99,"panel_threads, ops, index_scoring, competitor_posts"
expense-management,marketing,True,,0,88.83,community_search
expense-management,marriott,True,,0,6.76,"competitor_posts, community_search"
expense-management,maryland,True,,0,14.33,competitor_posts
expense-management,mba,True,,0,15.08,index_scoring
expense-management,mbaswhocode,True,,0,0.5,community_search
expense-management,melbourne,True,,0,48.2,competitor_posts
expense-management,micro_saas,True,,1,22.82,"ops, competitor_posts"
expense-management,minnesota,True,,0,23.15,competitor_posts
expense-management,mommit,True,,0,123.73,competitor_posts
expense-management,monarchmoney,True,True,1,2.56,"panel_threads, community_search"
expense-management,monzo,True,,0,1.87,competitor_posts
expense-management,msp,True,,0,11.21,"competitor_posts, community_search"
expense-management,mturk,True,,0,4.07,competitor_posts
expense-management,ndis_providers,True,,0,0.5,competitor_posts
expense-management,nederlands,True,,0,13.77,competitor_posts
expense-management,netsuite,True,True,1,1.26,"panel_threads, partner_mentions, competitor_posts, community_search"
expense-management,newhampshire,True,,0,7.11,community_search
expense-management,newzealand,True,,0,39.01,"competitor_posts, community_search"
expense-management,nigeria,True,,1,11.98,partner_mentions
expense-management,nonprofit,True,True,1,4.28,"panel_threads, ops, partner_mentions, index_scoring, community_search"
expense-management,northcarolina,True,,0,23.94,competitor_posts
expense-management,notary,True,True,1,0.71,panel_threads
expense-management,nr2003,True,,1,0.65,partner_mentions
expense-management,nursing,True,,0,95.46,competitor_posts
expense-management,nyc,True,,0,45.08,competitor_posts
expense-management,odoo,True,,0,0.92,community_search
expense-management,onebag,True,,0,43.04,community_search
expense-management,onguardforthee,True,,0,14.74,community_search
expense-management,ontario,True,,0,47.73,community_search
expense-management,pakfreelancers,True,,0,0.5,community_search
expense-management,pakistanifreelancers,True,,0,0.5,community_search
expense-management,pakistansmallbusiness,True,,0,0.5,community_search
expense-management,pakstartups,True,,0,1.0,competitor_posts
expense-management,passive_income,True,,1,56.69,"index_core, index_scoring"
expense-management,pastors,True,,1,0.5,ops
expense-management,paymentprocessing,True,,0,1.1,competitor_posts
expense-management,pennystock,True,,1,4.93,partner_mentions
expense-management,personalfinance,True,,1,195.63,"index_core, index_scoring, community_search"
expense-management,personalfinancecanada,True,,0,85.38,"index_scoring, community_search"
expense-management,personalfinanceindia,True,,1,27.57,"index_core, index_scoring, competitor_posts"
expense-management,personalfinancenz,True,,0,6.47,community_search
expense-management,philippines,True,,0,163.01,community_search
expense-management,philippines_expats,True,,0,4.97,competitor_posts
expense-management,phinvest,True,,0,36.74,"index_scoring, community_search"
expense-management,phjobs,True,,0,5.7,competitor_posts
expense-management,pittsburgh,True,,0,14.38,competitor_posts
expense-management,plumbing,True,,1,25.59,ops
expense-management,povertyfinance,True,,0,131.94,competitor_posts
expense-management,powerbi,True,,0,9.61,community_search
expense-management,ppc,True,,0,12.89,community_search
expense-management,procurement,True,,0,1.44,competitor_posts
expense-management,productdesignjobs,True,,0,0.5,competitor_posts
expense-management,productivity,True,,0,9.37,index_scoring
expense-management,programmerhumor,True,,0,214.53,competitor_posts
expense-management,projectmanagement,True,,0,10.84,index_scoring
expense-management,propertymanagement,True,,0,4.83,index_scoring
expense-management,pwc,True,,0,2.3,"competitor_posts, community_search"
expense-management,qoblex,True,,1,0.5,partner_mentions
expense-management,quantisnow,True,,1,0.5,"partner_mentions, competitor_posts"
expense-management,quickbooks,True,,1,1.9,"ops, partner_mentions, competitor_posts, community_search"
expense-management,quickbooks_protips,True,,0,0.5,community_search
expense-management,quickbookshacks,True,,0,0.5,community_search
expense-management,quickbooksoldversion,True,,0,0.5,community_search
expense-management,quickbooksonline,True,,1,0.5,"ops, partner_mentions, competitor_posts, community_search"
expense-management,quicken,True,,1,0.5,partner_mentions
expense-management,quickfreelancers,True,,0,0.5,community_search
expense-management,raleighsmallbusiness,True,,0,0.5,community_search
expense-management,ramp,True,,0,0.5,"competitor_posts, community_search"
expense-management,rampplatform,True,True,1,0.5,"panel_threads, partner_mentions, competitor_posts"
expense-management,rant,True,,0,20.78,competitor_posts
expense-management,realestateinvesting,True,,0,88.87,community_search
expense-management,realtors,True,,1,8.97,ops
expense-management,remotejobintel,True,,1,0.5,partner_mentions
expense-management,remotejobs,True,,1,26.36,partner_mentions
expense-management,remotejobsfinders,True,,0,1.45,competitor_posts
expense-management,retailarbitrage,True,,0,0.5,competitor_posts
expense-management,revolut,True,,0,5.78,competitor_posts
expense-management,revopscareers,True,,0,0.5,competitor_posts
expense-management,roastmystartup,True,,1,1.61,partner_mentions
expense-management,robinhoodtrade,True,,1,1.67,partner_mentions
expense-management,rutgers,True,,0,4.27,community_search
expense-management,rvliving,True,,0,10.26,community_search
expense-management,saas,True,,1,78.73,"partner_mentions, index_scoring, competitor_posts"
expense-management,saasbuild,True,,0,11.99,competitor_posts
expense-management,salary,True,,0,84.81,competitor_posts
expense-management,sales,True,,0,29.84,competitor_posts
expense-management,samegrassbutgreener,True,,0,7.43,competitor_posts
expense-management,sap,True,,0,2.84,competitor_posts
expense-management,sapconcur,True,,1,0.5,"partner_mentions, competitor_posts"
expense-management,scamchecker,True,,0,0.5,competitor_posts
expense-management,scams,True,,0,64.43,"competitor_posts, community_search"
expense-management,scansnap,True,,0,0.5,competitor_posts
expense-management,seattle,True,,0,38.79,competitor_posts
expense-management,seattlewa,True,,0,18.46,competitor_posts
expense-management,selfemployed,True,,1,0.8,partner_mentions
expense-management,selfhosted,True,,0,66.7,"index_scoring, community_search"
expense-management,sellmybusiness,True,,0,0.47,index_scoring
expense-management,shopify,True,,0,17.13,community_search
expense-management,shopifyecommerce,True,,0,2.35,competitor_posts
expense-management,shorttermrentals,True,,0,1.83,index_scoring
expense-management,showmeyoursaas,True,,0,1.52,index_scoring
expense-management,sidehustle,True,,0,149.33,community_search
expense-management,sideproject,True,,1,53.63,"partner_mentions, competitor_posts"
expense-management,singapore,True,,0,81.84,community_search
expense-management,singaporepayslips,True,,0,0.85,competitor_posts
expense-management,slashfinancial,True,,0,0.5,community_search
expense-management,small_business_ideas,True,,0,1.48,community_search
expense-management,smallbusiness,True,True,1,114.69,"panel_threads, ops, partner_mentions, index_core, index_scoring, competitor_posts, community_search"
expense-management,smallbusinessau,True,,0,0.5,community_search
expense-management,smallbusinessaus,True,,0,0.5,community_search
expense-management,smallbusinesscanada,True,,0,1.66,"competitor_posts, community_search"
expense-management,smallbusinesscoach,True,,0,0.5,community_search
expense-management,smallbusinessdreams,True,,0,0.5,community_search
expense-management,smallbusinessesowners,True,,1,0.56,"ops, community_search"
expense-management,smallbusinessfinan,True,,0,0.5,community_search
expense-management,smallbusinessfinance,True,,0,0.5,community_search
expense-management,smallbusinessindia,True,,0,42.9,community_search
expense-management,smallbusinessnews,True,,0,0.5,community_search
expense-management,smallbusinessowner,True,,1,4.01,"ops, community_search"
expense-management,smallbusinessowners,True,,1,1.04,"ops, community_search"
expense-management,smallbusinessph,True,,0,1.87,community_search
expense-management,smallbusinessrsa,True,,0,0.5,community_search
expense-management,smallbusinesssellers,True,,0,0.78,community_search
expense-management,smallbusinesssupport,True,,0,0.5,community_search
expense-management,smallbusinessuae,True,,0,0.97,community_search
expense-management,smallbusinessuk,True,,0,3.7,"competitor_posts, community_search"
expense-management,smallbusinessus,True,,0,4.1,community_search
expense-management,smallclaims,True,,0,0.5,competitor_posts
expense-management,softwareengineerjobs,True,,0,2.56,competitor_posts
expense-management,softwaregore,True,,0,88.47,community_search
expense-management,solotravel,True,,0,206.31,community_search
expense-management,sparkdriver,True,,0,4.68,competitor_posts
expense-management,sql,True,,1,13.12,partner_mentions
expense-management,srilankanfreelancers,True,,0,0.5,community_search
expense-management,startups,True,True,1,96.15,"panel_threads, ops, index_scoring, community_search"
expense-management,stockstobuytoday,True,,1,10.85,partner_mentions
expense-management,stocktitan,True,,1,0.5,partner_mentions
expense-management,stocktradingalerts,True,,1,2.18,partner_mentions
expense-management,stockvalueanalysis,True,,1,0.5,partner_mentions
expense-management,strategicproductivity,True,,0,0.5,competitor_posts
expense-management,synxfinance,True,,1,0.5,partner_mentions
expense-management,sysadmin,True,True,1,111.96,"panel_threads, partner_mentions, index_core, index_scoring, competitor_posts, community_search"
expense-management,talesfromtechsupport,True,,0,35.26,competitor_posts
expense-management,tamiya,True,,1,1.15,partner_mentions
expense-management,target,True,,0,10.44,community_search
expense-management,tax,True,,1,26.61,"ops, index_scoring, community_search"
expense-management,taxph,True,,0,7.21,community_search
expense-management,taxpros,True,,0,4.12,community_search
expense-management,teachers,True,,0,254.09,competitor_posts
expense-management,technepal,True,,0,2.65,competitor_posts
expense-management,techsales,True,,1,10.63,"ops, partner_mentions, competitor_posts"
expense-management,therapists,True,,0,76.14,competitor_posts
expense-management,thestallionvibe,True,,1,0.5,partner_mentions
expense-management,tipsschool,True,,0,0.5,community_search
expense-management,topcharactertropes,True,,1,50.52,"partner_mentions, competitor_posts"
expense-management,toronto,True,,0,42.68,competitor_posts
expense-management,torontosmallbusiness,True,,0,0.5,community_search
expense-management,trabajomexico,True,,1,0.5,partner_mentions
expense-management,trackexpenses,True,,1,0.5,"partner_mentions, competitor_posts"
expense-management,travelagents,True,,0,1.27,community_search
expense-management,travelinindia,True,,0,1.01,community_search
expense-management,travelplanning,True,,0,0.57,competitor_posts
expense-management,ukaccounting,True,,0,0.5,community_search
expense-management,ukpersonalfinance,True,,0,84.36,community_search
expense-management,umamusume,True,,1,16.97,"partner_mentions, competitor_posts"
expense-management,unethicallifeprotips,True,,0,98.31,"competitor_posts, community_search"
expense-management,unitedairlines,True,,0,12.18,competitor_posts
expense-management,upwork,True,,0,8.99,"competitor_posts, community_search"
expense-management,valueinvesting,True,,0,51.1,competitor_posts
expense-management,vandwellers,True,,0,135.49,community_search
expense-management,vent,True,,0,40.82,competitor_posts
expense-management,venturexshoppingbonus,True,,0,0.62,competitor_posts
expense-management,virtualassistant,True,,0,8.04,competitor_posts
expense-management,virtualassistantph,True,,0,7.1,community_search
expense-management,walmartsparkdrivers,True,,0,0.9,competitor_posts
expense-management,wealthsimple,True,,0,7.31,competitor_posts
expense-management,web_design,True,,0,44.08,community_search
expense-management,webdev,True,,0,149.24,community_search
expense-management,werowallet,True,,0,0.5,competitor_posts
expense-management,wfh_freelancers_jobs,True,,0,0.5,community_search
expense-management,wgu,True,,0,8.35,community_search
expense-management,wguaccounting,True,,0,0.71,community_search
expense-management,whatdoido,True,,0,21.21,competitor_posts
expense-management,whitecoatinvestor,True,,0,4.86,index_scoring
expense-management,wiseek,True,,1,0.5,partner_mentions
expense-management,workadvice,True,,0,3.49,competitor_posts
expense-management,workingmoms,True,,0,7.62,community_search
expense-management,workremotely,True,,0,0.5,community_search
expense-management,xero,True,,1,0.5,"ops, competitor_posts, community_search"
expense-management,xeroofficial,True,,0,0.5,community_search
expense-management,ynab,True,True,1,10.05,"panel_threads, community_search"
expense-management,ynabalternatives,True,True,1,0.5,panel_threads
expense-management,youngentrepreneur,True,,0,1.93,competitor_posts
expense-management,zoho,True,,0,0.6,competitor_posts
log-management-siem,24hoursupport,True,,0,3.25,index_scoring
log-management-siem,activedirectory,True,,1,2.1,"ops, competitor_posts"
log-management-siem,ai_agent_host,True,,0,0.5,community_search
log-management-siem,ai_agents,True,,0,35.16,"index_scoring, competitor_posts"
log-management-siem,aiopssec,True,,0,0.5,community_search
log-management-siem,algotrading,True,,0,13.02,index_scoring
log-management-siem,almalinux,True,,0,0.5,competitor_posts
log-management-siem,amlcompliance,True,,0,0.7,community_search
log-management-siem,ansible,True,,0,3.64,community_search
log-management-siem,antivirus,True,,0,11.09,"index_scoring, community_search"
log-management-siem,anyrun,True,,0,0.5,competitor_posts
log-management-siem,apachekafka,True,,0,0.36,index_scoring
log-management-siem,apachespark,True,,0,0.16,index_scoring
log-management-siem,appdevelopers,True,,0,4.17,index_scoring
log-management-siem,archlinux,True,,0,18.06,index_scoring
log-management-siem,artificialinteligence,True,,0,87.77,index_scoring
log-management-siem,askengineers,True,,0,41.13,index_scoring
log-management-siem,askle,True,,0,23.58,index_scoring
log-management-siem,asknetsec,True,,1,1.92,"signal, index_scoring, competitor_posts, community_search"
log-management-siem,askprogramming,True,,0,6.53,index_scoring
log-management-siem,asksysadmin,True,,0,0.5,community_search
log-management-siem,asktechnology,True,,0,2.82,index_scoring
log-management-siem,authentik,True,,0,0.5,competitor_posts
log-management-siem,autohospedagem,True,,0,2.72,community_search
log-management-siem,automate,True,,0,0.06,index_scoring
log-management-siem,automation,True,,0,10.61,index_scoring
log-management-siem,aws,True,,0,17.84,"index_scoring, competitor_posts, community_search"
log-management-siem,aws_cloud,True,,0,0.72,competitor_posts
log-management-siem,awscertifications,True,,0,7.82,competitor_posts
log-management-siem,azure,True,,0,9.72,"competitor_posts, community_search"
log-management-siem,azuresentinel,True,,0,0.5,competitor_posts
log-management-siem,backend,True,,0,3.36,"index_scoring, competitor_posts"
log-management-siem,bankingcompliance,True,,0,0.5,community_search
log-management-siem,barracudamsp,True,,0,0.5,community_search
log-management-siem,barracudanetworks,True,,0,0.5,competitor_posts
log-management-siem,bigdata,True,,0,0.02,index_scoring
log-management-siem,bigdatajobs,True,,0,0.99,index_scoring
log-management-siem,bioinformatics,True,,0,2.41,index_scoring
log-management-siem,blackhat,True,,0,0.18,index_scoring
log-management-siem,blueteamlevel1,True,,0,0.5,community_search
log-management-siem,blueteamsec,True,,1,3.27,"signal, index_scoring, competitor_posts, community_search"
log-management-siem,blueteamwardogs,True,,0,0.5,community_search
log-management-siem,brdev,True,,0,49.6,"index_scoring, competitor_posts"
log-management-siem,bsd,True,,0,0.47,index_scoring
log-management-siem,buildinpublic,True,,0,5.48,competitor_posts
log-management-siem,buyfromeu,True,,0,16.64,competitor_posts
log-management-siem,c_programming,True,,0,12.61,index_scoring
log-management-siem,ccie,True,,0,0.43,index_scoring
log-management-siem,ccna,True,,0,6.82,"competitor_posts, community_search"
log-management-siem,ccnp,True,,0,1.96,"index_scoring, competitor_posts"
log-management-siem,chia,True,,0,2.09,community_search
log-management-siem,cia,True,,0,0.57,community_search
log-management-siem,cisco,True,,0,5.14,competitor_posts
log-management-siem,citrix,True,,0,0.93,competitor_posts
log-management-siem,clojure,True,,0,0.54,index_scoring
log-management-siem,cloud,True,,0,1.23,index_scoring
log-management-siem,cmmc,True,,0,0.57,community_search
log-management-siem,coding,True,,0,0.38,index_scoring
log-management-siem,compliance,True,,0,0.5,community_search
log-management-siem,complianceops,True,,0,0.5,community_search
log-management-siem,comptia,True,,0,13.93,community_search
log-management-siem,comptia_security,True,,0,0.55,competitor_posts
log-management-siem,computerforensics,True,,0,0.55,"index_scoring, competitor_posts"
log-management-siem,computers,True,,0,16.51,index_scoring
log-management-siem,computersecurity,True,,0,0.06,"index_scoring, community_search"
log-management-siem,computing,True,,0,0.14,index_scoring
log-management-siem,cpp,True,,0,7.9,index_scoring
log-management-siem,cribl,True,,0,0.5,competitor_posts
log-management-siem,croit,True,,0,5.19,competitor_posts
log-management-siem,crowdstrike,True,,0,2.16,"competitor_posts, community_search"
log-management-siem,cryptoexchange,True,,0,5.27,community_search
log-management-siem,cscareeradvice,True,,0,3.0,"index_scoring, competitor_posts"
log-management-siem,cscareerquestions,True,,0,107.88,"index_scoring, competitor_posts, community_search"
log-management-siem,cscareerquestionscad,True,,0,0.76,index_scoring
log-management-siem,cscareerquestionsin,True,,0,0.84,index_scoring
log-management-siem,cscareerquestionsoce,True,,0,2.26,index_scoring
log-management-siem,cscareerquestionssea,True,,0,0.03,index_scoring
log-management-siem,csharp,True,,0,5.24,index_scoring
log-management-siem,csmajors,True,,0,44.09,competitor_posts
log-management-siem,cyberdefamation,True,,0,0.5,community_search
log-management-siem,cybernews,True,,0,2.18,community_search
log-management-siem,cybersecurity,True,True,1,69.03,"panel_threads, ops, signal, index_scoring, competitor_posts, community_search"
log-management-siem,cybersecurity101,True,,0,3.18,"index_scoring, competitor_posts, community_search"
log-management-siem,cybersecurity_,True,,0,0.5,community_search
log-management-siem,cybersecurity_europe,True,,0,0.5,community_search
log-management-siem,cybersecurity_help,True,,0,9.33,community_search
log-management-siem,cybersecurity_jobs,True,,0,0.5,community_search
log-management-siem,cybersecurity_news,True,,0,0.74,community_search
log-management-siem,cybersecurity_pune,True,,0,0.5,community_search
log-management-siem,cybersecurity_tips,True,,0,0.5,community_search
log-management-siem,cybersecurityadvice,True,,0,6.42,"index_scoring, competitor_posts, community_search"
log-management-siem,cybersecurityai,True,,0,0.5,community_search
log-management-siem,cybersecuritycareers,True,,0,0.5,community_search
log-management-siem,cybersecurityclub,True,,0,0.5,community_search
log-management-siem,cybersecurityds,True,,0,0.5,community_search
log-management-siem,cybersecurityformsp,True,,0,0.5,community_search
log-management-siem,cybersecurityhumor,True,,0,0.5,community_search
log-management-siem,cybersecurityindia,True,,0,1.6,"index_scoring, competitor_posts, community_search"
log-management-siem,cybersecurityjobs,True,,0,3.02,"competitor_posts, community_search"
log-management-siem,cybersecuritymemes,True,,0,0.7,community_search
log-management-siem,cybersecuritynz,True,,0,0.5,community_search
log-management-siem,cybersecurityuk,True,,0,0.5,community_search
log-management-siem,cybersocitlibrary,True,,0,0.5,community_search
log-management-siem,cybersources,True,,0,0.05,"index_scoring, competitor_posts"
log-management-siem,dataanalyst,True,,0,2.62,competitor_posts
log-management-siem,database,True,True,1,0.62,"panel_threads, index_scoring"
log-management-siem,databasedevelopment,True,,0,0.15,index_scoring
log-management-siem,databricks,True,,0,1.58,competitor_posts
log-management-siem,datacenter,True,,0,10.25,index_scoring
log-management-siem,dataengineering,True,,0,21.66,"index_scoring, community_search"
log-management-siem,dataengineeringjobs,True,,0,2.45,index_scoring
log-management-siem,dataengineersindia,True,,0,2.63,"index_scoring, competitor_posts"
log-management-siem,datahoarder,True,,0,26.99,"index_scoring, community_search"
log-management-siem,dataisugly,True,,0,3.72,index_scoring
log-management-siem,datascience,True,,0,1.93,index_scoring
log-management-siem,dba,True,,0,0.5,competitor_posts
log-management-siem,de_edv,True,,0,14.56,"index_scoring, competitor_posts, community_search"
log-management-siem,debian,True,,0,6.09,index_scoring
log-management-siem,defenderatp,True,,0,0.63,competitor_posts
log-management-siem,devblogs,True,,0,0.15,index_scoring
log-management-siem,devbr,True,,0,10.75,competitor_posts
log-management-siem,developerjobs,True,,0,2.66,competitor_posts
log-management-siem,developersindia,True,,0,89.12,"index_scoring, competitor_posts"
log-management-siem,developerspak,True,,0,8.84,index_scoring
log-management-siem,developpeurs,True,,0,5.39,"index_scoring, competitor_posts"
log-management-siem,devops,True,,0,10.84,"index_scoring, competitor_posts, community_search"
log-management-siem,devopsguru,True,,0,0.51,competitor_posts
log-management-siem,devopsjobs,True,,0,11.96,"index_scoring, competitor_posts"
log-management-siem,devopslinks,True,,0,0.5,competitor_posts
log-management-siem,devpt,True,,0,2.66,"index_scoring, competitor_posts"
log-management-siem,devsarg,True,,0,14.8,competitor_posts
log-management-siem,devsecops,True,,0,1.0,competitor_posts
log-management-siem,digitalforensics,True,,0,1.46,competitor_posts
log-management-siem,diy_tech,True,,0,0.15,index_scoring
log-management-siem,django,True,,0,7.49,"index_scoring, competitor_posts"
log-management-siem,dns,True,,0,0.43,index_scoring
log-management-siem,docker,True,,0,14.52,"competitor_posts, community_search"
log-management-siem,dotnet,True,,0,11.03,"competitor_posts, community_search"
log-management-siem,dotnetjobs,True,,0,0.5,competitor_posts
log-management-siem,ece,True,,0,3.77,index_scoring
log-management-siem,elasticsearch,True,,0,0.95,"competitor_posts, community_search"
log-management-siem,electricalengineering,True,,0,11.2,index_scoring
log-management-siem,emailsecurity,True,,0,0.42,index_scoring
log-management-siem,embedded,True,,0,6.1,index_scoring
log-management-siem,engineering,True,,0,0.33,index_scoring
log-management-siem,engineeringstudents,True,,0,30.8,index_scoring
log-management-siem,enterprisesecurity,True,,0,0.5,community_search
log-management-siem,entrepreneurridealong,True,,0,32.95,index_scoring
log-management-siem,exchangeserver,True,,0,2.12,community_search
log-management-siem,experienceddevs,True,,0,13.87,"index_scoring, competitor_posts"
log-management-siem,faangrecruiting,True,,0,1.7,competitor_posts
log-management-siem,fachinformatiker,True,,0,0.74,competitor_posts
log-management-siem,fednews,True,,0,27.67,community_search
log-management-siem,finops,True,,1,0.5,"ops, index_scoring, competitor_posts"
log-management-siem,fintech,True,,0,4.35,index_scoring
log-management-siem,firewalla,True,,0,0.98,community_search
log-management-siem,flask,True,,0,0.18,index_scoring
log-management-siem,forhire,True,,0,33.95,index_scoring
log-management-siem,fortinet,True,,0,3.39,"competitor_posts, community_search"
log-management-siem,foss,True,,0,2.47,competitor_posts
log-management-siem,freebsd,True,,0,4.7,index_scoring
log-management-siem,freeitcourses,True,,0,0.66,"index_scoring, competitor_posts"
log-management-siem,gamedev,True,,0,93.17,index_scoring
log-management-siem,gdpr,True,,0,1.14,community_search
log-management-siem,germantechjobs,True,,0,0.5,competitor_posts
log-management-siem,germany,True,,0,52.88,competitor_posts
log-management-siem,getajobinit,True,,0,0.5,community_search
log-management-siem,giac,True,,0,0.57,competitor_posts
log-management-siem,git,True,,0,5.39,index_scoring
log-management-siem,golang,True,,0,15.38,"index_scoring, community_search"
log-management-siem,googlecybersecurity,True,,0,0.5,community_search
log-management-siem,grafana,True,,0,1.18,"competitor_posts, community_search"
log-management-siem,graylog,True,,0,0.5,competitor_posts
log-management-siem,grc,True,,0,1.06,"index_scoring, competitor_posts"
log-management-siem,hack_mag,True,,0,0.5,competitor_posts
log-management-siem,hacking,True,,0,2.29,"index_scoring, community_search"
log-management-siem,hacking_tutorials,True,,0,21.94,"competitor_posts, community_search"
log-management-siem,helpdesk,True,,0,1.96,competitor_posts
log-management-siem,homeassistant,True,,0,27.14,"competitor_posts, community_search"
log-management-siem,homeautomation,True,,0,206.76,community_search
log-management-siem,homedatacenter,True,,0,2.9,"competitor_posts, community_search"
log-management-siem,homelab,True,True,1,59.72,"panel_threads, ops, index_scoring, competitor_posts, community_search"
log-management-siem,homelab_india,True,,0,0.5,community_search
log-management-siem,homelabexperiments,True,,0,0.5,community_search
log-management-siem,homelabgore,True,,0,0.5,community_search
log-management-siem,homelabind,True,,0,0.5,community_search
log-management-siem,homelabindia,True,,0,0.66,"competitor_posts, community_search"
log-management-siem,homelabindiasales,True,,0,0.5,community_search
log-management-siem,homelabmasterrace,True,,0,0.5,community_search
log-management-siem,homelabos,True,,0,0.5,community_search
log-management-siem,homelabporn,True,,0,3.21,community_search
log-management-siem,homelabs,True,,0,0.5,community_search
log-management-siem,homelabsales,True,,0,7.73,"competitor_posts, community_search"
log-management-siem,homelabsalesuk,True,,0,0.5,community_search
log-management-siem,homelabshitposting,True,,0,0.5,community_search
log-management-siem,homelabturkiye,True,,0,0.5,community_search
log-management-siem,homelabv2,True,,0,0.5,community_search
log-management-siem,homenetworking,True,,0,33.13,"index_scoring, community_search"
log-management-siem,homepageporn,True,,0,0.5,community_search
log-management-siem,homeserver,True,,0,14.17,"index_scoring, community_search"
log-management-siem,hosting,True,,0,1.31,index_scoring
log-management-siem,hosting_world,True,True,1,0.5,"panel_threads, community_search"
log-management-siem,howtohack,True,,0,27.56,community_search
log-management-siem,hpc,True,,0,0.21,index_scoring
log-management-siem,iiiiiiitttttttttttt,True,,0,16.88,community_search
log-management-siem,india,True,,0,157.19,community_search
log-management-siem,indiajobs,True,,0,36.4,competitor_posts
log-management-siem,indiancyberhub,True,,0,2.4,"index_scoring, competitor_posts"
log-management-siem,indiaspeaks,True,,0,51.09,community_search
log-management-siem,indiatech,True,,0,35.95,competitor_posts
log-management-siem,indiebiz,True,,0,0.38,"index_scoring, competitor_posts"
log-management-siem,industrialautomation,True,,0,0.6,index_scoring
log-management-siem,informatikkarriere,True,,0,1.62,competitor_posts
log-management-siem,informationtechnology,True,,0,3.41,community_search
log-management-siem,infosec,True,,0,1.8,competitor_posts
log-management-siem,infosecwriteups,True,,0,0.5,competitor_posts
log-management-siem,intelligence,True,,0,1.81,index_scoring
log-management-siem,interstellarkinetics,True,,0,2.02,competitor_posts
log-management-siem,intune,True,,0,3.88,"competitor_posts, community_search"
log-management-siem,isc2,True,,0,0.51,community_search
log-management-siem,ispyconnect,True,,0,0.5,competitor_posts
log-management-siem,it,True,,1,12.47,ops
log-management-siem,it_msp,True,,0,0.5,community_search
log-management-siem,it_securitylabs,True,,0,0.5,community_search
log-management-siem,italianarmedforces,True,,0,0.5,community_search
log-management-siem,itcareerquestions,True,,0,25.77,"competitor_posts, community_search"
log-management-siem,itdept,True,,0,0.33,index_scoring
log-management-siem,itmanagers,True,,0,6.51,"index_scoring, community_search"
log-management-siem,itphilippines,True,,0,3.1,competitor_posts
log-management-siem,itportugal,True,,0,0.5,competitor_posts
log-management-siem,itsecuritymemes,True,,0,0.5,community_search
log-management-siem,javascript,True,,0,1.83,index_scoring
log-management-siem,k12sysadmin,True,,0,2.51,community_search
log-management-siem,keepersecurity,True,,0,0.5,competitor_posts
log-management-siem,kernel,True,,0,0.23,index_scoring
log-management-siem,kibernetinissaugumas,True,,0,0.5,index_scoring
log-management-siem,kubernetes,True,,0,2.12,"index_scoring, competitor_posts, community_search"
log-management-siem,learncybersecurity,True,,0,1.25,community_search
log-management-siem,learnprogramming,True,,0,198.82,index_scoring
log-management-siem,learnwithcodelivly,True,,0,0.5,competitor_posts
log-management-siem,linux,True,,0,86.57,"index_scoring, community_search"
log-management-siem,linux4noobs,True,,0,38.55,community_search
log-management-siem,linuxadmin,True,,1,2.17,"ops, index_scoring, competitor_posts, community_search"
log-management-siem,linuxmasterrace,True,,0,15.9,community_search
log-management-siem,linuxmemes,True,,0,8.24,"competitor_posts, community_search"
log-management-siem,linuxprojects,True,,0,0.5,index_scoring
log-management-siem,linuxquestions,True,,0,29.42,"index_scoring, competitor_posts, community_search"
log-management-siem,linuxupskillchallenge,True,,0,0.01,index_scoring
log-management-siem,llmdevs,True,,0,7.83,competitor_posts
log-management-siem,localllm,True,,0,55.21,index_scoring
log-management-siem,lumentechnologies,True,,0,0.5,competitor_posts
log-management-siem,machinelearning,True,,0,7.29,index_scoring
log-management-siem,macosprogramming,True,,0,0.08,index_scoring
log-management-siem,macsysadmin,True,,0,2.42,"competitor_posts, community_search"
log-management-siem,mailcow,True,,0,0.5,competitor_posts
log-management-siem,malware,True,,0,0.14,index_scoring
log-management-siem,malwareanalysis,True,,0,0.15,index_scoring
log-management-siem,mcp,True,,0,5.15,"index_scoring, competitor_posts"
log-management-siem,meraki,True,,0,1.35,competitor_posts
log-management-siem,microservices,True,,0,1.05,competitor_posts
log-management-siem,microsoftsentinel,True,,0,0.5,competitor_posts
log-management-siem,mikrotik,True,,0,2.51,"competitor_posts, community_search"
log-management-siem,minilab,True,,0,5.42,"competitor_posts, community_search"
log-management-siem,mlops,True,,0,1.79,index_scoring
log-management-siem,msp,True,,1,11.21,"ops, index_scoring, competitor_posts, community_search"
log-management-siem,mspjobs,True,,0,0.5,community_search
log-management-siem,mssp,True,,0,0.5,competitor_posts
log-management-siem,nairobitechies,True,,0,22.48,competitor_posts
log-management-siem,nbis_stock,True,,0,1.4,competitor_posts
log-management-siem,nestjs,True,,0,0.5,competitor_posts
log-management-siem,netbsd,True,,0,0.3,index_scoring
log-management-siem,netsec,True,,1,0.65,"signal, index_scoring, community_search"
log-management-siem,netsecstudents,True,,0,0.34,"index_scoring, competitor_posts, community_search"
log-management-siem,netsuite,True,,0,1.26,competitor_posts
log-management-siem,networking,True,True,1,20.42,"panel_threads, ops, index_scoring, competitor_posts, community_search"
log-management-siem,news_cybersecurity,True,,0,0.5,community_search
log-management-siem,nistcontrols,True,,0,0.61,community_search
log-management-siem,nixos,True,,0,2.99,"competitor_posts, community_search"
log-management-siem,node,True,,0,15.84,"index_scoring, competitor_posts"
log-management-siem,nutanix,True,,0,0.5,competitor_posts
log-management-siem,observability,True,,0,0.59,"index_scoring, competitor_posts"
log-management-siem,omnios,True,,0,0.5,community_search
log-management-siem,openbsd,True,,0,0.96,index_scoring
log-management-siem,opensource,True,,0,17.41,index_scoring
log-management-siem,openstack,True,,0,0.12,index_scoring
log-management-siem,opensuse,True,,0,2.45,competitor_posts
log-management-siem,opentelemetry,True,,0,0.05,"index_scoring, competitor_posts"
log-management-siem,operationssecurity,True,,0,0.5,community_search
log-management-siem,opnsense,True,,0,4.42,"index_scoring, competitor_posts"
log-management-siem,opsec,True,,0,3.71,community_search
log-management-siem,otsecurity,True,,0,0.5,competitor_posts
log-management-siem,paloaltonetworks,True,,0,2.34,"competitor_posts, community_search"
log-management-siem,parrotsecurity,True,,0,0.63,community_search
log-management-siem,pchelp,True,,0,70.62,index_scoring
log-management-siem,pfsense,True,,0,8.9,"competitor_posts, community_search"
log-management-siem,php,True,,0,2.94,index_scoring
log-management-siem,pihole,True,,0,11.04,community_search
log-management-siem,pikabu,True,,0,12.46,competitor_posts
log-management-siem,platform_engineering,True,,0,0.07,index_scoring
log-management-siem,platformengineering,True,,0,0.32,"index_scoring, competitor_posts"
log-management-siem,podman,True,,0,0.5,competitor_posts
log-management-siem,police,True,,0,1.11,index_scoring
log-management-siem,pop_os,True,,0,4.98,competitor_posts
log-management-siem,postgresql,True,,0,1.2,index_scoring
log-management-siem,powershell,True,,0,13.93,community_search
log-management-siem,privacy,True,,0,75.29,"index_scoring, community_search"
log-management-siem,programiranje,True,,0,2.22,competitor_posts
log-management-siem,programmertil,True,,0,0.02,index_scoring
log-management-siem,prometheusmonitoring,True,,0,0.59,community_search
log-management-siem,prowordpress,True,,0,0.96,index_scoring
log-management-siem,proxmox,True,,0,9.73,"competitor_posts, community_search"
log-management-siem,purpleteamsec,True,,0,0.01,"index_scoring, competitor_posts"
log-management-siem,pwnhub,True,,0,4.21,"index_scoring, competitor_posts, community_search"
log-management-siem,python,True,,0,68.21,"index_scoring, community_search"
log-management-siem,qradar,True,,0,0.5,"competitor_posts, community_search"
log-management-siem,quantifiedself,True,,0,1.26,community_search
log-management-siem,rails,True,,0,3.36,competitor_posts
log-management-siem,raspberry_pi,True,,0,148.27,"index_scoring, community_search"
log-management-siem,raspberry_pi_projects,True,,0,9.43,community_search
log-management-siem,realestatetechnology,True,,0,3.54,index_scoring
log-management-siem,redhat,True,,0,2.66,community_search
log-management-siem,redteamsec,True,,0,0.14,"index_scoring, community_search"
log-management-siem,regulatorycompliance,True,,0,0.5,community_search
log-management-siem,reverseengineering,True,,0,0.48,index_scoring
log-management-siem,ru_linux,True,,0,0.5,competitor_posts
log-management-siem,ruby,True,,0,1.14,"index_scoring, competitor_posts"
log-management-siem,ruprogrammers,True,,0,0.56,competitor_posts
log-management-siem,saas,True,,0,78.73,"index_scoring, competitor_posts"
log-management-siem,saasbuild,True,,0,11.99,index_scoring
log-management-siem,salesengineers,True,,0,3.95,competitor_posts
log-management-siem,satechnews,True,,0,0.5,competitor_posts
log-management-siem,saudi_homelab,True,,0,0.5,community_search
log-management-siem,scala,True,,0,0.73,index_scoring
log-management-siem,secbr,True,,0,0.5,competitor_posts
log-management-siem,secdevops,True,,0,0.5,community_search
log-management-siem,secopsdaily,True,,0,0.71,"index_scoring, competitor_posts, community_search"
log-management-siem,security,True,,0,7.72,"index_scoring, community_search"
log-management-siem,security_students,True,,0,0.5,competitor_posts
log-management-siem,securityblueteam,True,,0,0.96,community_search
log-management-siem,securitycareeradvice,True,,0,5.27,"index_scoring, competitor_posts, community_search"
log-management-siem,securityguards,True,,0,5.25,community_search
log-management-siem,securityit,True,,0,0.5,community_search
log-management-siem,securityoperations,True,,0,0.5,community_search
log-management-siem,selfhosted,True,True,1,66.7,"panel_threads, ops, index_scoring, competitor_posts, community_search"
log-management-siem,selfhosting,True,,0,1.21,community_search
log-management-siem,servers,True,,0,0.71,index_scoring
log-management-siem,shittysysadmin,True,,0,4.26,community_search
log-management-siem,sideproject,True,,0,53.63,index_scoring
log-management-siem,siem,True,,1,0.5,"ops, signal, competitor_posts, community_search"
log-management-siem,siemens,True,,0,0.5,community_search
log-management-siem,siemensenergy,True,,0,0.5,community_search
log-management-siem,siemenshealthineers,True,,0,0.5,community_search
log-management-siem,smallmsp,True,,0,0.5,community_search
log-management-siem,smarthome,True,,0,11.26,index_scoring
log-management-siem,snoosec,True,,0,0.5,competitor_posts
log-management-siem,soc,True,,1,0.5,signal
log-management-siem,soc2,True,,0,1.51,index_scoring
log-management-siem,socialengineering,True,,0,0.8,index_scoring
log-management-siem,socialistprogrammers,True,,0,0.16,index_scoring
log-management-siem,software,True,,0,14.84,index_scoring
log-management-siem,softwareengineer,True,,0,2.17,"index_scoring, competitor_posts"
log-management-siem,softwareengineerjobs,True,,0,2.56,competitor_posts
log-management-siem,solarwinds,True,,0,0.5,competitor_posts
log-management-siem,spin_ai,True,,0,0.5,competitor_posts
log-management-siem,splunk,True,True,1,1.17,"panel_threads, competitor_posts, community_search"
log-management-siem,sre,True,,0,1.52,"index_scoring, competitor_posts, community_search"
log-management-siem,startups,True,,0,96.15,index_scoring
log-management-siem,startupsolofounder,True,,0,5.39,index_scoring
log-management-siem,suckless,True,,0,0.96,competitor_posts
log-management-siem,sumologic,True,,0,0.5,competitor_posts
log-management-siem,syncromsp,True,,0,0.5,community_search
log-management-siem,synology,True,,0,9.07,"competitor_posts, community_search"
log-management-siem,sysadmin,True,True,1,111.96,"panel_threads, ops, signal, index_scoring, competitor_posts, community_search"
log-management-siem,sysadmin_fr,True,,0,1.26,community_search
log-management-siem,sysadmin_memes,True,,0,0.5,community_search
log-management-siem,sysadmin_rants,True,,0,0.5,community_search
log-management-siem,sysadmin_technical,True,,0,0.5,community_search
log-management-siem,sysadminblogs,True,,0,1.39,"index_scoring, competitor_posts, community_search"
log-management-siem,sysadminhumor,True,,0,2.4,community_search
log-management-siem,sysadminjobs,True,,0,1.35,"index_scoring, community_search"
log-management-siem,sysadminlife,True,,0,0.5,community_search
log-management-siem,sysadmintools,True,,0,0.5,community_search
log-management-siem,syssec,True,,0,0.5,community_search
log-management-siem,talesfromsecurity,True,,0,4.17,community_search
log-management-siem,talesfromtechsupport,True,,0,35.26,community_search
log-management-siem,tanium,True,,0,0.5,competitor_posts
log-management-siem,taquerosprogramadores,True,,0,2.56,competitor_posts
log-management-siem,technepal,True,,0,2.65,competitor_posts
log-management-siem,techsales,True,,0,10.63,competitor_posts
log-management-siem,techsnap,True,,0,0.5,community_search
log-management-siem,techsupport,True,,0,155.2,index_scoring
log-management-siem,theprivacymachine,True,,0,1.3,competitor_posts
log-management-siem,threatconnect,True,,0,0.5,community_search
log-management-siem,threatintel,True,,0,0.49,"index_scoring, community_search"
log-management-siem,ticos_ti,True,,0,0.5,competitor_posts
log-management-siem,tomatoftw,True,,0,0.5,competitor_posts
log-management-siem,truenas,True,,0,4.19,competitor_posts
log-management-siem,tryhackme,True,,0,5.26,"competitor_posts, community_search"
log-management-siem,ubiquiti,True,,0,14.85,"competitor_posts, community_search"
log-management-siem,unifi,True,,0,3.83,competitor_posts
log-management-siem,unix,True,,0,0.28,index_scoring
log-management-siem,unixporn,True,,0,30.01,competitor_posts
log-management-siem,unraid,True,,0,5.46,community_search
log-management-siem,upstart,True,,0,0.5,community_search
log-management-siem,usefulscripts,True,,0,1.54,community_search
log-management-siem,victoriametrics,True,,0,0.5,competitor_posts
log-management-siem,virtualization,True,,0,0.15,index_scoring
log-management-siem,visualization,True,,0,0.58,index_scoring
log-management-siem,vmware,True,,0,7.82,community_search
log-management-siem,vps,True,,0,1.93,index_scoring
log-management-siem,wazuh,True,,0,0.65,"competitor_posts, community_search"
log-management-siem,webapps,True,,0,0.95,index_scoring
log-management-siem,webdev,True,,0,149.24,index_scoring
log-management-siem,webhosting,True,,0,2.05,index_scoring
log-management-siem,wgucybersecurity,True,,0,1.18,"competitor_posts, community_search"
log-management-siem,wordpress,True,,0,27.2,index_scoring
log-management-siem,www_cybersecurity,True,,0,0.5,community_search
log-management-siem,yocto,True,,0,0.5,competitor_posts
log-management-siem,zabbix,True,,0,0.78,community_search
log-management-siem,zfs,True,,0,0.77,index_scoring
log-management-siem,zoho,True,,0,0.6,competitor_posts
sales-planning,accenture_india,True,,0,0.76,competitor_posts
sales-planning,acquiresaas,True,,0,0.55,community_search
sales-planning,acquisitionx,True,,0,0.5,community_search
sales-planning,adaptiveplanning,True,,0,0.5,competitor_posts
sales-planning,ai_marketing_strategy,True,,0,0.5,community_search
sales-planning,appointmentsetter,True,,0,3.96,index_scoring
sales-planning,artificialinteligence,True,,0,87.77,competitor_posts
sales-planning,askgtm,True,,0,0.13,index_scoring
sales-planning,askmarketing,True,,0,10.31,"index_scoring, competitor_posts, community_search"
sales-planning,australianstartups,True,,0,2.52,community_search
sales-planning,b2b_sales,True,,0,2.25,"index_scoring, community_search"
sales-planning,b2bforhire,True,,0,28.5,community_search
sales-planning,b2bintent,True,,0,0.5,community_search
sales-planning,b2bleadgenpro,True,,0,0.5,community_search
sales-planning,b2bmarketing,True,,1,4.6,"ops, index_scoring, community_search, old"
sales-planning,b2bsaas,True,,1,0.86,"ops, index_scoring, community_search"
sales-planning,b2bsales,True,,1,0.5,"ops, community_search"
sales-planning,b_2_b_selling_tips,True,,0,0.5,community_search
sales-planning,bayarea,True,,0,37.77,"competitor_posts, community_search"
sales-planning,big4,True,,0,9.54,index_scoring
sales-planning,bizhackers,True,,0,0.5,community_search
sales-planning,blockchain_startups,True,,0,0.5,community_search
sales-planning,blockchainstartups,True,,0,2.64,community_search
sales-planning,boxoffice,True,,0,55.81,community_search
sales-planning,bpoinph,True,,0,68.3,community_search
sales-planning,business,True,,0,116.75,"competitor_posts, community_search"
sales-planning,business_startups,True,,0,0.5,community_search
sales-planning,cfo,True,,0,1.77,index_scoring
sales-planning,cfp,True,,0,4.31,index_scoring
sales-planning,chicago,True,,0,29.63,competitor_posts
sales-planning,cmo_huddles,True,,0,0.5,index_scoring
sales-planning,cofounder,True,,0,2.76,community_search
sales-planning,cofounderhunt,True,,0,9.68,community_search
sales-planning,consulting,True,,0,17.36,index_scoring
sales-planning,corpochikaph,True,,0,2.94,competitor_posts
sales-planning,corporatefinance,True,,0,0.5,old
sales-planning,cpgdistributors,True,,0,0.5,community_search
sales-planning,cpgsales,True,,0,0.5,community_search
sales-planning,crm,True,,0,4.42,"index_scoring, competitor_posts, community_search, old"
sales-planning,crmsoftware,True,True,1,4.03,"panel_threads, index_scoring, competitor_posts, community_search"
sales-planning,customersuccess,True,,0,3.73,"index_scoring, community_search"
sales-planning,dataanalysis,True,,0,1.84,index_scoring
sales-planning,dataanalysiscareers,True,,0,2.65,index_scoring
sales-planning,deloitte,True,,0,4.02,competitor_posts
sales-planning,deloitte_usindia,True,,0,0.5,competitor_posts
sales-planning,devilcorp,True,,0,2.23,"index_scoring, community_search"
sales-planning,digialps,True,,0,0.71,competitor_posts
sales-planning,digital_marketing,True,,0,17.04,"index_scoring, community_search"
sales-planning,digitalmarketing,True,,0,23.37,"index_scoring, community_search"
sales-planning,ecommerce,True,,0,30.68,community_search
sales-planning,entrepreneurridealong,True,,0,32.95,community_search
sales-planning,erp,True,,0,0.86,community_search
sales-planning,fieldsaleshelp,True,,0,0.5,community_search
sales-planning,financejobsremote,True,,0,0.5,community_search
sales-planning,financialanalyst,True,,0,0.29,"index_scoring, competitor_posts"
sales-planning,financialcareers,True,,0,79.96,"index_scoring, community_search, old"
sales-planning,fintechstartups,True,,0,0.5,community_search
sales-planning,fluentinfinance,True,,0,26.11,competitor_posts
sales-planning,forhire,True,,0,33.95,community_search
sales-planning,fpanda,True,True,1,3.87,"panel_threads, signal, index_scoring, competitor_posts, community_search, old"
sales-planning,furniture_ecom_brands,True,,0,0.5,community_search
sales-planning,getstartups,True,,0,2.46,community_search
sales-planning,growthhacking,True,,1,7.15,ops
sales-planning,gtmengineering,True,,0,2.24,index_scoring
sales-planning,highticket_sales,True,,0,4.27,index_scoring
sales-planning,hubspot,True,,0,1.08,"community_search, old"
sales-planning,hubspotapps,True,,0,0.5,community_search
sales-planning,hudsonvalleybusiness,True,,0,0.5,community_search
sales-planning,indgineofficial,True,,0,0.5,competitor_posts
sales-planning,indianstartups,True,,0,7.8,community_search
sales-planning,indiaspeaks,True,,0,51.09,community_search
sales-planning,indiastartups,True,,0,1.18,community_search
sales-planning,indie_startups,True,,0,0.64,community_search
sales-planning,indiehackers,True,,0,6.65,"index_scoring, community_search"
sales-planning,insuranceagent,True,,0,7.76,index_scoring
sales-planning,italiastartups,True,,0,0.5,community_search
sales-planning,kenyastartups,True,,0,0.5,community_search
sales-planning,leadgeneration,True,,0,3.11,community_search
sales-planning,leadgenerationservice,True,,0,0.5,community_search
sales-planning,leadgensea,True,,0,0.5,community_search
sales-planning,linkedinlunatics,True,,0,48.9,community_search
sales-planning,macrostartups,True,,0,1.32,community_search
sales-planning,manufacturersreps,True,,0,0.5,community_search
sales-planning,marketing,True,,0,88.83,"index_scoring, community_search"
sales-planning,marketing_automation,True,,0,0.5,community_search
sales-planning,marketingautomation,True,,0,3.78,community_search
sales-planning,micro_saas,True,,0,22.82,community_search
sales-planning,microsaas,True,,0,21.23,community_search
sales-planning,modernitleadership,True,,0,0.5,community_search
sales-planning,negotiation,True,,0,2.11,index_scoring
sales-planning,pakstartups,True,,0,1.0,community_search
sales-planning,partneredyoutube,True,,0,8.52,competitor_posts
sales-planning,phstartups,True,,0,1.42,community_search
sales-planning,powerbi,True,,0,9.61,community_search
sales-planning,productmanagement,True,,0,12.74,community_search
sales-planning,productmanagementjobs,True,,0,0.5,competitor_posts
sales-planning,productmarketing,True,,0,1.53,"index_scoring, community_search"
sales-planning,projectmanagement,True,,0,10.84,"index_scoring, community_search"
sales-planning,promarkia,True,,0,0.5,community_search
sales-planning,realtors,True,,0,8.97,community_search
sales-planning,redditjobboard,True,,0,0.5,competitor_posts
sales-planning,revenueoperations,True,,1,0.5,"signal, community_search, old"
sales-planning,revops,True,True,1,0.5,"panel_threads, ops, signal, community_search"
sales-planning,revopscareers,True,,0,0.5,community_search
sales-planning,saas,True,,1,78.73,"ops, index_scoring, community_search, old"
sales-planning,saasclerk,True,,0,0.5,community_search
sales-planning,saasforsale,True,,0,1.08,community_search
sales-planning,saasmarketing,True,,0,1.67,community_search
sales-planning,saassales,True,,0,1.62,"index_scoring, community_search"
sales-planning,sales,True,,1,29.84,"signal, index_scoring, competitor_posts, community_search, old"
sales-planning,sales_eh,True,,0,0.5,community_search
sales-planning,sales_india,True,,0,0.5,community_search
sales-planning,sales_intelligence,True,,0,0.5,"index_scoring, community_search"
sales-planning,sales_professionals,True,,0,4.19,"index_scoring, community_search"
sales-planning,salesandmarketing,True,,0,0.5,community_search
sales-planning,salesdevelopment,True,,0,2.09,"index_scoring, competitor_posts, community_search"
sales-planning,salesengineers,True,,0,3.95,"index_scoring, community_search"
sales-planning,salesforce,True,,0,5.25,"competitor_posts, community_search, old"
sales-planning,salesforce_architects,True,,0,0.5,community_search
sales-planning,salesforceadmin,True,,0,0.5,community_search
sales-planning,salesforcebuilders,True,,0,0.5,community_search
sales-planning,salesforcecareerindia,True,,0,0.5,community_search
sales-planning,salesforcecareers,True,,0,1.03,"competitor_posts, community_search"
sales-planning,salesforcecertified,True,,0,0.5,community_search
sales-planning,salesforcedeveloper,True,,0,1.01,community_search
sales-planning,salesforcedotcom,True,,0,0.5,community_search
sales-planning,salesforcejob,True,,0,0.5,community_search
sales-planning,salesforcestudygroup,True,,0,0.5,community_search
sales-planning,salesmanagement,True,,1,0.5,ops
sales-planning,salesoperations,True,,1,1.05,"ops, signal, index_scoring, community_search, old"
sales-planning,salesops,True,,1,0.5,"ops, community_search"
sales-planning,salestechniques,True,,0,3.11,"community_search, old"
sales-planning,sap,True,,0,2.84,competitor_posts
sales-planning,sellmybusiness,True,,0,0.47,index_scoring
sales-planning,servicewriting,True,,0,0.5,community_search
sales-planning,sideproject,True,,0,53.63,community_search
sales-planning,smallbusiness,True,,0,114.69,"index_scoring, community_search"
sales-planning,staples,True,,0,1.18,community_search
sales-planning,startup,True,,0,14.54,community_search
sales-planning,startup_ideas,True,,0,15.51,community_search
sales-planning,startupindia,True,,0,20.32,"index_scoring, community_search"
sales-planning,startups,True,,1,96.15,"ops, index_scoring, community_search, old"
sales-planning,startups_eu,True,,0,0.84,community_search
sales-planning,startups_promotion,True,,0,1.85,community_search
sales-planning,startupsargentina,True,,0,0.5,community_search
sales-planning,startupshelpstartups,True,,0,1.12,community_search
sales-planning,startupsindubai,True,,0,0.5,community_search
sales-planning,startupsolofounder,True,,0,5.39,community_search
sales-planning,strategy,True,,0,1.09,community_search
sales-planning,tableau,True,,0,4.26,community_search
sales-planning,techsales,True,,0,10.63,"index_scoring, competitor_posts, community_search"
sales-planning,techsalesjobs,True,,0,0.5,index_scoring
sales-planning,techstartups,True,,0,0.7,community_search
sales-planning,uae_startups,True,,0,1.61,community_search
sales-planning,ukstartups,True,,0,1.98,community_search
sales-planning,vendasb2bbrasil,True,,0,0.5,community_search
sales-planning,voiceai_automation,True,,0,0.5,community_search
sales-planning,wgu_business,True,,0,0.5,community_search
sales-planning,workday,True,,0,1.13,competitor_posts
sales-planning,workday_community,True,,0,0.5,competitor_posts
sales-planning,ycombinator,True,,0,9.28,community_search
sales-planning,youngentrepreneur,True,,0,1.93,index_scoring
sales-planning,zoho,True,,0,0.6,community_search
cloud-hosting,24hoursupport,True,,0,3.25,index_scoring
cloud-hosting,2b2t,True,,0,9.37,community_search
cloud-hosting,accompetizione,True,,0,5.11,community_search
cloud-hosting,actutech,True,,0,3.48,competitor_posts
cloud-hosting,admincraft,True,,0,6.79,community_search
cloud-hosting,adops,True,,0,2.54,index_scoring
cloud-hosting,advancedentrepreneur,True,,0,1.27,index_scoring
cloud-hosting,affiliatemarketing,True,,0,2.13,index_scoring
cloud-hosting,agency,True,,0,4.55,index_scoring
cloud-hosting,agencynewbies,True,,0,5.68,index_scoring
cloud-hosting,agile,True,,0,7.77,community_search
cloud-hosting,ai_agents,True,,0,35.16,index_scoring
cloud-hosting,aiautomations,True,,0,3.69,index_scoring
cloud-hosting,aicodingprofessionals,True,,0,0.59,index_scoring
cloud-hosting,aidevelopernews,True,,0,0.61,index_scoring
cloud-hosting,alphaandbetausers,True,,0,3.52,"index_scoring, competitor_posts"
cloud-hosting,amd,True,,0,100.87,community_search
cloud-hosting,amneziavpn,True,,0,0.88,competitor_posts
cloud-hosting,ansible,True,,0,3.64,community_search
cloud-hosting,anytype,True,,0,0.65,community_search
cloud-hosting,appbusiness,True,,0,7.7,index_scoring
cloud-hosting,archiveteam,True,,0,1.1,index_scoring
cloud-hosting,archlinux,True,,0,18.06,community_search
cloud-hosting,argaming,True,,0,8.25,competitor_posts
cloud-hosting,ark,True,,0,22.54,community_search
cloud-hosting,arksurvivalascended,True,,0,2.3,competitor_posts
cloud-hosting,artificialinteligence,True,,0,87.77,index_scoring
cloud-hosting,asknetsec,True,,0,1.92,index_scoring
cloud-hosting,askprogramming,True,,0,6.53,index_scoring
cloud-hosting,asktechnology,True,,0,2.82,index_scoring
cloud-hosting,autohospedagem,True,,1,2.72,"partner_mentions, index_scoring, community_search"
cloud-hosting,automate,True,,0,0.06,index_scoring
cloud-hosting,aws,True,,1,17.84,"index_core, index_scoring, competitor_posts, community_search"
cloud-hosting,awscertifications,True,,0,7.82,community_search
cloud-hosting,azuracast,True,,0,0.5,community_search
cloud-hosting,azure,True,,0,9.72,community_search
cloud-hosting,azuredevops,True,,0,1.45,community_search
cloud-hosting,backend,True,,0,3.36,index_scoring
cloud-hosting,baconfeet,True,,0,0.5,community_search
cloud-hosting,bashonubuntuonwindows,True,,0,1.31,community_search
cloud-hosting,battlefield,True,,0,69.55,community_search
cloud-hosting,battlefieldportal,True,,0,1.06,community_search
cloud-hosting,beginnerwebdev,True,,0,0.5,community_search
cloud-hosting,bestgameserverhosting,True,,0,0.5,community_search
cloud-hosting,better_claw,True,,0,0.6,community_search
cloud-hosting,bigdata,True,,0,0.02,index_scoring
cloud-hosting,bigseo,True,,0,6.4,index_scoring
cloud-hosting,bitcoin,True,,1,368.38,"partner_mentions, community_search"
cloud-hosting,bitcoinmining,True,,0,1.63,index_scoring
cloud-hosting,bitwarden,True,,0,5.58,community_search
cloud-hosting,blober,True,,1,0.5,partner_mentions
cloud-hosting,bloggers,True,,0,0.77,index_scoring
cloud-hosting,blogging,True,,0,2.43,"index_scoring, community_search"
cloud-hosting,bootstrappedstacks,True,,1,0.5,partner_mentions
cloud-hosting,brdev,True,,0,49.6,"index_scoring, competitor_posts, community_search"
cloud-hosting,bsd,True,,0,0.47,index_scoring
cloud-hosting,businessemail,True,True,1,0.51,"panel_threads, index_scoring, competitor_posts"
cloud-hosting,buy_european,True,,0,0.75,competitor_posts
cloud-hosting,buycanadian,True,,0,18.35,community_search
cloud-hosting,buyfromeu,True,,0,16.64,"competitor_posts, community_search"
cloud-hosting,casaos,True,,0,0.5,community_search
cloud-hosting,caschysblog,True,,0,0.5,competitor_posts
cloud-hosting,ccie,True,,0,0.43,index_scoring
cloud-hosting,ccna,True,,0,6.82,community_search
cloud-hosting,ccnp,True,,0,1.96,index_scoring
cloud-hosting,cheaperwebhosting,True,,1,0.5,partner_mentions
cloud-hosting,cheapvps,True,,0,0.5,"competitor_posts, community_search"
cloud-hosting,chromeos,True,,0,26.21,community_search
cloud-hosting,ckaexam,True,,0,0.5,community_search
cloud-hosting,claudeai,True,,0,52.84,competitor_posts
cloud-hosting,cloud,True,True,1,1.23,"panel_threads, index_core, index_scoring, competitor_posts"
cloud-hosting,cloudcomputing,True,,0,2.04,competitor_posts
cloud-hosting,cloudengineering,True,,1,0.67,"index_core, index_scoring"
cloud-hosting,cloudflare,True,,0,3.37,competitor_posts
cloud-hosting,cloudndevops,True,,0,0.5,community_search
cloud-hosting,cloudstorage,True,,1,1.0,"index_core, index_scoring"
cloud-hosting,cloudvps,True,,1,0.5,"partner_mentions, competitor_posts"
cloud-hosting,cloudwaysbydo,True,,0,0.5,"competitor_posts, community_search"
cloud-hosting,cloudygamer,True,,0,1.89,community_search
cloud-hosting,coding,True,,0,0.38,index_scoring
cloud-hosting,codinghelp,True,,0,0.2,index_scoring
cloud-hosting,commandline,True,,0,1.8,index_scoring
cloud-hosting,compdota2,True,,0,1.01,community_search
cloud-hosting,compilers,True,,0,1.97,community_search
cloud-hosting,computerforensics,True,,0,0.55,index_scoring
cloud-hosting,computerhelp,True,,0,12.41,index_scoring
cloud-hosting,computers,True,,0,16.51,index_scoring
cloud-hosting,computersecurity,True,,0,0.06,index_scoring
cloud-hosting,computing,True,,0,0.14,index_scoring
cloud-hosting,conanexiles,True,,0,12.16,community_search
cloud-hosting,conspiracy,True,,0,109.26,community_search
cloud-hosting,contabo,True,,1,0.5,"partner_mentions, owned"
cloud-hosting,containerization,True,,0,0.5,community_search
cloud-hosting,coolgithubprojects,True,,0,5.53,community_search
cloud-hosting,coolify,True,,0,0.5,competitor_posts
cloud-hosting,copywriting,True,,0,11.84,index_scoring
cloud-hosting,coupon_discount_codes,True,,0,0.5,competitor_posts
cloud-hosting,couponcodebd,True,,1,0.5,"partner_mentions, competitor_posts"
cloud-hosting,couponcodes,True,,0,0.5,competitor_posts
cloud-hosting,coursecreators,True,,0,0.5,community_search
cloud-hosting,creditcardsindia,True,,1,18.01,partner_mentions
cloud-hosting,crossplane,True,,0,0.5,community_search
cloud-hosting,cryptogeum,True,,0,0.5,competitor_posts
cloud-hosting,cscareerquestions,True,,0,107.88,community_search
cloud-hosting,cscareerquestionscad,True,,0,0.76,index_scoring
cloud-hosting,cscareerquestionseu,True,,0,8.01,community_search
cloud-hosting,cscareerquestionsin,True,,0,0.84,index_scoring
cloud-hosting,cscareerquestionsoce,True,,0,2.26,index_scoring
cloud-hosting,cscareerquestionssea,True,,0,0.03,index_scoring
cloud-hosting,curseforge,True,,1,1.22,partner_mentions
cloud-hosting,cybernews,True,,0,2.18,competitor_posts
cloud-hosting,cybersecurity,True,,1,69.03,"index_core, index_scoring, community_search"
cloud-hosting,cyprus,True,,0,3.4,competitor_posts
cloud-hosting,database,True,,0,0.62,"index_scoring, competitor_posts"
cloud-hosting,databasedevelopment,True,,0,0.15,index_scoring
cloud-hosting,datacenter,True,,0,10.25,"index_scoring, competitor_posts"
cloud-hosting,dataengineering,True,,0,21.66,"index_scoring, community_search"
cloud-hosting,datahoarder,True,,1,26.99,"partner_mentions, index_scoring, community_search"
cloud-hosting,datarecovery,True,,0,3.08,index_scoring
cloud-hosting,datascience,True,,0,1.93,index_scoring
cloud-hosting,dayz,True,,1,25.27,partner_mentions
cloud-hosting,dayzservers,True,,0,2.25,community_search
cloud-hosting,dcos,True,,0,0.5,community_search
cloud-hosting,de_edv,True,,0,14.56,"index_scoring, competitor_posts"
cloud-hosting,dealhunt,True,,0,0.5,competitor_posts
cloud-hosting,dealscouponsbargains,True,,0,0.5,competitor_posts
cloud-hosting,degoogle,True,,0,54.97,"index_scoring, community_search"
cloud-hosting,desarrolloweb,True,,0,0.5,competitor_posts
cloud-hosting,dev,True,,0,0.35,index_scoring
cloud-hosting,devblogs,True,,0,0.15,index_scoring
cloud-hosting,developers,True,,1,2.64,"partner_mentions, community_search"
cloud-hosting,developers_hire,True,,0,3.78,competitor_posts
cloud-hosting,developersindia,True,,0,89.12,"index_scoring, competitor_posts, community_search"
cloud-hosting,devops,True,,1,10.84,"index_core, index_scoring, competitor_posts, community_search"
cloud-hosting,devops7,True,,0,0.5,community_search
cloud-hosting,devopscomic,True,,0,0.5,community_search
cloud-hosting,devopsguru,True,,0,0.51,community_search
cloud-hosting,devopsish,True,,0,0.5,community_search
cloud-hosting,devopsjobs,True,,1,11.96,"index_core, index_scoring, community_search"
cloud-hosting,devopsjobsus,True,,0,0.5,community_search
cloud-hosting,devopskerala,True,,0,0.5,community_search
cloud-hosting,devopslinks,True,,0,0.5,community_search
cloud-hosting,devopsprojectshq,True,,0,0.5,community_search
cloud-hosting,devopssec,True,,0,0.5,community_search
cloud-hosting,devsarg,True,,0,14.8,"index_scoring, competitor_posts, community_search"
cloud-hosting,devsecops,True,,0,1.0,community_search
cloud-hosting,devsforhire,True,,0,0.21,index_scoring
cloud-hosting,dhexchange,True,,0,1.02,index_scoring
cloud-hosting,digital_marketing,True,,0,17.04,index_scoring
cloud-hosting,digital_ocean,True,,0,0.5,competitor_posts
cloud-hosting,digitalescapetools,True,,0,3.26,index_scoring
cloud-hosting,digitalmarketing,True,,0,23.37,index_scoring
cloud-hosting,discord_bots,True,,0,0.79,index_scoring
cloud-hosting,discordbots,True,,0,0.87,competitor_posts
cloud-hosting,django,True,,0,7.49,"index_scoring, competitor_posts, community_search"
cloud-hosting,djangolearning,True,,0,0.12,index_scoring
cloud-hosting,dns,True,,0,0.43,index_scoring
cloud-hosting,docker,True,,0,14.52,community_search
cloud-hosting,docker_devops,True,,0,0.5,community_search
cloud-hosting,docker_devops_cloud,True,,0,0.5,community_search
cloud-hosting,dockerce,True,,0,0.5,community_search
cloud-hosting,dockercontainers,True,,0,0.5,community_search
cloud-hosting,dockerfiles,True,,0,0.5,community_search
cloud-hosting,dockerswarm,True,,0,0.5,community_search
cloud-hosting,domainflipping,True,,0,0.52,competitor_posts
cloud-hosting,domains,True,,0,5.74,"index_scoring, competitor_posts"
cloud-hosting,domainzone,True,,0,0.89,"index_scoring, competitor_posts"
cloud-hosting,dota2,True,,0,80.53,community_search
cloud-hosting,dotnet,True,,0,11.03,community_search
cloud-hosting,dumbclub,True,,1,0.5,"partner_mentions, competitor_posts"
cloud-hosting,ecommerce,True,,0,30.68,"index_scoring, competitor_posts, community_search"
cloud-hosting,egypt_developers,True,,1,10.27,"partner_mentions, index_scoring"
cloud-hosting,electricalengineering,True,,0,11.2,index_scoring
cloud-hosting,emailmarketing,True,,0,5.61,index_scoring
cloud-hosting,engineering,True,,0,0.33,index_scoring
cloud-hosting,entrepreneurridealong,True,,0,32.95,index_scoring
cloud-hosting,entrepreneurs,True,,0,8.95,index_scoring
cloud-hosting,ethermining,True,,0,8.71,community_search
cloud-hosting,etl,True,,0,0.34,index_scoring
cloud-hosting,eu_economics,True,,0,2.08,competitor_posts
cloud-hosting,euronodes,True,,1,0.5,partner_mentions
cloud-hosting,europeanunion,True,,0,2.8,competitor_posts
cloud-hosting,eutech,True,,0,1.07,competitor_posts
cloud-hosting,exchangeserver,True,,1,2.12,partner_mentions
cloud-hosting,experienceddevs,True,,0,13.87,"index_scoring, community_search"
cloud-hosting,faangrecruiting,True,,0,1.7,competitor_posts
cloud-hosting,fedora,True,,0,28.53,"index_scoring, community_search"
cloud-hosting,femalefounders,True,,0,1.86,index_scoring
cloud-hosting,finops,True,,0,0.5,index_scoring
cloud-hosting,firebase,True,,0,2.18,competitor_posts
cloud-hosting,flask,True,,0,0.18,"index_scoring, community_search"
cloud-hosting,fluxerapp,True,,0,0.5,community_search
cloud-hosting,forex,True,True,1,24.86,panel_threads
cloud-hosting,forhire,True,,0,33.95,community_search
cloud-hosting,foss,True,,0,2.47,index_scoring
cloud-hosting,foundryvtt,True,,0,4.05,community_search
cloud-hosting,france,True,,0,117.22,competitor_posts
cloud-hosting,frandroid,True,,0,0.69,competitor_posts
cloud-hosting,freebsd,True,,0,4.7,community_search
cloud-hosting,freelance,True,,0,31.57,index_scoring
cloud-hosting,freewebhosting,True,,0,0.5,community_search
cloud-hosting,frontend,True,,0,15.84,index_scoring
cloud-hosting,fullstackdevelopers,True,,0,1.88,index_scoring
cloud-hosting,gamedev,True,,0,93.17,"index_scoring, community_search"
cloud-hosting,gameserverhosting101,True,,0,0.5,community_search
cloud-hosting,germany_jobs,True,,0,2.3,competitor_posts
cloud-hosting,getstartups,True,,1,2.46,partner_mentions
cloud-hosting,ghost,True,,0,0.98,community_search
cloud-hosting,git,True,,0,5.39,community_search
cloud-hosting,globaloffensive,True,,0,131.18,community_search
cloud-hosting,gnome,True,,0,6.34,competitor_posts
cloud-hosting,godlikehosting,True,,0,0.5,community_search
cloud-hosting,golang,True,,1,15.38,"partner_mentions, index_scoring, competitor_posts, community_search"
cloud-hosting,googleanalytics,True,,0,1.88,index_scoring
cloud-hosting,googlecloud,True,,0,4.48,"competitor_posts, community_search"
cloud-hosting,gpu,True,,1,11.83,partner_mentions
cloud-hosting,grandtheftautov,True,,0,17.15,community_search
cloud-hosting,greece,True,,0,12.65,competitor_posts
cloud-hosting,grimmory,True,,0,0.5,community_search
cloud-hosting,grocy,True,,0,0.5,community_search
cloud-hosting,growmybusiness,True,,0,6.96,index_scoring
cloud-hosting,growthhacking,True,,0,7.15,index_scoring
cloud-hosting,gtaonline,True,,0,82.04,community_search
cloud-hosting,gtmengineering,True,,0,2.24,competitor_posts
cloud-hosting,hardware,True,,0,196.75,"competitor_posts, community_search"
cloud-hosting,hardwareswap,True,,0,21.27,community_search
cloud-hosting,helm,True,,0,0.5,community_search
cloud-hosting,hermesagent,True,,1,4.96,"partner_mentions, competitor_posts"
cloud-hosting,hetzner,True,True,1,1.36,"panel_threads, partner_mentions, competitor_posts, community_search"
cloud-hosting,homeassistant,True,,0,27.14,community_search
cloud-hosting,homedatacenter,True,,0,2.9,community_search
cloud-hosting,homelab,True,,1,59.72,"partner_mentions, index_scoring, competitor_posts, community_search"
cloud-hosting,homelab_india,True,,0,0.5,community_search
cloud-hosting,homelabexperiments,True,,0,0.5,community_search
cloud-hosting,homelabgore,True,,0,0.5,community_search
cloud-hosting,homelabind,True,,0,0.5,"competitor_posts, community_search"
cloud-hosting,homelabindia,True,,0,0.66,"competitor_posts, community_search"
cloud-hosting,homelabindiasales,True,,0,0.5,community_search
cloud-hosting,homelabmasterrace,True,,0,0.5,community_search
cloud-hosting,homelabos,True,,0,0.5,community_search
cloud-hosting,homelabporn,True,,0,3.21,community_search
cloud-hosting,homelabs,True,,0,0.5,community_search
cloud-hosting,homelabsales,True,,0,7.73,community_search
cloud-hosting,homelabsalesuk,True,,0,0.5,community_search
cloud-hosting,homelabshitposting,True,,0,0.5,community_search
cloud-hosting,homelabturkiye,True,,0,0.5,community_search
cloud-hosting,homelabv2,True,,0,0.5,community_search
cloud-hosting,homemediaserver,True,,0,0.5,community_search
cloud-hosting,homenetworking,True,,0,33.13,"index_scoring, community_search"
cloud-hosting,homeserver,True,,1,14.17,"index_core, index_scoring, community_search"
cloud-hosting,hosting,True,,1,1.31,"partner_mentions, index_core, index_scoring, competitor_posts, community_search"
cloud-hosting,hosting_world,True,True,1,0.5,"panel_threads, partner_mentions, competitor_posts"
cloud-hosting,hostingbattle,True,,1,0.5,"index_core, index_scoring, community_search"
cloud-hosting,hostingdeals,True,,0,0.5,community_search
cloud-hosting,hostinger,True,,0,0.55,competitor_posts
cloud-hosting,hostinghostel,True,,0,0.5,community_search
cloud-hosting,hostingreport,True,,1,0.21,"partner_mentions, index_core, index_scoring, competitor_posts, community_search"
cloud-hosting,hostingstories,True,,1,0.5,partner_mentions
cloud-hosting,hostingtruth,True,,0,0.5,"competitor_posts, community_search"
cloud-hosting,hostkoala,True,,0,0.5,community_search
cloud-hosting,hostnocc,True,,1,0.5,partner_mentions
cloud-hosting,hpc,True,,0,0.21,index_scoring
cloud-hosting,html,True,,0,1.51,index_scoring
cloud-hosting,i2p,True,,0,1.81,community_search
cloud-hosting,immich,True,,0,2.95,community_search
cloud-hosting,inat,True,,0,5.36,index_scoring
cloud-hosting,india,True,,0,157.19,community_search
cloud-hosting,indiaalgotrading,True,,1,1.09,partner_mentions
cloud-hosting,indiabusiness,True,,0,26.12,"index_scoring, competitor_posts"
cloud-hosting,indianfocus,True,,0,3.16,competitor_posts
cloud-hosting,indianstartups,True,,0,7.8,competitor_posts
cloud-hosting,indiatech,True,,1,35.95,"partner_mentions, index_scoring"
cloud-hosting,indieappcircle,True,,1,0.5,partner_mentions
cloud-hosting,indiebiz,True,,0,0.38,index_scoring
cloud-hosting,indiedev,True,,0,53.35,index_scoring
cloud-hosting,indiehackers,True,,0,6.65,index_scoring
cloud-hosting,indieweb,True,,0,0.7,index_scoring
cloud-hosting,indotech,True,,1,50.99,"partner_mentions, competitor_posts"
cloud-hosting,internationalbusiness,True,,0,0.21,index_scoring
cloud-hosting,internetbrasil,True,,1,9.94,partner_mentions
cloud-hosting,interserver,True,,0,0.5,competitor_posts
cloud-hosting,interviewpreparations,True,,0,1.39,competitor_posts
cloud-hosting,interviews,True,,0,14.27,competitor_posts
cloud-hosting,it,True,,0,12.47,"index_scoring, competitor_posts"
cloud-hosting,italyinformatica,True,,0,8.78,competitor_posts
cloud-hosting,itcareerquestions,True,,0,25.77,"index_scoring, community_search"
cloud-hosting,itdept,True,,0,0.33,index_scoring
cloud-hosting,java,True,,0,1.87,"index_scoring, community_search"
cloud-hosting,javascript,True,,0,1.83,index_scoring
cloud-hosting,javascriptjobs,True,,0,0.24,index_scoring
cloud-hosting,jellyfin,True,,0,6.01,community_search
cloud-hosting,jobboardsearch,True,,1,1.24,partner_mentions
cloud-hosting,joomla,True,,0,0.12,index_scoring
cloud-hosting,jquery,True,,0,0.94,community_search
cloud-hosting,juststart,True,,0,0.23,"index_scoring, community_search"
cloud-hosting,k3s,True,,0,0.5,community_search
cloud-hosting,kafkafps,True,,0,7.3,competitor_posts
cloud-hosting,kalilinux,True,,0,6.45,community_search
cloud-hosting,kenyantechies,True,,1,0.5,partner_mentions
cloud-hosting,kibernetinissaugumas,True,,1,0.5,partner_mentions
cloud-hosting,kubeflow,True,,0,0.5,community_search
cloud-hosting,kubernetes,True,True,1,2.12,"panel_threads, partner_mentions, index_scoring, community_search"
cloud-hosting,kubernetescerts,True,,0,0.5,community_search
cloud-hosting,kuberneteslinks,True,,0,0.5,community_search
cloud-hosting,laravel,True,,0,4.99,competitor_posts
cloud-hosting,learncybersecurity,True,,1,1.25,partner_mentions
cloud-hosting,learndevops,True,,0,0.5,community_search
cloud-hosting,learnprogramming,True,,0,198.82,"index_scoring, community_search"
cloud-hosting,learnpython,True,,0,10.07,index_scoring
cloud-hosting,leetcodechallenge,True,,0,0.65,competitor_posts
cloud-hosting,legaladvicegerman,True,,1,8.3,partner_mentions
cloud-hosting,lightningnetwork,True,,1,1.57,partner_mentions
cloud-hosting,linode,True,,0,0.5,competitor_posts
cloud-hosting,linustechtips,True,,0,23.22,competitor_posts
cloud-hosting,linux,True,,0,86.57,"index_scoring, competitor_posts, community_search"
cloud-hosting,linux4noobs,True,,0,38.55,"index_scoring, competitor_posts, community_search"
cloud-hosting,linux_gaming,True,,0,19.98,community_search
cloud-hosting,linuxactionshow,True,,0,0.64,community_search
cloud-hosting,linuxadmin,True,,1,2.17,"partner_mentions, index_scoring, community_search"
cloud-hosting,linuxadmins,True,,0,0.5,community_search
cloud-hosting,linuxcirclejerk,True,,0,3.38,competitor_posts
cloud-hosting,linuxfr,True,,1,0.61,partner_mentions
cloud-hosting,linuxhardware,True,,0,1.44,"index_scoring, competitor_posts"
cloud-hosting,linuxmasterrace,True,,0,15.9,community_search
cloud-hosting,linuxmemes,True,,0,8.24,"competitor_posts, community_search"
cloud-hosting,linuxmint,True,,0,10.04,"competitor_posts, community_search"
cloud-hosting,linuxquestions,True,,0,29.42,"index_scoring, community_search"
cloud-hosting,linuxserver,True,,0,0.5,community_search
cloud-hosting,linuxserversupport,True,,0,0.5,community_search
cloud-hosting,linuxteck,True,,1,1.0,"index_core, index_scoring, competitor_posts, community_search"
cloud-hosting,linuxturkey,True,,1,0.63,partner_mentions
cloud-hosting,linuxupskillchallenge,True,,0,0.01,"index_scoring, community_search"
cloud-hosting,localllama,True,,0,53.71,"index_scoring, competitor_posts, community_search"
cloud-hosting,localllm,True,,0,55.21,"index_scoring, community_search"
cloud-hosting,london_entrepreneurs,True,,0,0.18,index_scoring
cloud-hosting,lunaseaapp,True,,0,0.5,community_search
cloud-hosting,machinelearning,True,,0,7.29,index_scoring
cloud-hosting,madeinpython,True,,0,0.06,index_scoring
cloud-hosting,mailbox_org,True,,0,0.5,community_search
cloud-hosting,mailchimp,True,,1,0.52,partner_mentions
cloud-hosting,malware,True,,0,0.14,index_scoring
cloud-hosting,mariadb,True,,0,0.5,competitor_posts
cloud-hosting,matrixdotorg,True,,0,0.5,community_search
cloud-hosting,mcp,True,,0,5.15,"index_scoring, competitor_posts, community_search"
cloud-hosting,mcservers,True,,0,1.55,index_scoring
cloud-hosting,mediastack,True,,0,0.5,community_search
cloud-hosting,mergedprs,True,,0,0.15,index_scoring
cloud-hosting,methodvpn,True,,0,0.5,competitor_posts
cloud-hosting,micro_saas,True,,1,22.82,"partner_mentions, index_scoring"
cloud-hosting,microsoftfabric,True,,0,1.27,community_search
cloud-hosting,mikrotik,True,,0,2.51,community_search
cloud-hosting,minecraftgameserver,True,,0,0.5,community_search
cloud-hosting,minecraftserver,True,True,1,35.69,"panel_threads, partner_mentions, index_scoring, competitor_posts"
cloud-hosting,minilab,True,,0,5.42,community_search
cloud-hosting,mlops,True,,0,1.79,community_search
cloud-hosting,moneromining,True,,0,1.1,index_scoring
cloud-hosting,mos_official_net,True,,0,0.5,community_search
cloud-hosting,msp,True,,1,11.21,"index_core, index_scoring, community_search"
cloud-hosting,mspjobs,True,,0,0.5,index_scoring
cloud-hosting,musicfeedback,True,,0,1.62,community_search
cloud-hosting,n8n,True,,1,11.65,"partner_mentions, competitor_posts, community_search"
cloud-hosting,nairobitechies,True,,1,22.48,"partner_mentions, index_scoring"
cloud-hosting,nanocurrency,True,,1,5.65,partner_mentions
cloud-hosting,netbird,True,,0,0.5,"competitor_posts, community_search"
cloud-hosting,netsec,True,,0,0.65,"index_scoring, community_search"
cloud-hosting,netsecstudents,True,,0,0.34,index_scoring
cloud-hosting,network,True,,0,2.21,competitor_posts
cloud-hosting,networking,True,,0,20.42,index_scoring
cloud-hosting,networkingjobs,True,,0,0.15,index_scoring
cloud-hosting,nextcloud,True,,0,3.33,community_search
cloud-hosting,nextjs,True,,0,2.19,"index_scoring, community_search"
cloud-hosting,nigeria,True,,0,11.98,competitor_posts
cloud-hosting,nixos,True,,0,2.99,"competitor_posts, community_search"
cloud-hosting,nocode,True,,0,6.35,index_scoring
cloud-hosting,node,True,,0,15.84,"index_scoring, community_search"
cloud-hosting,numerama,True,,0,0.66,competitor_posts
cloud-hosting,obsidianmd,True,,0,16.58,community_search
cloud-hosting,onions,True,,0,0.91,"index_scoring, community_search"
cloud-hosting,openclaw,True,,1,6.1,"partner_mentions, competitor_posts"
cloud-hosting,openclawhosting,True,,0,0.5,community_search
cloud-hosting,openclawusecases,True,,1,1.24,"partner_mentions, community_search"
cloud-hosting,openshift,True,,0,0.53,community_search
cloud-hosting,opensource,True,,0,17.41,"index_scoring, community_search"
cloud-hosting,opensourcealternative,True,,0,0.5,index_scoring
cloud-hosting,openstack,True,,0,0.12,index_scoring
cloud-hosting,opnsensefirewall,True,,0,1.42,community_search
cloud-hosting,opportunities_ghana,True,,1,0.5,partner_mentions
cloud-hosting,oraclecloud,True,True,1,0.8,panel_threads
cloud-hosting,osdev,True,,0,5.89,index_scoring
cloud-hosting,overwatch2,True,,0,8.7,community_search
cloud-hosting,ovh,True,,0,0.5,competitor_posts
cloud-hosting,ovhcloud,True,,0,0.5,competitor_posts
cloud-hosting,pakistan,True,,1,31.63,partner_mentions
cloud-hosting,pangolinreverseproxy,True,,0,0.5,competitor_posts
cloud-hosting,paperlessngx,True,,0,0.65,index_scoring
cloud-hosting,passive_income,True,,0,56.69,index_scoring
cloud-hosting,patchmanagement,True,,0,0.5,community_search
cloud-hosting,payram,True,,0,0.5,community_search
cloud-hosting,pcgaming,True,,0,180.9,community_search
cloud-hosting,pfsense,True,,0,8.9,community_search
cloud-hosting,philippines,True,,0,163.01,community_search
cloud-hosting,php,True,,0,2.94,"index_scoring, competitor_posts, community_search"
cloud-hosting,phphelp,True,,0,0.57,index_scoring
cloud-hosting,picodingagent,True,,1,1.31,partner_mentions
cloud-hosting,pihole,True,,0,11.04,community_search
cloud-hosting,pinoy,True,,0,13.29,community_search
cloud-hosting,pinoyprogrammer,True,,0,13.32,"index_scoring, community_search"
cloud-hosting,platformengineering,True,,0,0.32,index_scoring
cloud-hosting,playkey,True,,0,0.5,community_search
cloud-hosting,playrust,True,,1,32.02,"partner_mentions, competitor_posts"
cloud-hosting,playrustservers,True,,0,0.74,competitor_posts
cloud-hosting,plex,True,,0,18.67,community_search
cloud-hosting,podcasting,True,,0,8.68,community_search
cloud-hosting,portainer,True,,0,0.84,community_search
cloud-hosting,postgresql,True,,0,1.2,"index_scoring, competitor_posts"
cloud-hosting,powershell,True,,0,13.93,community_search
cloud-hosting,ppc,True,,0,12.89,index_scoring
cloud-hosting,premiumdealshub,True,,0,0.5,competitor_posts
cloud-hosting,privacy,True,,0,75.29,"index_scoring, community_search"
cloud-hosting,privacytoolsio,True,,0,9.69,community_search
cloud-hosting,programare,True,,1,39.18,"partner_mentions, index_scoring, competitor_posts, community_search"
cloud-hosting,programiranje,True,,1,2.22,"partner_mentions, community_search"
cloud-hosting,programmerhumor,True,,0,214.53,"competitor_posts, community_search"
cloud-hosting,programmers_forhire,True,,0,0.61,index_scoring
cloud-hosting,programmingcirclejerk,True,,0,3.05,community_search
cloud-hosting,programminglanguages,True,,0,5.93,community_search
cloud-hosting,projectzomboid,True,,0,28.6,community_search
cloud-hosting,promocodes,True,,0,1.54,competitor_posts
cloud-hosting,promocodeshare,True,,0,1.64,competitor_posts
cloud-hosting,protonmail,True,,0,9.71,competitor_posts
cloud-hosting,prowordpress,True,,0,0.96,"index_scoring, community_search"
cloud-hosting,proxmox,True,,0,9.73,community_search
cloud-hosting,python,True,,0,68.21,"index_scoring, community_search"
cloud-hosting,rackspace,True,,0,0.5,competitor_posts
cloud-hosting,radarr,True,,0,3.63,community_search
cloud-hosting,rails,True,,0,3.36,"index_scoring, competitor_posts"
cloud-hosting,raspberry_pi,True,,0,148.27,"index_scoring, community_search"
cloud-hosting,reactjs,True,,0,3.01,index_scoring
cloud-hosting,realestatetechnology,True,,0,3.54,index_scoring
cloud-hosting,realseo,True,,0,0.5,index_scoring
cloud-hosting,referrals,True,,0,1.76,competitor_posts
cloud-hosting,remotejs,True,,0,2.23,index_scoring
cloud-hosting,reverseengineering,True,,0,0.48,index_scoring
cloud-hosting,rstats,True,,0,0.45,index_scoring
cloud-hosting,rust,True,,0,19.13,community_search
cloud-hosting,rustconsole,True,,0,3.65,community_search
cloud-hosting,rustdesk,True,,0,0.56,community_search
cloud-hosting,rustservers,True,,0,0.5,index_scoring
cloud-hosting,saas,True,,0,78.73,index_scoring
cloud-hosting,saasdevelopers,True,,0,4.99,index_scoring
cloud-hosting,salesforce,True,,0,5.25,community_search
cloud-hosting,satisfactorygame,True,,0,20.4,community_search
cloud-hosting,saudi_homelab,True,,0,0.5,community_search
cloud-hosting,scamchecker,True,,0,0.5,competitor_posts
cloud-hosting,secopsdaily,True,,0,0.71,"index_scoring, competitor_posts"
cloud-hosting,security,True,,0,7.72,index_scoring
cloud-hosting,securitycareeradvice,True,,0,5.27,index_scoring
cloud-hosting,seedboxes,True,,0,3.52,community_search
cloud-hosting,selbststaendig,True,,0,2.8,competitor_posts
cloud-hosting,selfhosted,True,True,1,66.7,"panel_threads, partner_mentions, index_core, index_scoring, competitor_posts, community_search"
cloud-hosting,selfhostedai,True,,1,0.52,"index_core, index_scoring, community_search"
cloud-hosting,selfhostedlietuva,True,,0,0.5,community_search
cloud-hosting,selfhostedpro,True,,0,0.5,community_search
cloud-hosting,selfhostedsmarthome,True,,0,0.5,community_search
cloud-hosting,selfhosting,True,True,1,1.21,"panel_threads, partner_mentions, index_core, index_scoring, community_search"
cloud-hosting,selfhostinghub,True,,0,0.5,community_search
cloud-hosting,seo,True,,0,29.66,"index_scoring, community_search"
cloud-hosting,seoorganic,True,,0,0.5,competitor_posts
cloud-hosting,servers,True,,0,0.71,"index_scoring, community_search"
cloud-hosting,shittysysadmin,True,,0,4.26,competitor_posts
cloud-hosting,sideproject,True,,1,53.63,"partner_mentions, index_core, index_scoring, competitor_posts, community_search"
cloud-hosting,sitemanagement,True,,1,0.5,partner_mentions
cloud-hosting,smallbusiness,True,,0,114.69,"index_scoring, competitor_posts, community_search"
cloud-hosting,smallbusinessowner,True,,0,4.01,index_scoring
cloud-hosting,smallbusinessus,True,,0,4.1,index_scoring
cloud-hosting,smesingapore,True,,0,1.71,index_scoring
cloud-hosting,software,True,,0,14.84,index_scoring
cloud-hosting,sonarr,True,,0,4.18,community_search
cloud-hosting,sqlbackupandftp,True,,1,0.5,partner_mentions
cloud-hosting,sqlserver,True,,1,3.04,"partner_mentions, community_search"
cloud-hosting,sre,True,,0,1.52,"index_scoring, community_search"
cloud-hosting,sre_cloud_devops_es,True,,0,0.5,community_search
cloud-hosting,srilanka,True,,0,8.86,competitor_posts
cloud-hosting,ss13,True,,0,2.36,competitor_posts
cloud-hosting,ssh,True,,0,0.1,index_scoring
cloud-hosting,stalwartlabs,True,,1,0.5,partner_mentions
cloud-hosting,startup,True,,0,14.54,"index_scoring, competitor_posts"
cloud-hosting,startupindia,True,,0,20.32,competitor_posts
cloud-hosting,startups,True,,0,96.15,index_scoring
cloud-hosting,statichosting,True,,1,0.5,"index_core, index_scoring"
cloud-hosting,stopbadbots,True,,1,0.5,"partner_mentions, community_search"
cloud-hosting,stremioaddons,True,,0,12.95,community_search
cloud-hosting,supabase,True,,0,2.0,community_search
cloud-hosting,synology,True,,0,9.07,community_search
cloud-hosting,sysadmin,True,,1,111.96,"partner_mentions, index_core, index_scoring, competitor_posts, community_search"
cloud-hosting,sysadmin_fr,True,,0,1.26,competitor_posts
cloud-hosting,sysadminblogs,True,,0,1.39,"index_scoring, competitor_posts"
cloud-hosting,sysadminjobs,True,,0,1.35,"index_scoring, community_search"
cloud-hosting,system76,True,,0,0.79,community_search
cloud-hosting,tailscale,True,,0,3.67,community_search
cloud-hosting,tech_philippines,True,,0,11.02,competitor_posts
cloud-hosting,techghana,True,,1,0.5,partner_mentions
cloud-hosting,techiegeeks,True,,0,0.02,index_scoring
cloud-hosting,techimpact,True,,0,20.92,index_scoring
cloud-hosting,techjobs,True,,0,2.39,index_scoring
cloud-hosting,techsales,True,,0,10.63,"index_scoring, competitor_posts"
cloud-hosting,techseo,True,,0,2.72,"index_scoring, competitor_posts"
cloud-hosting,techsupport,True,,0,155.2,index_scoring
cloud-hosting,terraform,True,,0,3.84,"competitor_posts, community_search"
cloud-hosting,terraria,True,,0,73.86,community_search
cloud-hosting,tf2,True,,0,43.49,community_search
cloud-hosting,theisle,True,,1,3.85,partner_mentions
cloud-hosting,threejs,True,,0,1.97,index_scoring
cloud-hosting,titanfall,True,,0,19.27,community_search
cloud-hosting,toolsdeals,True,,0,0.5,competitor_posts
cloud-hosting,toontownrewritten,True,,0,2.06,community_search
cloud-hosting,toweroffantasy,True,,0,3.02,community_search
cloud-hosting,traefik,True,,0,0.7,"competitor_posts, community_search"
cloud-hosting,tunisiatech,True,,0,14.41,index_scoring
cloud-hosting,ubiquiti,True,,0,14.85,community_search
cloud-hosting,ubuntu,True,,0,14.15,community_search
cloud-hosting,ukraine_dev,True,,0,9.14,index_scoring
cloud-hosting,unix,True,,0,0.28,index_scoring
cloud-hosting,unixporn,True,,0,30.01,community_search
cloud-hosting,unraid,True,,0,5.46,community_search
cloud-hosting,upcloud,True,,0,0.5,community_search
cloud-hosting,valheim,True,True,1,27.35,"panel_threads, community_search"
cloud-hosting,vibecoding,True,,0,76.47,"index_scoring, competitor_posts"
cloud-hosting,virtualization,True,,0,0.15,index_scoring
cloud-hosting,vllm,True,,0,0.5,competitor_posts
cloud-hosting,vmware,True,,0,7.82,community_search
cloud-hosting,vouchershunt,True,,0,0.5,competitor_posts
cloud-hosting,vpn,True,,0,14.13,competitor_posts
cloud-hosting,vps,True,True,1,1.93,"panel_threads, partner_mentions, index_core, index_scoring, competitor_posts, community_search"
cloud-hosting,vps_provider,True,,0,0.5,"competitor_posts, community_search"
cloud-hosting,vpsdom,True,,0,0.5,community_search
cloud-hosting,vpsfortradings,True,,1,0.5,"partner_mentions, community_search"
cloud-hosting,vpshosts,True,,0,0.5,"competitor_posts, community_search"
cloud-hosting,vtt,True,,0,1.12,index_scoring
cloud-hosting,vtubers,True,,0,3.94,competitor_posts
cloud-hosting,vultr,True,,0,0.5,competitor_posts
cloud-hosting,web_design,True,,0,44.08,"index_scoring, community_search"
cloud-hosting,web_dev_help,True,,0,0.5,community_search
cloud-hosting,web_development,True,,0,1.32,community_search
cloud-hosting,web_hosting,True,,0,0.5,community_search
cloud-hosting,web_hosting_domain,True,,0,0.5,community_search
cloud-hosting,webapps,True,,0,0.95,index_scoring
cloud-hosting,webdesign,True,,0,28.34,index_scoring
cloud-hosting,webdev,True,,1,149.24,"index_core, index_scoring, competitor_posts, community_search"
cloud-hosting,webdeveloperjobs,True,,0,12.81,index_scoring
cloud-hosting,webdevelopment,True,,0,0.88,"index_scoring, competitor_posts, community_search"
cloud-hosting,webdevtutorials,True,,0,0.09,index_scoring
cloud-hosting,webgeeks,True,,0,0.5,community_search
cloud-hosting,webhosting,True,True,1,2.05,"panel_threads, partner_mentions, index_core, index_scoring, competitor_posts, community_search"
cloud-hosting,webhosting_offers,True,,0,0.5,community_search
cloud-hosting,webhosting_reviews,True,,0,0.5,community_search
cloud-hosting,webhosting_services,True,,0,0.5,community_search
cloud-hosting,webhostingasia,True,,0,0.5,community_search
cloud-hosting,webhostingdeals_,True,,0,0.5,community_search
cloud-hosting,webhostingoffers,True,,0,0.5,community_search
cloud-hosting,webhostingusa,True,,0,0.5,community_search
cloud-hosting,webrtc,True,,0,0.08,"index_scoring, competitor_posts"
cloud-hosting,website,True,,0,9.15,"index_scoring, competitor_posts"
cloud-hosting,websitelaunches,True,,0,0.5,index_scoring
cloud-hosting,websiteseo,True,,0,1.47,"index_scoring, competitor_posts"
cloud-hosting,webspace,True,,0,0.5,community_search
cloud-hosting,wellthatsucks,True,,0,204.67,competitor_posts
cloud-hosting,windowsserver,True,,0,1.73,community_search
cloud-hosting,windsurf,True,,0,0.72,competitor_posts
cloud-hosting,woocommerce,True,True,1,2.32,panel_threads
cloud-hosting,wordpress,True,,0,27.2,"index_scoring, competitor_posts, community_search"
cloud-hosting,wordpressjobs,True,,0,0.56,competitor_posts
cloud-hosting,wordpressplugins,True,,0,1.41,index_scoring
cloud-hosting,wordpressthemes,True,,0,0.09,index_scoring
cloud-hosting,xcloud,True,,0,2.75,community_search
cloud-hosting,xreal,True,,0,2.15,competitor_posts
cloud-hosting,zfs,True,,0,0.77,index_scoring
cloud-hosting,zimaspace,True,,0,0.5,community_search
