brand,primary_category_slug,also_in_category_slugs,aliases,ambiguity_class,ambiguity_note,domains,stop_contexts,bare_disabled_forms,source
1040.com,tax-software,,1040 dot com,low,The .com suffix distinguishes the product from the generic IRS Form 1040 reference.,1040.com,,,fleet-enum-2026-08
123 Reg,domain-registrars,,123-reg;123reg;123-reg.co.uk,medium,The numeric brand and reg shorthand are distinctive in UK domain discussions.,123-reg.co.uk,,,fleet-enum-2026-08
360Learning,course-platforms,lms,360 Learning,low,The number-plus-word construction is strongly associated with the product.,360learning.com,,,fleet-enum-2026-08
3CX,voip,,,low,The alphanumeric name is highly distinctive.,3cx.com,,,fleet-enum-2026-08
3ds Max,cad,,3dsmax;3D Studio Max;Max,low,"The full stylized name is unmistakable, though the casual alias Max is highly ambiguous.",autodesk.com,,max,fleet-enum-2026-08
7shifts,restaurant-pos,,7 Shifts,low,The numeral-plus-word construction is strongly associated with the restaurant workforce platform.,7shifts.com,,,fleet-enum-2026-08
8x8 Work,voip,,8x8;8x8 X Series,low,The full product name is distinctive even though 8x8 alone can describe a dimension.,8x8.com,,,fleet-enum-2026-08
AB Tasty,feature-flags,,ABTasty;A/B Tasty,low,The two-word brand is distinctive despite casual variation in slash and spacing.,abtasty.com,,,fleet-enum-2026-08
ABBYY FineReader PDF,pdf-tools,,FineReader;ABBYY FineReader;Finereader,low,"ABBYY and FineReader are both distinctive marks, so even the common shortened form is clear.",pdf.abbyy.com;abbyy.com,,,fleet-enum-2026-08
Absorb LMS,lms,,Absorb;AbsorbLMS,low,"The LMS suffix disambiguates the product, while Absorb alone is a common verb used as shorthand.",absorblms.com,,absorb,fleet-enum-2026-08
Acast,podcast-hosting,,,medium,The one-word coined brand is readily distinguishable from the ordinary phrase 'a cast.',acast.com,,,fleet-enum-2026-08
ACDSee Photo Studio Ultimate,photo-editing,,ACDSee;Photo Studio Ultimate;ACDSee Ultimate,low,ACDSee is a distinctive legacy brand name even when users omit the edition wording.,,,,fleet-enum-2026-08
Action!,screen-recording,,Mirillis Action;Action screen recorder,high,"Action is an extremely common noun; the punctuation, Mirillis qualifier, or recording context is essential.",mirillis.com,,,fleet-enum-2026-08
Action1,rmm,,Action1 RMM;Action1 Cloud;Action1 Cloud RMM,high,The word-number construction is distinctive enough to identify the product in IT discussions.,action1.com,,,fleet-enum-2026-08
Actionstep,legal-practice,,,high,The joined compound is a distinctive product name.,actionstep.com,,,fleet-enum-2026-08
ActiveAdmin,internal-tools,,Active Admin;AA,medium,The closed compound is recognizable as the Rails admin framework; AA is common shorthand within Rails threads.,activeadmin.info,,aa,fleet-enum-2026-08
Activepieces,workflow-automation,,Active Pieces;AP,low,The joined coined name is distinctive; AP is only useful as an alias when automation context is already present.,activepieces.com,,ap,fleet-enum-2026-08
ActivityWatch,time-tracking,,Activity Watch,medium,The closed compound is a distinctive name in productivity-software contexts.,activitywatch.net,,,fleet-enum-2026-08
Actual Budget,budgeting,,Actual,high,The canonical name is also a routine phrase for a real or finalized budget.,actualbudget.org,actual budget amount;actual budget numbers;actual budget deficit;actual budget was;actual budget compared;actual budget for the project;estimated and actual budget;actual budget breakdown,actual,fleet-enum-2026-08
Acuity Scheduling,scheduling,,Acuity;Squarespace Scheduling,low,"The full product name is specific, although users often shorten it to the more ambiguous Acuity.",acuityscheduling.com,,acuity,fleet-enum-2026-08
Ada,live-chat,,Ada Support;Ada CX,high,"Ada is both a common personal name and a major acronym, creating substantial noise outside customer-service context.",ada.cx,ADA compliance;ADA accommodations;ADA accessible;Ada Lovelace;Ada programming language;Ada County;ADA bathroom,ada,fleet-enum-2026-08
Adalo,no-code,,,low,A distinctive coined product name with little ordinary-language collision.,adalo.com,,,fleet-enum-2026-08
Addigy,mdm,,Addigy MDM,low,Addigy is a coined name with little non-product use.,addigy.com,,,fleet-enum-2026-08
AdGuard VPN,vpn,,AdGuardVPN,low,The AdGuard brand plus VPN uniquely identifies the product rather than the maker's ad blocker.,adguard-vpn.com,,,fleet-enum-2026-08
AdminJS,internal-tools,,Admin.js;Admin JS,low,"The admin-plus-JS construction is distinctive as a JavaScript product, with punctuation and spacing variants in comments.",adminjs.co,,,fleet-enum-2026-08
Adobe Acrobat,pdf-tools,,Acrobat;Acrobat Pro;Acrobat Reader;Adobe Reader;Acrobat DC,medium,"The Adobe-qualified name is clear, but Reddit commonly shortens it to the ordinary performer noun Acrobat.",adobe.com,,acrobat,fleet-enum-2026-08
Adobe Acrobat Sign,esignature,,Adobe Sign;Adobe eSign;Adobe E-Sign;Acrobat Sign,low,The Adobe and Acrobat qualifiers make the product name highly distinctive.,adobe.com,,,fleet-enum-2026-08
Adobe Analytics,product-analytics,web-analytics,AA;Omniture;SiteCatalyst,low,"The full product name is unambiguous, while legacy names remain common among long-time users.",adobe.com,,aa,fleet-enum-2026-08
Adobe Connect,video-conferencing,,Connect,low,"The Adobe-qualified name is unambiguous, though Reddit sometimes shortens it to Connect.",adobe.com,,connect,fleet-enum-2026-08
Adobe Firefly,ai-image,ai-video,Firefly;Firefly AI,low,The full two-word product name is unmistakable; the Firefly shorthand is more ambiguous.,adobe.com,,firefly,fleet-enum-2026-08
Adobe Lightroom,photo-editing,,Lightroom;LR;Lr;Lightroom CC,low,"Lightroom is a distinctive coined product name, though Reddit users often blur the cloud app and Lightroom Classic.",adobe.com,,lightroom,fleet-enum-2026-08
Adobe Photoshop,photo-editing,,Photoshop;PS;Adobe PS,low,The full product name is unmistakable; the PS abbreviation is only reliable in creative-software context.,adobe.com,,,fleet-enum-2026-08
Adobe Target,feature-flags,,Target,low,"The Adobe qualifier makes the full product name clear, while users often shorten it to Target.",adobe.com,,target,fleet-enum-2026-08
Affinity,photo-editing,,Affinity Studio;Affinity Photo;Affinity Photo 2;Affinity V2;Affinity V3;AP,high,The current all-in-one app has a common English bare name; Affinity Photo is the widely used legacy name.,affinity.studio,electron affinity;binding affinity;natural affinity;affinity for music;brand affinity;affinity group;affinity diagram;affinity chromatography,affinity;ap,fleet-enum-2026-08
AfterShip,shipping,,After Ship,medium,The fused brand name is distinctive in shipment-tracking discussions.,aftership.com,,aftership,fleet-enum-2026-08
Agorapulse,social-media-management,,Agora,low,The full coined name is distinctive; Agora is a common user shorthand.,agorapulse.com,,agora,fleet-enum-2026-08
Ahrefs,seo-tools,,,low,The coined spelling is effectively unique to the SEO platform.,ahrefs.com,,,fleet-enum-2026-08
Aider,ai-coding,,aider-chat;aider chat,medium,"Aider is an English noun for someone who helps, though that ordinary usage is much rarer than the coding-tool usage in developer communities.",aider.chat,aider and abettor;aiders and abettors;an aider in the crime;aider of the enemy;aider to the cause,aider,fleet-enum-2026-08
Airbase,expense-management,,Airbase by Paylocity;Paylocity Airbase,high,Airbase is also an ordinary term for a military aviation facility.,airbase.com,military airbase;secret airbase;abandoned airbase;Russian airbase;NATO airbase;airbase attack;airbase runway;near the airbase,,fleet-enum-2026-08
Airbrake,error-tracking,,Airbrake.io,high,"The product spelling is fused, but the name is readily confused with ordinary discussion of pneumatic vehicle brakes.",airbrake.io,,,fleet-enum-2026-08
Airbyte,etl,,,low,Airbyte is a distinctive coined name with little non-product use.,airbyte.com,,,fleet-enum-2026-08
Aircall,voip,,Air Call,medium,The closed compound is a recognizable brand with little ordinary bare-word use.,aircall.io,,,fleet-enum-2026-08
Airmeet,webinars,,Air Meet,medium,Airmeet is a coined compound closely tied to the event platform.,airmeet.com,,,fleet-enum-2026-08
airSlate SignNow,esignature,,SignNow;signNow;sign now,low,"The full branded name is distinctive, while Reddit commonly shortens it to SignNow.",signnow.com,,,fleet-enum-2026-08
Airtable,spreadsheets,,,low,Airtable is a distinctive coined compound with little ordinary-language collision.,airtable.com,,,fleet-enum-2026-08
AirVPN,vpn,,Air VPN;Air,low,The canonical compound is VPN-specific; Air alone is merely a context-dependent shorthand.,airvpn.org,,air,fleet-enum-2026-08
Airwallex Expense Management,expense-management,,Airwallex;Airwallex Spend,low,The Airwallex brand is coined and the full module name is unambiguous.,airwallex.com,,,fleet-enum-2026-08
Alchemer Survey,survey-tools,,Alchemer;SurveyGizmo;Survey Gizmo,low,"Alchemer is a coined name, and SurveyGizmo is its well-known former name.",alchemer.com,,,fleet-enum-2026-08
Alfresco,document-management,,Alfresco Content Services;ACS,high,Alfresco is also a common term for eating or spending time outdoors.,hyland.com;alfresco.com,dining alfresco;eat alfresco;alfresco dining;alfresco lunch;alfresco terrace;alfresco area;alfresco seating;painted alfresco,alfresco,fleet-enum-2026-08
Alibre Design,cad,,Alibre;Alibre Atom3D;Atom3D;AD,low,The full product name is distinctive; its Alibre shorthand is also uncommon outside CAD.,alibre.com,,,fleet-enum-2026-08
All in One SEO,seo-tools,,AIOSEO;All-in-One SEO,high,The complete SEO plugin name is recognizable despite its descriptive wording.,aioseo.com,,,fleet-enum-2026-08
Aloha Cloud,restaurant-pos,,Aloha;Aloha POS;NCR Aloha;NCR Aloha Cloud,high,"Aloha is heavily used for Hawaii, greetings, and culture outside POS discussions.",ncr.com;ncrvoyix.com,say aloha;aloha from Hawaii;aloha shirt;aloha spirit;aloha state;aloha festival;aloha beaches,,fleet-enum-2026-08
Amazon Aurora,databases,,Aurora;AWS Aurora;Aurora MySQL;Aurora PostgreSQL;Aurora Postgres,high,"Most users say Aurora, which also names a natural phenomenon, cities, people, characters, and other products.",aws.amazon.com,,aurora,fleet-enum-2026-08
Amazon CloudWatch,observability,,CloudWatch;AWS CloudWatch,low,The Amazon-qualified name is unmistakable and CloudWatch is a recognizable coined service name.,aws.amazon.com,,,fleet-enum-2026-08
Amazon Cognito,identity,,Cognito;AWS Cognito,low,The Amazon-qualified service name is unmistakable; Cognito alone is also mostly product-specific in tech contexts.,aws.amazon.com,,cognito,fleet-enum-2026-08
Amazon DynamoDB,databases,,DynamoDB;Dynamo;DDB,low,DynamoDB is distinctive; Dynamo is usually recognizable as its shorthand in developer threads.,aws.amazon.com,,dynamo,fleet-enum-2026-08
Amazon Elastic Container Service,containers,,Amazon ECS;ECS;AWS ECS,low,The full AWS service name is unique; ECS can expand differently elsewhere but is clear in container discussions.,aws.amazon.com,,,fleet-enum-2026-08
Amazon Elastic Kubernetes Service,containers,,Amazon EKS;EKS;AWS EKS,low,"The full AWS service name is unique, and its EKS shorthand is strongly technical.",aws.amazon.com,,,fleet-enum-2026-08
Amazon Merch on Demand,print-on-demand,,Merch by Amazon;Amazon Merch;MBA,low,The full product name is unambiguous even though some community abbreviations are broad.,amazon.com,,,fleet-enum-2026-08
Amazon Multichannel Fulfillment,shipping,,Amazon MCF;MCF;Amazon Multi-Channel Fulfillment,low,"The full Amazon-qualified name is specific, although users usually shorten it to MCF.",supplychain.amazon.com,,,fleet-enum-2026-08
Amazon Q Developer,ai-coding,,Amazon Q;AWS Q;CodeWhisperer;Amazon CodeWhisperer,low,The branded full name is specific; CodeWhisperer is the widely used former product name.,aws.amazon.com,,,fleet-enum-2026-08
Amazon Redshift,data-warehouses,,Redshift;AWS Redshift,low,"The full product name is unmistakable, although the Redshift shorthand can refer to the astronomical phenomenon.",aws.amazon.com,,,fleet-enum-2026-08
Amazon Route 53,domain-registrars,,Route 53;Route53;AWS Route 53;AWS,low,The numbered AWS product name is unmistakable in registrar discussions.,aws.amazon.com,,,fleet-enum-2026-08
Amazon Simple Email Service,communication-apis,,Amazon SES;AWS SES;SES,low,"The expanded AWS product name is unambiguous, although the SES shorthand can have unrelated expansions.",aws.amazon.com,,,fleet-enum-2026-08
Amp,ai-coding,,Amp Code;Sourcegraph Amp,high,Amp is a common abbreviation for amplifier and ampere and also appears as a verb phrase.,ampcode.com,guitar amp;bass amp;tube amp;headphone amp;amp settings;amp up;power amp;practice amp,amp,fleet-enum-2026-08
Android Studio,ides,,AS;AStudio,medium,The Android qualifier makes the IDE name unambiguous.,developer.android.com,,,fleet-enum-2026-08
AnswerThePublic,seo-tools,,Answer the Public;AnswerThe Public,high,The closed compound and its spaced forms are distinctive as a product name.,answerthepublic.com,,,fleet-enum-2026-08
Antidote,writing-assistants,,Druide Antidote;Antidote 12,high,The product deliberately uses the ordinary word for a remedy or countermeasure.,antidote.info,antidote to poison;no known antidote;find an antidote;administer the antidote;universal antidote;antidote for loneliness;perfect antidote,antidote,fleet-enum-2026-08
AnyDesk,remote-desktop,,Any Desk,low,The fused brand name is distinctive even though its component words are ordinary.,anydesk.com,,,fleet-enum-2026-08
AnyViewer,remote-desktop,,Any Viewer,low,The fused spelling functions as a distinctive product brand.,anyviewer.com,,,fleet-enum-2026-08
AOL Mail,email-providers,,AOL email;AOL,low,AOL is a well-known initialism and the full product name is unmistakable.,aol.com,,,fleet-enum-2026-08
Apache Airflow,etl,,Airflow,low,"The Apache qualifier makes the canonical name unmistakable, though the shorthand is an ordinary compound word.",airflow.apache.org,,,fleet-enum-2026-08
Apache Cassandra,databases,,Cassandra;C*,high,"The Apache-qualified name is clear, but Reddit commonly uses Cassandra alone, also a person and fictional-character name.",cassandra.apache.org,,cassandra,fleet-enum-2026-08
Apache Doris,data-warehouses,,Doris,low,The Apache-qualified name clearly identifies the database; Doris alone is also a personal name.,doris.apache.org,,doris,fleet-enum-2026-08
Apache Guacamole,remote-desktop,,Guacamole;Guac,low,The Apache qualifier makes the project unmistakable despite food-related shorthand aliases.,guacamole.apache.org,,,fleet-enum-2026-08
Apache NetBeans,ides,,NetBeans;Netbeans,low,The Apache-qualified coined name is specific to the IDE.,netbeans.apache.org,,,fleet-enum-2026-08
Apache NiFi,etl,,NiFi;Nifi,low,The Apache-qualified product name and unusual NiFi spelling are highly distinctive.,nifi.apache.org,,,fleet-enum-2026-08
Apache OpenOffice Calc,spreadsheets,,OpenOffice Calc;OpenOffice;OO Calc,low,The full suite-qualified component name is highly specific.,openoffice.org,,,fleet-enum-2026-08
API Dash,api-tools,,APIDash,medium,The full two-word name is specific enough to distinguish the cross-platform API client.,apidash.dev,,,fleet-enum-2026-08
api.video,video-hosting,,api video;ApiVideo,low,The stylized dotted name is distinctive as a brand and domain.,api.video,,,fleet-enum-2026-08
Apidog,api-tools,,,low,The API-plus-dog compound is recognizable as the API design and testing platform.,apidog.com,,,fleet-enum-2026-08
Apliiq,print-on-demand,,,low,Unusual spelling makes the apparel POD brand unmistakable.,apliiq.com,,,fleet-enum-2026-08
Aplos,nonprofit,,,low,Aplos is a distinctive coined name in nonprofit and church accounting discussions.,aplos.com,,,fleet-enum-2026-08
AppDynamics,observability,,AppD;AppDyn,low,Coined compound name with strong association to the APM product.,appdynamics.com,,,fleet-enum-2026-08
AppFolio Property Manager,property-management,,AppFolio;Appfolio;appfolio;App Folio;AFPM,low,The full product name and its AppFolio shorthand are distinctive coined branding.,appfolio.com,,,fleet-enum-2026-08
AppSheet,no-code,,Google AppSheet;App Sheet,medium,The compound is product-specific even though its two component words are generic.,appsheet.com,,app sheet;appsheet;google appsheet,fleet-enum-2026-08
AppSignal,error-tracking,,App Signal,low,The compound product name is distinctive even when Reddit users insert a space.,appsignal.com,,,fleet-enum-2026-08
Appsmith,internal-tools,no-code,,medium,A distinctive coined compound with only a capitalization variant.,appsmith.com,,,fleet-enum-2026-08
Arcads,ai-video,,Arcads AI;Arcads.ai,medium,The unusual spelling is distinctive and normally refers to the AI UGC-ad platform.,arcads.ai,,,fleet-enum-2026-08
Archdesk,construction,,,low,The coined compound is distinctive despite occasional internal capitalization.,archdesk.com,,,fleet-enum-2026-08
Archicad,cad,,AC,low,A distinctive BIM product name; AC alone is ambiguous but is only an alias.,graphisoft.com,,,fleet-enum-2026-08
Argo CD,ci-cd,,ArgoCD;Argo,low,"The full two-part name is specific, although the shorthand Argo has other meanings.",argoproj.github.io,,argo,fleet-enum-2026-08
Arista Edge Threat Management NG Firewall,network-security,,Untangle;Untangle NG Firewall;Arista NG Firewall;ETM NG Firewall,low,The full current name is specific; most community discussion still uses the former Untangle branding.,edge.arista.com;arista.com,,untangle,fleet-enum-2026-08
Artbreeder,ai-image,,Art Breeder,medium,The coined compound is strongly associated with the collaborative AI image platform.,artbreeder.com,,,fleet-enum-2026-08
AskNicely,survey-tools,,Ask Nicely,high,"The closed compound is a brand, but its spaced form is a very common conversational phrase.",asknicely.com,,,fleet-enum-2026-08
Astrill VPN,vpn,,Astrill;AstrillVPN,low,"Astrill is a distinctive coined name, especially when paired with VPN.",astrill.com,,,fleet-enum-2026-08
Atera,rmm,,Atera RMM,medium,Atera is a coined product brand with little ordinary-language collision.,atera.com,,,fleet-enum-2026-08
ATX,tax-software,,ATX Tax,high,"ATX is also extremely common Reddit shorthand for Austin, Texas, so tax context is essential.",wolterskluwer.com,moving to ATX;living in ATX;ATX food scene;ATX weather;ATX nightlife;visiting ATX;ATX apartments;ATX music,,fleet-enum-2026-08
Audioboom,podcast-hosting,,Audio Boom,low,The compound is strongly associated with the service; aliases capture common capitalization and spacing.,audioboom.com,,,fleet-enum-2026-08
Augment Code,ai-coding,,Augment;AugmentCode;Augment AI,low,"The full name is product-specific, while the frequent shorthand Augment is an ordinary English verb.",augmentcode.com,,augment,fleet-enum-2026-08
Ausha,podcast-hosting,,,low,A distinctive invented brand name with little unrelated use.,ausha.co,,,fleet-enum-2026-08
Auth0,identity,,Auth Zero,low,The digit-bearing coined name is highly distinctive in authentication discussions.,auth0.com,,,fleet-enum-2026-08
Authelia,identity,,,low,Coined name with virtually no ordinary-English use.,authelia.com,,,fleet-enum-2026-08
authentik,identity,,AK,low,The maker's stylized spelling distinguishes it from the ordinary adjective authentic.,goauthentik.io,,,fleet-enum-2026-08
AutoCAD,cad,,AutoCAD LT;Acad;ACAD,low,A distinctive coined product name that is rarely used outside Autodesk CAD discussions.,autodesk.com,,,fleet-enum-2026-08
Autodesk Fusion,cad,,Fusion 360;Fusion360;F360;Fusion,low,"The full current name is distinctive, though the common alias Fusion is highly ambiguous.",autodesk.com,,fusion,fleet-enum-2026-08
Autodesk Inventor,cad,,Inventor;Inventor Pro;Inventor Professional,low,The Autodesk-qualified product name is unambiguous; the common shorthand Inventor is not.,autodesk.com,,inventor,fleet-enum-2026-08
Automation 360,workflow-automation,,Automation Anywhere;A360;AA360,medium,"The numbered product name is specific in software context, while the maker name is the more common Reddit surface form.",automationanywhere.com,,,fleet-enum-2026-08
Automatisch,workflow-automation,,,medium,"Although it is the German word for automatic, it is distinctive in the predominantly English Reddit corpus.",automatisch.io,,,fleet-enum-2026-08
Avail,property-management,,Avail.co;avail.co;Avail by Realtor.com;Realtor Avail,high,Avail is a common English verb and appears especially often in the idiom to no avail.,avail.co,to no avail;of no avail;without avail;little avail;avail yourself;efforts were of no avail;all to no avail,avail,fleet-enum-2026-08
Avast Premium Security,antivirus,,Avast;Avast Premium;Avast Antivirus;Avast AV,low,"Although avast is an archaic word, the full suite name is unmistakably software.",avast.com,,avast,fleet-enum-2026-08
AVG Internet Security,antivirus,,AVG;AVG IS;AVG Antivirus;AVG AV,low,The uppercase AVG mark plus the suite descriptor is strongly product-specific.,avg.com,,,fleet-enum-2026-08
Avira Prime,antivirus,,Avira;Avira Antivirus;Avira AV,low,"Avira is a distinctive coined brand, making the two-word product name clear.",avira.com,,,fleet-enum-2026-08
Avo,internal-tools,,AvoHQ;Avo HQ,high,The short name collides with avocado slang and the Australian abbreviation for an apprehended violence order.,avohq.io,avo toast;smashed avo;ripe avo;cut an avo;half an avo;apply for an AVO;breach an AVO;interim AVO,avo,fleet-enum-2026-08
Avoma,transcription,,Avoma AI,low,Avoma is a coined brand name with little ordinary-language collision.,avoma.com,,,fleet-enum-2026-08
AWeber,newsletters,,,low,Distinctive capitalization and surname-like construction make product references clear.,aweber.com,,,fleet-enum-2026-08
AWS Cloud Development Kit,iac,,AWS CDK;CDK;cdk,low,The full name is unambiguous; Reddit overwhelmingly uses AWS CDK or CDK.,aws.amazon.com,,,fleet-enum-2026-08
AWS CloudFormation,iac,,CloudFormation;Cloud Formation;CFN;cfn,low,The AWS-qualified name and the usual CloudFormation form are strongly product-specific.,aws.amazon.com,,,fleet-enum-2026-08
AWS CodePipeline,ci-cd,,CodePipeline,low,The AWS prefix and coined CodePipeline name uniquely identify the service.,aws.amazon.com,,,fleet-enum-2026-08
AWS Glue,etl,,Glue,low,"The AWS qualifier makes the canonical name unambiguous, although the shorthand Glue is an ordinary word.",aws.amazon.com,,glue,fleet-enum-2026-08
AWS Network Firewall,network-security,,ANFW;AWS firewall;AWS NFW;Network Firewall,low,The AWS-qualified service name is specific even though Network Firewall alone is generic.,aws.amazon.com,,,fleet-enum-2026-08
AWS Serverless Application Model,iac,,AWS SAM;SAM;Serverless Application Model,low,The full AWS product name is unmistakable even though the SAM abbreviation can be a person's name.,aws.amazon.com,,sam,fleet-enum-2026-08
AWStats,web-analytics,,AW Stats,low,"AWStats is a distinctive long-running web log analytics product, with a predictable spaced variant.",awstats.org,,,fleet-enum-2026-08
AXS,event-management,,AXS Tickets;AXS app,high,The acronym is distinctive in ticket threads but also names a TV network and the Axie Infinity crypto token.,axs.com,AXS TV;AXS token;AXS coin;AXS price;AXS staking;Axie Infinity AXS,,fleet-enum-2026-08
Azure Data Factory,etl,,ADF;Data Factory,low,The full Microsoft product name is distinctive; ADF is the dominant Reddit shorthand.,azure.microsoft.com,,,fleet-enum-2026-08
Azure DevOps,code-hosting,,ADO;AzDO;VSTS;Visual Studio Team Services;TFS;Team Foundation Server,low,"The full two-word product name is specific, although users frequently retain its former names and abbreviations.",dev.azure.com,,ado;azure devops,fleet-enum-2026-08
Azure Kubernetes Service,containers,,AKS;Azure K8s,low,"The full service name is unique, while AKS is strongly associated with Azure in software contexts.",azure.microsoft.com,,,fleet-enum-2026-08
Azure Monitor,observability,,Microsoft Azure Monitor,low,The two-word cloud service name is specific despite monitor being an ordinary noun.,azure.microsoft.com,,,fleet-enum-2026-08
Azure Pipelines,ci-cd,,Azure DevOps Pipelines;ADO Pipelines;Azure DevOps,low,The Azure name makes this specific despite pipelines being a generic noun.,azure.microsoft.com;dev.azure.com,,azure devops,fleet-enum-2026-08
Azure Resource Manager,iac,,ARM;ARM templates;Azure RM;Resource Manager templates,low,The Azure-qualified full name is distinctive despite the highly ambiguous ARM shorthand.,azure.microsoft.com;learn.microsoft.com,,arm,fleet-enum-2026-08
Azure Synapse Analytics,data-warehouses,,Azure Synapse;Synapse;Azure SQL DW;Azure SQL Data Warehouse;SQL DW,low,The full Azure-qualified name is distinctive; the shorter Synapse alias is context-dependent.,azure.microsoft.com,,synapse,fleet-enum-2026-08
Babylon.js,game-engines,,BabylonJS;Babylon JS;BJS,low,"The .js suffix separates the engine from historical, biblical, and fictional uses of Babylon.",babylonjs.com,,,fleet-enum-2026-08
Backtrace,error-tracking,,Backtrace.io;Sauce Labs Backtrace,high,Backtrace is also a generic programming term used constantly when discussing stack traces and debugging.,backtrace.io,read the backtrace;Ruby backtrace;Python backtrace;full backtrace;backtrace output;debug backtrace;exception backtrace,,fleet-enum-2026-08
Bamboo,ci-cd,,Atlassian Bamboo;Bamboo CI,high,The bare name is the everyday word for a plant and many bamboo-made products.,atlassian.com,bamboo plant;bamboo shoots;bamboo forest;bamboo flooring;bamboo cutting board;bamboo sheets;bamboo furniture;bamboo toothbrush,bamboo,fleet-enum-2026-08
Bandicam,screen-recording,,,low,Bandicam is an unmistakable coined software name.,bandicam.com,,,fleet-enum-2026-08
Bandwidth Messaging API,communication-apis,,Bandwidth Messaging;Bandwidth API;Bandwidth,low,The full product name is specific even though the shortened alias Bandwidth is a common networking term.,bandwidth.com,,,fleet-enum-2026-08
Banktivity,budgeting,,iBank,low,Banktivity is a coined brand; iBank is its former product name.,banktivity.com,,,fleet-enum-2026-08
Bardeen,workflow-automation,,Bardeen AI,medium,Bardeen is an uncommon proper name and is usually the automation product in software discussions.,bardeen.ai,,,fleet-enum-2026-08
Barracuda CloudGen Firewall,network-security,,CloudGen Firewall;Barracuda firewall;CGF;Barracuda NGFW,low,The branded compound clearly denotes Barracuda's firewall product rather than the fish.,barracuda.com,,,fleet-enum-2026-08
Barracuda RMM,rmm,,Barracuda Managed Workplace;Managed Workplace;Managed Workplace RMM;MW RMM,low,The RMM qualifier makes the product distinct from the fish and Barracuda's many other products.,barracudamsp.com,,,fleet-enum-2026-08
Base44,no-code,,Base 44,medium,The alphanumeric brand is distinctive and rarely collides with ordinary language.,base44.com,,,fleet-enum-2026-08
Baselane,property-management,,Base Lane;Baseline,low,"The brand is distinctive, though users sometimes mistype it as the ordinary word baseline.",baselane.com,,,fleet-enum-2026-08
BBEdit,ides,,BB Edit,low,The compact coined name is specific to Bare Bones Software's editor.,barebones.com,,,fleet-enum-2026-08
Beautiful.ai,presentations,,Beautiful AI;BeautifulAI,low,The .ai styling or joined AI form makes the product readily identifiable.,beautiful.ai,,,fleet-enum-2026-08
Beaver Builder,website-builders,,BB;Beaver,low,The full two-word product name is distinctive even though its shorthand is ambiguous.,wpbeaverbuilder.com,,bb;beaver,fleet-enum-2026-08
Better Stack,observability,,BetterStack;Better Uptime;Logtail,medium,The brand is also a natural comparative phrase in software and other stack-related discussions.,betterstack.com,build a better stack;find a better stack;choose a better stack;use a better stack;is there a better stack;recommend a better stack,,fleet-enum-2026-08
Bettermode,community-platforms,,Tribe;Tribe.so,low,The coined name is distinctive; Tribe is its former name and is more ambiguous than the current brand.,bettermode.com,,tribe,fleet-enum-2026-08
Bevy,game-engines,,Bevy Engine,high,Bevy is an ordinary collective noun and also appears in names unrelated to the Rust engine.,bevy.org,bevy of beauties;bevy of options;bevy of features;bevy of stars;bevy of birds;bevy of choices;bevy of tools,bevy,fleet-enum-2026-08
BeyondTrust Remote Support,remote-desktop,,Bomgar;BeyondTrust RS;BT Remote Support,low,The vendor-qualified product name is unambiguous; Bomgar is its widely used former name.,beyondtrust.com,,,fleet-enum-2026-08
Bicep,iac,,Azure Bicep,high,Bicep is also the ordinary name of an arm muscle and is common in fitness and injury discussions.,learn.microsoft.com,bicep curl;bicep workout;torn bicep;bicep pain;bicep tendon;flex your bicep;left bicep;bicep tattoo,,fleet-enum-2026-08
BigBlueButton,video-conferencing,,BBB;Big Blue Button,low,The concatenated three-word brand is distinctive despite its descriptive components.,bigbluebutton.org,,,fleet-enum-2026-08
BigMarker,webinars,,Big Marker,high,"Although composed of common words, the closed compound is distinctive as a software brand.",bigmarker.com,,,fleet-enum-2026-08
BigQuery,data-warehouses,,BQ;GBQ;Google BigQuery;Big Query,low,The coined compound is strongly associated with Google's data warehouse.,cloud.google.com,,,fleet-enum-2026-08
Bing Webmaster Tools,seo-tools,,BWT;Bing Webmaster,low,The Bing-qualified product name is unmistakable.,bing.com,,,fleet-enum-2026-08
Bird,communication-apis,,MessageBird;Message Bird;Bird.com,high,Bird is an extremely common animal word; the former MessageBird name is much less ambiguous and remains widely used.,bird.com,bird watching;bird feeder;bird flu;pet bird;bird species;bird nest;early bird;bird migration;bird of prey;baby bird,bird,fleet-enum-2026-08
Bitbucket,code-hosting,,BB,medium,The compound name is distinctive and overwhelmingly refers to Atlassian's code-hosting product.,bitbucket.org,,bb,fleet-enum-2026-08
Bitbucket Pipelines,ci-cd,,Bitbucket CI,low,The Bitbucket brand makes the full product name unambiguous.,bitbucket.org,,,fleet-enum-2026-08
Bitdefender GravityZone Business Security,antivirus,,GravityZone;Gravity Zone;Bitdefender GZ;GZ Business Security,low,The full business-suite name and the coined GravityZone mark are highly distinctive.,bitdefender.com,,,fleet-enum-2026-08
Bitdefender Total Security,antivirus,,Bitdefender;BD Total Security;BDTS,low,The Bitdefender brand makes an otherwise generic suite descriptor unmistakable.,bitdefender.com,,,fleet-enum-2026-08
bitfarm-Archiv,document-management,,Bitfarm Archiv;bitfarm Archiv,low,The hyphenated German product name is highly distinctive.,bitfarm-archiv.de,,,fleet-enum-2026-08
Bizzabo,event-management,,,low,A highly distinctive coined brand with little non-product collision.,bizzabo.com,,,fleet-enum-2026-08
Blackbaud Raiser’s Edge NXT,nonprofit,,Raiser’s Edge NXT;Raiser's Edge NXT;Raiser’s Edge;Raiser's Edge;RE NXT;RENXT;RE,low,The full branded name is unmistakable despite the very short RE abbreviation.,blackbaud.com,,,fleet-enum-2026-08
BlackBerry UEM,mdm,,BB UEM;BBUEM;BES12;BlackBerry Enterprise Mobility Suite,low,The BlackBerry qualifier makes the UEM product unmistakable.,blackberry.com,,,fleet-enum-2026-08
Blackboard LMS,lms,,Blackboard;Bb;Bboard;Blackboard Learn;Blackboard Ultra,low,"The LMS-qualified product name is clear, though Blackboard alone is also a common classroom object.",blackboard.com,,bb;blackboard,fleet-enum-2026-08
Blender,cad,,Blender 3D,high,"Blender is an everyday appliance name, so 3D, rendering, animation, or version context is important.",blender.org,immersion blender;kitchen blender;blender bottle;smoothie blender;Ninja blender;Vitamix blender;blender stopped working,blender,fleet-enum-2026-08
BlockSurvey,survey-tools,,Block Survey,low,The compound is distinctive in software and privacy-survey discussions.,blocksurvey.io,,,fleet-enum-2026-08
Bloomerang,nonprofit,,,low,Bloomerang is a distinctive coined product name.,bloomerang.co,,,fleet-enum-2026-08
Blubrry,podcast-hosting,,Blubrry Podcasting;Blueberry,low,Its deliberately shortened spelling is distinctive; Blueberry is a frequent phonetic misspelling.,blubrry.com,,blueberry,fleet-enum-2026-08
Bluebeam Revu,pdf-tools,,Bluebeam;Revu;Bluebeam Review,low,"Bluebeam and the stylized Revu name are distinctive, especially in construction-document discussions.",bluebeam.com,,,fleet-enum-2026-08
Bluehost,web-hosting,,,low,The compound name is strongly associated with the hosting provider.,bluehost.com,,,fleet-enum-2026-08
Blueink,esignature,,Blue Ink,high,The closed-compound spelling is a distinctive e-signature brand.,blueink.com,,,fleet-enum-2026-08
BoldSign,esignature,,Bold Sign,medium,BoldSign is a distinctive closed-compound product name.,boldsign.com,,,fleet-enum-2026-08
Bolt,ai-coding,,Bolt.new;Bolt AI;StackBlitz Bolt,high,"Bolt is a very common noun, verb, surname, and athlete's name; the .new form sharply reduces ambiguity.",bolt.new,lightning bolt;bolt action;bolt cutters;door bolt;bolt pattern;bolt of fabric;Usain Bolt;bolt upright,bolt;bolt.new,fleet-enum-2026-08
Bolt.new,no-code,,Bolt,low,"The canonical dot-new form is distinctive, although the shortened alias Bolt is highly ambiguous.",bolt.new,,bolt;bolt.new,fleet-enum-2026-08
Bonsai,invoicing,,Hello Bonsai;HelloBonsai,high,The bare name commonly refers to miniature trees and the hobby of cultivating them.,hellobonsai.com,bonsai tree;bonsai soil;bonsai pot;bonsai pruning;bonsai garden;bonsai leaves;bonsai seeds;bonsai collection,bonsai,fleet-enum-2026-08
Bonterra EveryAction,nonprofit,,EveryAction,low,The Bonterra-qualified canonical name is distinctive; users commonly retain the shorter legacy-facing EveryAction name.,bonterratech.com,,,fleet-enum-2026-08
BookStack,wikis,,Book Stack,medium,"The fused, capitalized name is distinctive even though the spaced phrase 'book stack' has an ordinary meaning.",bookstackapp.com,,bookstack,fleet-enum-2026-08
Booksy,scheduling,,,medium,A distinctive coined name strongly tied to the beauty and wellness booking marketplace.,booksy.com,,,fleet-enum-2026-08
Boomi Enterprise Platform,workflow-automation,,Boomi;Dell Boomi;Boomi AtomSphere;AtomSphere,low,The full platform name is unmistakable; Reddit users overwhelmingly shorten it to Boomi or use older branding.,boomi.com,,,fleet-enum-2026-08
Botpress,live-chat,,,low,Botpress is a distinctive compound; older camel-case styling remains common among developers.,botpress.com,,,fleet-enum-2026-08
Boulevard,scheduling,,BLVD;Boulevard software,high,"Boulevard is a common street type and occurs frequently in road names, addresses, and titles.",joinblvd.com,Sunset Boulevard;Hollywood Boulevard;on the boulevard;down the boulevard;boulevard traffic;boulevard street;boulevard of broken dreams;tree-lined boulevard,boulevard,fleet-enum-2026-08
Box,cloud-storage,document-management,Box.net;Box Enterprise,high,"Box is an extremely common noun and verb, so product context is essential.",box.com,cardboard box;in the box;out of the box;check the box;loot box;mail box;box office;boxing match,,fleet-enum-2026-08
Brandwatch,social-media-management,,Brand Watch,medium,The closed compound is a well-established product brand and rarely an ordinary phrase.,brandwatch.com,,,fleet-enum-2026-08
Brave Leo AI,ai-assistants,,Brave Leo;Leo AI;Leo,low,"The full canonical name is specific, though Reddit often shortens it to the highly ambiguous Leo.",brave.com,,leo,fleet-enum-2026-08
Brave Talk,video-conferencing,,,medium,Both words are common and the phrase can describe courageous speech without referring to the service.,talk.brave.com;brave.com,brave enough to talk;brave talk from a keyboard;all that brave talk;talk about being brave;brave people speaking up;a brave conversation,,fleet-enum-2026-08
Breakdance,website-builders,,Breakdance Builder,high,The bare name is the common name of a dance style as well as the WordPress builder.,breakdance.com,breakdance battle;breakdance moves;learn breakdance;Olympic breakdance;breakdance class;breakdance competition,,fleet-enum-2026-08
Brevo,communication-apis,newsletters,Sendinblue;SendInBlue;Send in Blue,medium,Brevo is distinctive; the main matching issue is continued use of its former name Sendinblue.,brevo.com,,,fleet-enum-2026-08
Bricks,website-builders,,Bricks Builder,high,"Bricks is a common plural noun, so WordPress or website-building context is essential.",bricksbuilder.io,LEGO bricks;clay bricks;laying bricks;bricks and mortar;glass bricks;gold bricks;paving bricks,,fleet-enum-2026-08
BricsCAD,cad,,Brics;BCAD;BricsCAD Lite;BricsCAD Pro,low,A distinctive coined CAD brand with minimal non-product usage.,bricsys.com,,,fleet-enum-2026-08
Brightcove,video-hosting,,,medium,Brightcove is a distinctive compound overwhelmingly used for the video platform.,brightcove.com,,,fleet-enum-2026-08
Brightpearl,inventory,,Brightpearl by Sage;BP,low,"Brightpearl is a distinctive compound brand; BP is ambiguous, but the bare canonical name is not.",brightpearl.com,,,fleet-enum-2026-08
Browsee,session-replay,,,low,The coined spelling distinguishes the product from the ordinary verb browse.,browsee.io,,,fleet-enum-2026-08
Bruno,api-tools,,useBruno,high,"Bruno is a common personal and pet name, despite being distinctive in API-client conversations.",usebruno.com,Bruno Mars;Bruno Fernandes;Bruno Guimaraes;my dog Bruno;named Bruno;Bruno Madrigal;Uncle Bruno,bruno,fleet-enum-2026-08
Bubble,no-code,,Bubble.io;Bubbleio,high,A very common noun and verb; app-building context or the .io form is usually needed.,bubble.io,bubble bath;speech bubble;housing bubble;filter bubble;bubble tea;bubble wrap;burst the bubble;bubble sort,bubble,fleet-enum-2026-08
Buddy,ci-cd,,Buddy.works;Buddy CI,high,Buddy is an extremely common informal word for a friend or partner.,buddy.works,my buddy;best buddy;buddy system;drinking buddy;study buddy;buddy cop;little buddy;old buddy,buddy,fleet-enum-2026-08
BuddyBoss,community-platforms,,Buddy Boss,low,The compound brand is distinctive even when users insert a space.,buddyboss.com,,,fleet-enum-2026-08
Budibase,internal-tools,no-code,,low,A distinctive coined name; casual users sometimes insert an internal capital.,budibase.com,,,fleet-enum-2026-08
Buffer,social-media-management,,Buffer App;Bufferapp,high,"A common noun and technical term, so the bare name needs social-media context.",buffer.com,buffer zone;buffer overflow;cash buffer;memory buffer;buffer solution;buffer stock;video buffer;pH buffer,buffer,fleet-enum-2026-08
Bugsink,error-tracking,,,low,The coined compound is distinctive and is used as the product name in self-hosting discussions.,bugsink.com,,,fleet-enum-2026-08
Bugsnag,error-tracking,,,low,The coined compound is strongly associated with the software service; alternate capitalization is common.,bugsnag.com,,,fleet-enum-2026-08
BuildBook,construction,,Build Book,high,The branded compound is uncommon in ordinary prose and usually denotes the software.,buildbook.co,,,fleet-enum-2026-08
Buildertrend,construction,,BT,low,The compound brand is distinctive; BT is the main context-dependent shorthand.,buildertrend.com,,,fleet-enum-2026-08
Buildium,property-management,,Buildum,low,A distinctive coined name; the occasional Buildum form is a user typo.,buildium.com,,,fleet-enum-2026-08
Buildkite Pipelines,ci-cd,,Buildkite,low,Buildkite is a coined brand and Pipelines identifies its CI/CD product.,buildkite.com,,,fleet-enum-2026-08
BuildOps,field-service,,Build Ops;BO,medium,The fused brand is distinctive; trade users also use a spaced form or BO shorthand.,buildops.com,,,fleet-enum-2026-08
Buildxact,construction,,Build Xact;Buildexact,low,The coined spelling is distinctive; users often insert a space or normalize the spelling.,buildxact.com,,,fleet-enum-2026-08
Bunny Stream,video-hosting,,Bunny;bunny.net Stream;BunnyCDN Stream,medium,The full two-word product name is distinctive despite bunny and stream being ordinary words.,bunny.net,,bunny,fleet-enum-2026-08
Buttondown,newsletters,,Buttondown Email,high,"The joined spelling often indicates the product, but it collides with the common button-down phrase after normalization.",buttondown.com,,,fleet-enum-2026-08
Buxfer,budgeting,,,low,Buxfer is a coined spelling with little ordinary-language collision.,buxfer.com,,,fleet-enum-2026-08
Buzzsprout,podcast-hosting,,Buzz Sprout,low,A distinctive coined brand; the spaced form is an occasional casual rendering.,buzzsprout.com,,,fleet-enum-2026-08
Cacoo,diagramming,,Nulab Cacoo,low,The unusual spelling makes the product name readily identifiable.,cacoo.com,,,fleet-enum-2026-08
CafeTran Espresso,localization,,CafeTran;Cafetran;CTE,low,The full name and CafeTran shorthand are distinctive despite the ordinary word Espresso.,cafetran.com,,,fleet-enum-2026-08
CAKE POS,restaurant-pos,,CAKE;Sysco CAKE;CAKE by Mad Mobile,high,"The POS suffix disambiguates it, but users often write Cake alone, one of the most common food words.",trycake.com;madmobile.com,birthday cake;wedding cake;chocolate cake;piece of cake;cake recipe;bake a cake;cake day;cake decorating,cake,fleet-enum-2026-08
Cal.com,scheduling,,Cal;calcom;Cal com;Calendso,high,"The full dotted brand is clear, but the ubiquitous shorthand Cal has many school, name, character, and unit meanings.",cal.com,,cal,fleet-enum-2026-08
Calendly,scheduling,,,low,A distinctive coined name that overwhelmingly refers to the scheduling service.,calendly.com,,,fleet-enum-2026-08
Campaign Monitor,newsletters,,CampaignMonitor;CM,high,"The brand is established, but the two words can also describe a generic monitoring tool or role.",campaignmonitor.com,political campaign monitor;election campaign monitor;ad campaign monitor;campaign monitor job;campaign monitor dashboard;campaign monitor tool,,fleet-enum-2026-08
Camtasia,screen-recording,,Camtasia Studio,low,Camtasia is a distinctive coined product name; Camtasia Studio is its widely used former name.,techsmith.com,,,fleet-enum-2026-08
Canvas LMS,lms,,Canvas;Instructure Canvas,low,"The full product name is unmistakable, although the common shorthand Canvas is an ordinary noun.",instructure.com,,canvas,fleet-enum-2026-08
Captivate,podcast-hosting,,Captivate.fm,high,"The brand is identical to a common English verb, so podcast-hosting context is essential.",captivate.fm,captivate the audience;captivate readers;captivate viewers;captivate your attention;failed to captivate;designed to captivate,captivate,fleet-enum-2026-08
Capture One Pro,photo-editing,,Capture One;C1;C1 Pro;C1P,low,"The full maker name is distinctive, while C1 can refer to cameras, vehicles, or technical labels outside photo-editing threads.",captureone.com,,,fleet-enum-2026-08
CARET Legal,legal-practice,,Caret;CARET;Zola Suite;Zola,low,The Legal qualifier makes the current product name clear; Reddit also uses its former Zola Suite name.,getcaret.com,,caret,fleet-enum-2026-08
Carrd,website-builders,,carrd.co,low,The deliberate double-r spelling makes the product readily distinguishable from card.,carrd.co,,,fleet-enum-2026-08
CASEpeer,legal-practice,,,low,The stylized compound is distinctive and closely tied to PI case management.,casepeer.com,,,fleet-enum-2026-08
Cash App Taxes,tax-software,,Cash App Tax;Credit Karma Tax;CK Tax,low,The full name clearly identifies Cash App's tax-filing product; Credit Karma Tax is its widely used former name.,cash.app,,,fleet-enum-2026-08
Castos,podcast-hosting,,,low,A distinctive coined name with no common English meaning.,castos.com,,,fleet-enum-2026-08
CATIA,cad,,CATIA V5;CATIA V6;3DEXPERIENCE CATIA,medium,"The uppercase styling is distinctive, but Catia is also a personal name in ordinary posts.",3ds.com,my friend Catia;named Catia;Catia's birthday;Catia the character;Catia in the cast,,fleet-enum-2026-08
Cato SASE Cloud Platform,network-security,,Cato SASE;Cato Cloud;Cato Networks;Cato,low,"The complete branded platform name is unambiguous, although Cato alone can also be a surname or institute name.",catonetworks.com,,,fleet-enum-2026-08
CCH Axcess Tax,tax-software,,CCH Axcess;Axcess;CCH Access;Access,low,"The full name is specific, despite common misspellings and the generic-sounding shorthand Access.",wolterskluwer.com,,access,fleet-enum-2026-08
CCH ProSystem fx Tax,tax-software,,ProSystem fx;ProSystemFX;ProFX;PFX;FX Tax,low,The complete CCH product name is distinctive despite several compressed spellings used by professionals.,wolterskluwer.com,,,fleet-enum-2026-08
Celigo integrator.io,workflow-automation,,Celigo;integrator.io;Integrator IO,low,The combined maker and product name is distinctive; most practitioners simply say Celigo.,celigo.com;integrator.io,,,fleet-enum-2026-08
Centerbase,legal-practice,,Center Base,medium,The joined name is distinctive despite being built from ordinary words.,centerbase.com,,,fleet-enum-2026-08
Character.AI,ai-assistants,,Character AI;c.ai;CAI;cai,low,The dotted product name is distinctive despite highly abbreviated community shorthand.,character.ai,,,fleet-enum-2026-08
Chatfuel,live-chat,,,low,Chatfuel is a distinctive compound; its former camel-case styling persists in Reddit comments.,chatfuel.com,,,fleet-enum-2026-08
ChatGPT,ai-assistants,ai-image,Chat GPT;GPT;CGPT,low,The exact product name is distinctive; only the shorthand GPT broadens beyond the service.,chatgpt.com;openai.com,,,fleet-enum-2026-08
Chatwoot,live-chat,,,low,Chatwoot is a distinctive coined name strongly associated with the open-source support platform.,chatwoot.com,,,fleet-enum-2026-08
Check Point Quantum Firewall,network-security,,Check Point firewall;Checkpoint firewall;Check Point Quantum;CP firewall;Quantum Security Gateway,low,The complete Check Point Quantum branding clearly identifies the security product.,checkpoint.com,,,fleet-enum-2026-08
Checkmk,observability,,Check_MK;check_mk,low,Distinctive product name; aliases reflect its former styling and common casing.,checkmk.com,,,fleet-enum-2026-08
Chef Infra,iac,,Chef;Chef Infra Client;Chef Client,low,"The Infra qualifier makes the canonical name specific, though the Chef shorthand is an ordinary occupation.",chef.io,,chef,fleet-enum-2026-08
ChMeetings,nonprofit,,Ch Meetings,low,The unusual ChMeetings construction is specific to the church management platform.,chmeetings.com,,,fleet-enum-2026-08
Chrome Remote Desktop,remote-desktop,,CRD;Chrome RD;Google Remote Desktop,low,The full name clearly identifies Google's remote-desktop product.,remotedesktop.google.com,,,fleet-enum-2026-08
ChurchTrac,nonprofit,,Church Trac,low,The coined compound is strongly associated with the church management product.,churchtrac.com,,,fleet-enum-2026-08
Cin7 Core,inventory,,Cin7;DEAR Inventory;DEAR;Cin7 DEAR,low,"The numbered Cin7 brand and Core product name are distinctive, despite Core alone being generic.",cin7.com,,dear,fleet-enum-2026-08
Circle,community-platforms,course-platforms,Circle.so;Circle Communities,high,"Circle is an extremely common noun and verb, so the bare name requires strong community-platform context.",circle.so,circle back;social circle;full circle;circle of friends;inner circle;Arctic Circle;crop circle;unit circle;circle jerk,circle,fleet-enum-2026-08
CircleCI,ci-cd,,Circle CI,low,The concatenated brand name is specific to the CI service.,circleci.com,,,fleet-enum-2026-08
Cisco Duo,identity,,Duo;Duo Security;Duo MFA,low,"The full Cisco-qualified product name is unambiguous, though the common Duo shorthand is not.",duo.com,,duo,fleet-enum-2026-08
Cisco Secure Firewall,network-security,,Cisco Firepower;Firepower;FTD;Cisco FTD;Secure Firewall Threat Defense,low,"The Cisco-qualified name is specific, while Firepower and FTD are persistent legacy and technical shorthand.",cisco.com,,firepower,fleet-enum-2026-08
CiviCRM,nonprofit,,Civi,low,The CRM suffix and unusual spelling make the product name unmistakable.,civicrm.org,,civi,fleet-enum-2026-08
Civitai,ai-image,,Civi,low,The invented name is strongly tied to the AI-model and image-generation platform.,civitai.com,,civi,fleet-enum-2026-08
Claude,ai-assistants,,Claude AI;Anthropic Claude,high,"Claude is a common given name shared by many prominent artists, scholars, and athletes.",claude.ai;anthropic.com,Claude Monet painting;Claude Debussy music;Claude Shannon theorem;Claude Levi-Strauss;Claude Giroux trade;Claude McKay poem,claude,fleet-enum-2026-08
Claude Code,ai-coding,,ClaudeCode;CC,low,The two-word product name is distinctive even though Claude alone is also a personal name and a broader AI brand.,claude.com,,cc,fleet-enum-2026-08
CleanShot X,screen-recording,,CleanShot,medium,The full name and its CleanShot shorthand are distinctive in app discussions.,cleanshot.com,,,fleet-enum-2026-08
Clearscope,seo-tools,,,medium,The compound name is distinctive and rarely used generically.,clearscope.io,,,fleet-enum-2026-08
Clerk,identity,,Clerk Auth;Clerk.dev;ClerkJS,high,"Clerk is a common occupation and surname, so the bare word needs software context.",clerk.com,store clerk;county clerk;court clerk;desk clerk;clerk of court;clerk's office;law clerk;grocery clerk,clerk,fleet-enum-2026-08
ClickHouse,databases,,CH,medium,A distinctive compound name; CH is used mainly where database context is already established.,clickhouse.com,,clickhouse,fleet-enum-2026-08
ClickHouse Cloud,data-warehouses,,ClickHouse;Clickhouse;CH Cloud,low,The coined ClickHouse name is readily identifiable in software discussion.,clickhouse.com,,clickhouse,fleet-enum-2026-08
ClickMeeting,webinars,,Click Meeting,high,The closed compound and capitalization make the product readily identifiable.,clickmeeting.com,,,fleet-enum-2026-08
ClickSend SMS API,communication-apis,,ClickSend SMS;ClickSend;Click Send,low,ClickSend is a distinctive compound brand and the full name clearly denotes its SMS API.,,,,fleet-enum-2026-08
ClickShip,shipping,,Click Ship,high,The fused name is a distinctive Canadian shipping-platform brand.,clickship.com,,,fleet-enum-2026-08
Clickteam Fusion 2.5,game-engines,,Clickteam Fusion;Fusion 2.5;CF2.5;MMF2;Multimedia Fusion 2,low,The full versioned name is unmistakable; MMF2 reflects the product line's former name.,clickteam.com,,,fleet-enum-2026-08
Clicky,web-analytics,,GetClicky;Get Clicky,high,"Clicky is a common adjective for tactile or noisy keyboards, switches, mice, and controls.",clicky.com,clicky keyboard;clicky switches;clicky keys;clicky sound;clicky buttons;clicky mouse;too clicky,clicky,fleet-enum-2026-08
Cline,ai-coding,,Claude Dev;Cline AI,medium,"Cline is distinctive as software but also a surname associated with several people, places, and brands; Claude Dev is its former name.",cline.bot,Patsy Cline;Madelyn Cline;Cline family;Cline Avenue;Cline Cellars;Ernest Cline,cline,fleet-enum-2026-08
Clio,legal-practice,,Clio Manage,medium,"Distinctive in legal threads, but the bare name also commonly refers to Renault's car and the awards or Greek muse.",clio.com,Renault Clio;Clio RS;Clio 172;Clio 182;Clio Williams;Clio Awards;Clio the muse,clio,fleet-enum-2026-08
CLion,ides,,,low,The coined spelling is readily identifiable as the JetBrains C and C++ IDE.,jetbrains.com,,,fleet-enum-2026-08
Clockify,time-tracking,,,low,Clockify is a coined name with little non-product usage.,clockify.me,,,fleet-enum-2026-08
Cloud Firestore,databases,,Firestore;Firebase Firestore,low,Firestore is a distinctive coined name closely tied to Google's database service.,firebase.google.com;cloud.google.com,,,fleet-enum-2026-08
CloudLex,legal-practice,,Cloud Lex,low,The coined compound is recognizable as a legal-software brand.,cloudlex.com,,,fleet-enum-2026-08
CloudTalk,voip,,Cloud Talk,medium,The closed compound is strongly associated with the phone platform despite its descriptive components.,cloudtalk.io,,,fleet-enum-2026-08
Cloudways,web-hosting,,CW,low,The coined compound is readily identifiable as the managed hosting platform.,cloudways.com,,,fleet-enum-2026-08
Clover,pos,,Clover POS;CloverPOS,high,"Clover is a common plant name, so the bare word needs payments or merchant context.",clover.com,four leaf clover;four-leaf clover;clover lawn;clover grass;red clover;white clover;clover seed;sweet clover;clover flower,clover;clover pos,fleet-enum-2026-08
Clover for Restaurants,restaurant-pos,,Clover;Clover POS;Clover Dining,high,"The restaurant product is distinctive in full, while the usual shorthand Clover is a common plant name.",clover.com,four leaf clover;clover field;red clover;white clover;sweet clover;clover lawn;clover honey,clover;clover pos,fleet-enum-2026-08
CMiC,construction,,,high,The acronym is strongly associated with the construction ERP and project-management platform in this context.,cmicglobal.com,,,fleet-enum-2026-08
CockroachDB,databases,,Cockroach;CRDB,low,"The DB-suffixed canonical name is unmistakable, though the informal Cockroach shorthand depends on technical context.",cockroachlabs.com,,cockroach,fleet-enum-2026-08
Cocos Creator,game-engines,,CocosCreator;CC,low,The two-word product name is distinctive even though Cocos alone names several related technologies.,cocos.com,,cc,fleet-enum-2026-08
Coda,spreadsheets,,Coda.io;Coda docs,high,Coda is also a music and storytelling term for a concluding passage.,coda.io,musical coda;the final coda;coda section;opera coda;symphony coda;film's coda;narrative coda,coda,fleet-enum-2026-08
Codeberg,code-hosting,,,low,This coined name is closely tied to the nonprofit Forgejo-based hosting service.,codeberg.org,,,fleet-enum-2026-08
Codefresh CI,ci-cd,,Codefresh,low,Codefresh is a coined software brand and the CI suffix further disambiguates it.,codefresh.io;octopus.com,,,fleet-enum-2026-08
Codex,ai-coding,,OpenAI Codex;Codex CLI;OpenAI Codex CLI,high,Codex is a longstanding word for a manuscript or rulebook and is heavily used in history and tabletop-gaming discussions.,openai.com,ancient codex;medieval codex;Mayan codex;codex manuscript;Warhammer codex;Aztec codex;illustrated codex,codex,fleet-enum-2026-08
Cody,ai-coding,,Sourcegraph Cody;Cody AI,high,"Cody is a common given name shared by many public figures, making Sourcegraph context essential.",sourcegraph.com,Cody Rhodes;Cody Bellinger;Cody Johnson;Cody Ko;my friend Cody;Cody from school;Cody Garbrandt,,fleet-enum-2026-08
Cognito Forms,form-builders,survey-tools,Cognito,low,"The full two-word product name is distinctive, though users often shorten it to Cognito.",,,cognito,fleet-enum-2026-08
ComfyUI,ai-image,,Comfy UI;Comfy,low,The full UI-suffixed name is distinctive; Comfy alone is a context-dependent shorthand.,comfy.org,,comfy,fleet-enum-2026-08
Commusoft,field-service,,,low,Commusoft is a distinctive coined software brand.,commusoft.com,,,fleet-enum-2026-08
Concourse CI,ci-cd,,Concourse,low,"The CI suffix makes the product specific, though Concourse alone can mean a public hall.",concourse-ci.org,,concourse,fleet-enum-2026-08
Concur Expense,expense-management,,Concur;SAP Concur;Concur T&E,low,The full product name is distinctive even though users usually shorten it to Concur.,concur.com,,concur,fleet-enum-2026-08
ConfigCat,feature-flags,,Config Cat,low,The compound name is distinctive in software discussions.,configcat.com,,,fleet-enum-2026-08
ConnectWise Automate,rmm,,Automate;CWA;CW Automate;LabTech;Labtech;LT,low,"The full name is distinctive; Automate alone is common English, and LabTech is the well-established former name.",,,lt,fleet-enum-2026-08
ConnectWise RMM,rmm,,CWRMM;CW RMM;ConnectWise Asio RMM;Asio RMM,low,ConnectWise plus the RMM qualifier is unambiguous despite frequent abbreviation.,,,,fleet-enum-2026-08
ConnectWise ScreenConnect,remote-desktop,,ScreenConnect;Screen Connect;CW ScreenConnect,low,Both the full name and ScreenConnect shorthand are distinctive software branding.,screenconnect.com,,,fleet-enum-2026-08
Construct 3,game-engines,,Construct;C3,low,The numbered product name is distinctive despite Construct alone being an ordinary verb or noun.,construct.net,,construct,fleet-enum-2026-08
Contact Form 7,form-builders,,CF7;ContactForm7,medium,The numeral makes this otherwise descriptive plugin name highly specific.,contactform7.com,,,fleet-enum-2026-08
containerd,containers,,,low,The stylized daemon name is specific to the container runtime.,containerd.io,,,fleet-enum-2026-08
Contentsquare,product-analytics,session-replay,Content Square,low,Contentsquare is a distinctive closed-up brand name.,contentsquare.com,,,fleet-enum-2026-08
ContentStudio,social-media-management,,Content Studio,high,The closed compound is distinctive and the spaced form still denotes the product in context.,getcontentstudio.com,,,fleet-enum-2026-08
Continue,ai-coding,,Continue.dev;Continue Dev,high,Continue is an extremely common English verb and UI label.,continue.dev,continue working;continue reading;continue playing;continue tomorrow;continue the story;continue to happen;press continue,continue,fleet-enum-2026-08
Contractor Foreman,construction,,ContractorForeman;CF,high,The canonical name is also a generic construction job title and needs software context.,contractorforeman.com,,,fleet-enum-2026-08
Contrast,webinars,,GetContrast;Contrast webinar,high,"Contrast is an extremely common noun and verb, so the bare brand requires webinar or software context.",getcontrast.io,in contrast;by contrast;high contrast;color contrast;contrast ratio;sharp contrast;contrast with;adjust the contrast;stark contrast;compare and contrast,contrast,fleet-enum-2026-08
Convert Experiences,feature-flags,,Convert;Convert.com,high,"The full two-word product name is distinctive, although the common shorthand Convert is ambiguous.",,,convert,fleet-enum-2026-08
Copilot Money,budgeting,,Copilot;CoPilot,medium,The full name distinguishes the finance app from Microsoft and GitHub products that are also called Copilot.,copilot.money,,copilot,fleet-enum-2026-08
Coralogix,observability,,,low,Coined platform name with essentially no ordinary-language use.,coralogix.com,,,fleet-enum-2026-08
Cornerstone Learning,lms,,Cornerstone;Cornerstone LMS;CSOD,medium,"The full product name is specific, although Cornerstone alone has an ordinary figurative meaning.",cornerstoneondemand.com,,cornerstone,fleet-enum-2026-08
CosmoLex,legal-practice,,,low,The coined camel-case name is not readily confused with ordinary language.,cosmolex.com,,,fleet-enum-2026-08
Countly,product-analytics,,,low,Countly is a coined brand name with little ordinary-language usage.,countly.com,,,fleet-enum-2026-08
Coursera,course-platforms,,,low,Distinctive coined name overwhelmingly refers to the online course service.,coursera.org,,,fleet-enum-2026-08
Craftybase,inventory,,,low,Craftybase is a distinctive compound brand; the alternate capitalization is common but not semantically ambiguous.,craftybase.com,,,fleet-enum-2026-08
Craiyon,ai-image,,DALL-E Mini;DALL·E mini;Dalle Mini,low,The crayon-derived spelling is a distinctive brand; its former DALL-E Mini name remains common.,craiyon.com,,,fleet-enum-2026-08
Crazy Egg,feature-flags,session-replay,CrazyEgg,high,The unusual two-word name is strongly associated with the web optimization product.,crazyegg.com,,,fleet-enum-2026-08
Creately,diagramming,,,low,A coined name that rarely appears outside references to the product.,creately.com,,,fleet-enum-2026-08
Creatify,ai-video,,Creatify AI,low,The coined verb-like name is strongly associated with the AI video-ad service.,creatify.ai,,,fleet-enum-2026-08
Creo,cad,,PTC Creo;Pro/E;ProE;Pro/ENGINEER,high,Creo is distinctive in English CAD threads but is the ordinary Spanish first-person form of 'believe' or 'think.',ptc.com,creo que;no creo;yo creo;creo en Dios;creo recordar;creo haber visto,,fleet-enum-2026-08
CRI-O,containers,,crio;CRI O,low,The hyphenated runtime brand is a distinctive technical initialism.,cri-o.io,,,fleet-enum-2026-08
Crisp,live-chat,,Crisp Chat;Crisp.chat,high,"Crisp is a common adjective and food noun, so the bare word needs customer-support or SaaS context.",crisp.chat,crisp air;crisp weather;crisp sound;crisp image;nice and crisp;apple crisp;crisp edges;crisp texture,crisp,fleet-enum-2026-08
Crossplane,iac,,Crossplane.io,medium,The brand is distinctive in cloud-native threads but crossplane is also an engine and geometry term.,crossplane.io,crossplane crankshaft;crossplane engine;crossplane inline four;crossplane i4;crossplane V8;crossplane firing order;crossplane geometry,,fleet-enum-2026-08
Crowdcast,webinars,,,medium,The coined compound is strongly associated with the live-event platform.,crowdcast.io,,,fleet-enum-2026-08
Crowdin,localization,,,low,"Crowdin is a distinctive brand, with the older internal-capital spelling still seen casually.",crowdin.com,,,fleet-enum-2026-08
CrowdStrike Falcon,antivirus,,CrowdStrike;Crowdstrike;Falcon;CS Falcon,low,The vendor-plus-platform compound is unmistakable despite Falcon being an ordinary noun.,crowdstrike.com,,falcon,fleet-enum-2026-08
CRYENGINE,game-engines,,Cry Engine;CE,low,The joined trademark is unmistakable; only the short initials are broadly ambiguous.,cryengine.com,,,fleet-enum-2026-08
CryptPad Sheet,spreadsheets,,CryptPad Sheets;CryptPad Spreadsheet;CryptPad spreadsheets,low,The CryptPad qualifier makes the generic Sheet name highly specific.,cryptpad.org;cryptpad.fr,,,fleet-enum-2026-08
Cumulus Retail,pos,,Celerant Cumulus;Celerant Cumulus Retail;Cumulus POS,medium,The full product name is specific to Celerant's retail platform.,celerant.com,,,fleet-enum-2026-08
curl,api-tools,,,high,"Even though it is ubiquitous in API work, the bare name is also a common verb and fitness or hair term.",curl.se,bicep curl;curl my hair;curl up;curl cream;curl pattern;curl routine;hammer curl,curl,fleet-enum-2026-08
Cursor,ai-coding,ides,Cursor IDE;Cursor Editor,high,Cursor is an ordinary computing term for the on-screen pointer or insertion point.,,mouse cursor;text cursor;cursor position;cursor speed;cursor icon;blinking cursor;cursor movement;move the cursor,cursor,fleet-enum-2026-08
CustomCat,print-on-demand,,Custom Cat,medium,The joined compound is distinctive and normally refers to the POD service.,customcat.com,,,fleet-enum-2026-08
Cvent,event-management,,,low,"A distinctive coined name, despite inconsistent capitalization in casual posts.",cvent.com,,,fleet-enum-2026-08
CyberGhost VPN,vpn,,CyberGhost;Cyber Ghost,low,"CyberGhost is a distinctive compound brand, and the canonical name includes VPN.",cyberghostvpn.com,,,fleet-enum-2026-08
CYPHER Learning,lms,,CYPHER;Cypher LMS,low,"The full two-word brand is specific, though cypher alone is a spelling variant of cipher.",cypherlearning.com,,,fleet-enum-2026-08
D2,diagramming,,D2lang;D2 language,high,"The two-character name collides with many games, materials, receptors, visas, and division labels.",d2lang.com,D2 steel;D2 visa;D2 basketball;D2 receptor;D2 football;D2 college,,fleet-enum-2026-08
D2L Brightspace,lms,,Brightspace;D2L;Desire2Learn,low,The combined maker and product name is distinctive; Desire2Learn is the widely used former name.,d2l.com,,,fleet-enum-2026-08
Dacast,video-hosting,,,low,Dacast is a coined brand name with little unrelated usage.,dacast.com,,,fleet-enum-2026-08
Dagster,etl,,Dagster Cloud,low,Dagster is a distinctive coined software name.,dagster.io,,,fleet-enum-2026-08
Dailymotion,video-hosting,,Daily Motion,low,The closed compound is strongly associated with the video platform.,dailymotion.com,,,fleet-enum-2026-08
Dalux,construction,,Dalux Field;Dalux Box,low,Dalux is a coined brand; Field and Box are common legacy or module-level references to the platform.,dalux.com,,,fleet-enum-2026-08
darktable,photo-editing,,DT,low,The closed-up lowercase name is distinctive; DT alone needs photography context.,darktable.org,,dt,fleet-enum-2026-08
Databricks SQL,data-warehouses,,DBSQL;Databricks SQL Warehouse;Databricks SQL Warehouses,low,Databricks is a coined brand and the SQL qualifier identifies its warehouse offering.,databricks.com,,,fleet-enum-2026-08
Datadog,observability,session-replay,DD,low,Coined compound name that is strongly associated with the observability platform.,datadoghq.com,,,fleet-enum-2026-08
Dataflow,etl,,Google Dataflow;Google Cloud Dataflow,high,The bare name is a generic computing term and is also used for Microsoft Power BI artifacts.,cloud.google.com,dataflow diagram;dataflow graph;dataflow analysis;dataflow programming;dataflow architecture;dataflow pipeline;Power BI dataflow;dataflow model,,fleet-enum-2026-08
Datto RMM,rmm,,DRMM;DattoRMM;Datto,low,Datto is a coined brand and the RMM-qualified product name is unmistakable.,datto.com;kaseya.com,,,fleet-enum-2026-08
dbt,etl,,data build tool,high,"Outside data engineering, DBT overwhelmingly denotes dialectical behavior therapy.",dbt.com,DBT therapy;DBT skills;DBT workbook;DBT therapist;DBT group;DBT treatment;DBT exercises,,fleet-enum-2026-08
Decktopus AI,presentations,,Decktopus,low,Decktopus is a distinctive coined product name with no common ordinary meaning.,decktopus.com,,,fleet-enum-2026-08
DeepL Translator,localization,,DeepL;Deepl;deepL,low,DeepL is a distinctive brand even when the Translator suffix is omitted.,deepl.com,,,fleet-enum-2026-08
DeepL Write,writing-assistants,,DeepL Write Pro;DeepL writing tool,low,The DeepL house mark plus Write uniquely identifies the product.,deepl.com,,,fleet-enum-2026-08
DeepSeek,ai-assistants,,DeepSeek Chat;DeepSeek AI,low,The coined compound is strongly associated with the AI service.,deepseek.com,,,fleet-enum-2026-08
Defold,game-engines,,,medium,Defold is a distinctive coined name.,defold.com,,,fleet-enum-2026-08
Demio,webinars,,,low,Demio is a coined and readily identifiable product name.,demio.com,,,fleet-enum-2026-08
Descope,identity,,Descope Auth,low,Coined brand with little ordinary-language usage.,descope.com,,,fleet-enum-2026-08
DeskTime,time-tracking,,Desk Time,medium,The branded compound is recognizable and has limited ordinary use.,desktime.com,,,fleet-enum-2026-08
DevCycle,feature-flags,,Dev Cycle,medium,The branded compound is rarely used outside developer-tool contexts.,devcycle.com,,,fleet-enum-2026-08
Devin,ai-coding,,Devin AI;Cognition Devin,high,"Devin is a common personal name shared by athletes, musicians, and ordinary Reddit users.",devin.ai,Devin Booker;Devin Haney;Devin Townsend;Devin White;my friend Devin;Devin Singletary;Devin from work,,fleet-enum-2026-08
DEVONthink,document-management,,DT,low,DEVONthink is a distinctive stylized brand; DT is meaningful only in context.,devontechnologies.com,,dt,fleet-enum-2026-08
Dext,expense-management,,Receipt Bank,medium,Dext is a coined accounting-software brand; Receipt Bank is its former name.,dext.com,,,fleet-enum-2026-08
diagrams.net,diagramming,,draw.io;drawio,low,The domain-style name and its well-known draw.io former name are unmistakable in context.,diagrams.net;draw.io,,,fleet-enum-2026-08
Dialpad Connect,voip,,Dialpad;Dialpad Talk,low,The two-word product name is specific; the shorter Dialpad alias can also mean a telephone keypad.,dialpad.com,,,fleet-enum-2026-08
Dialpad Meetings,video-conferencing,,UberConference;Dialpad Meet,medium,The full name is product-specific; UberConference is its widely remembered former name.,dialpad.com,,,fleet-enum-2026-08
DICE,event-management,,DICE FM;Dice app,high,"Case-insensitive text collides directly with the common noun and verb dice, especially in gaming communities.",dice.fm,roll the dice;dice game;dice tower;dice tray;dice set;dice rolls;D&D dice;cut into dice,dice,fleet-enum-2026-08
DigiSigner,esignature,,Digi Signer,medium,The coined DigiSigner name is unlikely to be used outside signing-software contexts.,digisigner.com,,,fleet-enum-2026-08
Discourse,community-platforms,,Discourse forum;Discourse Forums,high,Discourse is both the forum product and a common word for discussion or language in use.,discourse.org,public discourse;political discourse;civil discourse;academic discourse;online discourse;level of discourse;discourse analysis,discourse,fleet-enum-2026-08
Displate,print-on-demand,,,low,Coined name specific to the print-on-demand metal poster marketplace.,displate.com,,,fleet-enum-2026-08
Divi,website-builders,,Divi Builder;Divi Theme,medium,Divi is a distinctive product name in web and WordPress discussions.,elegantthemes.com,,,fleet-enum-2026-08
dlt,etl,,dltHub;data load tool,high,"The three-letter name collides heavily with blockchain, Databricks, tape, and regulatory abbreviations.",dlthub.com,DLT blockchain;Databricks DLT;DLT registration;DLT license,,fleet-enum-2026-08
Docebo,course-platforms,,Docebo Learn;Docebo LMS,low,Distinctive Latin-derived brand name overwhelmingly associated with the learning platform.,docebo.com,,docebo;docebo learn;docebo lms,fleet-enum-2026-08
Docebo Learn,lms,,Docebo;Docebo LMS,low,Docebo is a distinctive coined brand and Learn is its current core LMS product name.,docebo.com,,docebo;docebo learn;docebo lms,fleet-enum-2026-08
DocHub,esignature,pdf-tools,Doc Hub,high,DocHub is a distinctive closed-compound software name.,dochub.com,,,fleet-enum-2026-08
Docker Desktop,containers,,Docker for Mac;Docker for Windows,low,The two-word product name is unmistakable in ordinary Reddit usage.,docker.com,,,fleet-enum-2026-08
Docker Engine,containers,,Docker;docker-ce;Docker CE,low,The full product name is distinctive; the Docker shorthand overwhelmingly denotes the container platform in software discussions.,docker.com,,docker,fleet-enum-2026-08
Docketwise,legal-practice,,Docket Wise,low,The coined compound is distinctive and commonly signals immigration practice software.,docketwise.com,,,fleet-enum-2026-08
Docmost,wikis,,,low,Docmost is a coined product name with no common non-product meaning.,docmost.com,,,fleet-enum-2026-08
Docspell,document-management,,Doc Spell,low,Docspell is a coined compound with little ordinary-language collision.,docspell.org,,,fleet-enum-2026-08
DocuSeal,esignature,,Docu Seal,medium,"DocuSeal is a distinctive coined brand, including in open-source software discussions.",docuseal.com,,,fleet-enum-2026-08
Docusign eSignature,esignature,,Docusign;DocuSign;DS,low,The full product name and its distinctive Docusign brand are unmistakable in ordinary discussion.,docusign.com,,ds,fleet-enum-2026-08
DocuWare,document-management,,DW,low,DocuWare is a coined brand; only the short alias DW is context-dependent.,docuware.com,,,fleet-enum-2026-08
DokuWiki,wikis,,Doku Wiki;DocuWiki,low,"DokuWiki is a distinctive coined compound, though Reddit users sometimes misspell it as DocuWiki.",dokuwiki.org,,,fleet-enum-2026-08
Domotz,rmm,,Domotz Pro;Domotz RMM,low,Domotz is a distinctive coined name used for its MSP-oriented network monitoring platform.,domotz.com,,,fleet-enum-2026-08
Donorbox,nonprofit,,Donor Box,low,The closed compound is closely associated with the online fundraising platform.,donorbox.org,,,fleet-enum-2026-08
DonorPerfect,nonprofit,,Donor Perfect;DP,low,The closed compound is strongly associated with the nonprofit fundraising CRM.,donorperfect.com,,,fleet-enum-2026-08
Doodle,scheduling,,Doodle Poll;Doodle poll,high,Doodle is an ordinary word for a casual drawing and also appears in dog-breed and Google-logo discussions.,doodle.com,doodle art;doodle drawing;doodle on paper;daily doodle;doodle sketch;doodle breed;doodle mix;doodle tattoo;doodle challenge;Google Doodle,doodle,fleet-enum-2026-08
DoorLoop,property-management,,Door Loop,low,The compound is distinctive and rarely used generically.,doorloop.com,,,fleet-enum-2026-08
Draftbit,no-code,,,low,A distinctive compound brand; capitalization is the main surface variation.,draftbit.com,,,fleet-enum-2026-08
DraftSight,cad,,DS,low,The compound product name is distinctive despite occasional capitalization variation.,draftsight.com,,ds,fleet-enum-2026-08
Drake Tax,tax-software,,Drake;Drake Software,medium,Adding Tax makes the product unmistakable; Drake alone can also be a name or the musician.,drakesoftware.com,,drake,fleet-enum-2026-08
Dream Machine,ai-video,,Luma Dream Machine;Luma AI;Luma;DreamMachine,high,The canonical name is an ordinary aspirational phrase and is also used for unrelated machines and titles.,lumalabs.ai,my dream machine;ultimate dream machine;dream machine PC;dream machine motorcycle;dream machine computer;dream machine concept;Dream Machine game,luma,fleet-enum-2026-08
DreamHost,web-hosting,,,low,A distinctive compound brand rarely used in an ordinary sense.,dreamhost.com,,,fleet-enum-2026-08
Dreamina,ai-video,,Dreamina AI;CapCut Dreamina,low,"The coined name is distinctive, with the CapCut qualifier often added by users.",dreamina.capcut.com,,,fleet-enum-2026-08
DreamStudio,ai-image,,Dream Studio;Stability DreamStudio,high,"The closed-up spelling is branded, but normalized text collides with the generic phrase dream studio.",dreamstudio.ai,,,fleet-enum-2026-08
Dremio Cloud,data-warehouses,,Dremio,low,Dremio is a coined brand with little plausible non-software use.,dremio.com,,,fleet-enum-2026-08
DronaHQ,internal-tools,,Drona HQ,low,The coined name and HQ suffix make the product unmistakable despite spacing and case variants.,dronahq.com,,,fleet-enum-2026-08
Duck.ai,ai-assistants,,Duck AI;DuckDuckGo AI Chat;DDG AI Chat,low,The dot-form name is distinctive and is closely tied to DuckDuckGo.,duck.ai;duckduckgo.com,,,fleet-enum-2026-08
DuckDB,data-warehouses,databases,Duck DB,low,The DB suffix makes the playful duck name clearly software-related.,duckdb.org,,,fleet-enum-2026-08
Duda,website-builders,,,high,"Despite also being a surname, Duda is distinctive in software and web-design conversation.",duda.co,,,fleet-enum-2026-08
Durable,website-builders,,Durable AI;Durable website builder,high,Durable is a common adjective and needs AI or website-builder context to identify the product.,durable.co,durable goods;durable finish;durable material;durable power of attorney;durable construction;more durable;durable battery,durable,fleet-enum-2026-08
DWService,remote-desktop,,DW Service;DWAgent,low,The fused name is distinctive and closely tied to the remote-access service.,dwservice.net,,,fleet-enum-2026-08
DxO PhotoLab,photo-editing,,PhotoLab;DxO PL;DXO;PL,low,The full name is distinctive; short forms such as PL are contextual.,dxo.com,,,fleet-enum-2026-08
Dynadot,domain-registrars,,dynadot.com,low,The coined name has no meaningful ordinary-English collision.,dynadot.com,,,fleet-enum-2026-08
Dynamic Yield,feature-flags,,DY,high,"The brand is recognizable in martech, but the phrase also has ordinary finance and engineering uses.",dynamicyield.com,dynamic yield curve;dynamic yield strength;dynamic yield stress;dynamic yield farming;dynamic yield response;dynamic yield model,,fleet-enum-2026-08
Dynamics 365 Field Service,field-service,,D365 Field Service;Dynamics Field Service;Dynamics 365 FS,low,The Dynamics 365 qualifier makes the product unmistakable despite generic trailing words.,microsoft.com,,,fleet-enum-2026-08
Dynatrace,observability,,DT,low,Coined product and company name with little non-brand usage.,dynatrace.com,,dt,fleet-enum-2026-08
EaseUS RecExperts,screen-recording,,RecExperts;RecExpert,low,The full branded name is unmistakable; Reddit users often omit EaseUS or use the singular form.,easeus.com,,,fleet-enum-2026-08
easyDNS,domain-registrars,,easy DNS;easydns.com,medium,The fused brand form is distinctive even though its component words describe the service.,easydns.com,,,fleet-enum-2026-08
EasyPost,shipping,,Easy Post,high,The fused name is a distinctive shipping API brand.,easypost.com,,,fleet-enum-2026-08
Easyship,shipping,,Easy Ship,high,The fused spelling is strongly associated with the shipping platform.,easyship.com,,,fleet-enum-2026-08
EasyWebinar,webinars,,Easy Webinar,high,The spaced form is also a generic description of a webinar or webinar tool that is simple to use.,easywebinar.com,,,fleet-enum-2026-08
eClincher,social-media-management,,e-clincher,low,Distinctive coined name; casual variants mainly change case or punctuation.,eclincher.com,,,fleet-enum-2026-08
Eclipse IDE,ides,,Eclipse,low,Including IDE in the canonical name separates the product from the astronomical event.,eclipseide.org,,eclipse,fleet-enum-2026-08
ecoDMS,document-management,,,low,The embedded DMS acronym makes the brand specific despite inconsistent user capitalization.,ecodms.de,,,fleet-enum-2026-08
EdrawMax,diagramming,,Edraw Max;Edraw,low,"The full product name is distinctive, though users often shorten it to Edraw.",edrawmax.com;edrawsoft.com,,,fleet-enum-2026-08
Elastic Observability,observability,,Elastic;ELK;ELK Stack;Elastic Stack,low,The full name clearly identifies Elastic's observability offering.,elastic.co,,elastic;elk,fleet-enum-2026-08
Elasticsearch,databases,,Elastic;ES,low,"The full compound name is unmistakable, while its short forms generally rely on technical context.",elastic.co,,elastic,fleet-enum-2026-08
Elementor,website-builders,,Elementor Pro,low,The invented name is strongly associated with the WordPress website builder.,elementor.com,,,fleet-enum-2026-08
elmah.io,error-tracking,,,low,The dot-io name distinguishes the hosted product from the separate open-source ELMAH project.,elmah.io,,,fleet-enum-2026-08
EmailOctopus,newsletters,,Email Octopus,low,Distinctive compound brand unlikely to be used in an ordinary sense.,emailoctopus.com,,,fleet-enum-2026-08
Embrace,error-tracking,,Embrace.io,high,"The bare name is an everyday verb and noun, so mobile-observability context is essential.",embrace.io,embrace change;warm embrace;embrace the chaos;embrace tradition;embrace diversity;loving embrace;embrace uncertainty,embrace,fleet-enum-2026-08
Emburse Expense Enterprise,expense-management,,Chrome River;Chrome River Expense;Emburse Chrome River,low,The current enterprise product name is distinctive; Reddit users commonly retain the former Chrome River name.,emburse.com,,,fleet-enum-2026-08
Empower Personal Dashboard,budgeting,,Personal Capital;Empower Dashboard;Empower,high,The full product name is specific; Personal Capital is the former name still used heavily on Reddit.,empower.com,,empower,fleet-enum-2026-08
Emsisoft Anti-Malware Home,antivirus,,Emsisoft;Emsisoft Anti-Malware;EAM,low,Emsisoft is a distinctive brand and the anti-malware descriptor fixes the category.,emsisoft.com,,,fleet-enum-2026-08
Entrata,property-management,,Entrada,low,Distinctive in English property-management discussions; Entrada is a frequent misspelling.,entrata.com,,,fleet-enum-2026-08
Epos Now,pos,,EposNow;EPOSNOW,low,The complete two-word brand is distinctive despite EPOS also being an industry acronym.,eposnow.com,,,fleet-enum-2026-08
Eraser,diagramming,,eraser.io,high,The bare name is the common noun for a physical or digital deletion tool.,eraser.io,pencil eraser;Magic Eraser;eraser tool;kneaded eraser;pink eraser;whiteboard eraser;eraser marks;eraser dust,eraser,fleet-enum-2026-08
ERPLY,pos,,ERPLY POS;Erply POS,low,ERPLY is a distinctive coined brand with no common ordinary-English sense.,erply.com,,,fleet-enum-2026-08
ERPNext,inventory,,ERP Next,low,ERPNext is a distinctive fused product name whose meaning is clearly software-related.,erpnext.com,,,fleet-enum-2026-08
ESET HOME Security Premium,antivirus,,ESET;ESET Premium;ESET Internet Security;NOD32,low,The ESET brand is distinctive; old tier names and NOD32 remain common in user discussion.,eset.com,,eset,fleet-enum-2026-08
ESET PROTECT,antivirus,,ESET;ESET Security Management Center;ESMC,low,"ESET is a distinctive brand token, so the platform name is hard to confuse.",eset.com,,eset,fleet-enum-2026-08
eSignatures.io,esignature,,E-signatures.io;eSignatures,high,The .io suffix makes the product name distinct from the generic plural term.,esignatures.io,,,fleet-enum-2026-08
Estuary Flow,etl,,Estuary;Flow,high,"The two-word canonical name is distinctive, even though each shorthand is generic on its own.",estuary.dev,,estuary;flow,fleet-enum-2026-08
eSUB Cloud,construction,,eSUB;eSub,medium,"The stylized eSUB brand is distinctive, with Cloud marking the current platform name.",esub.com,,,fleet-enum-2026-08
EtherCalc,spreadsheets,,,low,EtherCalc is a distinctive compound name with no meaningful ordinary usage.,ethercalc.net,,,fleet-enum-2026-08
Eventbrite,event-management,,Event Brite;EB,low,A distinctive coined brand; casual mentions sometimes split the name or shorten it to EB.,eventbrite.com,,,fleet-enum-2026-08
Eventzilla,event-management,,Event Zilla,low,A distinctive branded compound; the spaced spelling still clearly points to the product.,eventzilla.net,,,fleet-enum-2026-08
Everhour,time-tracking,,,low,Everhour is a distinctive coined compound.,everhour.com,,,fleet-enum-2026-08
EverWebinar,webinars,,Ever Webinar,low,The compound product name is not an ordinary phrase.,everwebinar.com,,,fleet-enum-2026-08
EveryDollar,budgeting,,Every Dollar,low,The closed-up spelling makes the product name readily identifiable.,everydollar.com,,,fleet-enum-2026-08
eWebinar,webinars,,e-webinar,low,The stylized compound functions as a distinct product name even though webinar is generic.,ewebinar.com,,,fleet-enum-2026-08
Exasol,data-warehouses,,,low,Exasol is a coined name with no meaningful ordinary-language collision.,exasol.com,,,fleet-enum-2026-08
Excalidraw,diagramming,,Excalidraw+,low,A coined product name with essentially no ordinary-language collision.,excalidraw.com,,,fleet-enum-2026-08
ExpensePoint,expense-management,,Expense Point,low,ExpensePoint is a distinctive compound brand name.,expensepoint.com,,,fleet-enum-2026-08
Expensify,expense-management,,New Expensify;Expensify Classic,low,Expensify is a coined brand name and is rarely used for anything else.,expensify.com,,,fleet-enum-2026-08
Exposure X7,photo-editing,,Exposure;Alien Skin Exposure;Exposure X,medium,"The versioned name identifies the editor, but its usual shorthand Exposure is a very common photography and general term.",exposure.software,camera exposure;long exposure;exposure triangle;exposure therapy;radiation exposure;media exposure;risk exposure;exposure to sunlight,exposure,fleet-enum-2026-08
ExpressVPN,vpn,,Express;Express VPN,low,The compound brand is unambiguous; only the shorthand Express needs VPN context.,expressvpn.com,,express,fleet-enum-2026-08
Extensiv Order Manager,inventory,,Skubana;Extensiv,low,"Extensiv is deliberately spelled and Skubana is a distinctive former name, so both are low-confusion.",extensiv.com,,,fleet-enum-2026-08
F-Secure Total,antivirus,,F-Secure;F Secure;FS Total,low,The hyphenated F-Secure brand makes the suite name difficult to confuse.,f-secure.com,,,fleet-enum-2026-08
Fastmail,email-providers,,,low,The closed compound is a recognizable brand despite being made from descriptive words.,fastmail.com,,,fleet-enum-2026-08
Fathom,transcription,,Fathom AI;Fathom Notetaker,high,"Fathom is a normal verb meaning understand and a unit of depth, so meeting context is essential.",fathom.video,cannot fathom;hard to fathom;fathom the meaning;six fathoms deep;a fathom of rope;fathom how;beyond fathoming,fathom,fleet-enum-2026-08
Fathom Analytics,web-analytics,,Fathom,low,"The full product name is distinctive; the shortened form Fathom can refer to depth, comprehension, or unrelated products.",usefathom.com,,fathom,fleet-enum-2026-08
Feathery,form-builders,,Feathery.io,high,"Feathery is an ordinary adjective, so bare mentions outside software discussions are noisy.",feathery.io,feathery leaves;feathery texture;feathery touch;feathery clouds;feathery hair;feathery foliage;feathery fronds;soft and feathery,feathery,fleet-enum-2026-08
FieldEdge,field-service,,Field Edge,high,The fused spelling is a distinctive brand; users often insert a space.,fieldedge.com,,,fleet-enum-2026-08
FieldPulse,field-service,,Field Pulse,medium,The fused compound is recognizable as a product name; casual posts sometimes split it.,fieldpulse.com,,,fleet-enum-2026-08
FileHold,document-management,,,medium,FileHold is a fused trademark that is rarely used outside the product.,filehold.com,,,fleet-enum-2026-08
Filen,cloud-storage,,filen.io,low,Filen is an uncommon coined name and is readily identifiable in software context.,filen.io,,,fleet-enum-2026-08
Filevine,legal-practice,,FV,low,The coined compound is strongly associated with the legal case-management product.,filevine.com,,,fleet-enum-2026-08
FileWave,mdm,,FileWave MDM,medium,FileWave is a distinctive compound brand rather than an ordinary phrase.,filewave.com,,,fleet-enum-2026-08
Fillout,form-builders,survey-tools,Fillout.com;Fill Out,high,"The brand is one word, but its common two-word rendering is an extremely ordinary verb phrase.",fillout.com,,,fleet-enum-2026-08
Finale Inventory,inventory,,Finale,high,"Finale is a common entertainment term, and users often omit the Inventory qualifier.",finaleinventory.com,season finale;series finale;grand finale;finale episode;finale spoilers;finale recap;finale reaction,finale,fleet-enum-2026-08
Fine Art America,print-on-demand,,FAA;Pixels,medium,The complete three-word name strongly identifies the art and print marketplace.,fineartamerica.com;pixels.com,,,fleet-enum-2026-08
Firebase Authentication,identity,,Firebase Auth,low,The full service name clearly identifies Firebase's shipped authentication offering.,firebase.google.com,,,fleet-enum-2026-08
Firebase Crashlytics,error-tracking,,Crashlytics;Google Crashlytics,low,Crashlytics is a distinctive coined name; Reddit often drops the Firebase prefix.,firebase.google.com,,,fleet-enum-2026-08
Firebase Remote Config,feature-flags,,Remote Config;FRC,low,The full maker-written name is specific even though Remote Config alone is generic.,firebase.google.com,,,fleet-enum-2026-08
Firebolt,data-warehouses,,FireboltDB,high,The name is distinctive in database threads but also strongly denotes the fictional Harry Potter broom.,firebolt.io,Harry Potter Firebolt;Firebolt broom;riding the Firebolt;Firebolt replica;Firebolt in Quidditch;Sirius bought the Firebolt,firebolt,fleet-enum-2026-08
Fireflies.ai,transcription,,Fireflies;Fireflies AI,low,The .ai-qualified product name is unmistakable even though the common shorthand is an insect plural.,fireflies.ai,,,fleet-enum-2026-08
Fireside,podcast-hosting,,Fireside.fm,high,"The bare name is a common word and phrase, especially in event, home, and storytelling discussions.",fireside.fm,fireside chat;sit by the fireside;fireside conversation;fireside gathering;fireside reading;cozy fireside;fireside stories,fireside,fleet-enum-2026-08
Firewalla,network-security,,Firewalla Gold;Firewalla Purple;FWG;FWG+;FWP,low,Firewalla is a distinctive coined brand with little ordinary-language collision.,firewalla.com,,,fleet-enum-2026-08
Fishbowl Inventory,inventory,,Fishbowl;FishBowl,high,Fishbowl is a common noun and the product is frequently mentioned without the Inventory qualifier.,fishbowlinventory.com,fishbowl effect;fishbowl tank;fish in a fishbowl;glass fishbowl;fishbowl discussion;fishbowl helmet;fishbowl cocktail,,fleet-enum-2026-08
Fivetran,etl,,,low,The coined brand name is distinctive; the internal-capital spelling is a common casual variant.,fivetran.com,,,fleet-enum-2026-08
Flagsmith,feature-flags,,Bullet Train,low,The coined name is distinctive; Bullet Train is its former product name.,flagsmith.com,,,fleet-enum-2026-08
Flare,error-tracking,,Spatie Flare;Flareapp,high,The bare name is a common noun and verb with several frequent non-software meanings.,flareapp.io,solar flare;lens flare;flare gun;flare jeans;flare up;emergency flare;signal flare,flare,fleet-enum-2026-08
Flarum,community-platforms,,,low,Flarum is a coined name with no common ordinary-English collision.,flarum.org,,,fleet-enum-2026-08
Flax Engine,game-engines,,Flax,low,The full name clearly denotes the engine despite flax being a crop in isolation.,flaxengine.com,,flax,fleet-enum-2026-08
Fleet,mdm,,FleetDM;Fleet MDM;Fleet Device Management,high,Fleet is an ordinary word for a group of vehicles or vessels and needs technical context.,fleetdm.com,vehicle fleet;delivery fleet;rental fleet;fleet manager;fleet maintenance;fleet vehicles;naval fleet;truck fleet;company fleet;airline fleet,fleet,fleet-enum-2026-08
FlexiPDF,pdf-tools,,Flexi PDF;SoftMaker FlexiPDF,low,FlexiPDF is a distinctive fused product name with little non-product usage.,softmaker.com,,,fleet-enum-2026-08
Flexport Fulfillment,shipping,,Deliverr;Flexport Deliverr;Shopify Fulfillment Network;SFN,low,The Flexport qualifier makes the current fulfillment service unambiguous; Reddit still uses its predecessor names.,flexport.com,,,fleet-enum-2026-08
Fliki,ai-video,,Fliki AI,low,The coined spelling is highly distinctive.,fliki.ai,,,fleet-enum-2026-08
Flodesk,newsletters,,,low,Coined compound with no common ordinary-language meaning.,flodesk.com,,,fleet-enum-2026-08
Fluent Forms,form-builders,,Fluent Form;WP Fluent Forms,medium,The two-word name is strongly associated with the WordPress plugin despite its ordinary adjective.,fluentforms.com,,,fleet-enum-2026-08
FlutterFlow,no-code,,FF,low,"The compound name is strongly associated with the app builder, though FF is context-dependent.",flutterflow.io,,,fleet-enum-2026-08
Flux,ai-image,ci-cd,FluxCD;Flux CD,high,"Flux is a common scientific, electronics, and everyday-change term.",fluxcd.io,in flux;state of flux;magnetic flux;flux capacitor;soldering flux;flux core;flux density;heat flux,flux,fleet-enum-2026-08
Folderit,document-management,,,medium,Folderit is a fused brand; capitalization variants are common but ordinary collisions are rare.,folderit.com,,,fleet-enum-2026-08
Fonn,construction,,Fonn Construction,medium,Fonn is unusual enough in English Reddit usage to identify the construction platform reliably.,fonn.com,,,fleet-enum-2026-08
Fooocus,ai-image,,,low,Its deliberate three-o spelling makes the local image-generation application unmistakable.,github.com,,,fleet-enum-2026-08
Forcepoint NGFW,network-security,,Forcepoint firewall;Forcepoint Next Generation Firewall;StoneGate;Stonesoft firewall,low,Forcepoint is a distinctive coined brand; StoneGate and Stonesoft survive as legacy shorthand.,forcepoint.com,,,fleet-enum-2026-08
Forest Admin,internal-tools,,ForestAdmin,medium,"The exact name usually identifies the product in developer threads, but the words can also describe forestry administration.",forestadmin.com,forest administration;forest admin office;forest admin job;forest admin staff;national forest administration;state forest administration,,fleet-enum-2026-08
Forgejo,code-hosting,,,low,The coined project name has no common non-software meaning.,forgejo.org,,,fleet-enum-2026-08
Forma Build,construction,,Autodesk Build;Autodesk Construction Cloud;ACC,medium,The current two-word Autodesk product name is distinctive; Reddit still heavily uses its prior names and ACC shorthand.,autodesk.com;construction.autodesk.com,,,fleet-enum-2026-08
Formaloo,form-builders,,,low,The coined brand name is readily identifiable in casual discussion.,formaloo.com,,,fleet-enum-2026-08
Formbricks,survey-tools,,Formbrick,low,The coined plural compound is distinctive; singular and internal-cap variants occur casually.,formbricks.com,,,fleet-enum-2026-08
Formester,form-builders,,,low,The coined name is distinctive and has little ordinary-language collision.,formester.com,,,fleet-enum-2026-08
Formidable Forms,form-builders,,Formidable,medium,The full alliterative name is distinctive; Reddit users often drop the Forms suffix in WordPress context.,formidableforms.com,,formidable,fleet-enum-2026-08
forms.app,form-builders,,Forms App;formsapp,high,"The dotted canonical name is distinctive, but undotted mentions can read as a generic description of an app for forms.",forms.app,,,fleet-enum-2026-08
Formsite,form-builders,,,medium,The concatenated product name is sufficiently distinctive despite descriptive roots.,formsite.com,,,fleet-enum-2026-08
Formstack Forms,form-builders,survey-tools,Formstack,low,Formstack is a distinctive brand; the Forms suffix separates this product from its document and signature products.,formstack.com,,,fleet-enum-2026-08
FortiGate NGFW,network-security,,FortiGate;Fortigate;FortiGate firewall;Forti firewall;FGT,low,FortiGate is a distinctive coined product brand despite frequent capitalization variants.,fortinet.com,,,fleet-enum-2026-08
Fotor,photo-editing,,Fotor Photo Editor,low,Fotor is a distinctive coined service name.,fotor.com,,,fleet-enum-2026-08
Fourthwall,print-on-demand,,Fourth Wall,high,"The joined spelling is branded, while the spaced form is a common film, theater, and game term.",fourthwall.com,,,fleet-enum-2026-08
Foxit eSign,esignature,,Foxit Sign;Foxit e-sign,low,Foxit is a distinctive brand qualifier that prevents ordinary-language confusion.,foxit.com,,,fleet-enum-2026-08
Foxit PDF Editor,pdf-tools,,Foxit;Foxit Reader;Foxit PhantomPDF;PhantomPDF,low,Foxit is a distinctive coined brand even when users omit the product descriptor.,foxit.com,,,fleet-enum-2026-08
Frase,seo-tools,,Frase.io,high,Frase is distinctive in English SEO discussion but is the ordinary word for phrase in Spanish and Portuguese.,frase.io,una frase;esta frase;esa frase;frase favorita;frase celebre;frase de la canción;frase en español,frase,fleet-enum-2026-08
FreeAgent,invoicing,,Free Agent,high,"The joined spelling is branded, but Reddit users often separate it into the common sports and employment phrase.",freeagent.com,,,fleet-enum-2026-08
FreeCAD,cad,,FC,low,The concatenated product name is readily identifiable as CAD software.,freecad.org,,,fleet-enum-2026-08
FreeConferenceCall.com,video-conferencing,,FreeConferenceCall,low,The .com-styled canonical name clearly identifies the service rather than a generic free call.,freeconferencecall.com,,,fleet-enum-2026-08
Freeform,diagramming,,Apple Freeform;Freeform app,high,The bare name is a common adjective for work without a fixed structure or format.,apple.com,freeform jazz;freeform writing;freeform roleplay;freeform radio;freeform drawing;freeform poetry;freeform movement;freeform crochet,,fleet-enum-2026-08
FreePBX,voip,,Free PBX,low,"Although descriptive to telephony users, the combined name specifically identifies the PBX software.",freepbx.org,,,fleet-enum-2026-08
FreeTaxUSA,tax-software,,Free Tax USA;FTUSA,low,The full compound name is specific to the tax-filing service.,freetaxusa.com,,,fleet-enum-2026-08
Fresha,scheduling,,Shedul,low,A coined brand with little ordinary-language collision; Shedul is its former name.,fresha.com,,,fleet-enum-2026-08
Freshdesk Omni,live-chat,,Freshchat;Freshdesk Messaging;Freshworks Chat,low,The current suite name is distinctive; much Reddit discussion still uses the former Freshchat and Freshdesk Messaging labels.,freshworks.com,,,fleet-enum-2026-08
Fulfil,inventory,,Fulfil.io,high,"Fulfil is the ordinary British spelling of a common verb, so software context or the .io form is essential.",fulfil.io,fulfil the requirements;fulfil a promise;fulfil your potential;fulfil a need;fulfil the criteria;fulfil a dream,,fleet-enum-2026-08
Fulfillment by Amazon,shipping,,FBA;Amazon FBA,low,The full program name is specific to Amazon's seller-fulfillment service.,sell.amazon.com,,,fleet-enum-2026-08
Fullstory,product-analytics,session-replay,Full Story,low,The closed-up Fullstory styling is distinctive even though the spaced phrase is ordinary English.,fullstory.com,,,fleet-enum-2026-08
FusionAuth,identity,,Fusion Auth;FA,low,Distinctive compound product name with minimal non-product usage.,fusionauth.io,,,fleet-enum-2026-08
FusionPBX,voip,,Fusion PBX,low,The combined name specifically identifies the FreeSWITCH-based PBX software.,fusionpbx.com,,,fleet-enum-2026-08
Gainsight Customer Communities,community-platforms,,Gainsight CC;Gainsight Communities;inSided,low,The full product name is specific; inSided is the widely used former brand.,gainsight.com,,,fleet-enum-2026-08
Gainsight PX,product-analytics,,PX,low,"The full Gainsight PX name is unambiguous, although users often shorten it to PX.",gainsight.com,,,fleet-enum-2026-08
GameMaker,game-engines,,GM;GMS;GMS2;GameMaker Studio;GameMaker Studio 2,medium,The closed-up brand spelling is strongly associated with the game engine.,gamemaker.io,,,fleet-enum-2026-08
Gamma,presentations,,Gamma App;Gamma.app,high,"Gamma is a Greek letter and a common term in physics, finance, statistics, and imaging.",gamma.app,gamma rays;gamma radiation;gamma squeeze;gamma correction;gamma distribution;gamma function;options gamma;gamma spectrum;gamma male,gamma,fleet-enum-2026-08
Gandi,domain-registrars,,Gandi.net;gandi.net,medium,"The registrar is distinctive in tech context, but the bare form is also a surname and frequent misspelling of Gandhi.",gandi.net,Mahatma Gandi;Indira Gandi;Rahul Gandi;Gandi family;Gandi movie;Gandi quote,,fleet-enum-2026-08
GDevelop,game-engines,,GDevelop 5;GD5,low,GDevelop is a coined product name with little ordinary-language collision.,gdevelop.io,,,fleet-enum-2026-08
Gelato,print-on-demand,,,high,The brand name is also the ordinary name of the Italian frozen dessert.,gelato.com,gelato shop;gelato flavor;pistachio gelato;chocolate gelato;homemade gelato;gelato recipe;gelato versus ice cream;scoop of gelato,,fleet-enum-2026-08
Gemini,ai-assistants,ai-image,Google Gemini;Bard;Google Bard,medium,"Gemini commonly refers to astrology, astronomy, NASA's program, or the crypto exchange.",gemini.google.com,Gemini zodiac sign;Gemini season;Gemini constellation;Project Gemini;Gemini crypto exchange;Gemini moon sign;Gemini compatibility,bard;gemini,fleet-enum-2026-08
Gemini Code Assist,ai-coding,,Google Code Assist;Gemini Code;GCA,low,"The full name is a specific Google coding product, distinct from the broader Gemini assistant and model family.",cloud.google.com,,,fleet-enum-2026-08
Genially,presentations,,Genial.ly,medium,Genially is a brand but also a standard English adverb describing a friendly manner.,genially.com,smiled genially;said genially;spoke genially;greeted genially;laughed genially;replied genially;nodded genially,genially,fleet-enum-2026-08
Gerrit Code Review,code-hosting,,Gerrit,low,The full product name is unambiguous; its Gerrit shorthand is also overwhelmingly technical in relevant communities.,gerritcodereview.com,,,fleet-enum-2026-08
GetResponse,newsletters,,Get Response,high,The concatenated canonical form is distinctive; ordinary usage normally appears as separate words in a sentence.,getresponse.com,,,fleet-enum-2026-08
Ghost,newsletters,,Ghost CMS;Ghost(Pro);Ghost Pro,high,"A very common noun and verb; product detection needs publishing, CMS, hosting, or newsletter context.",ghost.org,ghost story;ghost town;ghost someone;ghost hunter;ghost kitchen;ghost account;Holy Ghost;ghost writer,ghost,fleet-enum-2026-08
GIMP,photo-editing,,GNU Image Manipulation Program;the Gimp,high,"The uppercase software name is famous, but the same bare word is also slang and a craft-material term.",gimp.org,gimp suit;gimp mask;walk with a gimp;leather gimp;plastic gimp cord;gimp bracelet;called him a gimp,gimp,fleet-enum-2026-08
Ginger,writing-assistants,,Ginger Software;Ginger Grammar;Ginger app,high,"The bare name is a common spice term, hair-color label, and personal name.",gingersoftware.com,fresh ginger;ginger tea;ginger ale;ginger beer;ginger root;ground ginger;ginger cat;redheaded ginger,ginger,fleet-enum-2026-08
GitBook,wikis,,Git Book,medium,The GitBook compound clearly identifies the documentation and knowledge platform.,gitbook.com,,,fleet-enum-2026-08
GitBucket,code-hosting,,,medium,The coined Git-prefixed name clearly denotes the Scala-based Git platform.,gitbucket.github.io,,,fleet-enum-2026-08
Gitea,code-hosting,,,low,The coined name is unmistakable in ordinary discussion.,gitea.com,,,fleet-enum-2026-08
GitHub,code-hosting,,GH,low,The distinctive camel-cased brand is rarely used for anything other than the code-hosting service.,github.com,,,fleet-enum-2026-08
GitHub Actions,ci-cd,,GHA;GH Actions;GitHub workflows,low,The full product name is distinctive even though Actions alone is generic.,github.com,,,fleet-enum-2026-08
GitHub Copilot,ai-coding,,Copilot;GH Copilot;GitHub AI,low,The full product name is unmistakable; the common shorthand Copilot is more generic but usually clear in developer discussions.,github.com,,copilot,fleet-enum-2026-08
GitLab,code-hosting,,GL;GitLab CE;GitLab EE,low,The coined compound is strongly associated with the Git platform and its self-managed editions.,gitlab.com,,,fleet-enum-2026-08
GitLab CI/CD,ci-cd,,GitLab CI;GitLab pipelines,low,The GitLab brand plus CI/CD is unambiguous in software discussions.,gitlab.com,,,fleet-enum-2026-08
GitLab Duo,ai-coding,,Duo;GitLab AI;Duo Pro;Duo Enterprise,low,"The GitLab-qualified product name is specific, although Duo alone is a common word and several unrelated product names.",gitlab.com,,duo,fleet-enum-2026-08
Gitolite,code-hosting,,,low,The Git-prefixed coined name is highly specific to the repository-hosting access-control software.,gitolite.com,,,fleet-enum-2026-08
Givebutter,nonprofit,,Give Butter,low,Givebutter is a distinctive closed-compound brand in nonprofit fundraising.,givebutter.com,,,fleet-enum-2026-08
Glassbox,product-analytics,session-replay,Glass Box,medium,The closed-up Glassbox name is distinctive; ordinary references are normally written as two words.,glassbox.com,,,fleet-enum-2026-08
Glide,no-code,,Glide Apps;GlideApp;GlideApps,high,The bare name is a common motion verb and appears often outside software discussions.,glideapps.com,glide through;hang glide;glide path;glide ratio;glide across;glide over;smooth glide,glide,fleet-enum-2026-08
Gliffy,diagramming,,,low,A coined brand name with no material ordinary-language collision.,gliffy.com,,,fleet-enum-2026-08
GlitchTip,error-tracking,,,low,This coined compound is distinctive in error-tracking discussions.,glitchtip.com,,,fleet-enum-2026-08
GlossGenius,scheduling,,Gloss Genius;Gloss,low,"The full compound brand is unmistakable, though salon professionals sometimes shorten it to Gloss.",glossgenius.com,,gloss,fleet-enum-2026-08
Gmail,email-providers,,Google Mail,low,A distinctive coined name that almost always refers to Google's email service.,gmail.com,,,fleet-enum-2026-08
GMX Mail,email-providers,,GMX email;GMX,low,GMX is a distinctive initialism and the full name is product-specific.,gmx.com,,,fleet-enum-2026-08
GNU Emacs,ides,,Emacs;GNU/Emacs,low,The GNU-qualified name is unique to the long-running programmable editor.,gnu.org,,,fleet-enum-2026-08
GnuCash,budgeting,,GNU Cash,low,The GNU-derived compound is highly specific to the finance application.,gnucash.org,,,fleet-enum-2026-08
Gnumeric,spreadsheets,,GNOME Gnumeric,low,Gnumeric is a distinctive coined product name.,gnumeric.org,,,fleet-enum-2026-08
GoatCounter,web-analytics,,Goat Counter,medium,"GoatCounter is a distinctive compound brand, with the spaced form commonly typed by users.",goatcounter.com,,,fleet-enum-2026-08
GoCD,ci-cd,,Go CD,low,The compact capitalization is a distinctive continuous-delivery product name.,gocd.org,,,fleet-enum-2026-08
GoDaddy,domain-registrars,web-hosting,,low,"A famous, distinctive brand with negligible ordinary bare-name use.",godaddy.com,,,fleet-enum-2026-08
GoDaddy Point of Sale,pos,,GoDaddy POS;Go Daddy POS,low,The GoDaddy brand plus Point of Sale is unmistakable.,godaddy.com,,,fleet-enum-2026-08
GoDaddy Website Builder,website-builders,,GoDaddy builder;Websites + Marketing;GoCentral,low,The GoDaddy brand plus product descriptor is unambiguous; GoCentral is an older name.,godaddy.com,,,fleet-enum-2026-08
Godot Engine,game-engines,,Godot,low,The full name is distinctive; bare Godot can reference the play but usually remains recognizable.,godotengine.org,,,fleet-enum-2026-08
Gogs,code-hosting,,,medium,The short coined name is strongly associated with the self-hosted Git service.,gogs.io,,,fleet-enum-2026-08
GoLand,ides,,,low,The maker's internal capitalization makes this a distinctive IDE brand.,jetbrains.com,,,fleet-enum-2026-08
Goldcast,webinars,,Gold Cast,medium,Goldcast is distinctive as a closed compound and uncommon in ordinary prose.,goldcast.io,,,fleet-enum-2026-08
Gong,transcription,,Gong.io;Gong AI,high,Gong ordinarily names the percussion instrument and appears in several related phrases.,gong.io,hit the gong;gong sound;meditation gong;gong bath;dinner gong;bronze gong;gong ceremony;The Gong Show,gong,fleet-enum-2026-08
Goodbudget,budgeting,,Good Budget,low,The closed-up brand spelling is distinctive even though its spaced form is mildly descriptive.,goodbudget.com,,,fleet-enum-2026-08
Google Analytics,product-analytics,web-analytics,GA;GA4;Google Analytics 4,low,The full product name is unambiguous; GA and GA4 are its dominant Reddit shorthand forms.,analytics.google.com,,,fleet-enum-2026-08
Google AppSheet,internal-tools,,AppSheet;App Sheet,low,"The maker-qualified name is unmistakable, while users usually refer to the product simply as AppSheet.",appsheet.com,,app sheet;appsheet;google appsheet,fleet-enum-2026-08
Google Classroom,lms,,Classroom;G Classroom,low,The full Google Classroom name clearly identifies the education service.,classroom.google.com,,classroom,fleet-enum-2026-08
Google Flow,ai-video,,Flow;Google Labs Flow,low,"The Google-qualified canonical name is distinctive, though the common shorthand Flow is context-dependent.",flow.google;labs.google,,flow,fleet-enum-2026-08
Google Forms,form-builders,survey-tools,Google Form;GForms,low,The Google qualifier makes the product name unambiguous.,forms.google.com,,,fleet-enum-2026-08
Google Kubernetes Engine,containers,,GKE;Google GKE,low,The full managed-service name is unmistakable and GKE is a well-established technical initialism.,cloud.google.com,,,fleet-enum-2026-08
Google Search Console,seo-tools,,GSC;Search Console;Google Webmaster Tools,low,The Google-qualified product name is unambiguous; the former name remains common.,google.com,,,fleet-enum-2026-08
Google Sheets,spreadsheets,,Sheets;GSheets;G Sheets;gsheets,low,The Google qualifier makes the product name unambiguous despite Sheets being generic alone.,google.com,,,fleet-enum-2026-08
Google Sites,website-builders,,,low,The Google qualifier makes the product name unmistakable.,sites.google.com,,,fleet-enum-2026-08
Google Slides,presentations,,GSlides;Google Presentations,low,The Google qualifier makes the otherwise generic word Slides unambiguous.,google.com,,,fleet-enum-2026-08
Google Translate,localization,,Google Translator;GTranslate;GT,low,"The full product name is unmistakable, though the very short GT alias needs translation context.",translate.google.com,,,fleet-enum-2026-08
Google Voice,voip,,GV;GVoice,medium,The two-word name conventionally refers to Google's calling service.,voice.google.com,,,fleet-enum-2026-08
Gooten,print-on-demand,,,low,Distinctive coined name with little non-brand use.,gooten.com,,,fleet-enum-2026-08
Gorelo,rmm,,Gorelo RMM;Gorelo PSA,low,Gorelo is a coined brand with no common ordinary-language meaning.,gorelo.io,,,fleet-enum-2026-08
Gorgias,live-chat,,Gorgias Chat,medium,Gorgias is an unusual proper name and is rarely confused in ecommerce-support discussions.,gorgias.com,,,fleet-enum-2026-08
GorillaDesk,field-service,,Gorilla Desk;GD,low,"The compound brand is distinctive, while GD is a context-dependent user shorthand.",gorilladesk.com,,,fleet-enum-2026-08
GoSquared Analytics,web-analytics,,GoSquared,low,The full product name and its GoSquared shorthand are both distinctive coined forms.,gosquared.com,,,fleet-enum-2026-08
GoSystem Tax RS,tax-software,,GoSystem;GoSystem RS;Go System;Gosys,low,The full name is unique to Thomson Reuters' professional tax platform.,tax.thomsonreuters.com,,,fleet-enum-2026-08
GoTab,restaurant-pos,,GoTab POS;Go Tab,low,GoTab is a distinctive camel-cased hospitality commerce brand.,gotab.com,,,fleet-enum-2026-08
GoTo Connect,voip,,GoToConnect;GTC;Jive;Jive Communications,medium,"The branded capitalization is distinctive, but the bare words occur naturally in instructions.",,,jive,fleet-enum-2026-08
GoTo Meeting,video-conferencing,,GoToMeeting;GTM,medium,The branded capitalization and Meeting suffix make the full name recognizable.,,,,fleet-enum-2026-08
GoTo Resolve,rmm,,Resolve;GoTo RMM;GTR,high,"The full GoTo Resolve name is distinctive, though the common shorthand Resolve is highly context-dependent.",,,resolve,fleet-enum-2026-08
GoTo Webinar,webinars,,GoToWebinar;GotoWebinar;GTW,low,The branded GoTo construction plus Webinar is unmistakable as the product.,,,,fleet-enum-2026-08
GoToMyPC,remote-desktop,,GoTo My PC;GTMP,low,The concatenated name is distinctive and has long-standing remote-access brand recognition.,gotomypc.com,,,fleet-enum-2026-08
Grafana,observability,,,low,Distinctive coined name used for the visualization and observability product.,grafana.com,,,fleet-enum-2026-08
Grain,transcription,,Grain AI;Grain.com,high,"Grain is a common food, material, and texture word with frequent ordinary Reddit usage.",grain.com,grain of salt;whole grain;grain free;grain bowl;wood grain;grain prices;against the grain;grain alcohol,grain,fleet-enum-2026-08
Grammarly,writing-assistants,,Grammerly;Grammarly app,low,The coined brand name is unmistakable despite a frequent misspelling.,grammarly.com,,,fleet-enum-2026-08
Granola,transcription,,Granola AI,high,Granola is overwhelmingly an ordinary food term outside software and productivity discussions.,granola.ai,granola bar;homemade granola;granola recipe;granola bowl;crunchy granola;granola cereal;yogurt and granola;granola clusters,,fleet-enum-2026-08
Grasshopper,voip,,Grasshopper Phone;Grasshopper Virtual Phone,high,"Grasshopper is an ordinary insect name and also appears in food, drink, and pop-culture references.",,green grasshopper;giant grasshopper;grasshopper species;grasshopper infestation;grasshopper cocktail;young grasshopper;grasshopper mouse;grasshopper pie,grasshopper,fleet-enum-2026-08
Gravity Forms,form-builders,,Gravity;GF,medium,"The full product name is distinctive in WordPress discussions, even though its short aliases are broader.",gravityforms.com,,gravity,fleet-enum-2026-08
GreenGeeks,web-hosting,,Green Geeks,medium,The plural compound is distinctive as a hosting brand.,greengeeks.com,,,fleet-enum-2026-08
Grist,spreadsheets,,Grist Sheets;getgrist,high,Grist is an ordinary noun and appears especially in the idiom grist for the mill.,getgrist.com,grist for the mill;more grist;historical grist mill;grist mill;mill grist;political grist;media grist,grist,fleet-enum-2026-08
Grok,ai-assistants,,Grok AI;xAI Grok,high,"Grok is also a verb meaning to understand deeply, especially in technical communities.",grok.com;x.ai,grok the concept;fully grok;trying to grok;grok the codebase;grok how it works;Grokking Algorithms,,fleet-enum-2026-08
GrowthBook,feature-flags,,Growth Book,medium,The closed compound is distinctive and usually denotes the experimentation platform.,growthbook.io,,,fleet-enum-2026-08
Gumlet,video-hosting,,,medium,Gumlet is a coined name with little ordinary-language overlap.,gumlet.com,,,fleet-enum-2026-08
Gumloop,workflow-automation,,,low,The coined compound has no established ordinary meaning.,gumloop.com,,,fleet-enum-2026-08
Guru,wikis,,GetGuru;Get Guru,high,"Guru is a common title and generic label for an expert, so product context is essential.",getguru.com,spiritual guru;fitness guru;marketing guru;tech guru;self-help guru;yoga guru;financial guru;management guru,guru,fleet-enum-2026-08
H&R Block Online,tax-software,,H&R Block;HR Block;Block;TaxCut,low,"The full product name is unmistakable, although Block alone is highly context-dependent and TaxCut is the old software name.",hrblock.com,,block,fleet-enum-2026-08
Hailuo AI,ai-video,,Hailuo;HailuoAI;Hailuo MiniMax;MiniMax Hailuo,low,The romanized name plus AI is distinctive in English-language Reddit comments.,hailuoai.video,,,fleet-enum-2026-08
Happy Scribe,transcription,,HappyScribe,high,The two-word combination is specific enough to identify the transcription service.,happyscribe.com,,,fleet-enum-2026-08
Harness CI,ci-cd,,Harness;Harness Continuous Integration,low,The CI qualifier makes the product name specific; Harness alone is highly ambiguous.,harness.io,,harness,fleet-enum-2026-08
Harness Feature Management & Experimentation,feature-flags,,Harness FME;FME;Split;Split.io;Split by Harness,low,The full current product name is specific; Split is the widely used legacy name after its Harness integration.,harness.io;split.io,,split,fleet-enum-2026-08
Harvest,invoicing,time-tracking,Harvest app;Harvest time tracker,high,Harvest is a common word for gathering crops and needs software context.,getharvest.com,harvest season;fall harvest;harvest moon;harvest crops;wheat harvest;grape harvest;harvest festival;bountiful harvest;harvest vegetables;annual harvest,harvest,fleet-enum-2026-08
Heap,product-analytics,session-replay;web-analytics,Heap Analytics,high,Heap is both an everyday noun and a standard computer-science term.,heap.io,heap of trash;heap of trouble;heap dump;heap memory;min heap;max heap;heap data structure;scrap heap;heap of clothes,heap,fleet-enum-2026-08
Heartbeat,community-platforms,,Heartbeat.chat;Heartbeat Chat,high,Heartbeat is an everyday biological term and idiom unless paired with community-platform context.,heartbeat.chat,fetal heartbeat;rapid heartbeat;irregular heartbeat;heartbeat monitor;racing heartbeat;hear a heartbeat;heartbeat sensor;in a heartbeat,heartbeat,fleet-enum-2026-08
Heatmap.com,session-replay,,Heatmap,high,"The canonical dot-com form identifies the product, while the suffix-free alias is the generic visualization term.",heatmap.com,,,fleet-enum-2026-08
Helix,ides,,hx;Helix Editor,high,"Helix is a common geometry and biology term, a piercing location, and a name used by other brands.",helix-editor.com,double helix;DNA helix;alpha helix;helix piercing;helix angle;helix shape;Helix mattress,helix,fleet-enum-2026-08
HelpCrunch,live-chat,,Help Crunch,low,The closed-up compound is distinctive and strongly tied to the customer-communication platform.,helpcrunch.com,,,fleet-enum-2026-08
HelpWire,remote-desktop,,Help Wire,medium,The fused name is a distinctive remote-support software brand.,helpwire.app,,,fleet-enum-2026-08
Hemingway Editor,writing-assistants,,Hemingway;Hemingway app,high,"The full name clearly identifies the editor, though the Hemingway shorthand can refer to the author.",hemingwayapp.com,,,fleet-enum-2026-08
Hemlane,property-management,,Hem Lane,low,A coined brand with little ordinary-language collision.,hemlane.com,,,fleet-enum-2026-08
Heptabase,wikis,,Hepta,low,Heptabase is a coined name that strongly points to the visual knowledge-base product.,heptabase.com,,,fleet-enum-2026-08
Hevo Data,etl,,Hevo,low,The full two-word product name is unambiguous in ordinary discussion.,hevodata.com,,,fleet-enum-2026-08
Hexnode UEM,mdm,,Hexnode;Hexnode MDM,low,Hexnode is a coined brand and remains distinctive with or without the UEM suffix.,hexnode.com,,,fleet-enum-2026-08
HEY,email-providers,,Hey email;HEY Email,high,"Case is often lost in comments, leaving an extremely common greeting and interjection.",hey.com,hey guys;hey everyone;hey there;hey man;hey reddit;hey all;hey folks;hey look,hey,fleet-enum-2026-08
HeyGen,ai-video,,Hey Gen,low,The fused coined name is distinctive.,heygen.com,,,fleet-enum-2026-08
hide.me VPN,vpn,,hide.me;HideMe;hide me VPN,medium,The dotted styling plus VPN makes the canonical product name distinctive.,hide.me,,,fleet-enum-2026-08
Higgsfield,ai-video,,Higgsfield AI,medium,"Although name-like, the bare term is uncommon and strongly identifies the product online.",higgsfield.ai,,,fleet-enum-2026-08
Higher Logic Vanilla,community-platforms,,Vanilla Forums;Vanilla;HL Vanilla,low,"The full current product name is distinctive, though the common shorthand Vanilla is highly ambiguous.",higherlogic.com;vanilla.higherlogic.com,,vanilla,fleet-enum-2026-08
Highlight.io,session-replay,,Highlight,high,"The .io suffix makes the canonical name specific, though its Highlight shorthand is context-dependent.",highlight.io,,highlight,fleet-enum-2026-08
Hike POS,pos,,Hike;Hike Point of Sale;HikePOS,low,The POS suffix disambiguates the product from the ordinary word hike.,hikeup.com,,hike,fleet-enum-2026-08
Hivebrite,community-platforms,,,low,The coined compound name is not readily confused with ordinary language.,hivebrite.io,,,fleet-enum-2026-08
HMA VPN,vpn,,HMA;HideMyAss;Hide My Ass;HideMyAss VPN,low,"The canonical initialism paired with VPN is specific, while the expanded legacy name is also distinctive.",hidemyass.com,,,fleet-enum-2026-08
Honeybadger,error-tracking,,Honey Badger;Honeybadger.io,high,"The fused form is brand-like, while the spaced form is widely used for the animal and related memes.",honeybadger.io,,,fleet-enum-2026-08
HoneyBook,invoicing,,Honey Book,medium,The compound brand is distinctive in client-management and invoicing discussions.,honeybook.com,,,fleet-enum-2026-08
Honeycomb,observability,,Honeycomb.io,high,"Honeycomb is a common physical structure, food term, pattern, and cereal name.",honeycomb.io,honeycomb cereal;honeycomb pattern;bee honeycomb;honeycomb structure;honeycomb candy;honeycomb core;honeycomb tripe;honeycomb shelves,honeycomb,fleet-enum-2026-08
Honeydue,budgeting,,Honey Due,medium,The punning compound is distinctive; ordinary references usually use the homophone honeydew instead.,honeydue.com,,,fleet-enum-2026-08
Hootsuite,social-media-management,,Hoot Suite,low,Invented brand name; spelling variants still point clearly to the platform.,hootsuite.com,,,fleet-enum-2026-08
Hoppscotch,api-tools,,Postwoman;Hopscotch,low,The intentionally doubled-p spelling is brand-specific; the common misspelling is more ambiguous than the canonical name.,hoppscotch.io,,hopscotch;postwoman,fleet-enum-2026-08
HostGator,web-hosting,,,low,The coined compound is unmistakable as the hosting brand.,hostgator.com,,,fleet-enum-2026-08
hosting.com,web-hosting,,A2 Hosting;A2,high,The exact dot-com form identifies the provider despite the generic root word.,hosting.com,,,fleet-enum-2026-08
Hostinger,web-hosting,,,low,A distinctive coined brand name with little non-brand use.,hostinger.com,,,fleet-enum-2026-08
Hostinger Website Builder,website-builders,,Hostinger builder;Hostinger AI Website Builder;Zyro,low,The full branded product name is specific; Zyro is its widely used predecessor name.,hostinger.com,,,fleet-enum-2026-08
Hotjar,product-analytics,session-replay;web-analytics,,low,Hotjar is a distinctive coined brand name.,hotjar.com,,,fleet-enum-2026-08
Hotspot Shield,vpn,,HotspotShield;Hotspot Shield VPN,high,"Although made of ordinary words, the two-word combination is strongly associated with the VPN brand.",hotspotshield.com,,,fleet-enum-2026-08
Housecall Pro,field-service,,House Call Pro;HousecallPro;HCP,low,The full two-word product name is distinctive despite house call being an ordinary phrase.,housecallpro.com,,,fleet-enum-2026-08
Houzz Pro,construction,,HouzzPro,low,The Houzz name plus Pro is readily identifiable as the contractor software product.,houzz.com,,,fleet-enum-2026-08
Hover,domain-registrars,,hover.com,high,Hover is an everyday verb and a standard web-interface term.,hover.com,hover over;on hover;hover effect;hover state;hover menu;hover text;hover around;mouse hover,hover,fleet-enum-2026-08
HTTPie,api-tools,,HTTP Pie,low,The HTTP-based coinage is distinctive and rarely has a non-product reading.,httpie.io,,,fleet-enum-2026-08
Hubstaff,time-tracking,,,low,Hubstaff is a coined brand name and is rarely used generically.,hubstaff.com,,,fleet-enum-2026-08
HuggingChat,ai-assistants,,Hugging Chat;HF Chat,low,The coined compound is unmistakable in software discussion.,huggingface.co,,,fleet-enum-2026-08
Humanitix,event-management,,,low,A distinctive coined name closely tied to the nonprofit ticketing platform.,humanitix.com,,,fleet-enum-2026-08
HungerRush,restaurant-pos,,HungerRush POS;Hunger Rush;HungerRush 360,low,HungerRush is a distinctive concatenated brand for restaurant POS and ordering software.,hungerrush.com,,,fleet-enum-2026-08
Huntress Managed EDR,antivirus,,Huntress;Huntress EDR;Huntress MDR,low,The full service name is specific even though huntress is also an English noun.,huntress.com,,huntress,fleet-enum-2026-08
Hurl,api-tools,,,high,The API test runner shares its name with a common verb meaning throw or vomit.,hurl.dev,hurl insults;about to hurl;hurl a rock;hurl abuse;made me hurl;hurling accusations;hurl it across,hurl,fleet-enum-2026-08
Hushmail,email-providers,,,low,A distinctive closed-compound brand strongly associated with secure email.,hushmail.com,,,fleet-enum-2026-08
IBM Cloud Kubernetes Service,containers,,IKS;IBM Kubernetes Service,low,The vendor-qualified service name is unmistakable; IKS is context-dependent but strongly technical.,ibm.com,,,fleet-enum-2026-08
IBM Db2,databases,,DB2,low,Db2 and DB2 are distinctive database product identifiers.,ibm.com,,,fleet-enum-2026-08
IBM Db2 Warehouse,data-warehouses,,Db2 Warehouse;DB2 Warehouse;Db2 Warehouse on Cloud;DB2 Warehouse on Cloud,low,The IBM and Db2 identifiers make the warehouse product unmistakable.,ibm.com,,,fleet-enum-2026-08
IBM Instana Observability,observability,,Instana;IBM Instana,low,The full IBM product name is unambiguous and Instana itself is a distinctive coined brand.,ibm.com,,,fleet-enum-2026-08
IBM MaaS360,mdm,,MaaS360;MaaS 360,low,"MaaS360 is a distinctive coined mark, especially with the IBM prefix.",ibm.com,,,fleet-enum-2026-08
Icedrive,cloud-storage,,Ice Drive,low,The compound is distinctive in cloud-storage discussions.,icedrive.net,,,fleet-enum-2026-08
iCloud Drive,cloud-storage,,iCloud;Apple Drive,low,The iCloud prefix makes the product name unmistakably Apple-specific.,icloud.com,,,fleet-enum-2026-08
iCloud Mail,email-providers,,iCloud email,low,The full product name is specific to Apple's hosted email service.,icloud.com;me.com;mac.com,,,fleet-enum-2026-08
Ideogram,ai-image,,Ideogram AI,high,"Ideogram is an established linguistic term, though AI discussions often mean the product.",ideogram.ai,Chinese ideogram;ancient ideogram;written ideogram;Egyptian ideogram;Japanese ideogram;linguistic ideogram;symbol or ideogram,ideogram,fleet-enum-2026-08
IDrive,cloud-storage,,,medium,The compact coined name is strongly associated with the storage and backup service.,idrive.com,,,fleet-enum-2026-08
IFTTT,workflow-automation,,If This Then That,low,The acronym is strongly associated with the automation service and rarely has an unrelated meaning.,ifttt.com,,,fleet-enum-2026-08
iLovePDF,pdf-tools,,I Love PDF,low,The distinctive phrase and styling point reliably to the service.,ilovepdf.com,,,fleet-enum-2026-08
iManage Work,document-management,,iManage;WorkSite;FileSite,medium,The full product name is distinctive; WorkSite and FileSite persist as legacy shorthand.,imanage.com,,,fleet-enum-2026-08
InEight,construction,,In8,high,The word-number construction is a distinctive enterprise software brand.,ineight.com,,,fleet-enum-2026-08
inFlow Inventory,inventory,,inFlow;Inflow,medium,"The stylized brand is distinctive, but casual lowercase inflow is an ordinary finance and fluid-flow term.",inflowinventory.com,cash inflow;capital inflow;net inflow;water inflow;inflow rate;inflow of funds;foreign investment inflow,inflow,fleet-enum-2026-08
InfluxDB,databases,,Influx,low,The canonical name is unmistakable; Influx is recognizable shorthand in time-series contexts.,influxdata.com,,influx,fleet-enum-2026-08
Infobip SMS API,communication-apis,,Infobip SMS;Infobip,low,Infobip is a distinctive coined brand and the full API name is unambiguous.,infobip.com,,,fleet-enum-2026-08
Infomaniak,domain-registrars,,infomaniak.com,low,The coined spelling is highly distinctive.,infomaniak.com,,,fleet-enum-2026-08
Informatica Cloud Data Integration,etl,,IICS;Informatica CDI;CDI;Informatica Cloud,low,The full product name is highly specific; discussions commonly retain the older IICS initialism.,informatica.com,,,fleet-enum-2026-08
Inkthreadable,print-on-demand,,Ink Threadable,low,Coined compound that is specific to the UK POD service.,inkthreadable.co.uk,,,fleet-enum-2026-08
InMotion Hosting,web-hosting,,InMotion,low,The full name explicitly identifies a hosting provider.,inmotionhosting.com,,,fleet-enum-2026-08
Innago,property-management,,Inna Go,low,A distinctive coined name; spacing variants are uncommon but recognizable.,innago.com,,,fleet-enum-2026-08
Insomnia,api-tools,,Kong Insomnia,high,The bare name is a very common sleep-condition term and needs developer or API context.,insomnia.rest,suffering from insomnia;chronic insomnia;insomnia medication;insomnia symptoms;pregnancy insomnia;sleep onset insomnia;insomnia treatment,insomnia,fleet-enum-2026-08
Inspectlet,session-replay,,,low,This coined name is effectively unique to the product.,inspectlet.com,,,fleet-enum-2026-08
InstaText,writing-assistants,,Insta Text,medium,The compound brand is sufficiently distinctive in writing-tool discussions.,instatext.io,,,fleet-enum-2026-08
INSZoom,legal-practice,,INS Zoom,low,The unusual compound and immigration-specific INS prefix make the product readily identifiable.,inszoom.com;mitratech.com,,,fleet-enum-2026-08
IntelliJ IDEA,ides,,IntelliJ;IDEA,low,"The full branded name is distinctive, even though the shorthand IDEA needs developer context.",jetbrains.com,,idea,fleet-enum-2026-08
Internet.bs,domain-registrars,,InternetBS;Internet BS,low,The dotted .bs brand is unusual and recognizable in registrar context.,internet.bs,,,fleet-enum-2026-08
Internxt Drive,cloud-storage,,Internxt,low,The coined Internxt stem makes the product name unmistakable.,internxt.com,,,fleet-enum-2026-08
invideo AI,ai-video,,InVideo;invideo,low,The full branded form is distinctive; capitalization varies heavily in casual comments.,invideo.io,,,fleet-enum-2026-08
Invoice Ninja,invoicing,,InvoiceNinja,low,The two-word name is distinctive and rarely used outside references to the software.,invoiceninja.com,,,fleet-enum-2026-08
Invoice2go,invoicing,,Invoice 2go;Invoice 2 Go,low,The stylized name is specific to the mobile invoicing service despite frequent capitalization variants.,invoice.2go.com,,,fleet-enum-2026-08
Invoke,ai-image,,InvokeAI;Invoke AI,high,"Invoke is a very common verb in legal, programming, religious, and everyday discussions.",invoke.ai,invoke the law;invoke a function;invoke a method;invoke privilege;invoke the clause;invoke his name;invoke a command;invoke the Fifth,invoke,fleet-enum-2026-08
IONOS,domain-registrars,web-hosting,1&1;1&1 IONOS,medium,The all-caps coined name is distinctive; legacy 1&1 references remain common.,ionos.com,,,fleet-enum-2026-08
IPFire,network-security,,IP Fire,low,The compact coined name is strongly associated with the firewall distribution.,ipfire.org,,,fleet-enum-2026-08
IPVanish,vpn,,IP Vanish;IPVanish VPN,low,IPVanish is a distinctive joined brand with an obvious networking meaning.,ipvanish.com,,,fleet-enum-2026-08
IronCalc,spreadsheets,,Iron Calc,low,IronCalc is a distinctive coined compound used for the spreadsheet engine and application.,ironcalc.com,,,fleet-enum-2026-08
Iru Endpoint Management,mdm,,Iru;Kandji;Kandji MDM,low,The full name is distinctive; Kandji is the former brand still prevalent in Reddit discussion.,iru.com;kandji.io,,,fleet-enum-2026-08
ISL Online,remote-desktop,,ISL;ISL Light,high,"The complete two-word brand is distinctive, although the ISL abbreviation alone has other expansions.",islonline.com,,,fleet-enum-2026-08
IT Retail,pos,,ITRetail;IT Retail POS,medium,The spaced bare name can describe information technology used in the retail industry.,itretail.com,retail IT jobs;IT retail sector;retail IT systems;work in retail IT;IT for retail;retail IT manager;retail IT support;retail IT department,,fleet-enum-2026-08
Ivanti Neurons for MDM,mdm,,Ivanti MDM;MobileIron;MobileIron Cloud,low,The full Ivanti product name is distinctive; MobileIron remains the dominant legacy shorthand.,ivanti.com,,,fleet-enum-2026-08
IVPN,vpn,,,low,IVPN is a distinctive VPN-specific initialism despite occasional capitalization variation.,ivpn.net,,,fleet-enum-2026-08
iwantmyname,domain-registrars,,I Want My Name;iwantmyname.com,high,The fused phrase is a distinctive brand despite users varying spacing and capitalization.,iwantmyname.com,,,fleet-enum-2026-08
Jackson Hewitt Online,tax-software,,Jackson Hewitt;JH Online,low,The full branded service name is unambiguous.,jacksonhewitt.com,,,fleet-enum-2026-08
Jamf Now,mdm,,JamfNow;Bushel,low,The two-word product name is distinctive; Bushel is the former product name.,jamf.com,,bushel,fleet-enum-2026-08
Jamf Pro,mdm,,Jamf;JAMF;Casper Suite;Casper,low,"Jamf Pro is a distinctive product name, while Casper is its widely remembered former name.",jamf.com,,casper,fleet-enum-2026-08
Jamie,transcription,,Jamie AI;meetJamie;meet jamie,high,Jamie is a very common personal name and needs meeting-assistant context to identify the software.,meetjamie.ai,my friend Jamie;Jamie said;ask Jamie;Jamie Foxx;Jamie Oliver;Jamie Lee Curtis;Jamie Dimon;called Jamie,jamie,fleet-enum-2026-08
Jane,scheduling,,JaneApp;Jane App;Jane app,high,"Jane is a common given name and appears in many people, characters, titles, and organizations.",jane.app;janeapp.com,Jane Doe;Jane Austen;Mary Jane;Jane Eyre;plain Jane;Calamity Jane;Jane the Virgin;Jane Goodall;Jane Street,jane,fleet-enum-2026-08
Jenkins,ci-cd,,Jenkins CI,high,Jenkins is distinctive in DevOps but is also a common surname and place name.,jenkins.io,Katherine Jenkins;Richard Jenkins;Jenkins family;Jenkins surname;Jenkins County;Jenkins High School,,fleet-enum-2026-08
Jenni AI,writing-assistants,,Jenni;Jenni.ai,high,"The AI suffix makes the full name specific, while the shortened alias Jenni can be a person's name.",jenni.ai,,,fleet-enum-2026-08
JetBrains AI Assistant,ai-coding,,JetBrains AI;JB AI Assistant,low,Including the JetBrains brand makes the product name specific and readily distinguishable.,jetbrains.com,,,fleet-enum-2026-08
Jibble,time-tracking,,,low,Jibble is an unusual coined name in software discussion.,jibble.io,,,fleet-enum-2026-08
Jitsi Meet,video-conferencing,,Jitsi,low,Jitsi is a distinctive coined name even when Reddit drops Meet.,jitsi.org;meet.jit.si,,,fleet-enum-2026-08
JivoChat,live-chat,,Jivo;JivoSite,low,"The full name is distinctive, while Reddit users sometimes shorten it to Jivo or use its old JivoSite name.",jivochat.com,,,fleet-enum-2026-08
Jobber,field-service,,,medium,"Jobber is also an occupational term, especially in wrestling, markets, and tool sizing.",getjobber.com,jobber in wrestling;wrestling jobber;old-school jobber;comic book jobber;stock jobber;market jobber;jobber drill bit;jobber length drill,jobber,fleet-enum-2026-08
JobTread,construction,,Job Tread;JobThread,low,"The coined compound is distinctive, while spaced and misspelled forms are common in casual discussion.",jobtread.com,,,fleet-enum-2026-08
Joker.com,domain-registrars,,Joker,low,The canonical dotted form identifies the registrar even though its shortened alias is a common noun and character name.,joker.com,,joker,fleet-enum-2026-08
Jotform,form-builders,survey-tools,Jot Form,low,The current one-word styling is distinctive; Reddit still frequently uses the former JotForm capitalization.,jotform.com,,,fleet-enum-2026-08
Jotform Sign,esignature,,Jotform eSign;Jotform e-sign,low,The distinctive Jotform brand reliably identifies the signing product.,jotform.com,,,fleet-enum-2026-08
Jottacloud,cloud-storage,,Jotta,low,The compound brand is distinctive and not an ordinary English expression.,jottacloud.com,,,fleet-enum-2026-08
Jules,ai-coding,,Google Jules;Jules AI,high,"Jules is a personal name shared by authors, athletes, and fictional characters.",jules.google,Jules Verne;Jules Kounde;Jules Winnfield;my friend Jules;Jules from Euphoria;Jules Bianchi,jules,fleet-enum-2026-08
Jump Desktop,remote-desktop,,Jump;JumpDesktop;Jump Desktop Connect,low,The full two-word name is strongly associated with the remote-desktop app.,jumpdesktop.com,,jump,fleet-enum-2026-08
JumpCloud,identity,mdm,JC,low,Distinctive compound brand with little ordinary-language collision.,jumpcloud.com,,,fleet-enum-2026-08
Junie,ai-coding,,JetBrains Junie;Junie AI,high,"Junie is a personal name and a children's-book character, so the bare word is highly confusable outside JetBrains context.",jetbrains.com,my friend Junie;baby named Junie;Junie B. Jones;Junie Harper;Junie from school,,fleet-enum-2026-08
Juniper SRX Series Firewalls,network-security,,Juniper SRX;SRX;SRX firewall;vSRX,low,The full Juniper SRX product-family name is specific and readily identifiable.,juniper.net,,,fleet-enum-2026-08
JustCall,voip,,Just Call,high,"The brand is a closed compound, but users frequently type it as the very common phrase just call.",justcall.io,,,fleet-enum-2026-08
JW Player,video-hosting,,JWPlayer;JWP,medium,The full name is a distinctive product label despite the generic word player.,jwplayer.com,,,fleet-enum-2026-08
k0s,containers,,k0s Kubernetes,medium,The stylized letter-number brand is not an ordinary word.,k0sproject.io,,,fleet-enum-2026-08
K3s,containers,,lightweight Kubernetes,low,The letter-number name is a distinctive Kubernetes distribution brand.,k3s.io;rancher.com,,,fleet-enum-2026-08
Kaiber,ai-video,,Kaiber AI;Kaiber Superstudio,medium,The invented name is uncommon outside the creative platform.,kaiber.ai,,,fleet-enum-2026-08
Kajabi,course-platforms,lms,Kajabi LMS,low,Kajabi is a coined brand name with negligible ordinary-language collision.,kajabi.com,,,fleet-enum-2026-08
Kallithea,code-hosting,,,medium,"The software shares its name with Greek places and a football club, so SCM or repository context is useful.",kallithea-scm.org,Kallithea Rhodes;Kallithea Springs;Kallithea beach;Athens Kallithea;Kallithea FC;Kallithea neighborhood;Kallithea hotel,,fleet-enum-2026-08
Kaltura,video-hosting,,,low,Kaltura is an uncommon coined brand with little unrelated usage.,kaltura.com,,,fleet-enum-2026-08
Kameleoon,feature-flags,,,low,The invented spelling is not readily confused with ordinary language.,kameleoon.com,,,fleet-enum-2026-08
Kanidm,identity,,Kan IDM,low,Distinctive coined open-source identity-management name.,kanidm.com,,,fleet-enum-2026-08
Kaseya VSA,rmm,,VSA;VSA 9;VSA 10;VSA X;Kaseya RMM,low,The Kaseya brand paired with the VSA initialism is specific to the product.,kaseya.com,,,fleet-enum-2026-08
Kaspersky Premium,antivirus,,Kaspersky;Kaspersky Total Security;KTS;Kaspersky Internet Security;KIS,low,Kaspersky is a highly recognizable brand name despite also being a surname.,kaspersky.com,,,fleet-enum-2026-08
Katana Cloud Inventory,inventory,,Katana;Katana MRP,high,"Users usually shorten the product to Katana, a common name for the Japanese sword and a Suzuki motorcycle.",katanamrp.com,katana sword;katana blade;Japanese katana;wield a katana;forged katana;Suzuki Katana;katana build,,fleet-enum-2026-08
kDrive,cloud-storage,,Infomaniak kDrive,high,"The stylized compound is distinctive, especially with the Infomaniak qualifier.",kdrive.infomaniak.com;infomaniak.com,,,fleet-enum-2026-08
Kerio Control,network-security,,Kerio firewall;Kerio;WinRoute;Kerio WinRoute Firewall;KWF,low,"Kerio Control is a specific branded product, with WinRoute retained mainly as an old-name reference.",gfi.com,,,fleet-enum-2026-08
Kestra,etl,workflow-automation,,medium,Kestra is a distinctive coined brand with little ordinary-language use.,kestra.io,,,fleet-enum-2026-08
Keycloak,identity,,KC;Red Hat Keycloak,low,Distinctive compound name strongly associated with the open-source identity server.,,,,fleet-enum-2026-08
Keynote,presentations,,Apple Keynote,high,Keynote is also the ordinary term for a featured conference speech or speaker.,apple.com,keynote speaker;keynote address;conference keynote;opening keynote;keynote speech;keynote session;annual keynote;closing keynote,keynote,fleet-enum-2026-08
Keywords Everywhere,seo-tools,,KWE,high,It is a recognizable extension name but can also be a literal two-word phrase.,keywordseverywhere.com,keywords everywhere in the text;keywords everywhere on the page;put keywords everywhere;same keywords everywhere;keywords everywhere online;seeing keywords everywhere,,fleet-enum-2026-08
Khoros,community-platforms,,Khoros Communities;Khoros Community;Lithium;Lithium Communities,low,Khoros is a distinctive coined brand; Lithium is the legacy name still used by longtime community operators.,khoros.ai;khoros.com,,lithium,fleet-enum-2026-08
Kickserv,field-service,,,low,"Kickserv is a coined, category-specific name with negligible ordinary-language use.",kickserv.com,,,fleet-enum-2026-08
Kilo Code,ai-coding,,Kilo;KiloCode,low,The full product name is distinctive despite kilo being an ordinary metric prefix when used alone.,kilo.ai,,kilo,fleet-enum-2026-08
Kimai,time-tracking,,,medium,Kimai is uncommon in English and strongly identifies the open-source tracker.,kimai.org;kimai.cloud,,,fleet-enum-2026-08
Kimi,ai-assistants,,Kimi AI;Moonshot Kimi,high,Kimi is a personal name and appears frequently in motorsport and Japanese-media discussions.,kimi.com,Kimi Raikkonen;Kimi Antonelli;Kimi no Na wa;Kimi ni Todoke;Kimi movie;Kimi name,,fleet-enum-2026-08
Kindroid,ai-assistants,,Kindroid AI,low,The coined brand name is not used as an ordinary English term.,kindroid.ai,,,fleet-enum-2026-08
Kinsta,web-hosting,,,low,A coined name with no common ordinary-English meaning.,kinsta.com,,,fleet-enum-2026-08
Kissmetrics,product-analytics,,Kiss Metrics,low,Kissmetrics is a distinctive compound brand despite several historical stylings.,kissmetrics.io,,,fleet-enum-2026-08
Kling AI,ai-video,,Kling;KlingAI,low,The full name is distinctive; users often drop the AI suffix in video discussions.,klingai.com,,kling,fleet-enum-2026-08
Knowify,construction,,,low,Knowify is a coined brand with no common ordinary-English reading.,knowify.com,,,fleet-enum-2026-08
KnownHost,web-hosting,,,low,The concatenated compound is distinctive in hosting contexts.,knownhost.com,,,fleet-enum-2026-08
Kolab Now,email-providers,,KolabNow;Kolab,low,"The full brand is distinctive, while Kolab remains a common product shorthand.",kolabnow.com,,,fleet-enum-2026-08
Kommunicate,live-chat,,Kommunicate.io,low,The deliberate spelling makes the product name unambiguous.,kommunicate.io,,,fleet-enum-2026-08
Koofr,cloud-storage,,,low,Koofr is a unique coined name with little ordinary-language collision.,koofr.eu,,,fleet-enum-2026-08
Kooha,screen-recording,,,medium,Kooha is a distinctive coined name used for the GNOME-oriented recorder.,apps.gnome.org,,,fleet-enum-2026-08
KORONA POS,pos,,KORONA;Korona,low,The KORONA spelling and POS suffix make the product readily identifiable.,koronapos.com,,korona,fleet-enum-2026-08
Krea,ai-image,,Krea AI,medium,Krea is a distinctive coined spelling with little ordinary-English collision.,krea.ai,,,fleet-enum-2026-08
Kreya,api-tools,,,low,Kreya is a distinctive coined name with little ordinary-language collision.,kreya.app,,,fleet-enum-2026-08
Krisp,transcription,,Krisp AI,low,The intentionally altered spelling makes Krisp readily identifiable as the software brand.,krisp.ai,,,fleet-enum-2026-08
Krita,photo-editing,,,low,Krita is a distinctive product name in English-language Reddit discussion.,krita.org,,,fleet-enum-2026-08
Kubernetes,containers,,K8s;kube,low,Kubernetes is a coined name with no meaningful ordinary-English collision.,kubernetes.io,,,fleet-enum-2026-08
LÖVE,game-engines,,LÖVE2D;LOVE2D;Love2D;love2d,high,"Without the 2D suffix, the stylized name collapses to the extremely common word love.",love2d.org,,,fleet-enum-2026-08
Lacerte,tax-software,,Lacerte Tax,medium,The uncommon name is strongly identified with Intuit's professional tax software.,accountants.intuit.com,,,fleet-enum-2026-08
Landbot,live-chat,,Landbot.io,low,Landbot is a distinctive compound used almost exclusively for the chatbot builder.,landbot.io,,,fleet-enum-2026-08
Landlord Studio,property-management,,LandlordStudio;LL Studio,medium,The two ordinary real-estate words can describe a landlord or a studio apartment without naming the product.,landlordstudio.com,landlord studio apartment;studio landlord;my landlord's studio;landlord rented the studio;landlord owns the studio;ask the studio landlord,,fleet-enum-2026-08
LanguageTool,writing-assistants,,Language Tool;LT,medium,The closed-up compound is a distinctive software name.,languagetool.org,,lt,fleet-enum-2026-08
Laserfiche,document-management,,LF,low,Laserfiche is a distinctive coined name even when users vary its capitalization.,laserfiche.com,,,fleet-enum-2026-08
Later,social-media-management,,Later App;Later.com,high,The canonical name is an extremely common adverb in ordinary Reddit conversation.,,see you later;later today;years later;sooner or later;later on;a week later;talk later;save it for later,later,fleet-enum-2026-08
LaunchDarkly,feature-flags,,Launch Darkly;LD,low,The coined compound is strongly associated with the feature-management platform.,launchdarkly.com,,,fleet-enum-2026-08
Launchpad,code-hosting,,LP,high,"Launchpad is a common noun and metaphor, so the bare word needs Ubuntu, Canonical, Bazaar, or repository context.",launchpad.net,rocket launchpad;launchpad for startups;use it as a launchpad;launchpad explosion;launchpad location;launchpad to orbit;career launchpad;token launchpad,,fleet-enum-2026-08
Lavu,restaurant-pos,,Lavu POS,low,Lavu is a coined brand that is rarely used with another meaning in English-language Reddit comments.,lavu.com,,,fleet-enum-2026-08
Lawcus,legal-practice,,,low,The coined name is not an ordinary English term.,lawcus.com,,,fleet-enum-2026-08
LEAP,legal-practice,,LEAP Legal,high,"The bare name is a common word and acronym, so legal-software context is essential.",leaplegalsoftware.com,leap year;leap day;quantum leap;leap of faith;take the leap;giant leap;leap second;leap forward,leap,fleet-enum-2026-08
LearnDash,course-platforms,lms,Learn Dash;LearnDash LMS,low,The fused compound is distinctive and strongly associated with the WordPress LMS.,learndash.com,,,fleet-enum-2026-08
LearnUpon,course-platforms,lms,LearnUpon LMS;Learn Upon,low,The fused capitalization and unusual construction make the brand readily identifiable.,learnupon.com,,,fleet-enum-2026-08
LearnWorlds,course-platforms,lms,Learn Worlds;LearnWorlds LMS,low,The fused compound is a distinctive product name rather than a normal English word.,learnworlds.com,,,fleet-enum-2026-08
Leonardo.Ai,ai-image,,Leonardo AI;Leonardo,low,The maker's dotted product spelling is distinctive; the Leonardo shorthand is much broader.,leonardo.ai,,,fleet-enum-2026-08
Level,rmm,,Level.io;Level RMM;level.io RMM,high,"Level is an extremely common English noun, adjective, and verb, so the domain or RMM context is usually required.",level.io,level up;next level;high level;low level;entry level;level playing field;level of detail;skill level;character level;water level,level,fleet-enum-2026-08
LibreOffice Calc,spreadsheets,,LibreOffice;LO Calc;Libre Calc;Calc,low,The LibreOffice qualifier makes the otherwise generic Calc component name distinctive.,libreoffice.org,,,fleet-enum-2026-08
LibreOffice Impress,presentations,,Impress;LO Impress,low,"The full suite-qualified name is unmistakable, though the shorthand Impress alone is a verb.",libreoffice.org,,impress,fleet-enum-2026-08
Libsyn,podcast-hosting,,,low,A distinctive contraction of Liberated Syndication with little non-product use.,libsyn.com,,,fleet-enum-2026-08
Lightspeed Restaurant,restaurant-pos,,Lightspeed;Lightspeed POS;Lightspeed K-Series;L-Series,medium,Lightspeed is a recognizable vendor name in restaurant context but is also ordinary science-fiction and physics language.,lightspeedhq.com,travel at lightspeed;jump to lightspeed;faster than lightspeed;lightspeed is impossible;lightspeed engine;reach lightspeed,lightspeed;lightspeed pos,fleet-enum-2026-08
Lightspeed Retail,pos,,Lightspeed POS;Lightspeed;Lightspeed Retail POS;Vend;Vend POS,low,The full retail product name is specific; Vend remains common shorthand for its X-Series lineage.,lightspeedhq.com,,lightspeed;lightspeed pos;vend,fleet-enum-2026-08
LimeSurvey,survey-tools,,Lime Survey,low,The full compound is distinctive and consistently refers to the survey platform.,limesurvey.org,,,fleet-enum-2026-08
Lindy,workflow-automation,,Lindy AI,high,"Lindy is a personal name, a dance shorthand, and a term used for the Lindy effect.",lindy.ai,Lindy Hop;dance the Lindy;Lindy Chamberlain;Lindy Ruff;my friend Lindy;named Lindy;Lindy effect;Lindy West,,fleet-enum-2026-08
Linguee,localization,,,low,Linguee is a unique coined brand with negligible ordinary-language ambiguity.,linguee.com,,,fleet-enum-2026-08
Linguix,writing-assistants,,Linguix AI,low,The coined name is not an ordinary English word.,linguix.com,,,fleet-enum-2026-08
Linnworks,inventory,,,low,Linnworks is a distinctive coined brand with little ordinary-language overlap.,linnworks.com,,,fleet-enum-2026-08
listmonk,newsletters,,list monk,low,A distinctive coined compound used for the self-hosted newsletter and mailing-list manager.,listmonk.app,,,fleet-enum-2026-08
Litify,legal-practice,,,low,The coined name is strongly associated with the legal platform.,litify.com,,,fleet-enum-2026-08
Litmos,lms,,Litmos LMS;SAP Litmos,low,Litmos is a coined brand; SAP Litmos remains common from its former ownership.,litmos.com,,,fleet-enum-2026-08
Little Green Light,nonprofit,,LGL,medium,The phrase is a known nonprofit CRM name but also naturally describes a small green indicator light.,littlegreenlight.com,little green light blinking;little green light on the dashboard;little green light by the camera;little green light on the charger;little green light came on;little green light next to the port,,fleet-enum-2026-08
LiveChat,live-chat,,LiveChat Inc.;livechatinc,high,"The maker's closed-up spelling is distinctive, but casing is usually lost in casual text and the words describe the entire category.",livechat.com,,,fleet-enum-2026-08
Livestorm,webinars,,,medium,The compound brand is rarely used outside references to the platform.,livestorm.co,,,fleet-enum-2026-08
LiveWebinar,webinars,,Live Webinar,high,"When spacing and capitalization disappear, the name is identical to the generic phrase for a webinar broadcast live.",livewebinar.com,,,fleet-enum-2026-08
Localazy,localization,,,low,Localazy is a distinctive coined spelling with little ordinary-language collision.,localazy.com,,,fleet-enum-2026-08
LogicalDOC,document-management,,Logical DOC,low,The fused brand is distinctive even though users vary the capitalization.,logicaldoc.com,,,fleet-enum-2026-08
LogicMonitor,observability,,LM,low,Closed compound brand name that is readily identifiable in monitoring discussions.,logicmonitor.com,,lm,fleet-enum-2026-08
LogMeIn Pro,remote-desktop,,LogMeIn;Log Me In;LMI Pro;LMI,low,The stylized brand plus Pro tier is readily identifiable as the shipped remote-access product.,logmein.com,,,fleet-enum-2026-08
LogRocket,error-tracking,product-analytics;session-replay,Log Rocket,low,"The coined compound is strongly associated with the product, including its occasional spaced spelling.",logrocket.com,,,fleet-enum-2026-08
Logto,identity,,,medium,The joined spelling is a distinctive identity-platform brand.,logto.io,,,fleet-enum-2026-08
Lokalise,localization,,,low,The deliberately spelled brand is unlikely to be mistaken for ordinary usage.,lokalise.com,,,fleet-enum-2026-08
Loomly,social-media-management,,,low,Invented brand name with little ordinary-language collision.,loomly.com,,,fleet-enum-2026-08
Loops,newsletters,,Loops.so,high,"A common plural noun across programming, music, systems, clothing, and everyday idioms.",loops.so,for loops;feedback loops;infinite loops;guitar loops;belt loops,,fleet-enum-2026-08
Lovable,ai-coding,no-code,Lovable.dev;lovable dev,high,The bare name is a common adjective; the .dev form or app-building context disambiguates it.,lovable.dev,lovable character;lovable dog;lovable idiot;lovable goof;lovable personality;lovable rogue;lovable pet,lovable,fleet-enum-2026-08
LowFruits,seo-tools,,Low Fruits,medium,The closed compound is distinctive; spaced variants usually still denote the tool in SEO threads.,lowfruits.io,,,fleet-enum-2026-08
Loyverse POS,pos,,Loyverse;Loyverse Point of Sale,low,Loyverse is a distinctive coined name.,loyverse.com,,,fleet-enum-2026-08
LTX Studio,ai-video,,LTX;LTXStudio,low,The lettermark plus Studio is distinctive; LTX alone can also refer to its related model family.,ltx.io;ltx.studio,,,fleet-enum-2026-08
Lucidchart,diagramming,,Lucid;Lucid Chart,low,The compound product name is highly distinctive; only the shorthand Lucid is context-sensitive.,lucidchart.com,,lucid,fleet-enum-2026-08
Luciq,error-tracking,,Instabug;Luciq.ai,low,Luciq is a distinctive coined name; Instabug is the former brand still prevalent in Reddit discussions.,luciq.ai,,,fleet-enum-2026-08
Lucky Orange,session-replay,,LuckyOrange,medium,The two-word phrase is unusual enough to identify the product reliably.,luckyorange.com,,,fleet-enum-2026-08
Luma,event-management,,Lu.ma;Luma Events,high,Luma is also a video-imaging term and appears in the names of unrelated AI and creative products.,luma.com;lu.ma,luma key;luma matte;luma channel;luma values;chroma and luma;Luma AI;Luma Dream Machine,luma,fleet-enum-2026-08
Luminar Neo,photo-editing,,Luminar;Neo;LNeo,low,"The full product name is unmistakable, though Neo by itself has many unrelated uses.",skylum.com,,neo,fleet-enum-2026-08
Lunch Money,budgeting,,LunchMoney;Lunchmoney;LM,high,"Lunch money is a common everyday phrase, so software context is essential.",lunchmoney.app,school lunch money;forgot my lunch money;give him lunch money;spent my lunch money;kids lunch money;stole lunch money;extra lunch money;pay back lunch money,lm,fleet-enum-2026-08
M-Files,document-management,,MFiles;M Files,medium,The hyphenated brand is distinctive and rarely denotes anything else.,m-files.com,,,fleet-enum-2026-08
MacWhisper,transcription,,Mac Whisper,low,The compound name clearly identifies the Mac transcription application rather than ordinary whispering.,macwhisper.com,,,fleet-enum-2026-08
Mage,ai-image,etl,Mage.ai;Mage AI,high,Mage is a common fantasy-game and role-playing character class.,mage.ai,fire mage;frost mage;arcane mage;mage build;mage class;battle mage;mage tower;black mage,mage,fleet-enum-2026-08
mail.com,email-providers,,,low,"Although built from a generic word, the dot-com form is an unmistakable branded domain.",mail.com,,,fleet-enum-2026-08
mailbox,email-providers,,mailbox.org;Mailbox.org,high,The current bare brand is identical to the generic word for both physical and electronic mailboxes.,mailbox.org,check my mailbox;mailbox is full;physical mailbox;shared mailbox;mailbox rule;mailbox storage;mailbox key;mailbox post,mailbox,fleet-enum-2026-08
MailerLite,newsletters,,Mailer Lite,low,The joined product name is distinctive despite its descriptive components.,mailerlite.com,,,fleet-enum-2026-08
MailerSend,communication-apis,,Mailer Send,low,MailerSend is a distinctive compound brand with little ordinary-language collision.,mailersend.com,,,fleet-enum-2026-08
Mailfence,email-providers,,,low,The coined compound is strongly product-specific.,mailfence.com,,,fleet-enum-2026-08
Mailgun,communication-apis,,,low,Mailgun is a distinctive coined brand despite occasional casing variation.,mailgun.com,,,fleet-enum-2026-08
Mailjet,communication-apis,,Mail Jet,low,Mailjet is a distinctive brand; casual comments sometimes vary its capitalization or spacing.,mailjet.com,,,fleet-enum-2026-08
MailPoet,newsletters,,Mail Poet,low,Distinctive compound name associated with the WordPress newsletter plugin.,mailpoet.com,,,fleet-enum-2026-08
Mailtrap,communication-apis,,Mailtrap.io;Mail Trap,medium,Mailtrap is a distinctive compound name in developer discussions.,mailtrap.io,,,fleet-enum-2026-08
Majestic,seo-tools,,Majestic SEO,high,"Majestic is a common adjective, so the bare name needs SEO or backlink context.",majestic.com,majestic mountains;majestic view;majestic creature;majestic scenery;majestic eagle;majestic horse;looks majestic,majestic,fleet-enum-2026-08
Make,workflow-automation,,Integromat;Make.com,high,Make is an extremely common English verb; the old name Integromat and the Make.com form are much more specific.,make.com,make sure;make money;make sense;make it;make a difference;make friends;make your own;make me laugh,make,fleet-enum-2026-08
Malwarebytes Premium,antivirus,,Malwarebytes;MBAM;MWB;Malware Bytes,low,Malwarebytes is a distinctive compound brand with negligible ordinary-language collision.,malwarebytes.com,,,fleet-enum-2026-08
ManageEngine Endpoint Central,mdm,,Endpoint Central;Desktop Central;MEEC,low,The full branded name is specific; Desktop Central is its former name.,manageengine.com,,,fleet-enum-2026-08
ManageEngine Mobile Device Manager Plus,mdm,,Mobile Device Manager Plus;ManageEngine MDM;MDM Plus;MDMP,low,The full branded product name is specific despite its descriptive words.,manageengine.com,,,fleet-enum-2026-08
ManageEngine RMM Central,rmm,,RMM Central;ManageEngine RMM;MEC RMM,low,The full vendor-qualified product name is specific and not likely to be ordinary prose.,manageengine.com,,,fleet-enum-2026-08
Mangomint,scheduling,,Mango Mint,low,The combined name is distinctive and overwhelmingly denotes the salon and spa platform.,mangomint.com,,,fleet-enum-2026-08
Mangools,seo-tools,,,low,The coined plural brand name is not ordinary English.,mangools.com,,,fleet-enum-2026-08
ManicTime,time-tracking,,Manic Time,low,ManicTime is a distinctive branded compound.,manictime.com,,,fleet-enum-2026-08
Manychat,live-chat,,Many Chat,medium,"The closed-up brand is distinctive, though legacy capitalization and spaced spelling remain common on Reddit.",manychat.com,,,fleet-enum-2026-08
MarginEdge,restaurant-pos,,Margin Edge,low,MarginEdge is a distinctive concatenated restaurant back-office brand.,marginedge.com,,,fleet-enum-2026-08
MariaDB,databases,,Maria,low,The DB suffix makes the canonical name unmistakable despite Maria being a common given name.,mariadb.org;mariadb.com,,maria,fleet-enum-2026-08
MarketMan,restaurant-pos,,Market Man,medium,MarketMan is a distinctive concatenated name in restaurant inventory and purchasing discussions.,marketman.com,,marketman,fleet-enum-2026-08
MarketMuse,seo-tools,,Market Muse,medium,The compound brand is distinctive even when users insert a space.,marketmuse.com,,,fleet-enum-2026-08
Markt POS,pos,,Markt;MarktPOS,low,The unusual Markt spelling combined with POS is distinctive.,marktpos.com,,,fleet-enum-2026-08
Master PDF Editor,pdf-tools,,Master PDF;MasterPDFEditor;MPE,high,"Its name is almost entirely generic, and the shortened word Master has many common Reddit meanings.",code-industry.net,master bedroom;master copy;master's degree;game master;master password;master branch;audio master,,fleet-enum-2026-08
MateCat,localization,,Mate Cat,medium,MateCat is a distinctive compound name for the web-based CAT tool.,matecat.com,,,fleet-enum-2026-08
Matillion,etl,,Matillion ETL,low,Matillion is a distinctive coined brand; Matillion ETL is its widely used former product styling.,matillion.com,,,fleet-enum-2026-08
Matomo,web-analytics,,Piwik,low,Matomo is a coined name with little non-product usage; Piwik is its well-known former name.,matomo.org,,,fleet-enum-2026-08
Maven,course-platforms,,Maven Learning,high,Maven is an ordinary word for an expert and also collides heavily with the Apache build tool and names in games.,maven.com,marketing maven;media maven;tech maven;fashion maven;policy maven;startup maven;financial maven,,fleet-enum-2026-08
Maxio,invoicing,,Chargify;SaaSOptics,medium,Maxio is distinctive; Chargify and SaaSOptics remain common legacy names after their combination into Maxio.,maxio.com,,,fleet-enum-2026-08
Mayan EDMS,document-management,,Mayan;Mayan-EDMS;mayan-edms,low,The EDMS qualifier clearly separates the product from references to Mayan peoples and culture.,mayan-edms.com,,mayan,fleet-enum-2026-08
McAfee+ Premium,antivirus,,McAfee;McAfee Plus;McAfee Premium;McAfee Total Protection,low,The McAfee brand and plus-sign styling make the current suite name distinctive.,mcafee.com,,,fleet-enum-2026-08
MediaWiki,wikis,,Media Wiki,low,The compound name specifically identifies the wiki engine that powers Wikipedia and related sites.,mediawiki.org,,,fleet-enum-2026-08
MeetEdgar,social-media-management,,Edgar;Meet Edgar,low,"The full compound brand is distinctive, though Edgar alone is also a personal name.",meetedgar.com,,edgar,fleet-enum-2026-08
MeetGeek,transcription,,Meet Geek;MeetGeek AI,low,The fused coined name is strongly associated with the meeting assistant.,meetgeek.ai,,,fleet-enum-2026-08
Meetup,event-management,,Meetup.com;Meetup app,high,"Meetup is an ordinary generic word for an informal gathering, so bare mentions often are not about the service.",meetup.com,local meetup;Reddit meetup;car meetup;meetup spot;meetup tonight;organize a meetup;casual meetup;family meetup,,fleet-enum-2026-08
MEGA,cloud-storage,,mega.nz,high,Mega is also a common intensifier and appears in several unrelated names and concepts.,mega.io;mega.nz,Mega Millions;mega evolution;mega raid;mega sale;mega yacht;mega project;mega dose;mega corporation,,fleet-enum-2026-08
Megaphone,podcast-hosting,,Megaphone by Spotify,high,"The bare name is the common loudspeaker noun, making enterprise-podcasting context necessary.",megaphone.fm,speaking through a megaphone;shouting into a megaphone;bullhorn or megaphone;megaphone announcement;police megaphone;protester with a megaphone;handheld megaphone,megaphone,fleet-enum-2026-08
Meltano,etl,,,low,Meltano is a distinctive coined product name.,meltano.com,,,fleet-enum-2026-08
memoQ translator pro,localization,,memoQ;MemoQ;MQ,low,The unusual memoQ styling is strongly associated with the CAT tool.,memoq.com,,,fleet-enum-2026-08
Memtime,time-tracking,,timeBro,medium,Memtime is a coined brand; timeBro is its recognizable former name.,memtime.com,,,fleet-enum-2026-08
Mendix,internal-tools,no-code,,low,A unique coined enterprise-platform name.,mendix.com,,,fleet-enum-2026-08
Mentimeter,presentations,,Menti,medium,Mentimeter is a distinctive coined name; its common Menti shorthand is also product-specific in context.,mentimeter.com,,mentimeter,fleet-enum-2026-08
Mermaid,diagramming,,Mermaid.js;mermaidjs,high,The bare name commonly denotes the mythological creature and related media or costumes.,mermaid.js.org,The Little Mermaid;mermaid tail;mermaid costume;mermaid hair;mermaid dress;mermaid tattoo;mermaid mythology;mermaid show,mermaid,fleet-enum-2026-08
MeshCentral,remote-desktop,rmm,Mesh Central,low,The fused project name is distinctive in self-hosted remote-management discussions.,meshcentral.com,,,fleet-enum-2026-08
Meta AI,ai-assistants,,MetaAI;@MetaAI,medium,The two-word name clearly identifies Meta's assistant in normal Reddit usage.,meta.ai,,,fleet-enum-2026-08
Metricool,social-media-management,,,low,Coined name that is strongly associated with the social media platform.,metricool.com,,,fleet-enum-2026-08
MicroK8s,containers,,Canonical MicroK8s,low,The coined Kubernetes distribution name has no ordinary-language meaning.,microk8s.io,,,fleet-enum-2026-08
Microsoft Azure Firewall,network-security,,Azure Firewall;AzFW;Azure FW,low,The full Microsoft Azure service name is explicit and not plausibly an ordinary phrase.,azure.microsoft.com;microsoft.com,,,fleet-enum-2026-08
Microsoft Bookings,scheduling,,MS Bookings;Office 365 Bookings;Bookings,low,Microsoft plus Bookings clearly identifies the Microsoft 365 appointment application.,microsoft.com,,,fleet-enum-2026-08
Microsoft Clarity,product-analytics,session-replay;web-analytics,Clarity,low,"The full Microsoft Clarity name is unmistakable, even though the common shorthand is ambiguous.",,,clarity,fleet-enum-2026-08
Microsoft Copilot,ai-assistants,,Copilot;Bing Chat;Bing AI,low,"The full canonical name is specific, although the Copilot shorthand can refer to other Microsoft products.",copilot.microsoft.com;microsoft.com,,copilot,fleet-enum-2026-08
Microsoft Defender for Endpoint,antivirus,,MDE;Defender for Endpoint;Microsoft Defender ATP;Windows Defender ATP;MDATP,low,The full enterprise product name is unambiguous; its Defender shorthand is context-dependent.,microsoft.com,,,fleet-enum-2026-08
Microsoft Editor,writing-assistants,,MS Editor;Microsoft 365 Editor;Word Editor,medium,The Microsoft qualifier makes the otherwise generic word Editor specific.,microsoft.com,,,fleet-enum-2026-08
Microsoft Entra ID,identity,,Entra;Entra ID;Azure AD;Azure Active Directory;AAD,low,"The full product name is unmistakable, despite extensive use of its former Azure AD name.",microsoft.com,,,fleet-enum-2026-08
Microsoft Excel,spreadsheets,,Excel;MS Excel;Excel desktop;Excel Online,low,"The full Microsoft-qualified name is unmistakable, although the Excel shorthand is also an ordinary verb.",microsoft.com,,excel,fleet-enum-2026-08
Microsoft Fabric,data-warehouses,,Fabric;MS Fabric,high,"The Microsoft-qualified product name is clear, while Fabric alone is an ordinary material noun.",fabric.microsoft.com;microsoft.com,,fabric,fleet-enum-2026-08
Microsoft Forms,form-builders,survey-tools,MS Forms;Microsoft Form,low,The Microsoft qualifier clearly identifies the shipped form product.,forms.office.com,,,fleet-enum-2026-08
Microsoft Intune,mdm,,Intune;InTune;MS Intune,low,The full Microsoft Intune name is distinctive; casual discussion usually drops Microsoft.,microsoft.com,,,fleet-enum-2026-08
Microsoft OneDrive,cloud-storage,,OneDrive;One Drive;MS OneDrive,low,"The full maker-qualified name is unambiguous, and even OneDrive is a distinctive coined brand.",onedrive.com,,,fleet-enum-2026-08
Microsoft Power Apps,internal-tools,no-code,Power Apps;PowerApps;MS Power Apps,low,The full canonical name is unmistakable; Reddit usually drops the Microsoft prefix.,powerapps.microsoft.com,,,fleet-enum-2026-08
Microsoft Power Automate,workflow-automation,,Power Automate;Microsoft Flow;MS Flow;PAD,low,The full product name is unambiguous; PAD commonly means Power Automate Desktop in relevant threads.,powerautomate.microsoft.com,,pad,fleet-enum-2026-08
Microsoft PowerPoint,presentations,,PowerPoint;PPT;MS PowerPoint,low,The full product name and PowerPoint shorthand are strongly product-specific.,microsoft.com,,,fleet-enum-2026-08
Microsoft SQL Server,databases,,SQL Server;MSSQL;MS SQL;MS-SQL,low,The full name and established abbreviations clearly denote Microsoft's database.,microsoft.com,,,fleet-enum-2026-08
Microsoft Teams Phone,voip,,Teams Phone;Teams Phone System;Microsoft Phone System,low,The full Microsoft product name is unambiguous in ordinary discussion.,microsoft.com,,,fleet-enum-2026-08
Microsoft Translator,localization,,Bing Translator;Bing Translate,low,The maker-qualified name is clear; many users still refer to the consumer experience by its Bing branding.,microsoft.com;bing.com,,,fleet-enum-2026-08
Microsoft Visio,diagramming,,Visio;MS Visio,low,The full product name and the common Visio shorthand are strongly associated with diagramming software.,microsoft.com,,,fleet-enum-2026-08
Microsoft Whiteboard,diagramming,,MS Whiteboard,low,The Microsoft qualifier makes the otherwise generic whiteboard term unambiguous.,microsoft.com;whiteboard.microsoft.com,,,fleet-enum-2026-08
Mida,feature-flags,,Mida.so,high,"The short name also appears as a personal name, fictional name, and business name outside software.",mida.so,King Mida;Mida name;Mida surname;Mida character;Mida restaurant;Mida song,,fleet-enum-2026-08
Midjourney,ai-image,,MJ;Mid Journey,low,A coined compound that is overwhelmingly used for the image-generation service.,midjourney.com,,,fleet-enum-2026-08
Migadu,email-providers,,Migadu Email,low,A distinctive coined name used for the hosted email service.,migadu.com,,,fleet-enum-2026-08
Mighty Networks,community-platforms,course-platforms,Mighty;MN,low,The full two-word brand is distinctive; shortened aliases are more context-dependent.,mightynetworks.com,,mighty,fleet-enum-2026-08
MightyCall,voip,,Mighty Call,medium,The closed compound is a distinctive product brand.,mightycall.com,,,fleet-enum-2026-08
Mindbody,scheduling,,,medium,The closed compound and brand casing are distinctive despite the ordinary phrase mind and body.,mindbodyonline.com,,,fleet-enum-2026-08
MindMeister,diagramming,,Mind Meister,low,The distinctive compound name has little non-product usage.,mindmeister.com,,,fleet-enum-2026-08
Miradore,mdm,,Miradore MDM,low,Miradore is a distinctive coined product name.,miradore.com,,,fleet-enum-2026-08
Mirantis Kubernetes Engine,containers,,MKE;Docker Enterprise;Docker EE;Universal Control Plane;UCP,low,The full vendor-qualified name is unique; several aliases reflect the product's earlier Docker Enterprise lineage.,mirantis.com,,,fleet-enum-2026-08
Mockoon,api-tools,,,low,Mockoon is a distinctive coined name for the API mocking application.,mockoon.com,,,fleet-enum-2026-08
Monarch Money,budgeting,,Monarch;MM,low,"The full two-word name is distinctive, although users often shorten it to Monarch.",monarch.com,,monarch,fleet-enum-2026-08
Moneydance,budgeting,,MD,low,The closed-up compound is a distinctive software brand.,moneydance.com,,,fleet-enum-2026-08
MoneyWiz,budgeting,,Money Wiz;Money.Wiz,medium,The compound name and unusual capitalization make the product readily identifiable.,wiz.money,,,fleet-enum-2026-08
MongoDB,databases,,Mongo,low,MongoDB is distinctive; Mongo is overwhelmingly database shorthand in software contexts.,mongodb.com,,mongo,fleet-enum-2026-08
Monitask,time-tracking,,,medium,Monitask is a coined product name with little ordinary usage.,monitask.com,,,fleet-enum-2026-08
MonoGame,game-engines,,MG,medium,"MonoGame is a distinctive compound brand, though its initials need technical context.",monogame.net,,,fleet-enum-2026-08
Moodle,course-platforms,,Moodle LMS;MoodleCloud,medium,Coined name strongly identified with the open-source learning platform and its hosted service.,moodle.org;moodle.com,,moodle;moodle lms,fleet-enum-2026-08
Moodle LMS,lms,,Moodle,low,"Moodle is a coined brand name, and the LMS suffix makes the reference explicit.",moodle.com;moodle.org,,moodle;moodle lms,fleet-enum-2026-08
Moosend,newsletters,,,low,Coined name that is strongly associated with the email platform.,moosend.com,,,fleet-enum-2026-08
Mopinion,survey-tools,,,low,The coined name is unmistakable in customer-feedback discussions.,mopinion.com,,,fleet-enum-2026-08
Mosyle Fuse,mdm,,Mosyle;Mosyle Business;Fuse MDM,low,Mosyle is a coined brand and the full Mosyle Fuse name is unmistakable.,mosyle.com,,,fleet-enum-2026-08
MotherDuck,data-warehouses,,Mother Duck,high,"The fused spelling is branded, but case-insensitive matching collides with ordinary discussion of parent ducks.",motherduck.com,,,fleet-enum-2026-08
Mouseflow,product-analytics,session-replay,Mouse Flow,low,Mouseflow is a distinctive closed-up product name.,mouseflow.com,,,fleet-enum-2026-08
Movavi Screen Recorder,screen-recording,,Movavi recorder;Movavi screen capture,low,The full product name is explicit and distinct from Movavi's other video products.,movavi.com,,,fleet-enum-2026-08
Moz Pro,seo-tools,,Moz,low,The full product name is distinctive; Reddit users commonly shorten it to Moz.,moz.com,,,fleet-enum-2026-08
Mozilla VPN,vpn,,MozillaVPN,low,Mozilla plus VPN uniquely identifies the maker's subscription product.,mozilla.org;vpn.mozilla.org,,,fleet-enum-2026-08
MRI Property Management X,property-management,,MRI;MRI PMX;PMX;MRI Property Management,low,"The full product name is specific, although the common MRI shorthand is medically ambiguous.",mrisoftware.com,,,fleet-enum-2026-08
MRPeasy,inventory,,MRP Easy;MRPeasy ERP,low,The fused brand spelling is distinctive and strongly tied to manufacturing software.,mrpeasy.com,,,fleet-enum-2026-08
MuleSoft Anypoint Platform,workflow-automation,,MuleSoft;Anypoint;Mule,low,The full product name is unambiguous; Mule alone can collide with the animal but is usually contextual shorthand in integration threads.,mulesoft.com,,mule,fleet-enum-2026-08
Mullvad VPN,vpn,,Mullvad;MullvadVPN,low,"Mullvad is a distinctive brand outside Swedish-language discussion, and the full name is explicit.",mullvad.net,,,fleet-enum-2026-08
Mural,diagramming,,,high,The bare name is the ordinary noun for a large wall painting.,mural.co,wall mural;paint a mural;mural artist;public mural;street mural;mural painting;school mural;mural project,mural,fleet-enum-2026-08
Mux,video-hosting,,Mux Video;mux.com,high,Mux is common technical shorthand for a multiplexer or multiplexing operation.,mux.com,HDMI mux;video mux;audio mux;mux switch;demux and mux;transport stream mux,mux,fleet-enum-2026-08
MyCase,legal-practice,,My Case;8am MyCase,high,The closed-up brand name is distinctive even though the spaced words are generic.,mycase.com,,,fleet-enum-2026-08
MyOwnConference,webinars,,My Own Conference;MOC,high,"The spaced form is a natural first-person phrase, though the closed compound is visibly branded.",myownconference.com,,,fleet-enum-2026-08
MySQL,databases,,,low,A distinctive coined name that is unmistakable in ordinary discussion.,mysql.com,,,fleet-enum-2026-08
MyTAXPrepOffice,tax-software,,My Tax Prep Office;MTPO,low,The concatenated full name is distinctive; MTPO is the common community shorthand.,mytaxprepoffice.com,,,fleet-enum-2026-08
N-able N-central,rmm,,N-central;N-Central;NCentral;Ncentral,low,The hyphenated N-able and N-central branding is highly distinctive in ordinary text.,n-able.com,,,fleet-enum-2026-08
N-able N-sight RMM,rmm,,N-sight;N-Sight;N-sight RMM;N-able RMM;SolarWinds RMM,low,"The full branded name is distinctive, though users often retain its older N-able RMM and SolarWinds RMM names.",n-able.com,,,fleet-enum-2026-08
n8n,workflow-automation,,n8n.io;n8n cloud,low,"The alphanumeric coined name is distinctive, despite occasional Reddit typos such as 8n8.",n8n.io,,,fleet-enum-2026-08
Nagios Core,observability,,Nagios,low,Nagios is a coined name and Core distinguishes the open-source product from Nagios XI.,,,,fleet-enum-2026-08
Name.com,domain-registrars,,Name dot com,low,"Although name is generic, the maker's dotted canonical form is a distinctive brand.",,,,fleet-enum-2026-08
Namecheap,domain-registrars,web-hosting,,low,The concatenated form is overwhelmingly a reference to the provider.,namecheap.com,,,fleet-enum-2026-08
NameSilo,domain-registrars,,Name Silo;namesilo.com,low,"The compound is distinctive, with casing and spacing variants common in comments.",namesilo.com,,,fleet-enum-2026-08
NapoleonCat,social-media-management,,Napoleon Cat,low,Unusual compound name is strongly product-specific.,napoleoncat.com,,,fleet-enum-2026-08
Navan,expense-management,,TripActions;Navan Expense,medium,Navan is distinctive in software discussions but is also a well-known Irish town and place name.,navan.com,"Navan Road;Navan town;Navan, Meath;Navan hospital;Navan bus;Navan traffic;Navan shopping centre",,fleet-enum-2026-08
NeatoPOD,print-on-demand,,Neato POD,medium,The POD suffix and distinctive Neato construction clearly identify the provider.,neatopod.com,,,fleet-enum-2026-08
Neon,databases,,Neon Postgres;Neon PostgreSQL;Neon DB;NeonDB;neon.tech,high,"The canonical name is a common word widely used for lighting, colors, chemistry, fish, and media titles.",neon.com,neon lights;neon sign;neon colors;neon green;neon Genesis;neon tetra;neon gas;neon aesthetic,neon,fleet-enum-2026-08
Neon CRM,nonprofit,,Neon;NeonCRM;Neon One,low,"CRM disambiguates the canonical name, though the common shorthand Neon is an ordinary word.",neonone.com,,neon,fleet-enum-2026-08
Neos,legal-practice,,Assembly Neos;Needles Neos;Needles,high,"Legal users often connect it to Needles, but the bare name is shared by VR, travel, computing, and crypto topics.",assemblysoftware.com,Neos VR;Neos Metaverse;Neos credits;Neos airline;NEOS server;Neos coin,needles,fleet-enum-2026-08
Neovim,ides,,nvim;NVim,low,The neo- compound is a distinctive name for the Vim-derived editor.,neovim.io,,,fleet-enum-2026-08
NetDocuments,document-management,,NetDocs;Net Docs;ND,medium,"The concatenated brand is unmistakable, though its abbreviations require legal-DMS context.",netdocuments.com,,,fleet-enum-2026-08
Network Solutions,domain-registrars,,NetSol;NetworkSolutions;networksolutions.com,high,"The longstanding brand is well known, but the two words also form a generic IT-services phrase.",networksolutions.com,enterprise network solutions;home network solutions;wireless network solutions;secure network solutions;network solutions architect;network solutions provider,,fleet-enum-2026-08
New Relic,observability,,NewRelic;NR,low,The two-word brand is distinctive even though each word is ordinary on its own.,newrelic.com,,nr,fleet-enum-2026-08
Nextcloud Files,cloud-storage,,Nextcloud;NextCloud;next cloud,low,"Nextcloud is a distinctive coined brand, and Files identifies its storage product.",nextcloud.com,,,fleet-enum-2026-08
Nextcloud Talk,video-conferencing,,NC Talk,low,The distinctive Nextcloud prefix separates the product from generic talk references.,nextcloud.com,,,fleet-enum-2026-08
Nextiva,voip,,NextivaONE;Nextiva Office,low,A coined brand name with little plausible non-product usage.,nextiva.com,,,fleet-enum-2026-08
NightCafe Creator,ai-image,,NightCafe;Night Cafe;NightCafe AI,medium,"The full product name is distinctive, while users usually shorten it to NightCafe.",nightcafe.studio,,,fleet-enum-2026-08
Ninja Forms,form-builders,,Ninja Form,medium,The two-word product name is a well-established and distinctive WordPress brand.,ninjaforms.com,,,fleet-enum-2026-08
NinjaOne Mobile Device Management,mdm,,NinjaOne MDM;Ninja MDM;NinjaOne mobile management,low,The full NinjaOne product name is distinctive despite the ordinary word ninja.,ninjaone.com,,,fleet-enum-2026-08
NinjaOne RMM,rmm,,NinjaOne;Ninja;NinjaRMM;Ninja RMM,low,The full product name is distinctive; the casual alias Ninja is much more ambiguous on its own.,ninjaone.com,,ninja,fleet-enum-2026-08
Nitro PDF Pro,pdf-tools,,Nitro Pro;Nitro PDF;NitroPDF;Nitro,medium,"The full name is clear, while the very common Nitro shorthand collides with fuel, drinks, racing, and Discord.",gonitro.com,nitro cold brew;nitro fuel;nitro engine;nitro boost;Discord Nitro;nitro racing,nitro,fleet-enum-2026-08
Njalla,domain-registrars,,njal.la,low,The uncommon Sami-derived name and distinctive domain spelling rarely collide in English Reddit text.,njal.la,,,fleet-enum-2026-08
NocoBase,no-code,,,low,The coined no-code compound is product-specific.,nocobase.com,,,fleet-enum-2026-08
Node-RED,workflow-automation,,NodeRED;Node Red;NR,low,The hyphenated name is distinctive; spelling and hyphenation vary frequently in casual comments.,nodered.org,,nr,fleet-enum-2026-08
NodeBB,community-platforms,,Node BB,low,The stylized technical name is distinctive and strongly associated with forum software.,nodebb.org,,,fleet-enum-2026-08
Noloco,no-code,,,low,A distinctive coined brand with little non-product usage.,noloco.io,,,fleet-enum-2026-08
NoMachine,remote-desktop,,No Machine;NX,low,The fused capitalization is a distinctive remote-desktop brand; the spaced phrase is mainly an alias.,nomachine.com,,nx,fleet-enum-2026-08
Nomad,containers,,HashiCorp Nomad,high,"Nomad is a common noun used heavily in travel, remote-work, and lifestyle communities.",hashicorp.com,digital nomad;nomad visa;nomad lifestyle;traveling nomad;van life nomad;nomad community;modern nomad;remote work nomad,nomad,fleet-enum-2026-08
Nomi,ai-assistants,,Nomi AI;NomiAI,medium,"Nomi is also a personal and character name, but it is less common than the most ambiguous human names.",nomi.ai,Nomi Malone;Nomi Marks;Nomi Prins;Nomi Ruiz;Nomi name;named Nomi,,fleet-enum-2026-08
NordVPN,vpn,,Nord;Nord VPN,low,The coined NordVPN name is unmistakable even without category context.,nordvpn.com,,,fleet-enum-2026-08
Norton 360 Deluxe,antivirus,,Norton;Norton 360;N360;Symantec Norton,low,The numbered Norton suite name is strongly associated with security software.,norton.com,,,fleet-enum-2026-08
Notepad++,ides,,NPP;NotepadPP;Notepad Plus Plus,low,The plus signs make the product distinct from a generic notepad or Windows Notepad.,notepad-plus-plus.org,,,fleet-enum-2026-08
Notta,transcription,,Notta AI,low,Notta is a coined spelling and is rarely used as a standalone ordinary word.,notta.ai,,,fleet-enum-2026-08
Nova,ides,,Nova Editor;Panic Nova,high,"Nova is an astronomical term and is widely used for places, vehicles, media, and other software.",nova.app;panic.com,Nova Scotia;Chevy Nova;Nova Launcher;PBS Nova;nova explosion;classical nova;Nova Corps,nova,fleet-enum-2026-08
NovelAI,ai-image,,NAI;Novel AI,high,The joined name is a distinctive service brand despite spanning both writing and image generation.,novelai.net,,,fleet-enum-2026-08
Novelcrafter,writing-assistants,,NC,low,The closed-up compound is distinctive even though its two component words are descriptive.,,,,fleet-enum-2026-08
NRS POS,pos,,NRS;NRS POS+;NRSplus;National Retail Solutions,low,The acronym paired with POS is specific to the National Retail Solutions system.,nrsplus.com,,,fleet-enum-2026-08
Nuclino,wikis,,,low,Nuclino is a coined brand name without a common ordinary-language sense.,nuclino.com,,,fleet-enum-2026-08
Numbers,spreadsheets,,Apple Numbers;iWork Numbers,high,Numbers is an extremely common plural noun unless Apple or spreadsheet context is present.,apple.com,phone numbers;lottery numbers;the numbers show;numbers game;random numbers;serial numbers;jersey numbers;numbers don't lie;by the numbers,,fleet-enum-2026-08
OBS Studio,screen-recording,,OBS;Open Broadcaster Software,low,The full product name is distinctive; the common OBS shorthand is also strongly software-associated.,obsproject.com,,,fleet-enum-2026-08
Octopus Deploy,ci-cd,,Octopus,low,The full product name is distinctive despite Octopus alone naming an animal.,octopus.com,,octopus,fleet-enum-2026-08
Okta,identity,,Okta Identity Cloud;Okta WIC;WIC,low,Distinctive coined brand; casual mentions overwhelmingly refer to the identity platform.,okta.com,,,fleet-enum-2026-08
Olark,live-chat,,,low,Olark is a coined brand with negligible ordinary-language overlap.,olark.com,,,fleet-enum-2026-08
OLT Online Taxes,tax-software,,OLT;Online Taxes;OLT.com,low,"The complete brand is specific, though Reddit users usually shorten it to OLT.",olt.com,,,fleet-enum-2026-08
OmegaT,localization,,Omega T,low,The combined name is distinctive and normally denotes the open-source CAT tool.,omegat.org,,,fleet-enum-2026-08
OmniGraffle,diagramming,,Omni Graffle,low,The coined compound is uniquely associated with The Omni Group's diagramming app.,omnigroup.com,,,fleet-enum-2026-08
Omnisend,newsletters,,,low,"Distinctive joined brand name, readily identifiable in ecommerce email discussions.",omnisend.com,,,fleet-enum-2026-08
ON1 Photo RAW,photo-editing,,ON1;On1;ON1 RAW;Photo RAW;Perfect Photo Suite,low,The stylized ON1 name and full product title are distinctive; Perfect Photo Suite is a legacy name.,on1.com,,,fleet-enum-2026-08
ON24,webinars,,ON 24,high,The alphanumeric brand is distinctive in ordinary discussion.,on24.com,,,fleet-enum-2026-08
OnBase,document-management,,Hyland OnBase,high,"The fused, capitalized product name is distinct from the ordinary two-word phrase 'on base'.",hyland.com,,,fleet-enum-2026-08
One Church Software,nonprofit,,OneChurch;One Church,low,Including Software makes the canonical name specific even though the shortened form One Church is generic.,onechurchsoftware.com,,,fleet-enum-2026-08
OneDev,code-hosting,,1Dev,high,The joined and capitalized name is distinctive despite resembling the separated phrase 'one dev'.,onedev.io,,,fleet-enum-2026-08
OneLogin,identity,,One Login;OL,medium,The joined spelling is a recognizable identity product rather than an ordinary phrase.,onelogin.com,,,fleet-enum-2026-08
OneSite,property-management,,One Site;RealPage OneSite;RealPage/OneSite;Real Page OneSite,high,"The joined brand is recognizable, but normalized text collides with the ordinary phrase one site.",realpage.com,,,fleet-enum-2026-08
OneSpan Sign,esignature,,OneSpan;eSignLive;Silanis eSignLive,low,OneSpan is a distinctive brand; eSignLive is a still-recognizable former product name.,onespan.com,,,fleet-enum-2026-08
ONLYOFFICE Presentation Editor,presentations,,ONLYOFFICE Presentations;OnlyOffice Presentation,low,The distinctive ONLYOFFICE suite name prevents confusion with generic presentation editors.,onlyoffice.com,,,fleet-enum-2026-08
ONLYOFFICE Sheets,spreadsheets,,OnlyOffice;OnlyOffice Spreadsheet Editor;OnlyOffice Spreadsheets,low,ONLYOFFICE is a distinctive brand qualifier even when users vary the spreadsheet component wording.,onlyoffice.com,,,fleet-enum-2026-08
Onshape,cad,,OS CAD,low,A distinctive coined name with little ordinary-language collision.,onshape.com,,,fleet-enum-2026-08
Ooma Office,voip,,Ooma;Ooma Business,low,"Ooma is a coined brand, and Office clearly identifies its business service.",ooma.com,,,fleet-enum-2026-08
Open 3D Engine,game-engines,,O3DE,medium,The full name and O3DE acronym clearly identify the open-source engine.,o3de.org,,,fleet-enum-2026-08
Open edX,lms,,OpenEdX;Open edX Platform,low,The Open prefix plus the distinctive edX mark clearly identifies the open-source LMS platform.,openedx.org,,,fleet-enum-2026-08
OpenArt,ai-image,,OpenArt AI;Open Art,high,"The joined spelling is branded, but casual spacing makes it collide with ordinary art discussions.",openart.ai,,,fleet-enum-2026-08
OpenKM,document-management,,Open KM,low,OpenKM is a distinctive compound brand in document-management discussions.,openkm.com,,,fleet-enum-2026-08
OpenObserve,observability,,Open Observe;ZincObserve,low,Coined compound name; ZincObserve is its former name.,openobserve.ai,,,fleet-enum-2026-08
OpenReplay,session-replay,,Open Replay,medium,The closed compound is a distinctive project and product name.,openreplay.com,,,fleet-enum-2026-08
OpenSCAD,cad,,OSC,low,A distinctive compound name that clearly signals the script-based CAD application.,openscad.org,,osc,fleet-enum-2026-08
OpenText Documentum Content Management,document-management,,Documentum;Documentum CM;OT Documentum,low,The official multiword name and the coined legacy name Documentum are both distinctive.,opentext.com,,,fleet-enum-2026-08
OpenTofu,iac,,Tofu;tofu,low,"The full coined name is distinctive, though its Tofu shorthand is much noisier.",opentofu.org,,tofu,fleet-enum-2026-08
OpenWrt,network-security,,Open WRT;WRT,low,"The branded spelling is distinctive, though capitalization varies heavily in Reddit comments.",openwrt.org,,,fleet-enum-2026-08
OPNsense,network-security,,opensense;OPN sense;OPN,low,The coined spelling is distinctive; opensense is a common phonetic misspelling in casual discussion.,opnsense.org,,,fleet-enum-2026-08
Optimizely,feature-flags,,Opti,low,The coined spelling makes the platform name unmistakable.,optimizely.com,,,fleet-enum-2026-08
Oracle Aconex,construction,,Aconex,low,"Aconex is a distinctive legacy brand, and the Oracle-qualified canonical name is unambiguous.",oracle.com,,,fleet-enum-2026-08
Oracle APEX,internal-tools,,APEX,low,"Although APEX alone is overloaded, the canonical maker-qualified name is unambiguous.",apex.oracle.com,,apex,fleet-enum-2026-08
Oracle Autonomous Data Warehouse,data-warehouses,,ADW;Oracle ADW;Autonomous Data Warehouse,low,The long Oracle-qualified name is unambiguous even though ADW alone is an overloaded acronym.,oracle.com,,,fleet-enum-2026-08
Oracle Container Engine for Kubernetes,containers,,OKE;Oracle OKE,low,"The full Oracle service name is unique, and OKE is normally technical in this context.",oracle.com,,,fleet-enum-2026-08
Oracle Database,databases,,Oracle DB;Oracle;Oracle RDBMS,high,"Users often shorten it to Oracle, a common mystical, historical, and blockchain term.",oracle.com,oracle cards;oracle deck;oracle reading;Oracle of Delphi;blockchain oracle;price oracle;the oracle said;consult the oracle,oracle,fleet-enum-2026-08
Oracle Field Service,field-service,,OFS;OFSC;Oracle Field Service Cloud;TOA,low,"The Oracle-qualified name is clear; OFS can collide with Oracle File System, but the canonical name does not.",oracle.com,,toa,fleet-enum-2026-08
Oracle Primavera P6,construction,,Primavera P6;P6;Primavera,low,"The full product name is unmistakable, though P6 alone requires construction or scheduling context.",oracle.com,,primavera,fleet-enum-2026-08
Ordoro,inventory,shipping,,low,Ordoro is a coined brand name with little overlap outside the software service.,ordoro.com,,,fleet-enum-2026-08
Ory,identity,,Ory Network;Ory Kratos;Kratos,medium,"Short but uncommon coined name, usually identifiable as the identity platform in software text.",ory.sh,,ory,fleet-enum-2026-08
Otter.ai,transcription,,Otter;Otter AI,low,"The full Otter.ai name is distinctive, although users often shorten it to the more ambiguous Otter.",otter.ai,,otter,fleet-enum-2026-08
OtterWiki,wikis,,Otter Wiki;An Otter Wiki,low,The full compound is distinctive despite 'otter' and 'wiki' being familiar words separately.,otterwiki.com,,,fleet-enum-2026-08
Outline,wikis,,Outline Wiki;Outlinewiki,high,"Outline is a common noun and verb, and it also overlaps with an unrelated VPN product.",getoutline.com,outline the plan;project outline;essay outline;course outline;rough outline;chapter outline;story outline;black outline,outline,fleet-enum-2026-08
Outlook,email-providers,,Outlook.com;Hotmail;Windows Live Hotmail,high,"The product is prominent, but outlook is also a common word for a forecast or point of view.",outlook.com;hotmail.com;live.com,economic outlook;market outlook;weather outlook;career outlook;long-term outlook;positive outlook;bleak outlook,outlook,fleet-enum-2026-08
OutSystems,internal-tools,no-code,,medium,The closed compound is strongly product-specific.,outsystems.com,,,fleet-enum-2026-08
OVHcloud,domain-registrars,web-hosting,OVH;OVH Cloud,low,The acronym and compound forms are strongly associated with the provider.,ovhcloud.com,,,fleet-enum-2026-08
ownCloud,cloud-storage,,own cloud,medium,"The camel-cased compound is a well-established, distinctive software name.",owncloud.com,,,fleet-enum-2026-08
Oxygen,website-builders,,Oxygen Builder;Oxy,high,Oxygen is an extremely common scientific and medical term without builder context.,oxygenbuilder.com,oxygen level;oxygen tank;blood oxygen;supplemental oxygen;oxygen sensor;oxygen saturation;oxygen mask;liquid oxygen,oxy;oxygen,fleet-enum-2026-08
Packer,iac,,HashiCorp Packer,high,"Packer commonly refers to a worker, machine, cut of meat, or Green Bay football context.",hashicorp.com,Green Bay Packer;Packer fan;Packer game;Packer season;meat packer;packer job;packer salary;packer brisket;garbage packer,packer,fleet-enum-2026-08
Paddle,invoicing,,Paddle Billing;Paddle.com,high,"Paddle is a common sporting object and verb, so software or SaaS context is essential.",paddle.com,paddle board;pickleball paddle;canoe paddle;paddle out;paddle upstream;ping pong paddle;paddle attachment;paddle a kayak,paddle,fleet-enum-2026-08
Pagure,code-hosting,,,medium,The unusual proper name is strongly associated with the Fedora-linked Git forge.,pagure.io,,,fleet-enum-2026-08
paint.net,photo-editing,,Paint Dot Net;PDN,low,The dotted name is distinctive; plain paint references and Microsoft Paint should not be conflated with it.,getpaint.net,,,fleet-enum-2026-08
PaintShop Pro,photo-editing,,Corel PaintShop Pro;Paint Shop Pro;PSP,low,The compound product name is distinctive; PSP is ambiguous outside image-editing context.,paintshoppro.com,,,fleet-enum-2026-08
Palo Alto Networks Next-Generation Firewall,network-security,,Palo Alto firewall;Palo Alto NGFW;PA firewall;PAN firewall;PAN-OS,low,The full branded product name is unmistakable; casual Palo Alto references usually mean the firewall when network context is present.,paloaltonetworks.com,,,fleet-enum-2026-08
Panda Dome Premium,antivirus,,Panda Dome;Panda Antivirus;Panda AV;Panda Security,medium,"The full name is product-like, but Reddit users often shorten it to Panda, a very common animal term.",pandasecurity.com,panda bear;giant panda;red panda;panda cub;panda habitat;panda enclosure;panda costume,,fleet-enum-2026-08
PandaDoc,esignature,,Panda Doc,low,PandaDoc is a coined compound strongly associated with the document platform.,pandadoc.com,,,fleet-enum-2026-08
Paperform,form-builders,survey-tools,Paperform.co,medium,The concatenated coined name is distinctive despite being built from ordinary words.,paperform.co,,,fleet-enum-2026-08
Paperless-ngx,document-management,,Paperless NGX;paperlessngx;Paperless,low,The -ngx suffix makes the project unmistakable; Paperless alone is a common community shorthand.,paperless-ngx.com,,,fleet-enum-2026-08
Papermerge,document-management,,Papermerge DMS,medium,The fused product name is distinctive despite describing a possible document operation.,papermerge.com,,,fleet-enum-2026-08
Paperpal,writing-assistants,,,low,The closed-up compound is a distinctive academic-writing brand.,paperpal.com,,,fleet-enum-2026-08
PAR Brink POS,restaurant-pos,,Brink;Brink POS;PAR Brink;ParTech POS,medium,"The full name is specific, but operators commonly shorten it to Brink, an ordinary noun.",partech.com,,brink,fleet-enum-2026-08
Parsec,remote-desktop,,Parsec for Teams,high,Parsec is also the standard astronomical unit of distance and appears frequently in science and science-fiction discussions.,parsec.app,parsec away;parsecs away;one parsec;a few parsecs;parsec distance;parsec measurement;Star Wars parsec;per cubic parsec,parsec,fleet-enum-2026-08
Partiful,event-management,,Partiful app,low,A distinctive coined brand even when users append the word app.,partiful.com,,,fleet-enum-2026-08
Payhawk,expense-management,,Payhawk card;Payhawk cards,low,Payhawk is a distinctive coined name.,payhawk.com,,,fleet-enum-2026-08
Paymo,time-tracking,,Paymo app,low,Paymo is a distinctive coined product name.,paymoapp.com,,,fleet-enum-2026-08
PDF Expert,pdf-tools,,PDFExpert;Readdle PDF Expert,high,The product name is also a natural generic description for a person skilled with PDF files.,pdfexpert.com;readdle.com,ask a PDF expert;hire a PDF expert;resident PDF expert;PDF expert needed;become a PDF expert;our PDF expert,,fleet-enum-2026-08
PDF-XChange Editor,pdf-tools,,PDF-XChange;PDF XChange;PDFXChange;PDF Xchange Editor,low,The unusual PDF-XChange construction is strongly product-specific despite spelling variation.,pdf-xchange.com,,,fleet-enum-2026-08
PDF24 Creator,pdf-tools,,PDF24;PDF24 Tools,low,The numbered PDF24 mark is distinctive and consistently refers to this tool family.,pdf24.org;tools.pdf24.org,,,fleet-enum-2026-08
pdfFiller,pdf-tools,,PDF Filler,low,The fused styling is a well-established service name and is rarely used generically in that exact form.,pdffiller.com,,,fleet-enum-2026-08
PDFgear,pdf-tools,,PDF Gear,low,PDFgear and its spacing or capitalization variants are specific to the product.,pdfgear.com,,,fleet-enum-2026-08
PDFsam Basic,pdf-tools,,PDFsam;PDF Sam;PDF Split and Merge,low,The PDFsam compound is distinctive despite Sam being an ordinary personal name on its own.,pdfsam.org,,,fleet-enum-2026-08
PeerTube,video-hosting,,Peer Tube,low,PeerTube is a distinctive coined compound associated with the federated video platform.,joinpeertube.org,,,fleet-enum-2026-08
Pendo,product-analytics,,,low,Pendo is a distinctive brand name with little ordinary-language collision.,pendo.io,,,fleet-enum-2026-08
PerfectIt,writing-assistants,,Perfect It,medium,The maker's closed-up spelling is a distinctive proofreading brand.,perfectit.com,,,fleet-enum-2026-08
Perplexity,ai-assistants,,Perplexity AI;PPLX,high,Perplexity is both an ordinary noun and a widely used language-model evaluation metric.,perplexity.ai,look of perplexity;expressed perplexity;sense of perplexity;model perplexity;language model perplexity;perplexity score;lower perplexity,perplexity,fleet-enum-2026-08
Pexip Infinity,video-conferencing,,Pexip,low,Pexip is a coined vendor and platform name with little non-product usage.,pexip.com;docs.pexip.com,,,fleet-enum-2026-08
pfSense,network-security,,pf sense;pfSense CE;pfSense Plus,low,The unusual spelling makes the firewall platform unmistakable despite inconsistent capitalization and spacing.,pfsense.org;netgate.com,,,fleet-enum-2026-08
Phaser,game-engines,,Phaser 3;PhaserJS;Phaser.js,high,Phaser can mean the fictional energy weapon or an audio effect outside web-game development.,phaser.io,phaser set to stun;Star Trek phaser;phaser rifle;phaser beam;fire a phaser;phaser weapon;phaser effect,,fleet-enum-2026-08
Phone.com,voip,,Phonecom,low,The dot-com form is a specific service name rather than the generic word phone.,phone.com,,,fleet-enum-2026-08
PhotoDirector,photo-editing,,PhotoDirector 365;CyberLink PhotoDirector;PD,medium,The compound product name is recognizable; PD is highly contextual.,cyberlink.com,,,fleet-enum-2026-08
Photomator,photo-editing,,Pixelmator Photo,low,A distinctive coined name; Pixelmator Photo is its former name.,apple.com;apps.apple.com,,,fleet-enum-2026-08
Photopea,photo-editing,,PP,low,Photopea is a unique coined name; PP is only useful with editor context.,photopea.com,,pp,fleet-enum-2026-08
phpBB,community-platforms,,phpBB3,low,The stylized name is unmistakable in software discussions.,phpbb.com,,,fleet-enum-2026-08
PhpStorm,ides,,PHP Storm,low,The PHP-prefixed compound name is specific to the JetBrains IDE.,jetbrains.com,,,fleet-enum-2026-08
Phrase Localization Platform,localization,,Phrase;Memsource;Phrase TMS,high,"Users usually shorten the product to Phrase, an extremely common ordinary English word; Memsource is its former name.",phrase.com,turn of phrase;catch phrase;phrase meaning;exact phrase;key phrase;common phrase;phrase it differently;search phrase;phrase in English;weird phrase,phrase,fleet-enum-2026-08
Picsart,photo-editing,,Pics Art,low,The closed-up brand name is distinctive despite casual spacing and capitalization variants.,picsart.com,,,fleet-enum-2026-08
Pika,ai-video,,Pika Labs;Pika Art;Pika AI,medium,The bare name also denotes the small mountain mammal and appears as Pikachu-style shorthand.,pika.art,pika animal;American pika;pika habitat;pika population;mountain pika;Pikachu says pika;pika pika,pika,fleet-enum-2026-08
Pinecast,podcast-hosting,,,medium,A distinctive compound brand with negligible ordinary-language use.,pinecast.com,,,fleet-enum-2026-08
PingOne,identity,,Ping;Ping Identity;Ping One,low,The joined product name is distinctive; Reddit users often shorten it to Ping.,pingidentity.com,,ping,fleet-enum-2026-08
Pipedream,workflow-automation,,Pipedream Connect,high,"The closed compound is branded, but it is easily confused with the ordinary phrase pipe dream.",pipedream.com,,,fleet-enum-2026-08
Pirate Ship,shipping,,PirateShip;Pirateship;Pirateship.com,high,The exact bare name is also the common phrase for a vessel operated by pirates.,pirateship.com,pirate ship game;pirate ship build;pirate ship captain;pirate ship LEGO;pirate ship ride;pirate ship model;pirate ship battle;pirate ship tattoo,,fleet-enum-2026-08
Pirsch Analytics,web-analytics,,Pirsch,low,The full name is distinctive in English-language Reddit discussions; Pirsch alone has little ordinary English usage.,pirsch.io,,,fleet-enum-2026-08
Pitch,presentations,,Pitch.com;Pitch App,high,"Pitch is an extremely common noun and verb, including in presentation-adjacent discussion.",pitch.com,sales pitch;elevator pitch;pitch deck;football pitch;perfect pitch;throw a pitch;pitch black;roof pitch;voice pitch;startup pitch,pitch,fleet-enum-2026-08
Piwik PRO Analytics Suite,web-analytics,,Piwik PRO;PiwikPro,low,The Piwik PRO qualifier clearly distinguishes this commercial suite from Matomo's former Piwik name.,piwik.pro,,,fleet-enum-2026-08
PixAI,ai-image,,Pix AI;PixAI.Art,medium,The compact PixAI name is distinctive and closely associated with anime image generation.,pixai.art;pix.ai,,,fleet-enum-2026-08
Pixelmator Pro,photo-editing,,Pixelmator;PXM;PixelmatorPro,low,The coined product name is unmistakable despite frequent omission of Pro.,apple.com,,,fleet-enum-2026-08
PixVerse,ai-video,,PixVerse AI,low,The fused coined name is highly distinctive.,pixverse.ai,,,fleet-enum-2026-08
Planable,social-media-management,,Plannable,medium,Distinctive brand spelling; the double-n spelling is a recurring casual misspelling.,planable.io,,planable,fleet-enum-2026-08
PlanetScale,databases,,PlanetScale DB;PSDB,medium,A distinctive compound brand with little plausible ordinary usage.,planetscale.com,,,fleet-enum-2026-08
PlanMaker,spreadsheets,,SoftMaker PlanMaker;FreeOffice PlanMaker,medium,The joined CamelCase name is a distinctive SoftMaker spreadsheet brand.,softmaker.com,,,fleet-enum-2026-08
Planning Center,nonprofit,,PCO;Planning Center Online;PC,medium,"The full name is recognizable in church-tech discussions, but it can also describe a generic planning office or facility.",planningcenter.com;planningcenteronline.com,urban planning center;family planning center;city planning center;event planning center;financial planning center;campus planning center,,fleet-enum-2026-08
PLANOLY,social-media-management,,,low,Coined name is unmistakable; title case is the usual casual rendering.,planoly.com,,,fleet-enum-2026-08
PlanRadar,construction,,Plan Radar,medium,The branded compound is distinctive even when users insert a space.,planradar.com,,,fleet-enum-2026-08
PlantUML,diagramming,,Plant UML,low,The coined combination of Plant and UML is specific to the diagramming project.,plantuml.com,,,fleet-enum-2026-08
Plasticity,cad,,Plasticity 3D;Plasticity CAD,high,"Plasticity is a common scientific term, especially in neuroscience and biology discussions.",plasticity.xyz,brain plasticity;neural plasticity;synaptic plasticity;neuroplasticity and learning;developmental plasticity;phenotypic plasticity;behavioral plasticity;cortical plasticity,plasticity,fleet-enum-2026-08
Plausible Analytics,web-analytics,,Plausible,low,"The full two-word name is distinctive, although the common shorthand Plausible is also an ordinary adjective.",plausible.io,,plausible,fleet-enum-2026-08
PlayCanvas,game-engines,,Play Canvas,medium,The closed-up compound is a distinctive web-engine brand.,playcanvas.com,,,fleet-enum-2026-08
Pleo,expense-management,,Pleo card;Pleo cards,medium,Pleo is a short but distinctive brand name in business-software discussions.,pleo.io,,,fleet-enum-2026-08
Plerdy,session-replay,,,low,This coined name is not readily confused with ordinary language.,plerdy.com,,,fleet-enum-2026-08
Plivo SMS API,communication-apis,,Plivo SMS;Plivo,low,Plivo is a distinctive coined name and SMS API makes the product scope explicit.,plivo.com,,,fleet-enum-2026-08
Pocket ID,identity,,PocketID;pocket-id,medium,The two ordinary words can describe a small or carried identification item outside software discussions.,pocket-id.org,pocket ID card;pocket ID holder;pocket ID wallet;front-pocket ID;back-pocket ID;pocket ID window;pocket ID badge;pocket ID sleeve,,fleet-enum-2026-08
PocketGuard,budgeting,,Pocket Guard,low,The compound brand is distinctive and rarely denotes anything else in personal-finance discussions.,pocketguard.com,,,fleet-enum-2026-08
PocketSmith,budgeting,,Pocket Smith,low,PocketSmith is a distinctive coined compound used for the finance service.,pocketsmith.com,,,fleet-enum-2026-08
Podbean,podcast-hosting,,,low,A coined podcast brand that is unlikely to be mistaken for ordinary language.,podbean.com,,,fleet-enum-2026-08
Podia,course-platforms,,,low,"Although podia is a technical plural of podium, casual Reddit usage overwhelmingly signals the platform.",podia.com,,,fleet-enum-2026-08
Podman,containers,,,low,Podman is a coined product name and is rarely used outside container tooling.,podman.io,,,fleet-enum-2026-08
PODpartner,print-on-demand,,POD Partner;PODpartners,medium,The POD prefix and joined spelling make the provider clear in nearly all mentions.,podpartner.com,,,fleet-enum-2026-08
Poe,ai-assistants,,Poe AI;Quora Poe,high,"Poe strongly overlaps with the author, a Star Wars character, Path of Exile, and Power over Ethernet.",poe.com,Edgar Allan Poe;Poe poem;Poe story;Poe biography;Poe Dameron;POE switch,poe,fleet-enum-2026-08
POEditor,localization,,PO Editor,low,The combined name is specific to the localization platform and PO-file workflow.,poeditor.com,,,fleet-enum-2026-08
Polarr,photo-editing,,Polarr Photo Editor,low,The doubled-r spelling separates the product from the ordinary word polar.,polarr.com,,,fleet-enum-2026-08
Pollo AI,ai-video,,Pollo;PolloAI,low,The AI-qualified name clearly identifies the platform despite pollo being a common Spanish word.,pollo.ai,,,fleet-enum-2026-08
Porkbun,domain-registrars,,porkbun.com,low,The invented compound is distinctive even when users vary the internal capitalization.,porkbun.com,,,fleet-enum-2026-08
Portainer,containers,,Portainer CE;Portainer Community Edition,low,Portainer is a coined brand with no common non-software meaning.,portainer.io,,,fleet-enum-2026-08
POS Nation,pos,,POSNation;POS Nation POS,low,The two-word brand is strongly tied to the retail POS vendor.,posnation.com,,,fleet-enum-2026-08
Posteo,email-providers,,,low,A distinctive coined brand with little ordinary-English collision.,posteo.de,,,fleet-enum-2026-08
PostgreSQL,databases,,Postgres;PG,low,The full name and its common Postgres shorthand are strongly database-specific.,postgresql.org,,,fleet-enum-2026-08
PostHog,feature-flags,product-analytics;session-replay;web-analytics,,low,The unusual compound is strongly identifiable as the software product.,posthog.com,,,fleet-enum-2026-08
Postman,api-tools,,,high,"The product is dominant in API discussions, but the bare name is also the ordinary word for a mail carrier.",postman.com,the postman delivered;waiting for the postman;postman knocked;local postman;tip the postman;postman brought a package,postman,fleet-enum-2026-08
Postmark,communication-apis,,Postmark App,high,"Postmark is also the ordinary postal marking on mailed items, so email-service context is essential.",postmarkapp.com,postmark date;USPS postmark;postmark deadline;postmark on the envelope;postmark stamp;postmark was illegible;postmark by election day,postmark,fleet-enum-2026-08
Powtoon,presentations,,,low,Powtoon is a distinctive portmanteau with negligible ordinary-language use.,,,,fleet-enum-2026-08
PracticePanther,legal-practice,,Practice Panther;PP,low,The compound brand is unmistakable in legal-software discussion.,practicepanther.com,,pp,fleet-enum-2026-08
Prefect,etl,,Prefect Cloud,high,"Prefect is an ordinary title used in schools, history, and Harry Potter discussions.",prefect.io,school prefect;head prefect;prefect badge;prefect duties;prefect system;Harry Potter prefect;Roman prefect,prefect,fleet-enum-2026-08
pretix,event-management,,,low,The lowercase coined name is distinctive; users commonly capitalize it at sentence boundaries.,pretix.eu,,,fleet-enum-2026-08
Prezi,presentations,,,low,Prezi is a distinctive coined name with little ordinary-language collision.,prezi.com,,,fleet-enum-2026-08
Printful,print-on-demand,,,low,Coined brand name that is rarely used for anything except the POD platform.,printful.com,,,fleet-enum-2026-08
Printify,print-on-demand,,,low,Coined brand name that strongly identifies the POD platform.,printify.com,,,fleet-enum-2026-08
Prism,api-tools,,Stoplight Prism,high,The API mock server uses a common optics and geometry noun as its bare name.,stoplight.io,light through a prism;glass prism;triangular prism;crystal prism;Pink Floyd prism;prism glasses;rainbow prism,prism,fleet-enum-2026-08
Private Internet Access,vpn,,PIA;PIA VPN,high,The exact name is also a plausible descriptive phrase for non-public internet connectivity.,privateinternetaccess.com,secure private internet access;provide private internet access;private internet access at home;private internet access for students;private internet access in schools;private internet access policy,pia,fleet-enum-2026-08
PrivateVPN,vpn,,Private VPN,low,The maker's closed-up styling distinguishes the brand from the generic phrase private VPN.,privatevpn.com,,,fleet-enum-2026-08
ProConnect Tax,tax-software,,ProConnect;Pro Connect;PTO,medium,The complete name is specific to Intuit's cloud professional tax product.,accountants.intuit.com,,,fleet-enum-2026-08
Procore,construction,,,low,The coined product name is unmistakable despite frequent noncanonical capitalization.,procore.com,,,fleet-enum-2026-08
Prodigi,print-on-demand,,,medium,Distinctive spelling makes the global print platform easy to identify.,prodigi.com,,,fleet-enum-2026-08
ProLaw,legal-practice,,Pro Law,high,The branded compound is clear in law-firm software discussions.,thomsonreuters.com,,,fleet-enum-2026-08
Prometheus,observability,,Prom,high,The monitoring system shares its bare name with the mythological figure and a major film.,prometheus.io,Prometheus movie;Prometheus film;Prometheus sequel;Prometheus Bound;Prometheus myth;Prometheus titan;Prometheus stole fire;Greek god Prometheus,prometheus,fleet-enum-2026-08
Property Meld,property-management,,PropertyMeld;Propertymeld;Meld,low,The exact two-word combination is distinctive despite meld being an ordinary verb.,propertymeld.com,,meld,fleet-enum-2026-08
Propertyware,property-management,,property ware;PW,low,A distinctive compound brand despite inconsistent capitalization in comments.,propertyware.com,,,fleet-enum-2026-08
ProSeries Professional,tax-software,,ProSeries;Pro Series,high,"The full product name is distinctive, and ProSeries is established shorthand among tax preparers.",accountants.intuit.com,,,fleet-enum-2026-08
Proton Drive,cloud-storage,,ProtonDrive,low,The two-word name clearly identifies Proton's storage product.,proton.me;drive.proton.me,,,fleet-enum-2026-08
Proton Mail,email-providers,,ProtonMail;Proton email;Proton,low,The full name is distinctive; the shorthand Proton is usually product-specific in email discussions.,proton.me;protonmail.com,,proton,fleet-enum-2026-08
Proton VPN,vpn,,ProtonVPN;Proton,low,"The full product name explicitly identifies a VPN, though Proton alone can refer to the wider suite.",protonvpn.com,,proton,fleet-enum-2026-08
ProWritingAid,writing-assistants,,PWA;Pro Writing Aid;Pro-WritingAid,low,The concatenated product name is distinctive; PWA is the context-dependent shorthand.,,,,fleet-enum-2026-08
PRTG Network Monitor,observability,,PRTG,low,The full product name and its PRTG initialism are strongly product-specific.,paessler.com,,,fleet-enum-2026-08
Publer,social-media-management,,,medium,Coined product name that is not readily confused with ordinary language.,publer.com,,,fleet-enum-2026-08
Pulseway,rmm,,Pulseway RMM;Mobile PC Monitor,low,Pulseway is a coined brand; Mobile PC Monitor is its historical name.,pulseway.com,,,fleet-enum-2026-08
Pulumi,iac,,,low,Pulumi is a distinctive coined brand in English-language Reddit posts.,pulumi.com,,,fleet-enum-2026-08
Puppet Enterprise,iac,,Puppet;PE,low,"The full product name is specific, although the common Puppet shorthand is an ordinary noun.",puppet.com,,puppet,fleet-enum-2026-08
Purelymail,email-providers,,,low,The closed compound is a recognizable niche-provider brand.,purelymail.com,,,fleet-enum-2026-08
PureVPN,vpn,,Pure VPN,low,The joined brand name is clearly VPN-specific.,purevpn.com,,,fleet-enum-2026-08
Pushpay ChMS,nonprofit,,CCB;Church Community Builder;Pushpay;PushPay,low,"The current name is distinctive, while Reddit users still heavily favor the former Church Community Builder and CCB names.",pushpay.com,,,fleet-enum-2026-08
PyCharm,ides,,,low,The coined name is essentially unique to JetBrains' Python IDE.,jetbrains.com,,,fleet-enum-2026-08
Qualified,live-chat,,Qualified.com,high,"Qualified is a very common adjective, so the bare name is only reliable in B2B sales-chat context.",qualified.com,qualified candidate;qualified professional;qualified immunity;qualified majority;qualified opinion;fully qualified;qualified for the job;qualified medical expense,qualified,fleet-enum-2026-08
Qualtrics,survey-tools,,Qualtrics XM,low,The invented name is unmistakable in ordinary discussion.,qualtrics.com,,,fleet-enum-2026-08
Quantum Metric,product-analytics,session-replay,QM,medium,"Quantum Metric is also a plausible technical phrase in physics, though capitalization and business context usually disambiguate it.",quantummetric.com,quantum metric tensor;quantum information metric;quantum distance metric;quantum state metric;quantum geometry metric;quantum Fisher metric,,fleet-enum-2026-08
QuestionPro,survey-tools,,Question Pro,low,The compound product name is specific and rarely used generically.,questionpro.com,,,fleet-enum-2026-08
Quickbase,no-code,,Quick Base,low,The compound is a well-established product name; the spaced legacy styling remains common.,quickbase.com,,,fleet-enum-2026-08
Quicken Classic,budgeting,,Quicken;Quicken desktop;Quicken for Windows;Quicken for Mac,low,The branded two-word product name is unmistakable and Quicken alone is strongly associated with finance software.,quicken.com,,quicken,fleet-enum-2026-08
Quicken Simplifi,budgeting,,Simplifi;Simplifi by Quicken;Quicken Simplify,low,The full branded name is unmistakable; the common Simplifi shorthand is also a coined spelling.,quicken.com,,,fleet-enum-2026-08
QuillBot,writing-assistants,,Quill Bot,low,The coined compound is strongly associated with the writing service.,quillbot.com,,,fleet-enum-2026-08
Quip,spreadsheets,,Salesforce Quip;Quip spreadsheets,high,Quip is a common noun and verb for a short witty remark.,quip.com,witty quip;quick quip;funny quip;clever quip;sarcastic quip;one-line quip;offhand quip;quip about,quip,fleet-enum-2026-08
Quo,voip,,OpenPhone;Open Phone,high,The current name is a common Latin word most often encountered inside ordinary phrases such as status quo.,quo.com,status quo;maintain the status quo;challenge the status quo;preserve the status quo;political status quo;economic status quo;quid pro quo;quo vadis,quo,fleet-enum-2026-08
Qwen Studio,ai-assistants,,Qwen Chat;Qwen AI;QwenChat,low,The current two-word product name is distinctive; Qwen Chat is its widely used former name.,qwen.ai;chat.qwen.ai,,,fleet-enum-2026-08
Radicle,code-hosting,,,high,"Radicle is a botanical term, though outside plant and gardening discussions it usually identifies the peer-to-peer code forge.",radicle.dev;radicle.network,seed radicle;embryonic radicle;radicle emergence;radicle growth;primary radicle;radicle protrusion;root radicle,radicle,fleet-enum-2026-08
Rain POS,pos,,Rain;Rain Retail;Rain Retail Software,medium,The POS suffix makes the product unambiguous even though Rain alone is a common word.,rainpos.com,,rain,fleet-enum-2026-08
RainFocus,event-management,,Rain Focus,low,The compound brand is distinctive; the spaced form occurs casually but is still recognizable.,rainfocus.com,,,fleet-enum-2026-08
Raken,construction,,Raken App,medium,Raken is a distinctive coined name in English-language construction discussions.,rakenapp.com,,,fleet-enum-2026-08
Rancher,containers,,SUSE Rancher;Rancher Manager,high,"Rancher is an ordinary occupation and often appears in farming, clothing, and Western-themed discussions.",rancher.com,cattle rancher;local rancher;Texas rancher;rancher hat;rancher boots;rancher family;rancher owns the land;Yellowstone rancher,rancher,fleet-enum-2026-08
Rank Math SEO,seo-tools,,Rank Math;RankMath;RankMath SEO,low,The full product name is distinctive; concatenated shorthand is common on Reddit.,rankmath.com,,,fleet-enum-2026-08
RawTherapee,photo-editing,,RT,low,A distinctive coined name with little ordinary-language collision.,rawtherapee.com,,,fleet-enum-2026-08
Raygun,error-tracking,,Raygun4JS,high,"The bare name is also the familiar science-fiction weapon, including both spaced and fused spellings.",raygun.com,alien raygun;raygun sound effect;raygun build,,fleet-enum-2026-08
React-admin,internal-tools,,React Admin;react admin,low,The React-plus-admin construction clearly denotes the framework in software discussions despite styling variants.,marmelab.com,,,fleet-enum-2026-08
Read AI,transcription,,Read.ai;Read,medium,"The full name can still occur as the verb read followed by AI-related material, while the shorthand Read is highly generic.",read.ai,read AI news;read AI papers;read AI articles;read AI research;read AI-generated text;read AI responses;read AI summaries,read,fleet-enum-2026-08
ReadyAPI,api-tools,,Ready API;SoapUI Pro,medium,The fused canonical form is a recognizable SmartBear API testing suite name.,smartbear.com,,,fleet-enum-2026-08
Realm,nonprofit,,ACS Realm,high,"Realm is a common noun used across fantasy, religion, science, politics, and other ordinary Reddit conversations.",realmchurch.com;acstechnologies.com,fantasy realm;spiritual realm;digital realm;public realm;realm of possibility;quantum realm;another realm;realm of politics,realm,fleet-enum-2026-08
RealVNC Connect,remote-desktop,,RealVNC;VNC Connect;VNC Viewer,low,The RealVNC qualifier makes the product name distinct from generic VNC terminology.,realvnc.com,,,fleet-enum-2026-08
Recraft,ai-image,,Recraft AI,medium,"Recraft is also an ordinary verb, especially in gaming, writing, and career discussions.",recraft.ai,recraft my resume;recraft the build;recraft this weapon;recraft the item;recraft the argument;recraft the sentence,,fleet-enum-2026-08
Recurly,invoicing,,,low,Recurly is a distinctive coined brand rather than an ordinary word.,recurly.com,,,fleet-enum-2026-08
RecurPost,social-media-management,,Recur Post,low,Distinctive compound brand with predictable spacing and capitalization variants.,recurpost.com,,,fleet-enum-2026-08
Red Hat Ansible Automation Platform,iac,,Ansible;AAP;Ansible Tower;Tower,low,"The full commercial product name is unmistakable, while Reddit usually shortens it to Ansible or AAP.",redhat.com;ansible.com,,tower,fleet-enum-2026-08
Red Hat OpenShift Container Platform,containers,,OpenShift;OCP;Red Hat OpenShift,low,The full product name and the coined OpenShift shorthand are distinctive.,redhat.com,,,fleet-enum-2026-08
Redbubble,print-on-demand,,Red Bubble;RB,low,The joined name is a well-established POD marketplace brand.,redbubble.com,,,fleet-enum-2026-08
REDCap,survey-tools,,Red Cap,medium,"The capitalization is distinctive, but normalized or spaced text can mean an ordinary red hat or cap.",projectredcap.org,,redcap,fleet-enum-2026-08
RedCircle,podcast-hosting,,Red Circle,high,"The closed-up spelling is distinctive, but users often space it exactly like the common visual description.",redcircle.com,,,fleet-enum-2026-08
Reddit,community-platforms,,,low,Reddit is a unique brand name with no meaningful ordinary-English collision.,reddit.com,,,fleet-enum-2026-08
Redis,databases,,,medium,A distinctive coined product name in current English-language usage.,redis.io,,,fleet-enum-2026-08
Redocly CLI,api-tools,,redocly;@redocly/cli,low,The coined Redocly name plus CLI qualifier is specific to the OpenAPI command-line tool.,redocly.com,,,fleet-enum-2026-08
RedTeam Flex,construction,,RedTeam;Red Team Flex,high,The complete name is distinctive even though Red Team by itself has a cybersecurity meaning.,redteam.com,,,fleet-enum-2026-08
Refine,internal-tools,,refine.dev,high,"The bare product name is a very common verb, so technical context or the refine.dev form is usually needed.",refine.dev,refine the design;refine the process;refine the search;refine your skills;refine the model;refine the prompt;refine the idea;refine the results,refine,fleet-enum-2026-08
Relay.app,workflow-automation,,Relay,high,The .app suffix makes the canonical name specific; the shortened alias Relay is highly context-dependent.,relay.app,,relay,fleet-enum-2026-08
RemotePC,remote-desktop,,Remote PC,low,The closed-up spelling is a recognizable brand despite its descriptive components.,remotepc.com,,,fleet-enum-2026-08
Ren'Py,game-engines,,RenPy;renpy,low,The name and its unpunctuated spelling are specific to the visual novel engine.,renpy.org,,,fleet-enum-2026-08
Rent Manager,property-management,,RentManager;rentmanager;RM12;Rent Manager 12;Rent Manger,high,The canonical name is also a plausible generic label for a person or tool that manages rent.,rentmanager.com,rent manager job;rent manager salary;ask the rent manager;the rent manager called;apartment rent manager;rent manager position,,fleet-enum-2026-08
Rentec Direct,property-management,,Rentec;RentecDirect;Rentec Pro;Rentec PM;RD,low,The coined Rentec element makes the canonical name unmistakable.,rentecdirect.com,,,fleet-enum-2026-08
RentRedi,property-management,,Rent Redi;Rent Ready,low,The coined Redi spelling makes the brand distinctive; Rent Ready is a recurring phonetic misspelling.,rentredi.com,,,fleet-enum-2026-08
Rentvine,property-management,,Rent Vine,low,A distinctive branded compound with capitalization varying across Reddit comments.,rentvine.com,,,fleet-enum-2026-08
Replika,ai-assistants,,Replika AI,low,The intentionally spelled brand is readily distinguishable from the ordinary word replica.,replika.com,,,fleet-enum-2026-08
Replit Agent,ai-coding,,Replit AI;Replit Ghostwriter;Ghostwriter,low,The Replit-qualified name is unmistakable; Ghostwriter is a widely used legacy Replit product name.,replit.com,,,fleet-enum-2026-08
Requestly,api-tools,,,low,Requestly is a coined brand name and is not normally used as an English word.,requestly.com,,,fleet-enum-2026-08
RescueTime,time-tracking,,Rescue Time,low,The closed compound is strongly associated with the time-tracking product.,rescuetime.com,,,fleet-enum-2026-08
Resend,communication-apis,,Resend Email;Resend.com,high,Resend is a common verb in precisely the same email and verification discussions where the product appears.,resend.com,resend the email;resend the code;resend verification;resend the invite;resend the link;resend the message;resend the request;resend confirmation,resend,fleet-enum-2026-08
ResMan,property-management,,Res Man,high,A distinctive compound brand in property-management contexts.,myresman.com,,,fleet-enum-2026-08
Ressio,construction,,Ressio Software,low,Ressio is a coined brand with little ordinary-language collision.,ressiosoftware.com,,,fleet-enum-2026-08
Restaurant365,restaurant-pos,,R365;Restaurant 365,low,Restaurant365 and its R365 shorthand are distinctive restaurant-management product identifiers.,restaurant365.com,,,fleet-enum-2026-08
Restream,video-hosting,,Restream.io,high,Restream is also an ordinary verb for broadcasting an existing stream again.,restream.io,restream the match;restream the broadcast;illegal restream;restream the feed;restreaming content;restream rights;restream the event,restream,fleet-enum-2026-08
RetailEdge,pos,,Retail Edge;RetailEdge POS,low,The closed compound is a recognizable product name despite its descriptive components.,retailedge.com,,,fleet-enum-2026-08
Retool,internal-tools,no-code,,high,"The brand exactly matches a common verb, especially frequent in sports and business threads.",retool.com,retool the roster;retool the offense;retool the team;retool the lineup;retool production;retool the economy;retool for next season,retool,fleet-enum-2026-08
Rev,transcription,,Rev.com,high,Rev is a common verb and engine term as well as an abbreviation for Reverend.,rev.com,rev the engine;rev up;high revs;rev limiter;rev matching;rev counter;engine rev;Rev. Martin,rev,fleet-enum-2026-08
Revel Systems,pos,restaurant-pos,Revel;Revel POS;Revel Systems POS,medium,"Revel Systems is specific, but Reddit users often say Revel, which is also a normal verb.",revelsystems.com,revel in victory;revel in the chaos;revel in nostalgia;revel in the moment;revel in their misery;revel in attention,revel,fleet-enum-2026-08
Reverso Context,localization,,Reverso,low,"Reverso is distinctive in language-tool discussions, and Context identifies the specific service.",context.reverso.net;reverso.net,,reverso,fleet-enum-2026-08
Revit,cad,,RVT,low,The coined name is strongly associated with Autodesk's BIM product.,autodesk.com,,,fleet-enum-2026-08
Rezku,restaurant-pos,,Rezku POS,low,Rezku is a coined name with negligible ordinary-language ambiguity.,rezku.com,,,fleet-enum-2026-08
Rhino,cad,,Rhinoceros;Rhino3D;Rhino 3D;Rhino 8,high,"Rhino is a common animal name and needs design, modeling, or version context.",rhino3d.com,rhino horn;white rhino;black rhino;baby rhino;rhino poaching;rhino conservation;rhino population;rhino beetle,rhino;rhinoceros,fleet-enum-2026-08
Rider,ides,,JetBrains Rider;JB Rider,high,Rider is a common noun for a passenger or mounted person and also a legal or insurance addendum.,jetbrains.com,motorcycle rider;horse rider;bike rider;transit rider;Uber rider;insurance rider;contract rider;Easy Rider,rider,fleet-enum-2026-08
RingCentral Video,video-conferencing,,RC Video;RCV;RingCentral Meetings,low,The RingCentral-qualified name is specific and not ordinary language.,ringcentral.com,,,fleet-enum-2026-08
RingEX,voip,,RingCentral;RingCentral MVP;RC,low,The current product name and its RingCentral aliases are distinctive telecom brands.,ringcentral.com,,,fleet-enum-2026-08
Ringover,voip,,Ring Over,medium,The closed compound is a distinctive telecom brand.,ringover.com,,,fleet-enum-2026-08
Riverside,webinars,,Riverside.fm;Riverside FM,high,"Riverside is a common place name and geographic descriptor, making the bare word highly ambiguous.",riverside.com;riverside.fm,Riverside County;Riverside California;Riverside CA;Riverside neighborhood;Riverside Park;Riverside Drive;riverside walk;riverside hotel;riverside campsite;riverside city council,riverside,fleet-enum-2026-08
Rivery,etl,,Rivery.io,medium,Rivery is a distinctive coined spelling despite resembling the adjective river-y.,rivery.io,,rivery,fleet-enum-2026-08
Rize,time-tracking,,Rize.io,medium,"The stylized name is shared by entertainment characters, titles, and unrelated brands.",rize.io,Rize documentary;Rize movie;Rize Kamishiro;Rize bikes;Rize electric bike;Rize cannabis;Rize credit union,,fleet-enum-2026-08
RKE2,containers,,Rancher Kubernetes Engine 2;Rancher Kubernetes Engine v2,low,The compact versioned initialism is distinctive in technical discussion.,rke2.io;rancher.com,,,fleet-enum-2026-08
Rock RMS,nonprofit,,Rock;RockRMS,low,"The RMS suffix makes the canonical name specific, although the common shorthand Rock is highly ambiguous.",rockrms.com,,rock,fleet-enum-2026-08
Rocket Matter,legal-practice,,RocketMatter;RM,medium,The two-word combination is distinctive despite each word being ordinary on its own.,rocketmatter.com,,,fleet-enum-2026-08
Rocket Money,budgeting,,Truebill;Truebill by Rocket Money,low,The two-word name is distinctive in finance discussions; Truebill is its widely used former name.,rocketmoney.com,,,fleet-enum-2026-08
Rollbar,error-tracking,,Rollbar.js,medium,"The fused spelling usually identifies the product, but casual automotive writing often collapses or varies the spacing of roll bar.",rollbar.com,,,fleet-enum-2026-08
Roo Code,ai-coding,,Roo;Roo Cline;RooCode,low,The full two-word name is distinctive; Roo alone can mean kangaroo but is usually contextualized in coding threads.,roocode.com,,,fleet-enum-2026-08
Rows,spreadsheets,,Rows.com;Rows app,high,"Rows is a ubiquitous plural noun in spreadsheets, databases, seating, layouts, and other contexts.",rows.com,rows of seats;rows and columns;back rows;front rows;three rows;database rows;rows of houses;rowing rows,,fleet-enum-2026-08
RPG Maker MZ,game-engines,,RPG Maker;RPGMaker;RMMZ;MZ,low,The full edition name clearly identifies the current RPG creation product.,rpgmakerweb.com,,,fleet-enum-2026-08
RSS.com,podcast-hosting,,RSS dot com,medium,"Although RSS alone is generic, the full maker-written domain name clearly identifies the hosting service.",rss.com,,,fleet-enum-2026-08
RSVPify,event-management,,,low,A distinctive coined name based on RSVP with little chance of ordinary-language confusion.,rsvpify.com,,,fleet-enum-2026-08
Rumble,video-hosting,,Rumble Video,high,"Rumble is a common word for a low sound, vibration, fight, and named wrestling event.",rumble.com,ready to rumble;engine rumble;stomach rumble;low rumble;controller rumble;rumble strip;Royal Rumble;distant rumble,rumble,fleet-enum-2026-08
Runbox,email-providers,,Runbox Mail,medium,A distinctive closed-compound brand with minimal ordinary-language use.,runbox.com,,,fleet-enum-2026-08
Runway,ai-video,,RunwayML;Runway ML,high,"The bare name is a common aviation, fashion, and business word.",runwayml.com,fashion runway;airport runway;runway model;runway show;runway lights;runway length;cash runway;Project Runway,runway,fleet-enum-2026-08
RustDesk,remote-desktop,,Rust Desk,low,The compound coined name is readily identifiable as the remote-desktop project.,rustdesk.com,,,fleet-enum-2026-08
Rybbit,web-analytics,,Rybbit Analytics,low,Rybbit is an intentionally unusual spelling and is rarely used outside the analytics product.,rybbit.io,,,fleet-enum-2026-08
Rydoo,expense-management,,Xpenditure,low,Rydoo is a distinctive coined brand; Xpenditure is its legacy name.,rydoo.com,,,fleet-enum-2026-08
Sage Expense Management,expense-management,,Fyle;Sage Expenses,low,The full current name is distinctive; most historical Reddit discussion uses the former name Fyle.,fylehq.com,,,fleet-enum-2026-08
Salt Project,iac,,Salt;SaltStack;Salt Stack,medium,"The full project name is product-specific, while Salt alone is highly ambiguous.",saltproject.io,,salt,fleet-enum-2026-08
Samsung Knox Manage,mdm,,Knox Manage;Knox MDM,low,The full Samsung Knox Manage name clearly identifies the device-management service.,samsungknox.com,,,fleet-enum-2026-08
Sapling,writing-assistants,,Sapling AI;Sapling.ai,high,The bare name ordinarily means a young tree and is common in gardening and gaming threads.,sapling.ai,tree sapling;plant a sapling;oak sapling;apple sapling;young sapling;Minecraft sapling;Stardew sapling;sapling growth,sapling,fleet-enum-2026-08
Sav,domain-registrars,,Sav.com;sav.com,high,"The three-letter bare name collides with file extensions, airport shorthand, abbreviations, and names.",sav.com,.sav file;SAV file;SPSS sav;game sav;Pokemon sav;Savannah SAV;SAV airport;sav blanc,,fleet-enum-2026-08
SavvyCal,scheduling,,Savvy Cal,low,A distinctive compound brand with little non-product use.,savvycal.com,,,fleet-enum-2026-08
Scalefusion UEM,mdm,,Scalefusion;Scalefusion MDM,low,Scalefusion is a coined brand with little ordinary-language collision.,scalefusion.com,,,fleet-enum-2026-08
Schoology Learning,lms,,Schoology;PowerSchool Schoology,low,Schoology is a coined name and remains distinctive with or without the Learning suffix.,schoology.com;powerschool.com,,,fleet-enum-2026-08
Screaming Frog SEO Spider,seo-tools,,Screaming Frog;ScreamingFrog;SF Spider,low,The full crawler name is highly distinctive despite containing ordinary words.,screamingfrog.co.uk,,,fleet-enum-2026-08
Screen Studio,screen-recording,,ScreenStudio,medium,The two-word name is product-specific in software discussions but can describe a physical or virtual studio setup.,screen.studio,green screen studio;virtual screen studio;home green screen studio;LED screen studio;projection screen studio;screen studio setup,,fleet-enum-2026-08
Screencastify,screen-recording,,,low,Screencastify is a distinctive coined product name.,screencastify.com,,,fleet-enum-2026-08
ScreenFlow,screen-recording,,,medium,ScreenFlow is a distinctive compound name strongly associated with Telestream's Mac recorder.,telestream.net,,,fleet-enum-2026-08
ScreenPal,screen-recording,,Screencast-O-Matic;Screencast O Matic,medium,ScreenPal is a distinctive compound brand; its former Screencast-O-Matic name remains common on Reddit.,screenpal.com,,,fleet-enum-2026-08
ScreenRec,screen-recording,,,medium,ScreenRec is a distinctive compact brand rather than a normal English phrase.,screenrec.com,,,fleet-enum-2026-08
Scribens,writing-assistants,,,low,The Latin-derived brand is uncommon in ordinary Reddit conversation.,scribens.com,,,fleet-enum-2026-08
ScyllaDB,databases,,Scylla,low,The DB suffix makes the canonical name clear despite Scylla's mythological meaning.,scylladb.com,,scylla,fleet-enum-2026-08
SE Ranking,seo-tools,,SERanking;SEranking,medium,"Although descriptive, the exact two-part name is a recognizable product brand.",seranking.com,,,fleet-enum-2026-08
SeaArt AI,ai-image,,SeaArt;Sea Art;SeaArt.AI,low,The full AI-suffixed product name is distinctive; Sea Art alone can be descriptive.,seaart.ai,,,fleet-enum-2026-08
Seafile,cloud-storage,,Sea File,low,The compound is unusual in ordinary language and clearly identifies the sync-and-share software.,seafile.com,,,fleet-enum-2026-08
Search Atlas,seo-tools,,SearchAtlas,high,The two-word brand is distinctive in software and SEO discussion.,searchatlas.com,,,fleet-enum-2026-08
SeaTable,spreadsheets,,Sea Table,medium,SeaTable is a distinctive joined brand name despite combining ordinary words.,seatable.io,,,fleet-enum-2026-08
Sejda PDF,pdf-tools,,Sejda;Sejda PDF Desktop,low,Sejda is an uncommon coined name and is strongly associated with the PDF service.,sejda.com,,,fleet-enum-2026-08
Semaphore,ci-cd,,Semaphore CI;SemaphoreCI,high,Semaphore is also a standard concurrency primitive and a signaling system.,semaphoreci.com,binary semaphore;counting semaphore;POSIX semaphore;semaphore flag;railway semaphore;signal semaphore;semaphore wait;semaphore lock,semaphore,fleet-enum-2026-08
Sembly AI,transcription,,Sembly;Sembly.ai,low,The full Sembly AI name is a distinctive coined brand.,sembly.ai,,,fleet-enum-2026-08
Semrush,seo-tools,,SEM Rush,low,The brand name and its older capitalization are unmistakable in casual text.,semrush.com,,,fleet-enum-2026-08
Sendcloud,shipping,,Send Cloud,medium,The coined compound is overwhelmingly used as the shipping-platform name.,sendcloud.com,,,fleet-enum-2026-08
SendFox,newsletters,,Send Fox,low,Distinctive compound product name with little ordinary-language overlap.,sendfox.com,,,fleet-enum-2026-08
Sendible,social-media-management,,,low,Coined spelling makes the product name readily identifiable.,sendible.com,,,fleet-enum-2026-08
SentinelOne Singularity Endpoint,antivirus,,SentinelOne;Sentinel One;S1;Singularity,low,The complete product name is distinctive; S1 and Singularity need security context.,sentinelone.com,,singularity,fleet-enum-2026-08
Sentry,error-tracking,observability;session-replay,sentry.io,high,Sentry is a common guard-related noun and appears in names of unrelated products and game mechanics.,sentry.io,sentry duty;sentry gun;Sentry Mode;sentry bot;stand sentry;sentry tower;sentry ward;Sentry safe,sentry,fleet-enum-2026-08
SEO PowerSuite,seo-tools,,PowerSuite,low,The full suite name is specific to the SEO desktop software bundle.,seopowersuite.com,,,fleet-enum-2026-08
Sera,field-service,,Sera Systems,high,"Sera overlaps a personal name, fictional characters, proper names, and the scientific plural of serum.",sera.tech,Sera from Dragon Age;Sera romance;Sera companion;blood sera;patient sera;immune sera;Sera Gamble;Sera Myu;Sera Cahoone,sera,fleet-enum-2026-08
Serpstat,seo-tools,,,low,The coined SERP compound is specific to the platform.,serpstat.com,,,fleet-enum-2026-08
Serverless Framework,iac,,Serverless;SLS;sls,medium,The complete name denotes the product clearly; Serverless alone is a generic architectural term.,serverless.com,,,fleet-enum-2026-08
Service Fusion,field-service,,ServiceFusion;Fusion,medium,"The full name is specific, though users sometimes shorten it to the highly generic Fusion.",servicefusion.com,,fusion,fleet-enum-2026-08
ServiceM8,field-service,,Service M8,low,The numeral-bearing brand is distinctive even when users add a space.,servicem8.com,,,fleet-enum-2026-08
ServiceMax,field-service,,Service Max,medium,"The fused name is a distinctive PTC field-service brand, though users sometimes split it.",ptc.com,,,fleet-enum-2026-08
ServiceTitan,field-service,,Service Titan;ST,low,The fused brand name is distinctive; spaced and abbreviated forms are common in trade discussions.,servicetitan.com,,st,fleet-enum-2026-08
ServiceTrade,field-service,,Service Trade,medium,The fused form clearly identifies the commercial-service platform.,servicetrade.com,,,fleet-enum-2026-08
Setmore,scheduling,,,low,A coined single-word name that is readily identifiable as the scheduling product.,setmore.com,,,fleet-enum-2026-08
Shapr3D,cad,,Shapr;Shapr 3D;Shaper3D,low,The stylized alphanumeric brand is highly distinctive; Shaper3D is a common misspelling.,shapr3d.com,,,fleet-enum-2026-08
SharePoint,document-management,,SP;SPO;SharePoint Online,low,The concatenated Microsoft product name is distinctive despite its two ordinary-word components.,microsoft.com,,,fleet-enum-2026-08
ShareX,screen-recording,,Share X,low,ShareX is a distinctive product spelling with little ordinary-language collision.,getsharex.com,,,fleet-enum-2026-08
ShineOn,print-on-demand,,Shine On,high,"The camel-cased brand is distinctive in writing, but its words form a very common phrase.",shineon.com,,,fleet-enum-2026-08
ShipBob,shipping,,Ship Bob,low,The fused name uniquely identifies the technology-backed fulfillment service.,shipbob.com,,,fleet-enum-2026-08
ShipHero,shipping,,Ship Hero,medium,The fused name clearly denotes the WMS and fulfillment platform.,shiphero.com,,,fleet-enum-2026-08
ShipMonk,shipping,,Ship Monk,low,The fused name is a distinctive fulfillment-platform brand.,shipmonk.com,,,fleet-enum-2026-08
ShippingEasy,shipping,,Shipping Easy,high,The fused brand form is distinctive despite being built from descriptive words.,shippingeasy.com,,,fleet-enum-2026-08
Shippo,shipping,,GoShippo;Go Shippo,medium,Shippo is a coined brand name and is rarely used as ordinary English.,goshippo.com,,shippo,fleet-enum-2026-08
ShipStation,shipping,,Ship Station,medium,"The fused, capitalized name is a distinctive shipping-software brand.",shipstation.com,,,fleet-enum-2026-08
ShipWorks,shipping,,Ship Works,high,The fused CamelCase form clearly identifies the shipping software.,shipworks.com,,,fleet-enum-2026-08
Siemens NX,cad,,NX;UG;Unigraphics;UG NX;NX CAD,low,"The Siemens-qualified name is clear, while the two-letter shorthand NX is highly context-dependent.",siemens.com,,nx,fleet-enum-2026-08
Sign.Plus,esignature,,SignPlus;Sign Plus,high,The combined name and dot styling are distinctive enough to identify the service.,sign.plus,,,fleet-enum-2026-08
Signaturely,esignature,,,medium,Signaturely is a coined adverb-like name with little ordinary-language usage.,signaturely.com,,,fleet-enum-2026-08
Signeasy,esignature,,Sign Easy,medium,The coined spelling is readily identifiable as the e-signature service.,signeasy.com,,,fleet-enum-2026-08
SigNoz,observability,,,low,Unusual stylized coined name with negligible ordinary-language overlap.,signoz.io,,,fleet-enum-2026-08
SignRequest,esignature,,Sign Request,high,The closed compound is strongly associated with the e-signature product.,signrequest.com,,,fleet-enum-2026-08
SignWell,esignature,,Sign Well,medium,The closed compound is a distinctive software brand despite using familiar words.,signwell.com,,,fleet-enum-2026-08
SilverBullet,wikis,,Silver Bullet;SB,high,"The fused spelling is branded, but users often space it exactly like the common idiom 'silver bullet.'",silverbullet.md,,sb,fleet-enum-2026-08
Simphony Point of Sale,restaurant-pos,,Simphony;Simphony POS;Oracle Simphony;Oracle MICROS;MICROS Simphony;Micros,low,Simphony is a distinctive coined spelling; the full Oracle product name is unmistakable.,oracle.com,,,fleet-enum-2026-08
Simple Analytics,web-analytics,,SimpleAnalytics,high,"The name is also a natural descriptive phrase for uncomplicated analytics, so vendor or domain context helps.",simpleanalytics.com,simple analytics setup;simple analytics dashboard;simple analytics report;simple analytics query;simple analytics solution;simple analytics tracking,,fleet-enum-2026-08
Simplecast,podcast-hosting,,,medium,A distinctive compound brand; the internal-capital variant is common in casual mentions.,simplecast.com,,,fleet-enum-2026-08
SimpleMDM,mdm,,Simple MDM,low,"Despite its descriptive construction, the fused name clearly identifies the product.",simplemdm.com,,,fleet-enum-2026-08
SimpleScreenRecorder,screen-recording,,Simple Screen Recorder;SSR,low,The concatenated canonical name is distinctive; SSR is common shorthand but ambiguous outside Linux recording context.,maartenbaert.be,,,fleet-enum-2026-08
SimpleTix,event-management,,Simple Tix,medium,A distinctive ticketing-brand construction despite occasional spacing by users.,simpletix.com,,,fleet-enum-2026-08
SimplyBook.me,scheduling,,SimplyBook;Simply Book Me,low,The dotted brand and its joined shorthand are strongly associated with the booking platform.,simplybook.me,,,fleet-enum-2026-08
Simpro,field-service,,Sim Pro,medium,The current title-case brand is distinctive; the former simPRO styling remains common.,simprogroup.com,,,fleet-enum-2026-08
Sinch SMS API,communication-apis,,Sinch SMS;Sinch,low,Sinch is a distinctive brand and the full API name clearly identifies the SMS product.,sinch.com,,,fleet-enum-2026-08
SingleStore,data-warehouses,,SingleStoreDB;MemSQL;Single Store,high,"The compound brand is distinctive in database contexts, with MemSQL retained as its widely used former name.",singlestore.com,,,fleet-enum-2026-08
SISTRIX,seo-tools,,,low,The invented name is unique to the search-marketing platform.,sistrix.com,,,fleet-enum-2026-08
Site24x7,observability,,Site 24x7,low,Distinctive alphanumeric product name with little chance of ordinary-language confusion.,site24x7.com,,,fleet-enum-2026-08
Sitebulb,seo-tools,,Site Bulb,low,The coined compound is strongly tied to the SEO crawler.,sitebulb.com,,,fleet-enum-2026-08
SiteGround,web-hosting,,SG,low,The concatenated compound is distinctive in hosting discussions.,siteground.com,,,fleet-enum-2026-08
SketchUp,cad,,SU;SketchUp Pro;SketchUp Free,medium,"The brand is distinctive in its official casing, but lowercase text can resemble the verb phrase 'sketch up.'",sketchup.com,,,fleet-enum-2026-08
Skilljar,lms,,Skilljar LMS,low,Skilljar is a distinctive compound brand with little ordinary-language overlap.,skilljar.com,,,fleet-enum-2026-08
Skillshare,course-platforms,,Skill Share,medium,The closed compound is a well-established brand and uncommon as an ordinary bare term.,skillshare.com,,,fleet-enum-2026-08
Skool,community-platforms,course-platforms,Skool.com,high,"The stylized spelling is distinctive but also appears as slang for school, especially in music and nostalgia threads.",skool.com,old skool;new skool;back to skool;skool hip hop;skool style;skool days,,fleet-enum-2026-08
SkyTab,restaurant-pos,,SkyTab POS;Shift4 SkyTab,low,SkyTab is a distinctive compound brand in restaurant and payments discussions.,skytab.com,,,fleet-enum-2026-08
Slab,wikis,,Slab Knowledge Base,high,"Slab is a common construction, material, typography, and food-cut noun.",slab.com,concrete slab;stone slab;granite slab;slab foundation;slab of meat;paving slab;slab leak;slab serif,slab,fleet-enum-2026-08
Slidebean,presentations,,Slide Bean,low,Slidebean is a distinctive compound brand rather than an ordinary phrase.,slidebean.com,,,fleet-enum-2026-08
Slides.com,presentations,,Slides dot com,low,The .com is part of the product name and distinguishes it from generic slides.,slides.com,,,fleet-enum-2026-08
Slite,wikis,,,medium,Slite is a distinctive coined spelling and normally denotes the team knowledge-base product.,slite.com,,slite,fleet-enum-2026-08
Smallpdf,pdf-tools,,Small PDF,low,"Although built from descriptive words, the fused name is a well-established specific service mark.",smallpdf.com,,,fleet-enum-2026-08
SmartAdvocate,legal-practice,,Smart Advocate,medium,The closed-up compound is a distinctive legal case-management brand.,smartadvocate.com,,,fleet-enum-2026-08
Smartcat,localization,,Smart CAT,high,The compound brand is readily identifiable in translation and localization discussions.,smartcat.com,,,fleet-enum-2026-08
SmartDraw,diagramming,,Smart Draw,medium,The compound name is strongly product-specific.,smartdraw.com,,,fleet-enum-2026-08
Smartsupp,live-chat,,,low,Smartsupp is a distinctive contraction; alternate capitalization is common in informal mentions.,smartsupp.com,,,fleet-enum-2026-08
Smokeball,legal-practice,,SB,medium,The one-word brand is unusual and generally identifies the legal platform.,smokeball.com,,sb,fleet-enum-2026-08
SMTP2GO,communication-apis,,SMTP 2 GO,low,"SMTP2GO is an unmistakable coined service name, with casing being the only common variation.",smtp2go.com,,,fleet-enum-2026-08
Snagit,screen-recording,,,low,Snagit is a distinctive coined brand despite resembling the phrase 'snag it.',techsmith.com,,,fleet-enum-2026-08
Snapseed,photo-editing,,Snap Seed,low,Snapseed is a distinctive coined app name.,google.com;play.google.com;apps.apple.com,,,fleet-enum-2026-08
Snowflake,data-warehouses,databases,Snowflake DB;SnowflakeDB;Snow,high,"The product is prominent in data contexts, but the bare name is a common noun, political insult, and decorative motif.",snowflake.com,snowflake emoji;snowflake ornament;snowflake tattoo;snowflake pattern;special snowflake;snowflake generation;snowflake Christmas decoration;catching a snowflake,snow;snowflake,fleet-enum-2026-08
SoapUI,api-tools,,Soap UI,medium,The distinctive SOAP-plus-UI construction is strongly tied to the API testing tool.,soapui.org,,,fleet-enum-2026-08
SocialBee,social-media-management,,Social Bee,medium,Distinctive compound brand name with only a spacing variant in common use.,socialbee.com,,,fleet-enum-2026-08
SocialPilot,social-media-management,,Social Pilot,medium,Distinctive compound name with a commonly used spacing variant.,socialpilot.co,,,fleet-enum-2026-08
Society6,print-on-demand,,Society 6;S6,medium,The number-bearing name is distinctive and generally means the artist marketplace.,society6.com,,,fleet-enum-2026-08
Soda PDF,pdf-tools,,SodaPDF;Soda,medium,"The full product name is recognizable, but the frequent Soda shorthand is a common drink and household word.",sodapdf.com,baking soda;soda water;cream soda;soda can;soda machine;diet soda;soda stream,soda,fleet-enum-2026-08
Soft Serve,code-hosting,,soft-serve;Charm Soft Serve,high,"The bare phrase overwhelmingly describes frozen dessert unless Git, SSH, TUI, or Charm supplies context.",,soft serve ice cream;vanilla soft serve;chocolate soft serve;soft serve machine;soft serve cone;soft serve mix;dairy-free soft serve;McDonald's soft serve,,fleet-enum-2026-08
Softr,no-code,,,low,The missing-vowel spelling makes the product name distinctive.,softr.io,,,fleet-enum-2026-08
Solar2D,game-engines,,Corona SDK;Corona 2D;Corona,low,Solar2D is distinctive; Corona forms persist because the engine is the official continuation of Corona SDK.,solar2d.com,,corona,fleet-enum-2026-08
Solid Edge,cad,,SolidEdge;SE;Solid Edge Community Edition,medium,"The two ordinary words can occur together outside CAD, although capitalization and Siemens context usually disambiguate it.",siemens.com,a solid edge;solid edge control;solid edge rusher;solid edge retention;solid edge performance;solid edge over,,fleet-enum-2026-08
SOLIDWORKS,cad,,SW;SWX,low,The compound brand is distinctive even though users vary its capitalization.,solidworks.com,,,fleet-enum-2026-08
SonicWall Next-Generation Firewall,network-security,,SonicWall;Sonicwall;SonicWall firewall;SonicWall NSA;SonicWall TZ,low,SonicWall is a distinctive brand and the full product name is unambiguous.,sonicwall.com,,,fleet-enum-2026-08
Sonix,transcription,,Sonix.ai,low,The Sonix spelling is distinctive despite sounding like the ordinary adjective sonic.,sonix.ai,,,fleet-enum-2026-08
Sophos Endpoint,antivirus,,Sophos;Sophos Endpoint Protection;Intercept X;Sophos Central Endpoint,low,"Sophos is a distinctive coined brand, and Endpoint further fixes the product context.",sophos.com,,,fleet-enum-2026-08
Sophos Firewall,network-security,,Sophos XG;XG Firewall;Sophos XGS;SFOS;Sophos Home Firewall,low,Sophos is a distinctive vendor name and Firewall makes the product reference explicit.,sophos.com,,,fleet-enum-2026-08
Sortly,inventory,,,medium,Sortly is a distinctive coined product name with little ordinary-language collision.,sortly.com,,sortly,fleet-enum-2026-08
SOS Inventory,inventory,,SOS,high,SOS is a ubiquitous distress signal and appears in several unrelated product and song contexts.,sosinventory.com,send an SOS;SOS signal;emergency SOS;iPhone Emergency SOS;SOS button;SOS call;Morse code SOS;ABBA SOS,,fleet-enum-2026-08
SOTI MobiControl,mdm,,MobiControl;SOTI MDM;SOTI,low,The branded compound MobiControl is highly specific.,soti.net,,,fleet-enum-2026-08
SourceForge,code-hosting,,SF.net,low,The compound brand is distinctive even when users discuss its reputation or bundled-download history.,sourceforge.net,,,fleet-enum-2026-08
sourcehut,code-hosting,,sr.ht,low,The unusual compound and sr.ht shorthand are distinctive identifiers for the developer platform.,sr.ht;sourcehut.org,,,fleet-enum-2026-08
Spaceship,domain-registrars,,spaceship.com,high,"Spaceship is a common science-fiction and spaceflight noun, so registrar context is essential.",spaceship.com,spaceship launch;alien spaceship;spaceship game;spaceship design;build a spaceship;spaceship movie;spaceship crew;inside the spaceship,spaceship,fleet-enum-2026-08
Spendesk,expense-management,,Spendesk card;Spendesk cards,low,Spendesk is a coined name with little non-brand usage.,spendesk.com,,,fleet-enum-2026-08
Splashtop Remote Access,remote-desktop,,Splashtop;Splashtop Business Access;Splashtop Personal,low,Splashtop is a coined brand and is rarely used outside the product family.,splashtop.com,,,fleet-enum-2026-08
Splunk Observability Cloud,observability,,Splunk O11y Cloud;Splunk O11y;SignalFx,low,The full product name is unambiguous; SignalFx is the well-known former product name.,splunk.com,,,fleet-enum-2026-08
Spotify for Creators,podcast-hosting,,Spotify for Podcasters;Anchor;Anchor.fm;S4C,low,The full name is unmistakable; Anchor and Spotify for Podcasters are widely used former names.,,,anchor,fleet-enum-2026-08
SpotOn Restaurant POS,restaurant-pos,,SpotOn;Spot On;SpotOn POS,medium,"The product label is clear, but the common shorthand sounds exactly like the everyday phrase 'spot on.'",,,,fleet-enum-2026-08
Spreadshop,print-on-demand,,Spread Shop,medium,The joined compound specifically identifies Spread Group's hosted POD storefront service.,spreadshop.com;spreadshop.net,,,fleet-enum-2026-08
Spreaker,podcast-hosting,,,medium,A distinctive coined blend of speaker and broadcaster with little ordinary-language use.,spreaker.com,,,fleet-enum-2026-08
Spring,print-on-demand,,Teespring;TeeSpring;Tee Spring;Spring by Amaze,high,The current brand is an extremely common season and mechanical noun; the old Teespring name is much clearer.,teespring.com;spri.ng,spring season;this spring;next spring;spring break;spring semester;spring weather;spring training;coil spring;spring water;spring cleaning,spring,fleet-enum-2026-08
Sprinklr,social-media-management,,Sprinkler,low,Vowelless spelling is distinctive; users sometimes type the ordinary-word spelling.,sprinklr.com,,sprinkler,fleet-enum-2026-08
Sprout Social,social-media-management,,Sprout;SproutSocial,low,"The full two-word name is distinctive, though users often shorten it to Sprout.",sproutsocial.com,,sprout,fleet-enum-2026-08
SproutVideo,video-hosting,,Sprout Video,low,The closed compound is distinctive even though its component words are ordinary.,sproutvideo.com,,,fleet-enum-2026-08
SQLite,databases,,SQLite3,low,A distinctive technical name with essentially no ordinary-language collision.,sqlite.org,,,fleet-enum-2026-08
SST,iac,,Serverless Stack,high,The initialism is distinctive in serverless threads but has several scientific and engineering expansions.,sst.dev,SST anomaly;SST dataset;SST forecast;SST model,,fleet-enum-2026-08
Stable Diffusion,ai-image,,SD;StableDiffusion,medium,The two-word model-family name is strongly associated with AI image generation.,stability.ai,,,fleet-enum-2026-08
Stamps.com,shipping,,Stamps dot com,medium,Including the dot-com suffix makes the product name unmistakable.,stamps.com,,,fleet-enum-2026-08
Starburst Galaxy,data-warehouses,,Starburst;Galaxy,high,"The exact product name is also a standard astronomy term, and each component has common non-product uses.",starburst.io,starburst galaxy image;M82 starburst galaxy;nearby starburst galaxy;dwarf starburst galaxy;Hubble starburst galaxy,galaxy,fleet-enum-2026-08
StarRocks,data-warehouses,,Star Rocks,low,"The fused, capitalized brand is distinctive despite ordinary meanings for its separated words.",starrocks.io,,,fleet-enum-2026-08
StartMail,email-providers,,,medium,The closed compound is sufficiently distinctive as a privacy-email brand.,startmail.com,,,fleet-enum-2026-08
Statcounter,web-analytics,,Stat Counter,medium,"Statcounter is a distinctive compound brand, though users sometimes insert a space.",statcounter.com,,,fleet-enum-2026-08
Statsig,feature-flags,product-analytics,,medium,The coined name is unambiguous in ordinary Reddit prose.,statsig.com,,,fleet-enum-2026-08
Statusbrew,social-media-management,,Status Brew,low,Coined compound name remains recognizable across capitalization and spacing variants.,statusbrew.com,,,fleet-enum-2026-08
Stencyl,game-engines,,,low,Stencyl is a distinctive coined product name.,stencyl.com,,,fleet-enum-2026-08
Stessa,property-management,,Stressa,high,"Distinctive in English, but stessa is a very common Italian word meaning same and appears widely on Italian-language Reddit.",stessa.com,la stessa cosa;nella stessa situazione;della stessa età;la stessa domanda;stessa storia;stessa persona;stessa identica cosa,,fleet-enum-2026-08
Stirling PDF,pdf-tools,,Stirling-PDF;StirlingPDF;Stirling,medium,"The full name is clear, but the common Stirling shorthand is also a place, surname, and engine type.",stirlingpdf.com;docs.stirlingpdf.com,Stirling engine;Stirling Castle;Stirling Scotland;University of Stirling;Stirling Moss;trip to Stirling,,fleet-enum-2026-08
Stitch,etl,,Stitch Data,high,The bare name is an everyday sewing and medical word and also a Disney character.,stitchdata.com,cross stitch;stitch pattern;stitch in time;Lilo and Stitch;dropped stitch;stitch removal;side stitch;stitch Fix,stitch,fleet-enum-2026-08
Stoplight,api-tools,,Stoplight Platform;Stoplight Studio,high,The brand name is identical to the ordinary North American word for a traffic signal.,stoplight.io,at the stoplight;red stoplight;stoplight turned green;waiting at a stoplight;ran the stoplight;next stoplight;broken stoplight,,fleet-enum-2026-08
Stova,event-management,,,low,A short but coined event-tech brand with little ordinary-language collision.,stova.io,,,fleet-enum-2026-08
Streamable,video-hosting,,,high,Streamable is also a common adjective for media that can be streamed.,streamable.com,make it streamable;not streamable;streamable content;streamable games;streamable format;locally streamable;streamable over Wi-Fi,,fleet-enum-2026-08
StreamYard,video-hosting,,Stream Yard,low,The closed compound is a distinctive product name with little ordinary usage.,streamyard.com,,streamyard,fleet-enum-2026-08
StreamYard On-Air,webinars,,StreamYard webinar;StreamYard,low,The full branded product name is distinctive; casual users often shorten it to the parent platform name.,streamyard.com,,streamyard,fleet-enum-2026-08
Stride Game Engine,game-engines,,Stride;Stride3D;Xenko,low,"The full product name is unambiguous; Stride alone is common, while Xenko is its former name.",stride3d.net,,stride,fleet-enum-2026-08
StrongVPN,vpn,,Strong VPN,low,The closed-up canonical name is a recognizable VPN brand despite its descriptive components.,strongvpn.com,,,fleet-enum-2026-08
Stytch,identity,,Stytch Auth,low,Coined spelling makes the authentication service easy to distinguish.,stytch.com,,,fleet-enum-2026-08
Sublime Text,ides,,Sublime;ST;ST3;ST4,medium,"The complete two-word name is distinctive, though Sublime alone also names a band and is an adjective.",sublimetext.com,,st;sublime,fleet-enum-2026-08
Subsplash,nonprofit,,,low,Subsplash is a distinctive coined brand name.,subsplash.com,,,fleet-enum-2026-08
Substack,newsletters,,,low,Coined compound that is strongly associated with the publishing platform.,substack.com,,,fleet-enum-2026-08
Successware,field-service,,SuccessWare21;Successware21,low,Successware is a coined brand; its older SuccessWare21 name still appears in user discussions.,successware.com,,,fleet-enum-2026-08
Sudowrite,writing-assistants,,Sudo,low,The coined compound is unmistakable as the fiction-writing assistant.,sudowrite.com,,,fleet-enum-2026-08
SumatraPDF,pdf-tools,,Sumatra PDF;Sumatra,medium,"The fused canonical name is distinct, but Reddit often shortens it to Sumatra, which is a major island and coffee origin.",sumatrapdfreader.org,,sumatra,fleet-enum-2026-08
Sumo Logic,observability,,SumoLogic,low,The two-word combination is distinctive even though sumo and logic are ordinary terms separately.,sumologic.com,,,fleet-enum-2026-08
SumUp POS,pos,,SumUp;Sum Up;SumUp Point of Sale,low,The internal capital and POS suffix clearly identify the payments product.,sumup.com,,,fleet-enum-2026-08
Superblocks,internal-tools,,Super Blocks,high,The compound is brand-like in developer context but also names large urban blocks and blockchain or filesystem structures.,superblocks.com,Barcelona superblocks;urban superblocks;city superblocks;neighborhood superblocks;superblocks in cities;blockchain superblocks,,fleet-enum-2026-08
Supernormal,transcription,,Supernormal AI,high,"Supernormal is an established adjective used in psychology, economics, and casual claims of exceptional ability.",supernormal.com,supernormal stimulus;supernormal profits;supernormal growth;supernormal returns;supernormal ability;supernormal powers;supernormal performance,supernormal,fleet-enum-2026-08
SuperOps,rmm,,SuperOps.ai;Super Ops;Super-Ops;SuperOps RMM,medium,The fused SuperOps brand is distinctive even though users vary its spacing and punctuation.,superops.com,,,fleet-enum-2026-08
SuperTokens,identity,,Super Tokens;ST,medium,Distinctive compound name strongly tied to the authentication product.,supertokens.com,,st,fleet-enum-2026-08
Supremo Remote Desktop,remote-desktop,,Supremo;Supremo Control,low,The full product name is specific even though the Supremo shorthand can be a title or nickname.,supremocontrol.com,,,fleet-enum-2026-08
SureMDM,mdm,,Sure MDM;42Gears SureMDM;42Gears MDM,low,The fused SureMDM name is specific to the 42Gears product.,42gears.com,,,fleet-enum-2026-08
Surfer,seo-tools,,Surfer SEO;SurferSEO,high,Surfer is an ordinary noun and also appears in entertainment and game titles.,surferseo.com,pro surfer;surfer dude;silver surfer;subway surfer;surfer girl;surfer hair;surfer attacked;local surfer,surfer,fleet-enum-2026-08
Surfshark,vpn,,Surfshark VPN,medium,Surfshark is a distinctive coined brand with little ordinary-language collision.,surfshark.com,,,fleet-enum-2026-08
SurveyMonkey,survey-tools,,Survey Monkey,low,The compound brand name is distinctive even when users add a space.,surveymonkey.com,,,fleet-enum-2026-08
SurveySparrow,survey-tools,,Survey Sparrow,low,The full compound is distinctive despite containing two ordinary words.,surveysparrow.com,,,fleet-enum-2026-08
Survicate,survey-tools,,,low,The coined name is not used in ordinary English.,survicate.com,,,fleet-enum-2026-08
SwaggerHub,api-tools,,Swagger Hub,low,The fused name specifically identifies SmartBear's collaborative API design and documentation product.,swagger.io,,,fleet-enum-2026-08
Swoogo,event-management,,,low,A distinctive coined brand with negligible ordinary-language ambiguity.,swoogo.events,,,fleet-enum-2026-08
Sync.com,cloud-storage,,Sync dot com,low,Including the .com makes the otherwise generic word a distinctive service name.,sync.com,,,fleet-enum-2026-08
Syncro,rmm,,SyncroMSP;Syncro MSP;Syncro RMM,medium,The stylized Syncro spelling is a distinctive brand rather than the ordinary word synchro.,syncromsp.com,,,fleet-enum-2026-08
Synthesia,ai-video,,Synthesia AI,high,The unusual coined name is rarely used outside the avatar-video service.,synthesia.io,,,fleet-enum-2026-08
systeme.io,course-platforms,,Systeme;Systeme IO;SIO;System.io,low,The domain-form brand is distinctive despite frequent punctuation and spelling variants.,systeme.io,,,fleet-enum-2026-08
Tabnine,ai-coding,,Tabnine AI,low,Tabnine is a coined brand name with little ordinary-language collision.,tabnine.com,,,fleet-enum-2026-08
Tabs3,legal-practice,,Tabs 3;Tabs,low,The numeral-bearing name is distinctive; users sometimes shorten it to the more ambiguous Tabs.,tabs3.com,,,fleet-enum-2026-08
Tactical RMM,rmm,,TacticalRMM;TRMM;Tactical,low,"The full two-word product name is distinctive, although Tactical alone is ordinary language.",tacticalrmm.com,,tactical,fleet-enum-2026-08
Tactiq,transcription,,Tactiq AI,low,The coined q-ending spelling is distinctive and minimally confusable.,tactiq.io,,,fleet-enum-2026-08
Tailwind,social-media-management,,Tailwind App,high,The bare name is both an ordinary aerodynamics term and the name of a popular CSS framework.,tailwindapp.com,Tailwind CSS;tailwind classes;tailwind config;strong tailwind;cycling tailwind;aircraft tailwind;tailwind component;running with a tailwind,,fleet-enum-2026-08
TalentLMS,course-platforms,lms,Talent LMS;Talent,low,"The fused LMS brand is distinctive, though users sometimes shorten it to the ordinary word Talent.",talentlms.com,,talent,fleet-enum-2026-08
Tally,form-builders,survey-tools,Tally Forms;Tally.so;TallyForms,high,"Tally is a common noun and verb, so the bare name needs software or forms context.",tally.so,final tally;vote tally;running tally;keep a tally;tally up the score;tally marks;official tally;daily tally,tally,fleet-enum-2026-08
Tapstitch,print-on-demand,,Tap Stitch,medium,Distinctive compound name used for the apparel POD platform.,tapstitch.com,,,fleet-enum-2026-08
tawk.to,live-chat,,Tawk;Tawk to;Tawkto,low,"The dotted canonical name is unmistakable, although users frequently simplify it to Tawk.",tawk.to,,,fleet-enum-2026-08
TaxAct,tax-software,,Tax Act,medium,The fused spelling is a distinctive tax-software brand.,taxact.com,,,fleet-enum-2026-08
TaxSlayer,tax-software,,Tax Slayer,low,The compound name is distinctive and strongly associated with the filing service.,taxslayer.com,,,fleet-enum-2026-08
TaxWise,tax-software,,Tax Wise,medium,The fused name is a recognizable professional tax-software brand.,wolterskluwer.com,,,fleet-enum-2026-08
Teachable,course-platforms,lms,Teachable LMS,high,"Teachable is a common adjective, so the bare name frequently appears without referring to the platform.",,teachable moment;teachable skill;teachable subject;teachable children;teachable attitude;more teachable;easily teachable;remain teachable,teachable,fleet-enum-2026-08
TeamCity,ci-cd,,,low,TeamCity is a distinctive compound brand in developer discussions.,jetbrains.com,,,fleet-enum-2026-08
TeamViewer Remote,remote-desktop,,TeamViewer;Team Viewer;TV,low,The full product name and the TeamViewer shorthand are strongly associated with remote-access software.,teamviewer.com,,,fleet-enum-2026-08
Teedy,document-management,,Sismics Docs,high,Teedy is a coined name; Sismics Docs is its older name still seen in technical discussions.,teedy.io,,,fleet-enum-2026-08
teelaunch,print-on-demand,,Tee Launch,low,The compound name is strongly associated with the POD provider despite variable casing.,teelaunch.com,,,fleet-enum-2026-08
TeePublic,print-on-demand,,Tee Public,low,The compound is distinctive even though Reddit users vary its capitalization and spacing.,teepublic.com,,,fleet-enum-2026-08
Tekton,ci-cd,,Tekton Pipelines,high,Tekton is distinctive in software contexts and rarely appears as ordinary English.,tekton.dev,,,fleet-enum-2026-08
Tella,screen-recording,,,high,Tella is a distinctive brand in software contexts and has no common English meaning.,tella.com;tella.tv,,,fleet-enum-2026-08
Telnyx Messaging API,communication-apis,,Telnyx SMS API;Telnyx Messaging;Telnyx,low,Telnyx is a coined brand and the full Messaging API name is unambiguous.,telnyx.com,,,fleet-enum-2026-08
Tenant Turner,property-management,,TenantTurner;TT,medium,The full two-word brand is distinctive even though Turner is a common surname.,tenantturner.com,,tt,fleet-enum-2026-08
TenantCloud,property-management,,Tenant Cloud;TC,low,"A distinctive branded compound, with spacing and case variants common in Reddit comments.",tenantcloud.com,,,fleet-enum-2026-08
Tensor.Art,ai-image,,TensorArt;Tensor Art,medium,The dotted compound is a distinctive platform name despite tensor being a technical noun.,tensor.art,,,fleet-enum-2026-08
Teradata Cloud,data-warehouses,,Teradata VantageCloud;VantageCloud;Teradata Vantage;Vantage;Teradata,low,The current name is vendor-qualified and distinctive; VantageCloud is the former product name still common in discussions.,teradata.com,,vantage,fleet-enum-2026-08
Terraform,iac,,TF;tf,medium,The coined product name is unmistakable in normal Reddit usage.,terraform.io;hashicorp.com,,,fleet-enum-2026-08
Terragrunt,iac,,TG,low,"Terragrunt is a coined, highly recognizable Terraform-ecosystem name.",terragrunt.com,,,fleet-enum-2026-08
Tettra,wikis,,,low,Tettra is a distinctive coined spelling with little non-product usage.,tettra.com,,,fleet-enum-2026-08
Textbelt,communication-apis,,Textbelt SMS;Text Belt,low,Textbelt is a distinctive compound brand used for the service and its SMS API.,textbelt.com,,,fleet-enum-2026-08
Thinkific,course-platforms,lms,Thinkific Plus,low,Thinkific is a coined brand with no common ordinary-language meaning.,thinkific.com,,,fleet-enum-2026-08
Thought Industries,lms,,Thought Industries LMS;TI LMS,high,The two-word brand phrase is distinctive in learning-platform discussions.,thoughtindustries.com,,,fleet-enum-2026-08
Threadless,print-on-demand,,,medium,"Usually the art marketplace, but it is also an ordinary technical adjective in cycling and body jewelry.",threadless.com,threadless headset;threadless stem;threadless jewelry;threadless earrings;threadless labret;threadless piercing,threadless,fleet-enum-2026-08
ThreatLocker Protect,antivirus,,ThreatLocker;Threat Locker;TL,low,ThreatLocker is a distinctive compound brand with little accidental ordinary-language use.,threatlocker.com,,,fleet-enum-2026-08
Thunder Client,api-tools,,Thunderclient,medium,The two-word product name is strongly associated with the VS Code and JetBrains API client.,thunderclient.com,,,fleet-enum-2026-08
Thunkable,no-code,,,low,A coined product name that is unmistakable in casual discussion.,thunkable.com,,,fleet-enum-2026-08
Ticket Tailor,event-management,,TicketTailor;TT,medium,The full compound name is product-specific; TT is a common organizer shorthand but is ambiguous alone.,tickettailor.com,,tt,fleet-enum-2026-08
Ticketmaster,event-management,,Ticket Master;TM,low,The full brand is unmistakable; TM is common Reddit shorthand but is ambiguous outside ticket discussions.,ticketmaster.com,,,fleet-enum-2026-08
TicketSpice,event-management,,Ticket Spice,low,"The compound is product-specific, with occasional spacing variation in casual text.",ticketspice.com,,,fleet-enum-2026-08
TiDB,databases,,TiDB Cloud,low,A distinctive technical acronym with a DB suffix.,pingcap.com;tidbcloud.com,,,fleet-enum-2026-08
TiddlyWiki,wikis,,Tiddly Wiki;TW,low,The compound name is distinctive and overwhelmingly refers to the single-file personal wiki.,tiddlywiki.com,,,fleet-enum-2026-08
Tidio,live-chat,,Tidio Chat,low,Tidio is a coined brand name with little non-product usage.,tidio.com,,,fleet-enum-2026-08
TidyCal,scheduling,,Tidy Cal,low,A distinctive compound brand that is rarely used outside calendar-software references.,tidycal.com,,,fleet-enum-2026-08
Tilda,website-builders,,Tilda Publishing;Tilda.cc,high,"Tilda is a personal name, most prominently associated with actor Tilda Swinton outside web-design context.",tilda.cc,Tilda Swinton;Tilda actress;a girl named Tilda;Aunt Tilda;Tilda character;Tilda in the cast,tilda,fleet-enum-2026-08
Tiller,budgeting,,Tiller Money;Tiller Money Feeds,high,Tiller is an ordinary name for both a soil-working machine and a boat-steering lever.,tiller.com,garden tiller;rotary tiller;soil tiller;rear tine tiller;tiller attachment;boat tiller;tiller handle;rudder and tiller,tiller,fleet-enum-2026-08
Time Doctor,time-tracking,,TimeDoctor;TD,medium,The two-word name is distinctive in workforce and time-tracking discussions.,timedoctor.com,,,fleet-enum-2026-08
Time Matters,legal-practice,,TimeMatters,high,The exact product name is also a natural English phrase used widely outside software contexts.,lexisnexis.com,time matters when;every second of time matters;quality time matters;response time matters;screen time matters;what time matters;time matters more,,fleet-enum-2026-08
TimeCamp,time-tracking,,Time Camp,low,TimeCamp is a distinctive branded compound.,timecamp.com,,,fleet-enum-2026-08
Timely,time-tracking,,Timely app,high,Timely is an ordinary adjective used far more broadly than the product name.,timely.com,timely manner;timely response;timely fashion;timely reminder;timely intervention;timely delivery;timely update;timely notice;timely advice;timely payment,timely,fleet-enum-2026-08
TimescaleDB,databases,,Timescale,low,The canonical DB-suffixed name is distinctive in software discussions.,timescale.com,,,fleet-enum-2026-08
Tines,workflow-automation,,,high,"Tines is the ordinary plural for the prongs of forks, antlers, rakes, and pen nibs.",tines.com,fork tines;bent tines;fountain pen tines;antler tines;rake tines;tines are aligned;wide-set tines,,fleet-enum-2026-08
Tinkercad,cad,,Tinker Cad;TCAD,low,The coined compound is strongly associated with Autodesk's browser-based design tool.,tinkercad.com,,,fleet-enum-2026-08
Tipalti Expenses,expense-management,,Tipalti,low,"The Tipalti name is distinctive, and the plural suffix identifies its employee-expense product.",tipalti.com,,,fleet-enum-2026-08
Tithely Church Management,nonprofit,,Tithely;Tithe.ly;Breeze;Breeze ChMS,low,The full product name is distinctive; Breeze is the widely used former name and is much more ambiguous on its own.,tithe.ly;breezechms.com,,breeze,fleet-enum-2026-08
Tito,event-management,,Ti.to,high,Tito is a common personal name and nickname with several prominent people and brands sharing it.,ti.to,Tito's vodka;Tito Puente;Tito Ortiz;Tito Jackson;Uncle Tito;President Tito;Josip Broz Tito,,fleet-enum-2026-08
tl;dv,transcription,,tldv;TL:DV,low,Its unusual punctuation and letter sequence make the name highly distinctive.,tldv.io,,,fleet-enum-2026-08
tldraw,diagramming,,,low,A distinctive coined name closely tied to the canvas product and SDK.,tldraw.com;tldraw.dev,,,fleet-enum-2026-08
TMetric,time-tracking,,T Metric;T-Metric,low,TMetric is a distinctive branded construction.,tmetric.com,,,fleet-enum-2026-08
Toast,restaurant-pos,,Toast POS;ToastTab,high,"Toast is a market-leading restaurant platform, but its bare name is an everyday food and verb.",toasttab.com,avocado toast;French toast;burnt toast;wedding toast;raise a toast;toast notification;cinnamon toast;toast the bread,toast,fleet-enum-2026-08
toddle,no-code,,toddle.dev,high,"The maker styles it lowercase, but the bare word is also an ordinary verb.",toddle.dev,toddle off;toddle along;toddle over;toddle home;toddle down;toddle away,toddle,fleet-enum-2026-08
Toggl Track,time-tracking,,Toggl,low,The full product name and the clipped form Toggl are distinctive brand identifiers.,toggl.com,,,fleet-enum-2026-08
Tolgee,localization,,,low,Tolgee is a distinctive coined name for the developer-oriented localization platform.,tolgee.io,,,fleet-enum-2026-08
ToolJet,internal-tools,no-code,,low,The compound product name is distinctive despite its ordinary component words.,tooljet.ai,,,fleet-enum-2026-08
Topaz Photo,photo-editing,,Topaz Photo AI;Photo AI;TPAI;Topaz,medium,"The full name usually indicates software, but users often shorten it to the ordinary gemstone name Topaz.",topazlabs.com,topaz gemstone;blue topaz;white topaz;topaz ring;topaz necklace;topaz crystal,topaz,fleet-enum-2026-08
TorGuard VPN,vpn,,TorGuard;Tor Guard,low,"TorGuard is a distinctive compound brand, and the full name explicitly includes VPN.",torguard.net,,,fleet-enum-2026-08
TotalAV Total Security,antivirus,,TotalAV;Total AV;TotalAV Antivirus,low,The fused TotalAV mark is distinctive even though the tier descriptor is generic.,totalav.com,,,fleet-enum-2026-08
TouchBistro,restaurant-pos,,Touch Bistro;TBistro,low,TouchBistro is a coined restaurant-software brand with little non-product usage.,touchbistro.com,,,fleet-enum-2026-08
Tovuti LMS,lms,,Tovuti,low,Tovuti is a distinctive coined name and the LMS suffix removes any residual uncertainty.,tovutilms.com,,,fleet-enum-2026-08
TPOP,print-on-demand,,T-Pop,high,"In POD context it identifies the French platform, but the same letters are used for Thai pop music.",tpop.com,tpop music;tpop idol;tpop group;tpop artist;tpop festival;tpop awards,,fleet-enum-2026-08
TrackingTime,time-tracking,,Tracking Time,high,"Without brand styling, the name reads like the generic act of recording time.",trackingtime.co,,,fleet-enum-2026-08
TrackJS,error-tracking,,Track.js,low,The JS suffix makes the name unambiguous in developer conversation.,trackjs.com,,,fleet-enum-2026-08
Tradify,field-service,,,low,Tradify is a coined brand name with little ordinary-language collision.,tradifyhq.com,,,fleet-enum-2026-08
Trados Studio,localization,,Trados;SDL Trados;SDL Trados Studio;SDL Studio,low,The Trados name is distinctive; older SDL-branded forms remain common among professional translators.,trados.com,,,fleet-enum-2026-08
Transifex,localization,,,low,Transifex is a unique coined name strongly tied to its localization platform.,transifex.com,,,fleet-enum-2026-08
Transistor,podcast-hosting,,Transistor.fm,high,The bare name is the ordinary electronics component and often appears in hardware discussions.,transistor.fm,transistor radio;transistor amplifier;transistor circuit;transistor count;replace the transistor;bipolar transistor;field effect transistor,transistor,fleet-enum-2026-08
Traqq,time-tracking,,Traqq Time Tracker,low,The double-q spelling makes Traqq highly distinctive.,traqq.com,,,fleet-enum-2026-08
Travis CI,ci-cd,,Travis;TravisCI,low,The full name is unmistakable; only the common shorthand Travis is ambiguous.,travis-ci.com,,travis,fleet-enum-2026-08
Tray.ai,workflow-automation,,Tray.io;Tray,low,The .ai suffix makes the current canonical name specific; Tray alone is an ambiguous legacy shorthand.,tray.ai,,tray,fleet-enum-2026-08
Trend Vision One Endpoint Security,antivirus,,Trend Vision One;Vision One;Trend Micro Endpoint;TrendAI Vision One Endpoint Security,low,The complete platform-and-module name is specific; Vision One alone is less so.,trendmicro.com,,,fleet-enum-2026-08
Tresorit,cloud-storage,,,low,Tresorit is a distinctive invented brand name.,tresorit.com,,,fleet-enum-2026-08
Trilium Notes,wikis,,Trilium;TriliumNext;TriliumNext Notes;Trillium Notes,low,The full name is distinctive; TriliumNext is the community-project name frequently used by current users.,triliumnotes.org,,,fleet-enum-2026-08
Trimble ProjectSight,construction,,ProjectSight;Projectsight,low,"ProjectSight is a coined compound, and the Trimble-qualified name is unmistakable.",trimble.com,,,fleet-enum-2026-08
Trinka,writing-assistants,,Trinka AI,low,The uncommon coined name is strongly associated with the academic grammar tool.,trinka.ai,,,fleet-enum-2026-08
Trint,transcription,,,low,Trint is a distinctive coined product name without a common English meaning.,trint.com,,,fleet-enum-2026-08
Tungsten Power PDF,pdf-tools,,Power PDF;Kofax Power PDF;Nuance Power PDF,medium,"Tungsten disambiguates it, but users often use the generic-sounding Power PDF name or its former Kofax and Nuance names.",tungstenautomation.com,,,fleet-enum-2026-08
TunnelBear,vpn,,Tunnel Bear;TunnelBear VPN,medium,TunnelBear is a distinctive compound brand rather than a common phrase.,tunnelbear.com,,,fleet-enum-2026-08
TurboTax,tax-software,,Turbo Tax;TT,low,The fused brand name is highly distinctive; only the short alias TT is broadly ambiguous.,,,tt,fleet-enum-2026-08
TurboTenant,property-management,,Turbo Tenant;TT,low,A distinctive compound brand even when users insert a space.,turbotenant.com,,tt,fleet-enum-2026-08
Tuta Mail,email-providers,,Tuta;Tutanota;Tutanota Mail,low,"Tuta is a distinctive brand, with its former Tutanota name still common on Reddit.",tuta.com;tutanota.com,,,fleet-enum-2026-08
Twilio Programmable Messaging,communication-apis,,Twilio SMS;Twilio Messaging;Twilio,low,"The full product name is distinctive, while users commonly refer to the SMS API simply as Twilio.",twilio.com,,,fleet-enum-2026-08
Twilio SendGrid,communication-apis,,SendGrid;Send Grid,low,The full Twilio SendGrid name is distinctive; Reddit usually shortens it to SendGrid.,sendgrid.com;twilio.com,,,fleet-enum-2026-08
Twitch,video-hosting,,Twitch TV;twitch.tv,high,Twitch is also a common noun and verb for an involuntary movement.,twitch.tv,muscle twitch;eye twitch;eyelid twitch;leg twitch;facial twitch;twitch reflex;random twitching,twitch,fleet-enum-2026-08
Typeform,form-builders,survey-tools,,low,The coined brand name is unmistakable even when used without form-builder context.,typeform.com,,,fleet-enum-2026-08
Ubersuggest,seo-tools,,Uber Suggest,low,The compound coined name is strongly associated with the SEO service.,ubersuggest.com,,,fleet-enum-2026-08
Udemy,course-platforms,,,low,Distinctive coined marketplace name with negligible ordinary-language collision.,udemy.com,,,fleet-enum-2026-08
UI Bakery,internal-tools,,UIBakery,low,"The full two-word name is distinctive, with the closed-up form appearing frequently in casual comparisons.",uibakery.io,,,fleet-enum-2026-08
UiPath,workflow-automation,,UI Path,low,The camel-cased brand is distinctive even though users often vary its capitalization.,uipath.com,,,fleet-enum-2026-08
UltraTax CS,tax-software,,UltraTax;Ultra Tax;UT,low,The full name is unmistakable in software discussion; UT alone has many unrelated meanings.,tax.thomsonreuters.com,,,fleet-enum-2026-08
Umami,web-analytics,,Umami Analytics,high,Umami is the everyday culinary term for savory taste and needs software or web-traffic context.,umami.is,umami flavor;umami taste;umami seasoning;umami sauce;umami bomb;rich in umami;natural umami;savory umami,,fleet-enum-2026-08
UniFi Network,network-security,,UniFi;Unifi;Ubiquiti UniFi;UniFi Controller;UniFi Network Application,medium,"The UniFi-branded compound is distinctive, even though network by itself is generic.",ui.com,,,fleet-enum-2026-08
UniFi Talk,voip,,Ubiquiti Talk,low,The UniFi brand plus Talk clearly identifies Ubiquiti's phone system.,ui.com,,,fleet-enum-2026-08
Unity,game-engines,,Unity3D;Unity 3D,high,"Unity is a common abstract noun, so engine context is often necessary.",unity.com,unity and solidarity;show unity;national unity;party unity;sense of unity;call for unity;unity among workers;community unity,unity,fleet-enum-2026-08
Universe,event-management,,Universe Tickets;Universe ticketing,high,Universe is a very common English noun and entertainment-franchise term; ticketing context is usually required.,universe.com,observable universe;parallel universe;the entire universe;Marvel universe;DC universe;universe expansion;universe simulation;alternate universe,universe,fleet-enum-2026-08
Unleash,feature-flags,,Unleash OSS;getunleash,high,The bare name is a common English verb and needs software or feature-flag context.,getunleash.io,unleash the power;unleash your potential;unleash chaos;unleash hell;unleash creativity;unleash the beast;unleash an attack;unleash your imagination,unleash,fleet-enum-2026-08
Unleashed,inventory,,Unleashed Software,high,Unleashed is a common verb and adjective used broadly outside inventory-software discussions.,unleashedsoftware.com,unleashed the dog;unleashed on the world;unleashed his anger;unleashed her fury;chaos unleashed;power unleashed;hell unleashed,unleashed,fleet-enum-2026-08
Unreal Engine,game-engines,,Unreal;UE;UE4;UE5,low,The full product name is unmistakable even though the shorthand Unreal can be adjectival.,unrealengine.com,,unreal,fleet-enum-2026-08
UPDF,pdf-tools,,UPDF Editor,high,UPDF is a distinctive all-caps product name with little ordinary-language overlap.,updf.com,,,fleet-enum-2026-08
Uscreen,video-hosting,,,medium,Uscreen is a distinctive coined brand despite containing the word screen.,uscreen.tv,,,fleet-enum-2026-08
Userlike,live-chat,,,medium,The closed-up coined name is readily identifiable as the messaging product.,userlike.com,,,fleet-enum-2026-08
Usermaven,web-analytics,,User Maven,low,Usermaven is a distinctive compound brand; the spaced rendering is the main casual variant.,usermaven.com,,,fleet-enum-2026-08
Userpilot,product-analytics,,User Pilot,low,Userpilot is a distinctive closed-up software brand.,userpilot.com,,,fleet-enum-2026-08
UXCam,product-analytics,session-replay,UX Cam,low,UXCam is a distinctive product name strongly tied to mobile product analytics.,uxcam.com,,,fleet-enum-2026-08
UXWizz,session-replay,,UX Wizz,low,The UX-prefixed coined name is distinctive even when users insert a space.,uxwizz.com,,,fleet-enum-2026-08
v0,ai-coding,,v0.dev;Vercel v0;Vercel's v0,high,"v0 is also common shorthand for an initial software version, especially in technical Reddit threads.",v0.dev,v0 release;API v0;version v0;v0 prototype;schema v0;firmware v0;draft v0,,fleet-enum-2026-08
Vagaro,scheduling,,,low,A distinctive coined name with negligible non-product usage.,vagaro.com,,,fleet-enum-2026-08
Vagrant,iac,,HashiCorp Vagrant,high,Vagrant is an ordinary noun and adjective frequently used for people and wandering animals.,hashicorp.com,vagrant bird;vagrant animal;vagrant species;vagrant lifestyle;vagrant person;vagrant laws;vagrant population,vagrant,fleet-enum-2026-08
VdoCipher,video-hosting,,Vdo Cipher;VdoCipher DRM,low,The unusual spelling and compound make the brand readily identifiable.,vdocipher.com,,,fleet-enum-2026-08
Vectorworks Architect,cad,,Vectorworks;VectorWorks;VW;VW Architect,low,The full product name is specific; users often shorten it to the broader Vectorworks brand.,vectorworks.net,,,fleet-enum-2026-08
Veeqo,inventory,shipping,Amazon Veeqo,low,Veeqo is a coined brand name with no meaningful ordinary-English collision.,veeqo.com,,,fleet-enum-2026-08
Venice,ai-assistants,,Venice AI;Venice.ai,high,The bare name overwhelmingly also denotes the Italian city or the California neighborhood.,venice.ai,Venice Italy;Venice Beach;Venice canals;Venice Biennale;Venice Film Festival;trip to Venice;Venice flooding,venice,fleet-enum-2026-08
vFairs,event-management,,,low,"The unusual vFairs construction is distinctive, though users vary its capitalization.",vfairs.com,,,fleet-enum-2026-08
Vibe,ai-assistants,,Le Chat;le Chat;Mistral Le Chat;Mistral Chat,high,Vibe is an extremely common casual noun; Mistral renamed Le Chat to Vibe in 2026.,chat.mistral.ai;mistral.ai,good vibe;bad vibe;vibe check;the vibe was off;match the vibe;chill vibe;different vibe,,fleet-enum-2026-08
VictoriaMetrics,observability,,Victoria Metrics;VM;Victoria stack,low,The compound product name is distinctive despite the common first name Victoria.,victoriametrics.com,,,fleet-enum-2026-08
Vidu,ai-video,,Vidu AI;ViduAI,low,The coined name is distinctive in AI-video context despite an unrelated sales-video product using the same spelling.,vidu.com,,,fleet-enum-2026-08
Vidyard,video-hosting,,,low,Vidyard is a distinctive coined compound with negligible ordinary usage.,vidyard.com,,,fleet-enum-2026-08
Viggle,ai-video,,Viggle AI,medium,The coined name is distinctive in current AI character-video discussions.,viggle.ai,,,fleet-enum-2026-08
Vim,ides,,,medium,Vim also means energy or enthusiasm and is the name of a household-cleaning brand.,,vim and vigor;full of vim;Vim cleaner;Vim cream;Vim bathroom cleaner;Vim scouring powder,vim,fleet-enum-2026-08
Vimeo,video-hosting,,,low,Vimeo is a coined brand name with little non-product usage.,vimeo.com,,,fleet-enum-2026-08
Visme,presentations,,,low,Visme is a distinctive coined brand with little non-product usage.,visme.co,,,fleet-enum-2026-08
Vista Social,social-media-management,,Vista,low,"The full name is distinctive, although Reddit users commonly shorten it to Vista.",vistasocial.com,,vista,fleet-enum-2026-08
Visual Studio,ides,,VS;MSVS,medium,The two-word name is overwhelmingly associated with Microsoft's IDE in developer discussion.,visualstudio.microsoft.com,,,fleet-enum-2026-08
Visual Studio Code,ides,,VS Code;VSCode;vscode;VSC,low,The full product name and its familiar VS Code shorthand are strongly software-specific.,code.visualstudio.com,,,fleet-enum-2026-08
Voiceflow,live-chat,,Voice Flow,medium,"The closed-up name is product-specific, with camel-case and spaced variants common in casual writing.",voiceflow.com,,,fleet-enum-2026-08
VoIP.ms,voip,,VOIPms;VoIP ms,low,The punctuated name is a specific provider and is readily distinguished from generic VoIP.,voip.ms,,,fleet-enum-2026-08
Vonage Business Communications,voip,,Vonage Business;VBC;Vonage Business Cloud,low,The full suite name is specific and Vonage itself is a distinctive brand.,vonage.com,,,fleet-enum-2026-08
Vonage SMS API,communication-apis,,Vonage SMS;Vonage;Nexmo;Nexmo SMS,low,The current name is distinctive; Nexmo remains a frequent legacy name in code and Reddit comments.,vonage.com,,,fleet-enum-2026-08
VSCodium,ides,,Codium;VS Codium,low,The coined VS-prefixed name is specific to the telemetry-free VS Code build.,vscodium.com,,codium,fleet-enum-2026-08
Vultr,web-hosting,,,low,The deliberately altered spelling makes the brand unmistakable.,vultr.com,,,fleet-enum-2026-08
VWO,feature-flags,,Visual Website Optimizer,high,The acronym and its former expanded name are strongly tied to the testing platform.,vwo.com,,visual website optimizer;vwo,fleet-enum-2026-08
VWO Insights,session-replay,,VWO;Visual Website Optimizer,low,The VWO acronym and qualified Insights product name are distinctive in optimization discussions.,vwo.com,,visual website optimizer;vwo,fleet-enum-2026-08
VyOS,network-security,,Vyatta fork;VyOS router;VyOS firewall,low,VyOS is a distinctive coined name for the network operating system.,vyos.io,,,fleet-enum-2026-08
VyprVPN,vpn,,Vypr;Vypr VPN,low,Vypr is a coined spelling and the canonical name is VPN-specific.,vyprvpn.com,,,fleet-enum-2026-08
Walmart Fulfillment Services,shipping,,WFS;Walmart WFS,low,The Walmart-qualified full name is unmistakable; sellers commonly use WFS.,marketplace.walmart.com,,,fleet-enum-2026-08
Wappler,no-code,,,low,A distinctive coined name with negligible ordinary-language ambiguity.,wappler.io,,,fleet-enum-2026-08
WatchGuard Endpoint Security 360,antivirus,,WatchGuard EPDR;WG EPDR;WatchGuard Endpoint;EPDR,low,The full portfolio name is distinctive and includes the WatchGuard brand.,watchguard.com,,,fleet-enum-2026-08
WatchGuard Firebox,network-security,,WatchGuard;Watchguard;Firebox;WG firewall,low,The combined WatchGuard Firebox brand is unmistakable even though Firebox alone has a few unrelated uses.,watchguard.com,,firebox,fleet-enum-2026-08
Webex,video-conferencing,,Cisco Webex,low,A coined brand name with no meaningful ordinary-English collision.,webex.com,,webex,fleet-enum-2026-08
Webex Calling,voip,,Cisco Webex Calling;Webex,low,Webex is a coined brand and the Calling qualifier makes the product explicit.,webex.com,,webex,fleet-enum-2026-08
Webex Webinars,webinars,,Webex Events;Cisco Webex Webinar;WebEx webinar,low,The full webinar product name is distinctive despite casual references often collapsing it to Webex.,webex.com,,,fleet-enum-2026-08
WebinarGeek,webinars,,Webinar Geek,medium,The compound name is specific to the webinar service.,webinargeek.com,,,fleet-enum-2026-08
WebinarJam,webinars,,Webinar Jam,low,The compound name is specific to the webinar product.,webinarjam.com,,,fleet-enum-2026-08
WebinarNinja,webinars,,Webinar Ninja,medium,The distinctive compound points directly to the software.,webinarninja.com,,,fleet-enum-2026-08
Weblate,localization,,,low,Weblate is a distinctive coined brand for the continuous-localization system.,weblate.org,,,fleet-enum-2026-08
Webroot Business Endpoint Protection,antivirus,,Webroot;Webroot Endpoint;Webroot SecureAnywhere;WSA,low,Webroot is a recognizable coined brand and the business qualifier removes residual ambiguity.,webroot.com,,,fleet-enum-2026-08
WebStorm,ides,,,low,The compound brand is distinctive and rarely used outside the JetBrains product.,jetbrains.com,,,fleet-enum-2026-08
WebWork,time-tracking,,WebWork Time Tracker;WebWork Tracker,high,Case-insensitive text can blend the brand into generic references to work on the web.,webwork-tracker.com,,webwork,fleet-enum-2026-08
Weebly,website-builders,,,low,The coined brand name has no common ordinary-English sense.,weebly.com,,,fleet-enum-2026-08
Weglot,localization,,,low,Weglot is a distinctive coined name for the website translation service.,weglot.com,,,fleet-enum-2026-08
WeWeb,no-code,,,low,A distinctive repeated-word brand that is rarely used as ordinary prose.,weweb.io,,,fleet-enum-2026-08
Whereby Meetings,video-conferencing,,Whereby;appear.in,low,"The full product name is distinctive, though the common alias Whereby is an ordinary conjunction.",whereby.com,,whereby,fleet-enum-2026-08
Whimsical,diagramming,,,high,"The bare name is a common adjective used in art, design, and storytelling discussions.",whimsical.com,whimsical art;whimsical style;whimsical design;whimsical character;whimsical story;whimsical fantasy;whimsical vibe;whimsical illustration,whimsical,fleet-enum-2026-08
Whop,community-platforms,,Whop.com,medium,The short coined brand is distinctive despite resembling the uncommon verb whop.,whop.com,,whop,fleet-enum-2026-08
Whova,event-management,,Whova app,low,A distinctive coined name strongly associated with its event platform and attendee app.,whova.com,,,fleet-enum-2026-08
Wiki.js,wikis,,WikiJS;Wiki JS;wikijs,low,The .js suffix and common WikiJS spelling make the product readily identifiable.,js.wiki,,,fleet-enum-2026-08
Windmill,workflow-automation,,Windmill.dev;Windmill Labs,high,"Windmill is a common machine name and also appears in sports, exercise, and idiomatic contexts.",windmill.dev,Dutch windmill;windmill farm;old windmill;windmill blades;windmill dunk;windmill exercise;windmill pitching;tilting at windmills,windmill,fleet-enum-2026-08
Windscribe,vpn,,Windscribe VPN;Wind$cribe,low,Windscribe is a coined product name with no common ordinary-English use.,windscribe.com,,,fleet-enum-2026-08
Windsurf,ai-coding,,Windsurf AI;Windsurf Editor;Codeium;Codeium Windsurf,high,The bare name is the ordinary name of a water sport; Codeium remains a common legacy name on Reddit.,windsurf.com,windsurf board;windsurf sail;windsurf lesson;go windsurfing;windsurf gear;windsurf spot;learn to windsurf,codeium windsurf;windsurf;windsurf editor,fleet-enum-2026-08
Windsurf Editor,ides,,Windsurf;Codeium Windsurf,low,The Editor qualifier distinguishes the product from the water sport.,windsurf.com,,codeium windsurf;windsurf;windsurf editor,fleet-enum-2026-08
WireMock,api-tools,,Wire Mock,low,The fused compound is strongly associated with the HTTP API mocking and service-virtualization tool.,wiremock.org,,,fleet-enum-2026-08
Wistia,video-hosting,,,low,Wistia is a coined name that is highly specific to the product.,wistia.com,,,fleet-enum-2026-08
Wondershare DemoCreator,screen-recording,,DemoCreator,medium,The maker-qualified name is unmistakable; DemoCreator alone is the usual Reddit shorthand.,wondershare.com,,,fleet-enum-2026-08
Wondershare PDFelement,pdf-tools,,PDFelement;PDF Element;Wondershare PDF Element,low,PDFelement is a distinctive compound and remains identifiable without the maker name.,pdf.wondershare.com;wondershare.com,,,fleet-enum-2026-08
Woopra,product-analytics,,,low,Woopra is a unique coined name with negligible non-brand usage.,woopra.com,,,fleet-enum-2026-08
Wordfast Pro,localization,,Wordfast;WordFast;WFP;WordfastPro,low,Wordfast is a distinctive coined brand even when users omit the Pro suffix.,wordfast.com,,,fleet-enum-2026-08
WordPress.com,website-builders,,WP.com;WordPress dot com;hosted WordPress,low,The .com suffix clearly distinguishes the hosted service from self-hosted WordPress.,wordpress.com,,,fleet-enum-2026-08
Wordtune,writing-assistants,,,low,The closed-up coined name is readily identifiable as the product.,wordtune.com,,,fleet-enum-2026-08
Workato,workflow-automation,,,low,Workato is a coined name with no common ordinary-English use.,workato.com,,,fleet-enum-2026-08
Workiz,field-service,,,low,Workiz is a coined spelling and is rarely confusable outside product references.,workiz.com,,,fleet-enum-2026-08
WorkOS,identity,,Work OS;WorkOS AuthKit;AuthKit,medium,The capitalization and OS suffix form a distinctive developer-platform brand.,workos.com,,,fleet-enum-2026-08
Workspace ONE UEM,mdm,,Workspace ONE;WS1;AirWatch;VMware Workspace ONE,low,The styled full name is distinctive; AirWatch and VMware Workspace ONE are common legacy references.,omnissa.com,,,fleet-enum-2026-08
WP Engine,web-hosting,,WPEngine;WPE,medium,The WP-plus-Engine construction is strongly specific to the WordPress host.,wpengine.com,,,fleet-enum-2026-08
WPBakery Page Builder,website-builders,,WPBakery;WPB,low,The WPBakery brand and full product name are unique to the WordPress builder.,wpbakery.com,,,fleet-enum-2026-08
WPForms,form-builders,,WP Forms,low,The WP prefix and concatenated styling make the plugin name unmistakable.,wpforms.com,,,fleet-enum-2026-08
WPS Presentation,presentations,,WPS PPT;WPS Slides,low,The WPS acronym plus Presentation is a specific office-suite product name.,wps.com,,,fleet-enum-2026-08
WPS Spreadsheet,spreadsheets,,WPS Spreadsheets;WPS Sheets;WPS Excel;Kingsoft Spreadsheets,low,The WPS qualifier is distinctive and removes ambiguity from Spreadsheet.,wps.com,,,fleet-enum-2026-08
Writefull,writing-assistants,,Writeful;Writefull for Word;Writefull for Overleaf,low,The coined spelling distinguishes the academic writing assistant.,writefull.com,,,fleet-enum-2026-08
Writer,writing-assistants,,Writer.com;Writer AI,high,The bare product name is identical to the ordinary occupation.,writer.com,freelance writer;content writer;staff writer;technical writer;good writer;original writer;writer's block;writer strike;writer room,writer,fleet-enum-2026-08
Wufoo,form-builders,survey-tools,,low,The invented name is unmistakable; alternate internal capitalization remains common.,wufoo.com,,,fleet-enum-2026-08
Xcode,ides,,,low,Apple's coined product name is unmistakable in software discussion.,developer.apple.com,,,fleet-enum-2026-08
XenForo,community-platforms,,XF,low,The coined CamelCase name is strongly and uniquely associated with the forum product.,xenforo.com,,,fleet-enum-2026-08
Xmind,diagramming,,,low,The coined name is strongly associated with the mind-mapping product.,xmind.com,,,fleet-enum-2026-08
Xodo,pdf-tools,,Xodo PDF;Xodo Reader;Xodo PDF Reader,low,Xodo is a distinctive coined brand with negligible ordinary-language ambiguity.,xodo.com,,,fleet-enum-2026-08
Xodo Sign,esignature,,eversign;Eversign;XodoSign,medium,Xodo is distinctive; Eversign remains a common legacy name for the service.,xodo.com;eversign.com,,,fleet-enum-2026-08
XWiki,wikis,,X Wiki,low,XWiki is a distinctive wiki-platform name with little ordinary-language overlap.,xwiki.org,,,fleet-enum-2026-08
Yaak,api-tools,,,low,The unusual spelling is readily identifiable as the local-first API client in developer discussions.,,,,fleet-enum-2026-08
Yahoo Mail,email-providers,,Yahoo email;YMail,low,The full two-word product name is readily distinguished from other Yahoo services.,yahoo.com,,,fleet-enum-2026-08
Yandex Mail,email-providers,,Yandex.Mail;Yandex email;Yandex,low,The full name clearly denotes Yandex's email service.,yandex.com;yandex.ru,,,fleet-enum-2026-08
Yandex Metrica,web-analytics,,Yandex.Metrica;Metrica,low,"Yandex makes the product name distinctive, while Metrica alone can collide with names in other fields.",metrica.yandex.com,,,fleet-enum-2026-08
Yardi Breeze,property-management,,Breeze;YardiBreeze;Breeze Premier;Yardi Breeze Premier,low,Yardi makes the full product name unambiguous despite breeze being an ordinary word.,yardibreeze.com;yardi.com,,breeze,fleet-enum-2026-08
Yardi Voyager,property-management,,Voyager;Yardi;Yardi Voyager 8;Voyager 8,low,The full name is distinctive even though Voyager alone has several unrelated meanings.,yardi.com,,voyager,fleet-enum-2026-08
Yeastar P-Series Phone System,voip,,Yeastar P-Series;P-Series PBX;Yeastar P Series,low,The maker and series name together make this business phone product specific.,yeastar.com,,,fleet-enum-2026-08
yEd Graph Editor,diagramming,,yEd;yed,low,The full canonical name is specific to yWorks' diagram editor.,yworks.com,,yed,fleet-enum-2026-08
Yellowbrick Data Warehouse,data-warehouses,,Yellowbrick;Yellowbrick DW,low,"The full product name is specific, though Yellowbrick alone can evoke the ordinary phrase yellow brick.",yellowbrick.com,,,fleet-enum-2026-08
YNAB,budgeting,,You Need a Budget;You Need A Budget;nYNAB,low,The acronym and expanded name are strongly associated with the budgeting product.,ynab.com,,,fleet-enum-2026-08
Yoast SEO,seo-tools,,Yoast;Yoast plugin,low,The full plugin name and the Yoast shorthand are strongly brand-specific.,yoast.com,,,fleet-enum-2026-08
YouCanBookMe,scheduling,,YCBM;You Can Book Me,high,The concatenated product name and YCBM shorthand are distinctive in scheduling discussions.,youcanbook.me,,,fleet-enum-2026-08
Yousign,esignature,,You Sign,medium,The one-word branded form is distinctive even though spaced variants resemble a phrase.,yousign.com,,,fleet-enum-2026-08
YouTube,video-hosting,,YT,low,The distinctive compound brand and YT shorthand are rarely mistaken for ordinary language.,youtube.com;youtu.be,,,fleet-enum-2026-08
Zabbix,observability,,,low,Coined name that is closely tied to the monitoring product.,zabbix.com,,,fleet-enum-2026-08
Zapier,workflow-automation,,Zap;Zaps,low,The coined brand name is unmistakable; Zap and Zaps are product-specific shorthand in automation discussions.,zapier.com,,,fleet-enum-2026-08
Zazzle,print-on-demand,,,low,Coined marketplace name with negligible ordinary-language use.,zazzle.com,,,fleet-enum-2026-08
ZBrush,cad,,ZB;Z Brush,low,The coined name is strongly associated with the digital sculpting product.,maxon.net;zbrush.com,,,fleet-enum-2026-08
Zed,ides,,Zed Editor,high,Zed is the spoken name of the letter Z in many dialects and a League of Legends character.,zed.dev,letter zed;zed or zee;pronounced zed;call it zed;Zed main;Zed build;Zed skin,zed,fleet-enum-2026-08
Zeffy,nonprofit,,,low,Zeffy is a distinctive coined name.,zeffy.com,,,fleet-enum-2026-08
Zenarmor,network-security,,Sensei;Sunny Valley Sensei;Zenarmor for OPNsense,low,Zenarmor is a distinctive coined brand; Sensei is its former name and remains common in older threads.,zenarmor.com,,,fleet-enum-2026-08
Zenler,course-platforms,,New Zenler;NewZenler,low,Distinctive coined name; Reddit still commonly uses the older New Zenler styling.,newzenler.com,,,fleet-enum-2026-08
Zenoti,scheduling,,,low,A distinctive coined name with negligible ordinary-language use.,zenoti.com,,,fleet-enum-2026-08
ZeptoMail,communication-apis,,Zepto Mail;Zoho ZeptoMail,low,ZeptoMail is a distinctive Zoho product brand.,,,,fleet-enum-2026-08
Zight,screen-recording,,CloudApp,low,Zight is a coined name; CloudApp is the product's former name and remains widely used.,zight.com,,,fleet-enum-2026-08
ZITADEL,identity,,,low,Distinctive branded spelling; references nearly always mean the identity platform.,zitadel.com,,,fleet-enum-2026-08
Zoho Assist,remote-desktop,,ZohoAssist;Assist by Zoho,low,The Zoho qualifier clearly distinguishes the product from ordinary uses of assist.,zoho.com,,,fleet-enum-2026-08
Zoho Bookings,scheduling,,Zoho Booking,low,The Zoho house brand makes the product name unmistakable.,zoho.com,,,fleet-enum-2026-08
Zoho Books,invoicing,,,low,The Zoho brand makes the otherwise generic Books term product-specific.,zoho.com,,,fleet-enum-2026-08
Zoho Creator,no-code,,Creator,low,"The Zoho qualifier makes the canonical name unmistakable, though users sometimes shorten it.",zoho.com,,creator,fleet-enum-2026-08
Zoho Expense,expense-management,,Zoho Expenses,low,The Zoho prefix makes the product name unambiguous.,zoho.com,,,fleet-enum-2026-08
Zoho Forms,form-builders,,Zoho Form,low,The Zoho qualifier makes the form-builder product clear.,zoho.com,,,fleet-enum-2026-08
Zoho Inventory,inventory,,Zoho,low,Zoho is a distinctive coined brand; the shorthand may identify the broader suite but not ordinary English.,zoho.com,,zoho,fleet-enum-2026-08
Zoho Invoice,invoicing,,Zoho Invoices,low,The Zoho plus Invoice construction clearly identifies the dedicated invoicing product.,zoho.com,,,fleet-enum-2026-08
Zoho Mail,email-providers,,Zoho email;Zoho,low,The full name clearly identifies Zoho's email product.,zoho.com,,zoho,fleet-enum-2026-08
Zoho Meeting,video-conferencing,,Zoho Meetings,low,The coined Zoho prefix makes the product name unmistakable.,zoho.com;meeting.zoho.com,,,fleet-enum-2026-08
Zoho Sheet,spreadsheets,,Zoho Sheets,low,The Zoho qualifier makes the generic Sheet component name unambiguous.,zoho.com,,,fleet-enum-2026-08
Zoho Show,presentations,,,low,The Zoho qualifier disambiguates the generic word Show.,zoho.com,,,fleet-enum-2026-08
Zoho Sign,esignature,,ZohoSign,low,The Zoho qualifier makes the e-signature product unambiguous.,zoho.com,,,fleet-enum-2026-08
Zoho Social,social-media-management,,Zoho,low,The product name is unambiguous; Zoho alone can refer to the maker's broader suite.,zoho.com,,zoho,fleet-enum-2026-08
Zoho Survey,survey-tools,,Zoho Surveys,low,The Zoho qualifier makes the product name unmistakable.,survey.zoho.com,,,fleet-enum-2026-08
Zoho Webinar,webinars,,Zoho webinars;Zoho Meeting webinar,low,The Zoho brand plus Webinar clearly identifies the product.,zoho.com,,,fleet-enum-2026-08
Zoner Photo Studio X,photo-editing,,Zoner;ZPS;ZPS X;Photo Studio X,low,The full maker name is distinctive; Reddit users commonly shorten it to Zoner or ZPS.,zoner.com,,,fleet-enum-2026-08
Zscaler Internet Access,network-security,,ZIA;Zscaler;Zscaler firewall;Zscaler cloud firewall,low,The full Zscaler product name and its ZIA abbreviation are distinctive in IT discussions.,zscaler.com,,,fleet-enum-2026-08
Zuddl,event-management,,,low,A deliberately unusual spelling that is rarely confused with non-product text.,zuddl.com,,,fleet-enum-2026-08
Zuora,invoicing,,,low,Zuora is a distinctive coined name closely associated with subscription billing.,zuora.com,,,fleet-enum-2026-08
