brand,slug,primary_category_slug,also_in_category_slugs,ambiguity_class,surface_class,require_context,min_corroborating,domains,stop_contexts,ambiguity_note,source
Salesforce,salesforce,crm,,low,SAFE,False,0,salesforce.com;force.com,,,gazetteer
HubSpot,hubspot,crm,,low,SAFE,False,0,hubspot.com,,,gazetteer
Zoho CRM,zoho-crm,crm,,medium,AMBIGUOUS,True,1,crm.zoho.com;zoho.com/crm,,'Zoho' spans a large product suite; must resolve to product,gazetteer
monday CRM,monday-crm,crm,,high,HOSTILE,True,2,monday.com,on monday;next monday;last monday;this monday;every monday;monday morning;monday afternoon;monday night;monday evening;monday through friday;monday to friday;mon-fri;by monday;until monday;since monday;mondays;cyber monday;blue monday;monday night football;bank holiday monday;tuesday;wednesday;thursday;friday;saturday;sunday,'monday' is a common English weekday noun,gazetteer
Pipedrive,pipedrive,crm,,low,SAFE,False,0,pipedrive.com,,,gazetteer
Bitrix24,bitrix24,crm,,low,SAFE,False,0,bitrix24.com,,,gazetteer
NetSuite,netsuite,crm,erp,low,SAFE,False,0,netsuite.com,,,gazetteer
Close,close,crm,,high,HOSTILE,True,2,close.com;close.io,close the deal;closed won;closed lost;close rate;closing;close to;too close;so close;very close;pretty close;not close;close enough;close call;up close;close it;close out;close the ticket;close the tab;close the account;market close,'close' is an extremely common English verb and adjective,gazetteer
Freshsales,freshsales,crm,,medium,AMBIGUOUS,True,1,freshsales.io;freshworks.com/crm,,Freshworks family collides across products,gazetteer
monday.com,monday-com,project-management,,high,HOSTILE,True,2,monday.com,on monday;next monday;last monday;this monday;every monday;monday morning;monday through friday;mon-fri;mondays;cyber monday;tuesday;wednesday;thursday;friday,weekday noun,gazetteer
Asana,asana,project-management,,medium,AMBIGUOUS,True,1,asana.com,,also a yoga posture term; collides in wellness subs,gazetteer
Jira,jira,project-management,,low,SAFE,False,0,atlassian.com/software/jira,,,gazetteer
Wrike,wrike,project-management,,low,SAFE,False,0,wrike.com,,,gazetteer
Smartsheet,smartsheet,project-management,,low,SAFE,False,0,smartsheet.com,,,gazetteer
ClickUp,clickup,project-management,,low,SAFE,False,0,clickup.com,,,gazetteer
Trello,trello,project-management,,low,SAFE,False,0,trello.com,,,gazetteer
Basecamp,basecamp,project-management,,medium,AMBIGUOUS,True,1,basecamp.com,,common noun in outdoor/climbing contexts,gazetteer
Notion,notion,project-management,note-taking,high,HOSTILE,True,2,notion.so;notion.com,the notion that;notion of;no notion;any notion;notions;romantic notion;vague notion;preconceived notion,'notion' is a common English noun,gazetteer
Linear,linear,project-management,,high,HOSTILE,True,2,linear.app,linear regression;linear algebra;linear equation;linear time;linear model;linear scale;linear relationship;linearly;non-linear;nonlinear;linear fashion,'linear' is a common adjective; Wikidata has no entry for the issue tracker,gazetteer
Slack,slack,team-chat,,high,HOSTILE,True,2,slack.com,slack off;slacking;picked up the slack;pick up the slack;cut me some slack;cut some slack;slack in the rope;slack jaw,'slack' is a common English noun and adjective,gazetteer
Microsoft Teams,microsoft-teams,team-chat,,high,HOSTILE,True,2,teams.microsoft.com,,'Teams' collides with the plural noun,gazetteer
Confluence,confluence,team-chat,,high,HOSTILE,True,2,atlassian.com/software/confluence,,'confluence' is a common English noun,gazetteer
Miro,miro,team-chat,,medium,AMBIGUOUS,True,1,miro.com,,also a painter surname,gazetteer
Google Workspace,google-workspace,team-chat,,medium,AMBIGUOUS,True,1,workspace.google.com,,renamed product; legacy alias still dominant on Reddit,gazetteer
BambooHR,bamboohr,hr,,low,SAFE,False,0,bamboohr.com,,,gazetteer
Rippling,rippling,hr,,high,HOSTILE,True,2,rippling.com,rippling water;rippling muscles;rippling effect;rippling through;ripples,'rippling' is a common English present participle,gazetteer
Gusto,gusto,hr,,high,HOSTILE,True,2,gusto.com,with gusto;gusto for;ate with gusto,'gusto' is a common English noun,gazetteer
Workday,workday,hr,,high,HOSTILE,True,2,workday.com,long workday;the workday;during the workday;workdays;end of the workday;a workday,'workday' is a common English noun,gazetteer
HiBob,hibob,hr,,high,HOSTILE,True,2,hibob.com,hi bob;hey bob;bob's;bob said;uncle bob,alias 'Bob' is a given name,gazetteer
Paylocity,paylocity,hr,,low,SAFE,False,0,paylocity.com,,,gazetteer
Paycom,paycom,hr,,low,SAFE,False,0,paycom.com,,,gazetteer
Deel,deel,hr,,medium,AMBIGUOUS,True,1,deel.com,,near-homophone of 'deal'; frequent misspelling collisions,gazetteer
ADP,adp,hr,,medium,AMBIGUOUS,True,1,adp.com,,also an abbreviation in biochemistry (adenosine diphosphate),gazetteer
QuickBooks,quickbooks,accounting,,low,SAFE,False,0,quickbooks.intuit.com,,,gazetteer
Xero,xero,accounting,,medium,AMBIGUOUS,True,1,xero.com,,collides with 'Xerox' truncations and 'zero' misspellings,gazetteer
FreshBooks,freshbooks,accounting,,low,SAFE,False,0,freshbooks.com,,,gazetteer
Chargebee,chargebee,accounting,,low,SAFE,False,0,chargebee.com,,,gazetteer
Stripe,stripe,accounting,,high,HOSTILE,True,2,stripe.com,pinstripe;racing stripe;stripe of;stripes;striped,'stripe' is a common English noun,gazetteer
Bill.com,bill-com,accounting,,high,HOSTILE,True,2,bill.com,the bill;a bill;bills;bill for;electric bill;phone bill;bill of;billed;billing,'bill' is an extremely common English noun,gazetteer
Melio,melio,accounting,,low,SAFE,False,0,meliopayments.com,,,gazetteer
Ramp,ramp,accounting,,high,HOSTILE,True,2,ramp.com,on-ramp;off-ramp;ramp up;ramp down;ramping;wheelchair ramp;loading ramp;ramp period,'ramp' is a common English noun,gazetteer
Brex,brex,accounting,,low,SAFE,False,0,brex.com,,,gazetteer
HubSpot Marketing Hub,hubspot-marketing-hub,marketing-automation,,medium,AMBIGUOUS,True,1,hubspot.com/products/marketing,,company vs product ambiguity,gazetteer
Marketo Engage,marketo-engage,marketing-automation,,low,SAFE,False,0,marketo.com,,,gazetteer
ActiveCampaign,activecampaign,marketing-automation,,medium,AMBIGUOUS,True,1,activecampaign.com,,alias 'AC' collides with air conditioning,gazetteer
Klaviyo,klaviyo,marketing-automation,,low,SAFE,False,0,klaviyo.com,,,gazetteer
Mailchimp,mailchimp,email-marketing,,low,SAFE,False,0,mailchimp.com,,,gazetteer
Braze,braze,email-marketing,,medium,AMBIGUOUS,True,1,braze.com,,near-homophone of 'braise'/'brace',gazetteer
Constant Contact,constant-contact,email-marketing,,low,SAFE,False,0,constantcontact.com,,,gazetteer
Beehiiv,beehiiv,email-marketing,,low,SAFE,False,0,beehiiv.com,,,gazetteer
Figma,figma,design,,medium,AMBIGUOUS,True,1,figma.com,,r/figma is a Japanese action-figure sub; the design sub is r/FigmaDesign,gazetteer
Sketch,sketch,design,,high,HOSTILE,True,2,sketch.com,sketch out;sketchy;quick sketch;sketches;sketching;sketch comedy;rough sketch,'sketch' is a common English noun and verb,gazetteer
Adobe XD,adobe-xd,design,,high,HOSTILE,True,2,adobe.com/products/xd,,'XD' is a common emoticon,gazetteer
Canva,canva,design,,low,SAFE,False,0,canva.com,,,gazetteer
Framer,framer,design,,high,HOSTILE,True,2,framer.com,framer motion,'framer' is a common English occupational noun,gazetteer
Webflow,webflow,design,,low,SAFE,False,0,webflow.com,,,gazetteer
Bitwarden,bitwarden,password-managers,,low,SAFE,False,0,bitwarden.com,,,gazetteer
1Password,1password,password-managers,,low,SAFE,False,0,1password.com,,,gazetteer
LastPass,lastpass,password-managers,,low,SAFE,False,0,lastpass.com,,,gazetteer
Dashlane,dashlane,password-managers,,low,SAFE,False,0,dashlane.com,,,gazetteer
Proton Pass,proton-pass,password-managers,,low,SAFE,False,0,proton.me/pass,,,gazetteer
KeePass,keepass,password-managers,,low,SAFE,False,0,keepass.info,,,gazetteer
NordPass,nordpass,password-managers,,low,SAFE,False,0,nordpass.com,,,gazetteer
Obsidian,obsidian,note-taking,,high,HOSTILE,True,2,obsidian.md,,'obsidian' is a volcanic glass; frequent in geology and gaming subs,gazetteer
Evernote,evernote,note-taking,,low,SAFE,False,0,evernote.com,,,gazetteer
OneNote,onenote,note-taking,,low,SAFE,False,0,onenote.com,,,gazetteer
Logseq,logseq,note-taking,,low,SAFE,False,0,logseq.com,,,gazetteer
Anytype,anytype,note-taking,,low,SAFE,False,0,anytype.io,,,gazetteer
Roam Research,roam-research,note-taking,,high,HOSTILE,True,2,roamresearch.com,,'roam' is a common English verb,gazetteer
Craft,craft,note-taking,,high,HOSTILE,True,2,craft.do,craft beer;craft a;crafting;crafted;handcraft;witchcraft;aircraft;spacecraft;craftsmanship;crafts,'craft' is an extremely common English noun and verb,gazetteer
Zendesk,zendesk,help-desk,,low,SAFE,False,0,zendesk.com,,,gazetteer
Freshdesk,freshdesk,help-desk,,low,SAFE,False,0,freshdesk.com,,,gazetteer
Intercom,intercom,help-desk,,high,HOSTILE,True,2,intercom.com,,'intercom' is a common English noun for the hardware device,gazetteer
Front,front,help-desk,,high,HOSTILE,True,2,frontapp.com;front.com,in front;up front;front end;front-end;front of;storefront;front door;front page;front line;front desk;waterfront,'front' is an extremely common English noun,gazetteer
Help Scout,help-scout,help-desk,,medium,AMBIGUOUS,True,1,helpscout.com,,alias collides with the generic phrase,gazetteer
ServiceNow,servicenow,help-desk,,medium,AMBIGUOUS,True,1,servicenow.com,,alias 'SNOW' collides with weather,gazetteer
SAP,sap,erp,,medium,AMBIGUOUS,True,1,sap.com,,also a common English noun (tree sap) and slang,gazetteer
Odoo,odoo,erp,,low,SAFE,False,0,odoo.com,,,gazetteer
Sage Intacct,sage-intacct,erp,,high,HOSTILE,True,2,intacct.com,,"'Sage' is a herb, a colour and a given name",gazetteer
Microsoft Dynamics 365,microsoft-dynamics-365,erp,,medium,AMBIGUOUS,True,1,dynamics.microsoft.com,,,gazetteer
Acumatica,acumatica,erp,,low,SAFE,False,0,acumatica.com,,,gazetteer
Shopify,shopify,ecommerce,,low,SAFE,False,0,shopify.com,,,gazetteer
WooCommerce,woocommerce,ecommerce,,medium,AMBIGUOUS,True,1,woocommerce.com,,alias 'Woo' is an interjection,gazetteer
BigCommerce,bigcommerce,ecommerce,,low,SAFE,False,0,bigcommerce.com,,,gazetteer
Squarespace,squarespace,ecommerce,,low,SAFE,False,0,squarespace.com,,,gazetteer
Wix,wix,ecommerce,,low,SAFE,False,0,wix.com,,,gazetteer
Tableau,tableau,business-intelligence,,medium,AMBIGUOUS,True,1,tableau.com,,"French loanword, appears in art contexts",gazetteer
Power BI,power-bi,business-intelligence,,low,SAFE,False,0,powerbi.microsoft.com,,,gazetteer
Looker,looker,business-intelligence,,high,HOSTILE,True,2,looker.com,good looker;nice looker;lookers,'looker' is English slang for an attractive person,gazetteer
Qlik,qlik,business-intelligence,,low,SAFE,False,0,qlik.com,,,gazetteer
Amplitude,amplitude,business-intelligence,,high,HOSTILE,True,2,amplitude.com,amplitude of;wave amplitude;signal amplitude;peak amplitude,'amplitude' is a common physics and maths term,gazetteer
Mixpanel,mixpanel,business-intelligence,,low,SAFE,False,0,mixpanel.com,,,gazetteer
Segment,segment,business-intelligence,,high,HOSTILE,True,2,segment.com,customer segment;market segment;segment of;segments;segmentation;audience segment;user segment,'segment' is a common English noun and verb,gazetteer
Vercel,vercel,cloud-hosting,,low,SAFE,False,0,vercel.com,,Wikidata entry exists but carries no aliases,gazetteer
Netlify,netlify,cloud-hosting,,low,SAFE,False,0,netlify.com,,,gazetteer
Heroku,heroku,cloud-hosting,,low,SAFE,False,0,heroku.com,,,gazetteer
Render,render,cloud-hosting,,high,HOSTILE,True,2,render.com,render a;rendering;rendered;3d render;render farm;render time;render engine;renders,'render' is a common English verb,gazetteer
Railway,railway,cloud-hosting,,high,HOSTILE,True,2,railway.app;railway.com,railway station;railway line;railway company;railways;railway track;national railway,'railway' is a common English noun,gazetteer
Supabase,supabase,cloud-hosting,,low,SAFE,False,0,supabase.com,,,gazetteer
Loom,loom,video-editing,,high,HOSTILE,True,2,loom.com,,'loom' is a weaving device and a common verb,gazetteer
Descript,descript,video-editing,,high,HOSTILE,True,2,descript.com,,stem-matches 'description' in Reddit search,gazetteer
CapCut,capcut,video-editing,,low,SAFE,False,0,capcut.com,,,gazetteer
DaVinci Resolve,davinci-resolve,video-editing,,high,HOSTILE,True,2,blackmagicdesign.com/products/davinciresolve,,alias 'Resolve' is a common English verb,gazetteer
Final Cut Pro,final-cut-pro,video-editing,,low,SAFE,False,0,apple.com/final-cut-pro,,,gazetteer
Premiere Pro,premiere-pro,video-editing,,medium,AMBIGUOUS,True,1,adobe.com/products/premiere,,'premiere' is a common English noun,gazetteer
Motion,motion,video-editing,,high,HOSTILE,True,2,apple.com/final-cut-pro/motion,in motion;slow motion;motion blur;motion graphics;range of motion;motion sensor;motion to;motions;motion sickness,'motion' is an extremely common English noun,gazetteer
Greenhouse,greenhouse,recruiting,,high,HOSTILE,True,2,,greenhouse gas;greenhouse effect;greenhouse emissions;a greenhouse;greenhouses;greenhouse tomatoes,'greenhouse' is a common English noun,seed-brands
Lever,lever,recruiting,,high,HOSTILE,True,2,,lever to;leverage;leveraging;levers;pull the lever;lever arm,'lever' is a common English noun,seed-brands
Workable,workable,recruiting,,high,HOSTILE,True,2,,workable solution;workable plan;not workable;a workable;workable compromise,'workable' is a common English adjective,seed-brands
Ashby,ashby,recruiting,,medium,AMBIGUOUS,True,1,,,also a surname and an English place name,seed-brands
Recruitee,recruitee,recruiting,,low,SAFE,False,0,,,,seed-brands
SmartRecruiters,smartrecruiters,recruiting,,low,SAFE,False,0,,,,seed-brands
Lokala,lokala,recruiting,,low,SAFE,False,0,,,,seed-brands
Paychex,paychex,payroll,,low,SAFE,False,0,paychex.com,,,seed-brands
Justworks,justworks,payroll,,low,SAFE,False,0,justworks.com,,,seed-brands
Remote,remote,payroll,,high,HOSTILE,True,2,remote.com,remote work;remote job;remote team;remote first;fully remote;work remote;remote control;remote location;remotely;remote server,'remote' is an extremely common English word,seed-brands
OnPay,onpay,payroll,,medium,AMBIGUOUS,True,1,onpay.com,,'on pay' occurs as an ordinary phrase,seed-brands
Papaya Global,papaya-global,payroll,,medium,AMBIGUOUS,True,1,papayaglobal.com,papaya fruit;papaya salad;eat papaya,'papaya' is a common noun,seed-brands
DigitalOcean,digitalocean,cloud-hosting,,low,SAFE,False,0,digitalocean.com,,,seed-brands
Linode,linode,cloud-hosting,,low,SAFE,False,0,linode.com,,,seed-brands
Hetzner,hetzner,cloud-hosting,,low,SAFE,False,0,hetzner.com,,,seed-brands
Cloudflare,cloudflare,cloud-hosting,,low,SAFE,False,0,cloudflare.com,,,seed-brands
Fly.io,fly-io,cloud-hosting,,medium,AMBIGUOUS,True,1,fly.io,fly to;flying;fly out;fly by;fruit fly;on the fly,'fly' is a common English verb,seed-brands
Backblaze,backblaze,backup-storage,,low,SAFE,False,0,backblaze.com,,,seed-brands
Dropbox,dropbox,backup-storage,,low,SAFE,False,0,dropbox.com,,,seed-brands
Google Drive,google-drive,backup-storage,,medium,AMBIGUOUS,True,1,drive.google.com,,'Drive' alone is far too common to match,seed-brands
Synology,synology,backup-storage,,low,SAFE,False,0,synology.com,,,seed-brands
Veeam,veeam,backup-storage,,low,SAFE,False,0,veeam.com,,,seed-brands
pCloud,pcloud,backup-storage,,low,SAFE,False,0,pcloud.com,,,seed-brands
Wasabi,wasabi,backup-storage,,high,HOSTILE,True,2,wasabi.com,wasabi peas;wasabi sauce;soy and wasabi;wasabi paste,'wasabi' is a common food noun,seed-brands
PayPal,paypal,payment-processing,,low,SAFE,False,0,paypal.com,,,seed-brands
Square,square,payment-processing,,high,HOSTILE,True,2,squareup.com,square footage;square feet;square meter;square metre;town square;square one;fair and square;square root;square peg;square away;squares;times square,'square' is an extremely common English word,seed-brands
Adyen,adyen,payment-processing,,low,SAFE,False,0,adyen.com,,,seed-brands
Braintree,braintree,payment-processing,,medium,AMBIGUOUS,True,1,braintreepayments.com,,also a US place name,seed-brands
Mollie,mollie,payment-processing,,high,HOSTILE,True,2,mollie.com,mollie is;hi mollie;mollie's,'Mollie' is a common given name,seed-brands
Checkout.com,checkout-com,payment-processing,,medium,AMBIGUOUS,True,1,checkout.com,,'checkout' is ordinary commerce vocabulary,seed-brands
Attio,attio,crm,,low,SAFE,False,0,attio.com,,,seed-brands
Sage,sage,accounting,,high,HOSTILE,True,2,sage.com,sage advice;sage green;sage leaves;burning sage;sage brush;sagebrush;wise sage;sage and onion,'sage' is a herb and an adjective,seed-brands
Wave,wave,accounting,,high,HOSTILE,True,2,waveapps.com,wave of;new wave;heat wave;brain wave;sound wave;waves;wave goodbye;microwave;shockwave,'wave' is a common English word,seed-brands
ConvertKit,convertkit,email-marketing,,low,SAFE,False,0,convertkit.com;kit.com,,,seed-brands
Customer.io,customer-io,marketing-automation,,medium,AMBIGUOUS,True,1,customer.io,,reads as the ordinary phrase 'customer io',seed-brands
Metabase,metabase,business-intelligence,,low,SAFE,False,0,metabase.com,,,seed-brands
Discord,discord,team-chat,,high,HOSTILE,True,2,discord.com;discord.gg,discord between;sowing discord;sow discord;in discord;discord among;marital discord,"'discord' is a common English noun, and the app is named constantly outside software evaluation",seed-brands
Zoom,zoom,team-chat,,high,HOSTILE,True,2,zoom.us,zoom in;zoom out;zoomed;zooming;zoom lens;zoom level,'zoom' is a common English verb,seed-brands
Google Meet,google-meet,team-chat,,medium,AMBIGUOUS,True,1,meet.google.com,,'Meet' alone is far too common to match,seed-brands
1040.com,1040-com,tax-software,,low,SAFE,False,0,1040.com,,The .com suffix distinguishes the product from the generic IRS Form 1040 reference.,fleet-enum-2026-08
123 Reg,123-reg,domain-registrars,,medium,AMBIGUOUS,True,1,123-reg.co.uk,,The numeric brand and reg shorthand are distinctive in UK domain discussions.,fleet-enum-2026-08
360Learning,360learning,course-platforms,lms,low,SAFE,False,0,360learning.com,,The number-plus-word construction is strongly associated with the product.,fleet-enum-2026-08
3CX,3cx,voip,,low,SAFE,False,0,3cx.com,,The alphanumeric name is highly distinctive.,fleet-enum-2026-08
3ds Max,3ds-max,cad,,low,SAFE,False,0,autodesk.com,,"The full stylized name is unmistakable, though the casual alias Max is highly ambiguous.",fleet-enum-2026-08
7shifts,7shifts,restaurant-pos,,low,SAFE,False,0,7shifts.com,,The numeral-plus-word construction is strongly associated with the restaurant workforce platform.,fleet-enum-2026-08
8x8 Work,8x8-work,voip,,low,SAFE,False,0,8x8.com,,The full product name is distinctive even though 8x8 alone can describe a dimension.,fleet-enum-2026-08
AB Tasty,ab-tasty,feature-flags,,low,SAFE,False,0,abtasty.com,,The two-word brand is distinctive despite casual variation in slash and spacing.,fleet-enum-2026-08
ABBYY FineReader PDF,abbyy-finereader-pdf,pdf-tools,,low,SAFE,False,0,pdf.abbyy.com;abbyy.com,,"ABBYY and FineReader are both distinctive marks, so even the common shortened form is clear.",fleet-enum-2026-08
Absorb LMS,absorb-lms,lms,,low,SAFE,False,0,absorblms.com,,"The LMS suffix disambiguates the product, while Absorb alone is a common verb used as shorthand.",fleet-enum-2026-08
Acast,acast,podcast-hosting,,medium,AMBIGUOUS,True,1,acast.com,,The one-word coined brand is readily distinguishable from the ordinary phrase 'a cast.',fleet-enum-2026-08
ACDSee Photo Studio Ultimate,acdsee-photo-studio-ultimate,photo-editing,,low,SAFE,False,0,,,ACDSee is a distinctive legacy brand name even when users omit the edition wording.,fleet-enum-2026-08
Action!,action,screen-recording,,high,HOSTILE,True,2,mirillis.com,,"Action is an extremely common noun; the punctuation, Mirillis qualifier, or recording context is essential.",fleet-enum-2026-08
Action1,action1,rmm,,high,HOSTILE,True,2,action1.com,,The word-number construction is distinctive enough to identify the product in IT discussions.,fleet-enum-2026-08
Actionstep,actionstep,legal-practice,,high,HOSTILE,True,2,actionstep.com,,The joined compound is a distinctive product name.,fleet-enum-2026-08
ActiveAdmin,activeadmin,internal-tools,,medium,AMBIGUOUS,True,1,activeadmin.info,,The closed compound is recognizable as the Rails admin framework; AA is common shorthand within Rails threads.,fleet-enum-2026-08
Activepieces,activepieces,workflow-automation,,low,SAFE,False,0,activepieces.com,,The joined coined name is distinctive; AP is only useful as an alias when automation context is already present.,fleet-enum-2026-08
ActivityWatch,activitywatch,time-tracking,,medium,AMBIGUOUS,True,1,activitywatch.net,,The closed compound is a distinctive name in productivity-software contexts.,fleet-enum-2026-08
Actual Budget,actual-budget,budgeting,,high,HOSTILE,True,2,actualbudget.org,actual budget amount;actual budget numbers;actual budget deficit;actual budget was;actual budget compared;actual budget for the project;estimated and actual budget;actual budget breakdown,The canonical name is also a routine phrase for a real or finalized budget.,fleet-enum-2026-08
Acuity Scheduling,acuity-scheduling,scheduling,,low,SAFE,False,0,acuityscheduling.com,,"The full product name is specific, although users often shorten it to the more ambiguous Acuity.",fleet-enum-2026-08
Ada,ada,live-chat,,high,HOSTILE,True,2,ada.cx,ADA compliance;ADA accommodations;ADA accessible;Ada Lovelace;Ada programming language;Ada County;ADA bathroom,"Ada is both a common personal name and a major acronym, creating substantial noise outside customer-service context.",fleet-enum-2026-08
Adalo,adalo,no-code,,low,SAFE,False,0,adalo.com,,A distinctive coined product name with little ordinary-language collision.,fleet-enum-2026-08
Addigy,addigy,mdm,,low,SAFE,False,0,addigy.com,,Addigy is a coined name with little non-product use.,fleet-enum-2026-08
AdGuard VPN,adguard-vpn,vpn,,low,SAFE,False,0,adguard-vpn.com,,The AdGuard brand plus VPN uniquely identifies the product rather than the maker's ad blocker.,fleet-enum-2026-08
AdminJS,adminjs,internal-tools,,low,SAFE,False,0,adminjs.co,,"The admin-plus-JS construction is distinctive as a JavaScript product, with punctuation and spacing variants in comments.",fleet-enum-2026-08
Adobe Acrobat,adobe-acrobat,pdf-tools,,medium,AMBIGUOUS,True,1,adobe.com,,"The Adobe-qualified name is clear, but Reddit commonly shortens it to the ordinary performer noun Acrobat.",fleet-enum-2026-08
Adobe Acrobat Sign,adobe-acrobat-sign,esignature,,low,SAFE,False,0,adobe.com,,The Adobe and Acrobat qualifiers make the product name highly distinctive.,fleet-enum-2026-08
Adobe Analytics,adobe-analytics,product-analytics,web-analytics,low,SAFE,False,0,adobe.com,,"The full product name is unambiguous, while legacy names remain common among long-time users.",fleet-enum-2026-08
Adobe Connect,adobe-connect,video-conferencing,,low,SAFE,False,0,adobe.com,,"The Adobe-qualified name is unambiguous, though Reddit sometimes shortens it to Connect.",fleet-enum-2026-08
Adobe Firefly,adobe-firefly,ai-image,ai-video,low,SAFE,False,0,adobe.com,,The full two-word product name is unmistakable; the Firefly shorthand is more ambiguous.,fleet-enum-2026-08
Adobe Lightroom,adobe-lightroom,photo-editing,,low,SAFE,False,0,adobe.com,,"Lightroom is a distinctive coined product name, though Reddit users often blur the cloud app and Lightroom Classic.",fleet-enum-2026-08
Adobe Photoshop,adobe-photoshop,photo-editing,,low,SAFE,False,0,adobe.com,,The full product name is unmistakable; the PS abbreviation is only reliable in creative-software context.,fleet-enum-2026-08
Adobe Target,adobe-target,feature-flags,,low,SAFE,False,0,adobe.com,,"The Adobe qualifier makes the full product name clear, while users often shorten it to Target.",fleet-enum-2026-08
Affinity,affinity,photo-editing,,high,HOSTILE,True,2,affinity.studio,electron affinity;binding affinity;natural affinity;affinity for music;brand affinity;affinity group;affinity diagram;affinity chromatography,The current all-in-one app has a common English bare name; Affinity Photo is the widely used legacy name.,fleet-enum-2026-08
AfterShip,aftership,shipping,,medium,AMBIGUOUS,True,1,aftership.com,,The fused brand name is distinctive in shipment-tracking discussions.,fleet-enum-2026-08
Agorapulse,agorapulse,social-media-management,,low,SAFE,False,0,agorapulse.com,,The full coined name is distinctive; Agora is a common user shorthand.,fleet-enum-2026-08
Ahrefs,ahrefs,seo-tools,,low,SAFE,False,0,ahrefs.com,,The coined spelling is effectively unique to the SEO platform.,fleet-enum-2026-08
Aider,aider,ai-coding,,medium,AMBIGUOUS,True,1,aider.chat,aider and abettor;aiders and abettors;an aider in the crime;aider of the enemy;aider to the cause,"Aider is an English noun for someone who helps, though that ordinary usage is much rarer than the coding-tool usage in developer communities.",fleet-enum-2026-08
Airbase,airbase,expense-management,,high,HOSTILE,True,2,airbase.com,military airbase;secret airbase;abandoned airbase;Russian airbase;NATO airbase;airbase attack;airbase runway;near the airbase,Airbase is also an ordinary term for a military aviation facility.,fleet-enum-2026-08
Airbrake,airbrake,error-tracking,,high,HOSTILE,True,2,airbrake.io,,"The product spelling is fused, but the name is readily confused with ordinary discussion of pneumatic vehicle brakes.",fleet-enum-2026-08
Airbyte,airbyte,etl,,low,SAFE,False,0,airbyte.com,,Airbyte is a distinctive coined name with little non-product use.,fleet-enum-2026-08
Aircall,aircall,voip,,medium,AMBIGUOUS,True,1,aircall.io,,The closed compound is a recognizable brand with little ordinary bare-word use.,fleet-enum-2026-08
Airmeet,airmeet,webinars,,medium,AMBIGUOUS,True,1,airmeet.com,,Airmeet is a coined compound closely tied to the event platform.,fleet-enum-2026-08
airSlate SignNow,airslate-signnow,esignature,,low,SAFE,False,0,signnow.com,,"The full branded name is distinctive, while Reddit commonly shortens it to SignNow.",fleet-enum-2026-08
Airtable,airtable,spreadsheets,,low,SAFE,False,0,airtable.com,,Airtable is a distinctive coined compound with little ordinary-language collision.,fleet-enum-2026-08
AirVPN,airvpn,vpn,,low,SAFE,False,0,airvpn.org,,The canonical compound is VPN-specific; Air alone is merely a context-dependent shorthand.,fleet-enum-2026-08
Airwallex Expense Management,airwallex-expense-management,expense-management,,low,SAFE,False,0,airwallex.com,,The Airwallex brand is coined and the full module name is unambiguous.,fleet-enum-2026-08
Alchemer Survey,alchemer-survey,survey-tools,,low,SAFE,False,0,alchemer.com,,"Alchemer is a coined name, and SurveyGizmo is its well-known former name.",fleet-enum-2026-08
Alfresco,alfresco,document-management,,high,HOSTILE,True,2,hyland.com;alfresco.com,dining alfresco;eat alfresco;alfresco dining;alfresco lunch;alfresco terrace;alfresco area;alfresco seating;painted alfresco,Alfresco is also a common term for eating or spending time outdoors.,fleet-enum-2026-08
Alibre Design,alibre-design,cad,,low,SAFE,False,0,alibre.com,,The full product name is distinctive; its Alibre shorthand is also uncommon outside CAD.,fleet-enum-2026-08
All in One SEO,all-in-one-seo,seo-tools,,high,HOSTILE,True,2,aioseo.com,,The complete SEO plugin name is recognizable despite its descriptive wording.,fleet-enum-2026-08
Aloha Cloud,aloha-cloud,restaurant-pos,,high,HOSTILE,True,2,ncr.com;ncrvoyix.com,say aloha;aloha from Hawaii;aloha shirt;aloha spirit;aloha state;aloha festival;aloha beaches,"Aloha is heavily used for Hawaii, greetings, and culture outside POS discussions.",fleet-enum-2026-08
Amazon Aurora,amazon-aurora,databases,,high,HOSTILE,True,2,aws.amazon.com,,"Most users say Aurora, which also names a natural phenomenon, cities, people, characters, and other products.",fleet-enum-2026-08
Amazon CloudWatch,amazon-cloudwatch,observability,,low,SAFE,False,0,aws.amazon.com,,The Amazon-qualified name is unmistakable and CloudWatch is a recognizable coined service name.,fleet-enum-2026-08
Amazon Cognito,amazon-cognito,identity,,low,SAFE,False,0,aws.amazon.com,,The Amazon-qualified service name is unmistakable; Cognito alone is also mostly product-specific in tech contexts.,fleet-enum-2026-08
Amazon DynamoDB,amazon-dynamodb,databases,,low,SAFE,False,0,aws.amazon.com,,DynamoDB is distinctive; Dynamo is usually recognizable as its shorthand in developer threads.,fleet-enum-2026-08
Amazon Elastic Container Service,amazon-elastic-container-service,containers,,low,SAFE,False,0,aws.amazon.com,,The full AWS service name is unique; ECS can expand differently elsewhere but is clear in container discussions.,fleet-enum-2026-08
Amazon Elastic Kubernetes Service,amazon-elastic-kubernetes-service,containers,,low,SAFE,False,0,aws.amazon.com,,"The full AWS service name is unique, and its EKS shorthand is strongly technical.",fleet-enum-2026-08
Amazon Merch on Demand,amazon-merch-on-demand,print-on-demand,,low,SAFE,False,0,amazon.com,,The full product name is unambiguous even though some community abbreviations are broad.,fleet-enum-2026-08
Amazon Multichannel Fulfillment,amazon-multichannel-fulfillment,shipping,,low,SAFE,False,0,supplychain.amazon.com,,"The full Amazon-qualified name is specific, although users usually shorten it to MCF.",fleet-enum-2026-08
Amazon Q Developer,amazon-q-developer,ai-coding,,low,SAFE,False,0,aws.amazon.com,,The branded full name is specific; CodeWhisperer is the widely used former product name.,fleet-enum-2026-08
Amazon Redshift,amazon-redshift,data-warehouses,,low,SAFE,False,0,aws.amazon.com,,"The full product name is unmistakable, although the Redshift shorthand can refer to the astronomical phenomenon.",fleet-enum-2026-08
Amazon Route 53,amazon-route-53,domain-registrars,,low,SAFE,False,0,aws.amazon.com,,The numbered AWS product name is unmistakable in registrar discussions.,fleet-enum-2026-08
Amazon Simple Email Service,amazon-simple-email-service,communication-apis,,low,SAFE,False,0,aws.amazon.com,,"The expanded AWS product name is unambiguous, although the SES shorthand can have unrelated expansions.",fleet-enum-2026-08
Amp,amp,ai-coding,,high,HOSTILE,True,2,ampcode.com,guitar amp;bass amp;tube amp;headphone amp;amp settings;amp up;power amp;practice amp,Amp is a common abbreviation for amplifier and ampere and also appears as a verb phrase.,fleet-enum-2026-08
Android Studio,android-studio,ides,,medium,AMBIGUOUS,True,1,developer.android.com,,The Android qualifier makes the IDE name unambiguous.,fleet-enum-2026-08
AnswerThePublic,answerthepublic,seo-tools,,high,HOSTILE,True,2,answerthepublic.com,,The closed compound and its spaced forms are distinctive as a product name.,fleet-enum-2026-08
Antidote,antidote,writing-assistants,,high,HOSTILE,True,2,antidote.info,antidote to poison;no known antidote;find an antidote;administer the antidote;universal antidote;antidote for loneliness;perfect antidote,The product deliberately uses the ordinary word for a remedy or countermeasure.,fleet-enum-2026-08
AnyDesk,anydesk,remote-desktop,,low,SAFE,False,0,anydesk.com,,The fused brand name is distinctive even though its component words are ordinary.,fleet-enum-2026-08
AnyViewer,anyviewer,remote-desktop,,low,SAFE,False,0,anyviewer.com,,The fused spelling functions as a distinctive product brand.,fleet-enum-2026-08
AOL Mail,aol-mail,email-providers,,low,SAFE,False,0,aol.com,,AOL is a well-known initialism and the full product name is unmistakable.,fleet-enum-2026-08
Apache Airflow,apache-airflow,etl,,low,SAFE,False,0,airflow.apache.org,,"The Apache qualifier makes the canonical name unmistakable, though the shorthand is an ordinary compound word.",fleet-enum-2026-08
Apache Cassandra,apache-cassandra,databases,,high,HOSTILE,True,2,cassandra.apache.org,,"The Apache-qualified name is clear, but Reddit commonly uses Cassandra alone, also a person and fictional-character name.",fleet-enum-2026-08
Apache Doris,apache-doris,data-warehouses,,low,SAFE,False,0,doris.apache.org,,The Apache-qualified name clearly identifies the database; Doris alone is also a personal name.,fleet-enum-2026-08
Apache Guacamole,apache-guacamole,remote-desktop,,low,SAFE,False,0,guacamole.apache.org,,The Apache qualifier makes the project unmistakable despite food-related shorthand aliases.,fleet-enum-2026-08
Apache NetBeans,apache-netbeans,ides,,low,SAFE,False,0,netbeans.apache.org,,The Apache-qualified coined name is specific to the IDE.,fleet-enum-2026-08
Apache NiFi,apache-nifi,etl,,low,SAFE,False,0,nifi.apache.org,,The Apache-qualified product name and unusual NiFi spelling are highly distinctive.,fleet-enum-2026-08
Apache OpenOffice Calc,apache-openoffice-calc,spreadsheets,,low,SAFE,False,0,openoffice.org,,The full suite-qualified component name is highly specific.,fleet-enum-2026-08
API Dash,api-dash,api-tools,,medium,AMBIGUOUS,True,1,apidash.dev,,The full two-word name is specific enough to distinguish the cross-platform API client.,fleet-enum-2026-08
api.video,api-video,video-hosting,,low,SAFE,False,0,api.video,,The stylized dotted name is distinctive as a brand and domain.,fleet-enum-2026-08
Apidog,apidog,api-tools,,low,SAFE,False,0,apidog.com,,The API-plus-dog compound is recognizable as the API design and testing platform.,fleet-enum-2026-08
Apliiq,apliiq,print-on-demand,,low,SAFE,False,0,apliiq.com,,Unusual spelling makes the apparel POD brand unmistakable.,fleet-enum-2026-08
Aplos,aplos,nonprofit,,low,SAFE,False,0,aplos.com,,Aplos is a distinctive coined name in nonprofit and church accounting discussions.,fleet-enum-2026-08
AppDynamics,appdynamics,observability,,low,SAFE,False,0,appdynamics.com,,Coined compound name with strong association to the APM product.,fleet-enum-2026-08
AppFolio Property Manager,appfolio-property-manager,property-management,,low,SAFE,False,0,appfolio.com,,The full product name and its AppFolio shorthand are distinctive coined branding.,fleet-enum-2026-08
AppSheet,appsheet,no-code,,medium,AMBIGUOUS,True,1,appsheet.com,,The compound is product-specific even though its two component words are generic.,fleet-enum-2026-08
AppSignal,appsignal,error-tracking,,low,SAFE,False,0,appsignal.com,,The compound product name is distinctive even when Reddit users insert a space.,fleet-enum-2026-08
Appsmith,appsmith,internal-tools,no-code,medium,AMBIGUOUS,True,1,appsmith.com,,A distinctive coined compound with only a capitalization variant.,fleet-enum-2026-08
Arcads,arcads,ai-video,,medium,AMBIGUOUS,True,1,arcads.ai,,The unusual spelling is distinctive and normally refers to the AI UGC-ad platform.,fleet-enum-2026-08
Archdesk,archdesk,construction,,low,SAFE,False,0,archdesk.com,,The coined compound is distinctive despite occasional internal capitalization.,fleet-enum-2026-08
Archicad,archicad,cad,,low,SAFE,False,0,graphisoft.com,,A distinctive BIM product name; AC alone is ambiguous but is only an alias.,fleet-enum-2026-08
Argo CD,argo-cd,ci-cd,,low,SAFE,False,0,argoproj.github.io,,"The full two-part name is specific, although the shorthand Argo has other meanings.",fleet-enum-2026-08
Arista Edge Threat Management NG Firewall,arista-edge-threat-management-ng-firewall,network-security,,low,SAFE,False,0,edge.arista.com;arista.com,,The full current name is specific; most community discussion still uses the former Untangle branding.,fleet-enum-2026-08
Artbreeder,artbreeder,ai-image,,medium,AMBIGUOUS,True,1,artbreeder.com,,The coined compound is strongly associated with the collaborative AI image platform.,fleet-enum-2026-08
AskNicely,asknicely,survey-tools,,high,HOSTILE,True,2,asknicely.com,,"The closed compound is a brand, but its spaced form is a very common conversational phrase.",fleet-enum-2026-08
Astrill VPN,astrill-vpn,vpn,,low,SAFE,False,0,astrill.com,,"Astrill is a distinctive coined name, especially when paired with VPN.",fleet-enum-2026-08
Atera,atera,rmm,,medium,AMBIGUOUS,True,1,atera.com,,Atera is a coined product brand with little ordinary-language collision.,fleet-enum-2026-08
ATX,atx,tax-software,,high,HOSTILE,True,2,wolterskluwer.com,moving to ATX;living in ATX;ATX food scene;ATX weather;ATX nightlife;visiting ATX;ATX apartments;ATX music,"ATX is also extremely common Reddit shorthand for Austin, Texas, so tax context is essential.",fleet-enum-2026-08
Audioboom,audioboom,podcast-hosting,,low,SAFE,False,0,audioboom.com,,The compound is strongly associated with the service; aliases capture common capitalization and spacing.,fleet-enum-2026-08
Augment Code,augment-code,ai-coding,,low,SAFE,False,0,augmentcode.com,,"The full name is product-specific, while the frequent shorthand Augment is an ordinary English verb.",fleet-enum-2026-08
Ausha,ausha,podcast-hosting,,low,SAFE,False,0,ausha.co,,A distinctive invented brand name with little unrelated use.,fleet-enum-2026-08
Auth0,auth0,identity,,low,SAFE,False,0,auth0.com,,The digit-bearing coined name is highly distinctive in authentication discussions.,fleet-enum-2026-08
Authelia,authelia,identity,,low,SAFE,False,0,authelia.com,,Coined name with virtually no ordinary-English use.,fleet-enum-2026-08
authentik,authentik,identity,,low,SAFE,False,0,goauthentik.io,,The maker's stylized spelling distinguishes it from the ordinary adjective authentic.,fleet-enum-2026-08
AutoCAD,autocad,cad,,low,SAFE,False,0,autodesk.com,,A distinctive coined product name that is rarely used outside Autodesk CAD discussions.,fleet-enum-2026-08
Autodesk Fusion,autodesk-fusion,cad,,low,SAFE,False,0,autodesk.com,,"The full current name is distinctive, though the common alias Fusion is highly ambiguous.",fleet-enum-2026-08
Autodesk Inventor,autodesk-inventor,cad,,low,SAFE,False,0,autodesk.com,,The Autodesk-qualified product name is unambiguous; the common shorthand Inventor is not.,fleet-enum-2026-08
Automation 360,automation-360,workflow-automation,,medium,AMBIGUOUS,True,1,automationanywhere.com,,"The numbered product name is specific in software context, while the maker name is the more common Reddit surface form.",fleet-enum-2026-08
Automatisch,automatisch,workflow-automation,,medium,AMBIGUOUS,True,1,automatisch.io,,"Although it is the German word for automatic, it is distinctive in the predominantly English Reddit corpus.",fleet-enum-2026-08
Avail,avail,property-management,,high,HOSTILE,True,2,avail.co,to no avail;of no avail;without avail;little avail;avail yourself;efforts were of no avail;all to no avail,Avail is a common English verb and appears especially often in the idiom to no avail.,fleet-enum-2026-08
Avast Premium Security,avast-premium-security,antivirus,,low,SAFE,False,0,avast.com,,"Although avast is an archaic word, the full suite name is unmistakably software.",fleet-enum-2026-08
AVG Internet Security,avg-internet-security,antivirus,,low,SAFE,False,0,avg.com,,The uppercase AVG mark plus the suite descriptor is strongly product-specific.,fleet-enum-2026-08
Avira Prime,avira-prime,antivirus,,low,SAFE,False,0,avira.com,,"Avira is a distinctive coined brand, making the two-word product name clear.",fleet-enum-2026-08
Avo,avo,internal-tools,,high,HOSTILE,True,2,avohq.io,avo toast;smashed avo;ripe avo;cut an avo;half an avo;apply for an AVO;breach an AVO;interim AVO,The short name collides with avocado slang and the Australian abbreviation for an apprehended violence order.,fleet-enum-2026-08
Avoma,avoma,transcription,,low,SAFE,False,0,avoma.com,,Avoma is a coined brand name with little ordinary-language collision.,fleet-enum-2026-08
AWeber,aweber,newsletters,,low,SAFE,False,0,aweber.com,,Distinctive capitalization and surname-like construction make product references clear.,fleet-enum-2026-08
AWS Cloud Development Kit,aws-cloud-development-kit,iac,,low,SAFE,False,0,aws.amazon.com,,The full name is unambiguous; Reddit overwhelmingly uses AWS CDK or CDK.,fleet-enum-2026-08
AWS CloudFormation,aws-cloudformation,iac,,low,SAFE,False,0,aws.amazon.com,,The AWS-qualified name and the usual CloudFormation form are strongly product-specific.,fleet-enum-2026-08
AWS CodePipeline,aws-codepipeline,ci-cd,,low,SAFE,False,0,aws.amazon.com,,The AWS prefix and coined CodePipeline name uniquely identify the service.,fleet-enum-2026-08
AWS Glue,aws-glue,etl,,low,SAFE,False,0,aws.amazon.com,,"The AWS qualifier makes the canonical name unambiguous, although the shorthand Glue is an ordinary word.",fleet-enum-2026-08
AWS Network Firewall,aws-network-firewall,network-security,,low,SAFE,False,0,aws.amazon.com,,The AWS-qualified service name is specific even though Network Firewall alone is generic.,fleet-enum-2026-08
AWS Serverless Application Model,aws-serverless-application-model,iac,,low,SAFE,False,0,aws.amazon.com,,The full AWS product name is unmistakable even though the SAM abbreviation can be a person's name.,fleet-enum-2026-08
AWStats,awstats,web-analytics,,low,SAFE,False,0,awstats.org,,"AWStats is a distinctive long-running web log analytics product, with a predictable spaced variant.",fleet-enum-2026-08
AXS,axs,event-management,,high,HOSTILE,True,2,axs.com,AXS TV;AXS token;AXS coin;AXS price;AXS staking;Axie Infinity AXS,The acronym is distinctive in ticket threads but also names a TV network and the Axie Infinity crypto token.,fleet-enum-2026-08
Azure Data Factory,azure-data-factory,etl,,low,SAFE,False,0,azure.microsoft.com,,The full Microsoft product name is distinctive; ADF is the dominant Reddit shorthand.,fleet-enum-2026-08
Azure DevOps,azure-devops,code-hosting,,low,SAFE,False,0,dev.azure.com,,"The full two-word product name is specific, although users frequently retain its former names and abbreviations.",fleet-enum-2026-08
Azure Kubernetes Service,azure-kubernetes-service,containers,,low,SAFE,False,0,azure.microsoft.com,,"The full service name is unique, while AKS is strongly associated with Azure in software contexts.",fleet-enum-2026-08
Azure Monitor,azure-monitor,observability,,low,SAFE,False,0,azure.microsoft.com,,The two-word cloud service name is specific despite monitor being an ordinary noun.,fleet-enum-2026-08
Azure Pipelines,azure-pipelines,ci-cd,,low,SAFE,False,0,azure.microsoft.com;dev.azure.com,,The Azure name makes this specific despite pipelines being a generic noun.,fleet-enum-2026-08
Azure Resource Manager,azure-resource-manager,iac,,low,SAFE,False,0,azure.microsoft.com;learn.microsoft.com,,The Azure-qualified full name is distinctive despite the highly ambiguous ARM shorthand.,fleet-enum-2026-08
Azure Synapse Analytics,azure-synapse-analytics,data-warehouses,,low,SAFE,False,0,azure.microsoft.com,,The full Azure-qualified name is distinctive; the shorter Synapse alias is context-dependent.,fleet-enum-2026-08
Babylon.js,babylon-js,game-engines,,low,SAFE,False,0,babylonjs.com,,"The .js suffix separates the engine from historical, biblical, and fictional uses of Babylon.",fleet-enum-2026-08
Backtrace,backtrace,error-tracking,,high,HOSTILE,True,2,backtrace.io,read the backtrace;Ruby backtrace;Python backtrace;full backtrace;backtrace output;debug backtrace;exception backtrace,Backtrace is also a generic programming term used constantly when discussing stack traces and debugging.,fleet-enum-2026-08
Bamboo,bamboo,ci-cd,,high,HOSTILE,True,2,atlassian.com,bamboo plant;bamboo shoots;bamboo forest;bamboo flooring;bamboo cutting board;bamboo sheets;bamboo furniture;bamboo toothbrush,The bare name is the everyday word for a plant and many bamboo-made products.,fleet-enum-2026-08
Bandicam,bandicam,screen-recording,,low,SAFE,False,0,bandicam.com,,Bandicam is an unmistakable coined software name.,fleet-enum-2026-08
Bandwidth Messaging API,bandwidth-messaging-api,communication-apis,,low,SAFE,False,0,bandwidth.com,,The full product name is specific even though the shortened alias Bandwidth is a common networking term.,fleet-enum-2026-08
Banktivity,banktivity,budgeting,,low,SAFE,False,0,banktivity.com,,Banktivity is a coined brand; iBank is its former product name.,fleet-enum-2026-08
Bardeen,bardeen,workflow-automation,,medium,AMBIGUOUS,True,1,bardeen.ai,,Bardeen is an uncommon proper name and is usually the automation product in software discussions.,fleet-enum-2026-08
Barracuda CloudGen Firewall,barracuda-cloudgen-firewall,network-security,,low,SAFE,False,0,barracuda.com,,The branded compound clearly denotes Barracuda's firewall product rather than the fish.,fleet-enum-2026-08
Barracuda RMM,barracuda-rmm,rmm,,low,SAFE,False,0,barracudamsp.com,,The RMM qualifier makes the product distinct from the fish and Barracuda's many other products.,fleet-enum-2026-08
Base44,base44,no-code,,medium,AMBIGUOUS,True,1,base44.com,,The alphanumeric brand is distinctive and rarely collides with ordinary language.,fleet-enum-2026-08
Baselane,baselane,property-management,,low,SAFE,False,0,baselane.com,,"The brand is distinctive, though users sometimes mistype it as the ordinary word baseline.",fleet-enum-2026-08
BBEdit,bbedit,ides,,low,SAFE,False,0,barebones.com,,The compact coined name is specific to Bare Bones Software's editor.,fleet-enum-2026-08
Beautiful.ai,beautiful-ai,presentations,,low,SAFE,False,0,beautiful.ai,,The .ai styling or joined AI form makes the product readily identifiable.,fleet-enum-2026-08
Beaver Builder,beaver-builder,website-builders,,low,SAFE,False,0,wpbeaverbuilder.com,,The full two-word product name is distinctive even though its shorthand is ambiguous.,fleet-enum-2026-08
Better Stack,better-stack,observability,,medium,AMBIGUOUS,True,1,betterstack.com,build a better stack;find a better stack;choose a better stack;use a better stack;is there a better stack;recommend a better stack,The brand is also a natural comparative phrase in software and other stack-related discussions.,fleet-enum-2026-08
Bettermode,bettermode,community-platforms,,low,SAFE,False,0,bettermode.com,,The coined name is distinctive; Tribe is its former name and is more ambiguous than the current brand.,fleet-enum-2026-08
Bevy,bevy,game-engines,,high,HOSTILE,True,2,bevy.org,bevy of beauties;bevy of options;bevy of features;bevy of stars;bevy of birds;bevy of choices;bevy of tools,Bevy is an ordinary collective noun and also appears in names unrelated to the Rust engine.,fleet-enum-2026-08
BeyondTrust Remote Support,beyondtrust-remote-support,remote-desktop,,low,SAFE,False,0,beyondtrust.com,,The vendor-qualified product name is unambiguous; Bomgar is its widely used former name.,fleet-enum-2026-08
Bicep,bicep,iac,,high,HOSTILE,True,2,learn.microsoft.com,bicep curl;bicep workout;torn bicep;bicep pain;bicep tendon;flex your bicep;left bicep;bicep tattoo,Bicep is also the ordinary name of an arm muscle and is common in fitness and injury discussions.,fleet-enum-2026-08
BigBlueButton,bigbluebutton,video-conferencing,,low,SAFE,False,0,bigbluebutton.org,,The concatenated three-word brand is distinctive despite its descriptive components.,fleet-enum-2026-08
BigMarker,bigmarker,webinars,,high,HOSTILE,True,2,bigmarker.com,,"Although composed of common words, the closed compound is distinctive as a software brand.",fleet-enum-2026-08
BigQuery,bigquery,data-warehouses,,low,SAFE,False,0,cloud.google.com,,The coined compound is strongly associated with Google's data warehouse.,fleet-enum-2026-08
Bing Webmaster Tools,bing-webmaster-tools,seo-tools,,low,SAFE,False,0,bing.com,,The Bing-qualified product name is unmistakable.,fleet-enum-2026-08
Bird,bird,communication-apis,,high,HOSTILE,True,2,bird.com,bird watching;bird feeder;bird flu;pet bird;bird species;bird nest;early bird;bird migration;bird of prey;baby bird,Bird is an extremely common animal word; the former MessageBird name is much less ambiguous and remains widely used.,fleet-enum-2026-08
Bitbucket,bitbucket,code-hosting,,medium,AMBIGUOUS,True,1,bitbucket.org,,The compound name is distinctive and overwhelmingly refers to Atlassian's code-hosting product.,fleet-enum-2026-08
Bitbucket Pipelines,bitbucket-pipelines,ci-cd,,low,SAFE,False,0,bitbucket.org,,The Bitbucket brand makes the full product name unambiguous.,fleet-enum-2026-08
Bitdefender GravityZone Business Security,bitdefender-gravityzone-business-security,antivirus,,low,SAFE,False,0,bitdefender.com,,The full business-suite name and the coined GravityZone mark are highly distinctive.,fleet-enum-2026-08
Bitdefender Total Security,bitdefender-total-security,antivirus,,low,SAFE,False,0,bitdefender.com,,The Bitdefender brand makes an otherwise generic suite descriptor unmistakable.,fleet-enum-2026-08
bitfarm-Archiv,bitfarm-archiv,document-management,,low,SAFE,False,0,bitfarm-archiv.de,,The hyphenated German product name is highly distinctive.,fleet-enum-2026-08
Bizzabo,bizzabo,event-management,,low,SAFE,False,0,bizzabo.com,,A highly distinctive coined brand with little non-product collision.,fleet-enum-2026-08
Blackbaud Raiser’s Edge NXT,blackbaud-raiser-s-edge-nxt,nonprofit,,low,SAFE,False,0,blackbaud.com,,The full branded name is unmistakable despite the very short RE abbreviation.,fleet-enum-2026-08
BlackBerry UEM,blackberry-uem,mdm,,low,SAFE,False,0,blackberry.com,,The BlackBerry qualifier makes the UEM product unmistakable.,fleet-enum-2026-08
Blackboard LMS,blackboard-lms,lms,,low,SAFE,False,0,blackboard.com,,"The LMS-qualified product name is clear, though Blackboard alone is also a common classroom object.",fleet-enum-2026-08
Blender,blender,cad,,high,HOSTILE,True,2,blender.org,immersion blender;kitchen blender;blender bottle;smoothie blender;Ninja blender;Vitamix blender;blender stopped working,"Blender is an everyday appliance name, so 3D, rendering, animation, or version context is important.",fleet-enum-2026-08
BlockSurvey,blocksurvey,survey-tools,,low,SAFE,False,0,blocksurvey.io,,The compound is distinctive in software and privacy-survey discussions.,fleet-enum-2026-08
Bloomerang,bloomerang,nonprofit,,low,SAFE,False,0,bloomerang.co,,Bloomerang is a distinctive coined product name.,fleet-enum-2026-08
Blubrry,blubrry,podcast-hosting,,low,SAFE,False,0,blubrry.com,,Its deliberately shortened spelling is distinctive; Blueberry is a frequent phonetic misspelling.,fleet-enum-2026-08
Bluebeam Revu,bluebeam-revu,pdf-tools,,low,SAFE,False,0,bluebeam.com,,"Bluebeam and the stylized Revu name are distinctive, especially in construction-document discussions.",fleet-enum-2026-08
Bluehost,bluehost,web-hosting,,low,SAFE,False,0,bluehost.com,,The compound name is strongly associated with the hosting provider.,fleet-enum-2026-08
Blueink,blueink,esignature,,high,HOSTILE,True,2,blueink.com,,The closed-compound spelling is a distinctive e-signature brand.,fleet-enum-2026-08
BoldSign,boldsign,esignature,,medium,AMBIGUOUS,True,1,boldsign.com,,BoldSign is a distinctive closed-compound product name.,fleet-enum-2026-08
Bolt,bolt,ai-coding,,high,HOSTILE,True,2,bolt.new,lightning bolt;bolt action;bolt cutters;door bolt;bolt pattern;bolt of fabric;Usain Bolt;bolt upright,"Bolt is a very common noun, verb, surname, and athlete's name; the .new form sharply reduces ambiguity.",fleet-enum-2026-08
Bolt.new,bolt-new,no-code,,low,SAFE,False,0,bolt.new,,"The canonical dot-new form is distinctive, although the shortened alias Bolt is highly ambiguous.",fleet-enum-2026-08
Bonsai,bonsai,invoicing,,high,HOSTILE,True,2,hellobonsai.com,bonsai tree;bonsai soil;bonsai pot;bonsai pruning;bonsai garden;bonsai leaves;bonsai seeds;bonsai collection,The bare name commonly refers to miniature trees and the hobby of cultivating them.,fleet-enum-2026-08
Bonterra EveryAction,bonterra-everyaction,nonprofit,,low,SAFE,False,0,bonterratech.com,,The Bonterra-qualified canonical name is distinctive; users commonly retain the shorter legacy-facing EveryAction name.,fleet-enum-2026-08
BookStack,bookstack,wikis,,medium,AMBIGUOUS,True,1,bookstackapp.com,,"The fused, capitalized name is distinctive even though the spaced phrase 'book stack' has an ordinary meaning.",fleet-enum-2026-08
Booksy,booksy,scheduling,,medium,AMBIGUOUS,True,1,booksy.com,,A distinctive coined name strongly tied to the beauty and wellness booking marketplace.,fleet-enum-2026-08
Boomi Enterprise Platform,boomi-enterprise-platform,workflow-automation,,low,SAFE,False,0,boomi.com,,The full platform name is unmistakable; Reddit users overwhelmingly shorten it to Boomi or use older branding.,fleet-enum-2026-08
Botpress,botpress,live-chat,,low,SAFE,False,0,botpress.com,,Botpress is a distinctive compound; older camel-case styling remains common among developers.,fleet-enum-2026-08
Boulevard,boulevard,scheduling,,high,HOSTILE,True,2,joinblvd.com,Sunset Boulevard;Hollywood Boulevard;on the boulevard;down the boulevard;boulevard traffic;boulevard street;boulevard of broken dreams;tree-lined boulevard,"Boulevard is a common street type and occurs frequently in road names, addresses, and titles.",fleet-enum-2026-08
Box,box,cloud-storage,document-management,high,HOSTILE,True,2,box.com,cardboard box;in the box;out of the box;check the box;loot box;mail box;box office;boxing match,"Box is an extremely common noun and verb, so product context is essential.",fleet-enum-2026-08
Brandwatch,brandwatch,social-media-management,,medium,AMBIGUOUS,True,1,brandwatch.com,,The closed compound is a well-established product brand and rarely an ordinary phrase.,fleet-enum-2026-08
Brave Leo AI,brave-leo-ai,ai-assistants,,low,SAFE,False,0,brave.com,,"The full canonical name is specific, though Reddit often shortens it to the highly ambiguous Leo.",fleet-enum-2026-08
Brave Talk,brave-talk,video-conferencing,,medium,AMBIGUOUS,True,1,talk.brave.com;brave.com,brave enough to talk;brave talk from a keyboard;all that brave talk;talk about being brave;brave people speaking up;a brave conversation,Both words are common and the phrase can describe courageous speech without referring to the service.,fleet-enum-2026-08
Breakdance,breakdance,website-builders,,high,HOSTILE,True,2,breakdance.com,breakdance battle;breakdance moves;learn breakdance;Olympic breakdance;breakdance class;breakdance competition,The bare name is the common name of a dance style as well as the WordPress builder.,fleet-enum-2026-08
Brevo,brevo,communication-apis,newsletters,medium,AMBIGUOUS,True,1,brevo.com,,Brevo is distinctive; the main matching issue is continued use of its former name Sendinblue.,fleet-enum-2026-08
Bricks,bricks,website-builders,,high,HOSTILE,True,2,bricksbuilder.io,LEGO bricks;clay bricks;laying bricks;bricks and mortar;glass bricks;gold bricks;paving bricks,"Bricks is a common plural noun, so WordPress or website-building context is essential.",fleet-enum-2026-08
BricsCAD,bricscad,cad,,low,SAFE,False,0,bricsys.com,,A distinctive coined CAD brand with minimal non-product usage.,fleet-enum-2026-08
Brightcove,brightcove,video-hosting,,medium,AMBIGUOUS,True,1,brightcove.com,,Brightcove is a distinctive compound overwhelmingly used for the video platform.,fleet-enum-2026-08
Brightpearl,brightpearl,inventory,,low,SAFE,False,0,brightpearl.com,,"Brightpearl is a distinctive compound brand; BP is ambiguous, but the bare canonical name is not.",fleet-enum-2026-08
Browsee,browsee,session-replay,,low,SAFE,False,0,browsee.io,,The coined spelling distinguishes the product from the ordinary verb browse.,fleet-enum-2026-08
Bruno,bruno,api-tools,,high,HOSTILE,True,2,usebruno.com,Bruno Mars;Bruno Fernandes;Bruno Guimaraes;my dog Bruno;named Bruno;Bruno Madrigal;Uncle Bruno,"Bruno is a common personal and pet name, despite being distinctive in API-client conversations.",fleet-enum-2026-08
Bubble,bubble,no-code,,high,HOSTILE,True,2,bubble.io,bubble bath;speech bubble;housing bubble;filter bubble;bubble tea;bubble wrap;burst the bubble;bubble sort,A very common noun and verb; app-building context or the .io form is usually needed.,fleet-enum-2026-08
Buddy,buddy,ci-cd,,high,HOSTILE,True,2,buddy.works,my buddy;best buddy;buddy system;drinking buddy;study buddy;buddy cop;little buddy;old buddy,Buddy is an extremely common informal word for a friend or partner.,fleet-enum-2026-08
BuddyBoss,buddyboss,community-platforms,,low,SAFE,False,0,buddyboss.com,,The compound brand is distinctive even when users insert a space.,fleet-enum-2026-08
Budibase,budibase,internal-tools,no-code,low,SAFE,False,0,budibase.com,,A distinctive coined name; casual users sometimes insert an internal capital.,fleet-enum-2026-08
Buffer,buffer,social-media-management,,high,HOSTILE,True,2,buffer.com,buffer zone;buffer overflow;cash buffer;memory buffer;buffer solution;buffer stock;video buffer;pH buffer,"A common noun and technical term, so the bare name needs social-media context.",fleet-enum-2026-08
Bugsink,bugsink,error-tracking,,low,SAFE,False,0,bugsink.com,,The coined compound is distinctive and is used as the product name in self-hosting discussions.,fleet-enum-2026-08
Bugsnag,bugsnag,error-tracking,,low,SAFE,False,0,bugsnag.com,,The coined compound is strongly associated with the software service; alternate capitalization is common.,fleet-enum-2026-08
BuildBook,buildbook,construction,,high,HOSTILE,True,2,buildbook.co,,The branded compound is uncommon in ordinary prose and usually denotes the software.,fleet-enum-2026-08
Buildertrend,buildertrend,construction,,low,SAFE,False,0,buildertrend.com,,The compound brand is distinctive; BT is the main context-dependent shorthand.,fleet-enum-2026-08
Buildium,buildium,property-management,,low,SAFE,False,0,buildium.com,,A distinctive coined name; the occasional Buildum form is a user typo.,fleet-enum-2026-08
Buildkite Pipelines,buildkite-pipelines,ci-cd,,low,SAFE,False,0,buildkite.com,,Buildkite is a coined brand and Pipelines identifies its CI/CD product.,fleet-enum-2026-08
BuildOps,buildops,field-service,,medium,AMBIGUOUS,True,1,buildops.com,,The fused brand is distinctive; trade users also use a spaced form or BO shorthand.,fleet-enum-2026-08
Buildxact,buildxact,construction,,low,SAFE,False,0,buildxact.com,,The coined spelling is distinctive; users often insert a space or normalize the spelling.,fleet-enum-2026-08
Bunny Stream,bunny-stream,video-hosting,,medium,AMBIGUOUS,True,1,bunny.net,,The full two-word product name is distinctive despite bunny and stream being ordinary words.,fleet-enum-2026-08
Buttondown,buttondown,newsletters,,high,HOSTILE,True,2,buttondown.com,,"The joined spelling often indicates the product, but it collides with the common button-down phrase after normalization.",fleet-enum-2026-08
Buxfer,buxfer,budgeting,,low,SAFE,False,0,buxfer.com,,Buxfer is a coined spelling with little ordinary-language collision.,fleet-enum-2026-08
Buzzsprout,buzzsprout,podcast-hosting,,low,SAFE,False,0,buzzsprout.com,,A distinctive coined brand; the spaced form is an occasional casual rendering.,fleet-enum-2026-08
Cacoo,cacoo,diagramming,,low,SAFE,False,0,cacoo.com,,The unusual spelling makes the product name readily identifiable.,fleet-enum-2026-08
CafeTran Espresso,cafetran-espresso,localization,,low,SAFE,False,0,cafetran.com,,The full name and CafeTran shorthand are distinctive despite the ordinary word Espresso.,fleet-enum-2026-08
CAKE POS,cake-pos,restaurant-pos,,high,HOSTILE,True,2,trycake.com;madmobile.com,birthday cake;wedding cake;chocolate cake;piece of cake;cake recipe;bake a cake;cake day;cake decorating,"The POS suffix disambiguates it, but users often write Cake alone, one of the most common food words.",fleet-enum-2026-08
Cal.com,cal-com,scheduling,,high,HOSTILE,True,2,cal.com,,"The full dotted brand is clear, but the ubiquitous shorthand Cal has many school, name, character, and unit meanings.",fleet-enum-2026-08
Calendly,calendly,scheduling,,low,SAFE,False,0,calendly.com,,A distinctive coined name that overwhelmingly refers to the scheduling service.,fleet-enum-2026-08
Campaign Monitor,campaign-monitor,newsletters,,high,HOSTILE,True,2,campaignmonitor.com,political campaign monitor;election campaign monitor;ad campaign monitor;campaign monitor job;campaign monitor dashboard;campaign monitor tool,"The brand is established, but the two words can also describe a generic monitoring tool or role.",fleet-enum-2026-08
Camtasia,camtasia,screen-recording,,low,SAFE,False,0,techsmith.com,,Camtasia is a distinctive coined product name; Camtasia Studio is its widely used former name.,fleet-enum-2026-08
Canvas LMS,canvas-lms,lms,,low,SAFE,False,0,instructure.com,,"The full product name is unmistakable, although the common shorthand Canvas is an ordinary noun.",fleet-enum-2026-08
Captivate,captivate,podcast-hosting,,high,HOSTILE,True,2,captivate.fm,captivate the audience;captivate readers;captivate viewers;captivate your attention;failed to captivate;designed to captivate,"The brand is identical to a common English verb, so podcast-hosting context is essential.",fleet-enum-2026-08
Capture One Pro,capture-one-pro,photo-editing,,low,SAFE,False,0,captureone.com,,"The full maker name is distinctive, while C1 can refer to cameras, vehicles, or technical labels outside photo-editing threads.",fleet-enum-2026-08
CARET Legal,caret-legal,legal-practice,,low,SAFE,False,0,getcaret.com,,The Legal qualifier makes the current product name clear; Reddit also uses its former Zola Suite name.,fleet-enum-2026-08
Carrd,carrd,website-builders,,low,SAFE,False,0,carrd.co,,The deliberate double-r spelling makes the product readily distinguishable from card.,fleet-enum-2026-08
CASEpeer,casepeer,legal-practice,,low,SAFE,False,0,casepeer.com,,The stylized compound is distinctive and closely tied to PI case management.,fleet-enum-2026-08
Cash App Taxes,cash-app-taxes,tax-software,,low,SAFE,False,0,cash.app,,The full name clearly identifies Cash App's tax-filing product; Credit Karma Tax is its widely used former name.,fleet-enum-2026-08
Castos,castos,podcast-hosting,,low,SAFE,False,0,castos.com,,A distinctive coined name with no common English meaning.,fleet-enum-2026-08
CATIA,catia,cad,,medium,AMBIGUOUS,True,1,3ds.com,my friend Catia;named Catia;Catia's birthday;Catia the character;Catia in the cast,"The uppercase styling is distinctive, but Catia is also a personal name in ordinary posts.",fleet-enum-2026-08
Cato SASE Cloud Platform,cato-sase-cloud-platform,network-security,,low,SAFE,False,0,catonetworks.com,,"The complete branded platform name is unambiguous, although Cato alone can also be a surname or institute name.",fleet-enum-2026-08
CCH Axcess Tax,cch-axcess-tax,tax-software,,low,SAFE,False,0,wolterskluwer.com,,"The full name is specific, despite common misspellings and the generic-sounding shorthand Access.",fleet-enum-2026-08
CCH ProSystem fx Tax,cch-prosystem-fx-tax,tax-software,,low,SAFE,False,0,wolterskluwer.com,,The complete CCH product name is distinctive despite several compressed spellings used by professionals.,fleet-enum-2026-08
Celigo integrator.io,celigo-integrator-io,workflow-automation,,low,SAFE,False,0,celigo.com;integrator.io,,The combined maker and product name is distinctive; most practitioners simply say Celigo.,fleet-enum-2026-08
Centerbase,centerbase,legal-practice,,medium,AMBIGUOUS,True,1,centerbase.com,,The joined name is distinctive despite being built from ordinary words.,fleet-enum-2026-08
Character.AI,character-ai,ai-assistants,,low,SAFE,False,0,character.ai,,The dotted product name is distinctive despite highly abbreviated community shorthand.,fleet-enum-2026-08
Chatfuel,chatfuel,live-chat,,low,SAFE,False,0,chatfuel.com,,Chatfuel is a distinctive compound; its former camel-case styling persists in Reddit comments.,fleet-enum-2026-08
ChatGPT,chatgpt,ai-assistants,ai-image,low,SAFE,False,0,chatgpt.com;openai.com,,The exact product name is distinctive; only the shorthand GPT broadens beyond the service.,fleet-enum-2026-08
Chatwoot,chatwoot,live-chat,,low,SAFE,False,0,chatwoot.com,,Chatwoot is a distinctive coined name strongly associated with the open-source support platform.,fleet-enum-2026-08
Check Point Quantum Firewall,check-point-quantum-firewall,network-security,,low,SAFE,False,0,checkpoint.com,,The complete Check Point Quantum branding clearly identifies the security product.,fleet-enum-2026-08
Checkmk,checkmk,observability,,low,SAFE,False,0,checkmk.com,,Distinctive product name; aliases reflect its former styling and common casing.,fleet-enum-2026-08
Chef Infra,chef-infra,iac,,low,SAFE,False,0,chef.io,,"The Infra qualifier makes the canonical name specific, though the Chef shorthand is an ordinary occupation.",fleet-enum-2026-08
ChMeetings,chmeetings,nonprofit,,low,SAFE,False,0,chmeetings.com,,The unusual ChMeetings construction is specific to the church management platform.,fleet-enum-2026-08
Chrome Remote Desktop,chrome-remote-desktop,remote-desktop,,low,SAFE,False,0,remotedesktop.google.com,,The full name clearly identifies Google's remote-desktop product.,fleet-enum-2026-08
ChurchTrac,churchtrac,nonprofit,,low,SAFE,False,0,churchtrac.com,,The coined compound is strongly associated with the church management product.,fleet-enum-2026-08
Cin7 Core,cin7-core,inventory,,low,SAFE,False,0,cin7.com,,"The numbered Cin7 brand and Core product name are distinctive, despite Core alone being generic.",fleet-enum-2026-08
Circle,circle,community-platforms,course-platforms,high,HOSTILE,True,2,circle.so,circle back;social circle;full circle;circle of friends;inner circle;Arctic Circle;crop circle;unit circle;circle jerk,"Circle is an extremely common noun and verb, so the bare name requires strong community-platform context.",fleet-enum-2026-08
CircleCI,circleci,ci-cd,,low,SAFE,False,0,circleci.com,,The concatenated brand name is specific to the CI service.,fleet-enum-2026-08
Cisco Duo,cisco-duo,identity,,low,SAFE,False,0,duo.com,,"The full Cisco-qualified product name is unambiguous, though the common Duo shorthand is not.",fleet-enum-2026-08
Cisco Secure Firewall,cisco-secure-firewall,network-security,,low,SAFE,False,0,cisco.com,,"The Cisco-qualified name is specific, while Firepower and FTD are persistent legacy and technical shorthand.",fleet-enum-2026-08
CiviCRM,civicrm,nonprofit,,low,SAFE,False,0,civicrm.org,,The CRM suffix and unusual spelling make the product name unmistakable.,fleet-enum-2026-08
Civitai,civitai,ai-image,,low,SAFE,False,0,civitai.com,,The invented name is strongly tied to the AI-model and image-generation platform.,fleet-enum-2026-08
Claude,claude,ai-assistants,,high,HOSTILE,True,2,claude.ai;anthropic.com,Claude Monet painting;Claude Debussy music;Claude Shannon theorem;Claude Levi-Strauss;Claude Giroux trade;Claude McKay poem,"Claude is a common given name shared by many prominent artists, scholars, and athletes.",fleet-enum-2026-08
Claude Code,claude-code,ai-coding,,low,SAFE,False,0,claude.com,,The two-word product name is distinctive even though Claude alone is also a personal name and a broader AI brand.,fleet-enum-2026-08
CleanShot X,cleanshot-x,screen-recording,,medium,AMBIGUOUS,True,1,cleanshot.com,,The full name and its CleanShot shorthand are distinctive in app discussions.,fleet-enum-2026-08
Clearscope,clearscope,seo-tools,,medium,AMBIGUOUS,True,1,clearscope.io,,The compound name is distinctive and rarely used generically.,fleet-enum-2026-08
Clerk,clerk,identity,,high,HOSTILE,True,2,clerk.com,store clerk;county clerk;court clerk;desk clerk;clerk of court;clerk's office;law clerk;grocery clerk,"Clerk is a common occupation and surname, so the bare word needs software context.",fleet-enum-2026-08
ClickHouse,clickhouse,databases,,medium,AMBIGUOUS,True,1,clickhouse.com,,A distinctive compound name; CH is used mainly where database context is already established.,fleet-enum-2026-08
ClickHouse Cloud,clickhouse-cloud,data-warehouses,,low,SAFE,False,0,clickhouse.com,,The coined ClickHouse name is readily identifiable in software discussion.,fleet-enum-2026-08
ClickMeeting,clickmeeting,webinars,,high,HOSTILE,True,2,clickmeeting.com,,The closed compound and capitalization make the product readily identifiable.,fleet-enum-2026-08
ClickSend SMS API,clicksend-sms-api,communication-apis,,low,SAFE,False,0,,,ClickSend is a distinctive compound brand and the full name clearly denotes its SMS API.,fleet-enum-2026-08
ClickShip,clickship,shipping,,high,HOSTILE,True,2,clickship.com,,The fused name is a distinctive Canadian shipping-platform brand.,fleet-enum-2026-08
Clickteam Fusion 2.5,clickteam-fusion-2-5,game-engines,,low,SAFE,False,0,clickteam.com,,The full versioned name is unmistakable; MMF2 reflects the product line's former name.,fleet-enum-2026-08
Clicky,clicky,web-analytics,,high,HOSTILE,True,2,clicky.com,clicky keyboard;clicky switches;clicky keys;clicky sound;clicky buttons;clicky mouse;too clicky,"Clicky is a common adjective for tactile or noisy keyboards, switches, mice, and controls.",fleet-enum-2026-08
Cline,cline,ai-coding,,medium,AMBIGUOUS,True,1,cline.bot,Patsy Cline;Madelyn Cline;Cline family;Cline Avenue;Cline Cellars;Ernest Cline,"Cline is distinctive as software but also a surname associated with several people, places, and brands; Claude Dev is its former name.",fleet-enum-2026-08
Clio,clio,legal-practice,,medium,AMBIGUOUS,True,1,clio.com,Renault Clio;Clio RS;Clio 172;Clio 182;Clio Williams;Clio Awards;Clio the muse,"Distinctive in legal threads, but the bare name also commonly refers to Renault's car and the awards or Greek muse.",fleet-enum-2026-08
CLion,clion,ides,,low,SAFE,False,0,jetbrains.com,,The coined spelling is readily identifiable as the JetBrains C and C++ IDE.,fleet-enum-2026-08
Clockify,clockify,time-tracking,,low,SAFE,False,0,clockify.me,,Clockify is a coined name with little non-product usage.,fleet-enum-2026-08
Cloud Firestore,cloud-firestore,databases,,low,SAFE,False,0,firebase.google.com;cloud.google.com,,Firestore is a distinctive coined name closely tied to Google's database service.,fleet-enum-2026-08
CloudLex,cloudlex,legal-practice,,low,SAFE,False,0,cloudlex.com,,The coined compound is recognizable as a legal-software brand.,fleet-enum-2026-08
CloudTalk,cloudtalk,voip,,medium,AMBIGUOUS,True,1,cloudtalk.io,,The closed compound is strongly associated with the phone platform despite its descriptive components.,fleet-enum-2026-08
Cloudways,cloudways,web-hosting,,low,SAFE,False,0,cloudways.com,,The coined compound is readily identifiable as the managed hosting platform.,fleet-enum-2026-08
Clover,clover,pos,,high,HOSTILE,True,2,clover.com,four leaf clover;four-leaf clover;clover lawn;clover grass;red clover;white clover;clover seed;sweet clover;clover flower,"Clover is a common plant name, so the bare word needs payments or merchant context.",fleet-enum-2026-08
Clover for Restaurants,clover-for-restaurants,restaurant-pos,,high,HOSTILE,True,2,clover.com,four leaf clover;clover field;red clover;white clover;sweet clover;clover lawn;clover honey,"The restaurant product is distinctive in full, while the usual shorthand Clover is a common plant name.",fleet-enum-2026-08
CMiC,cmic,construction,,high,HOSTILE,True,2,cmicglobal.com,,The acronym is strongly associated with the construction ERP and project-management platform in this context.,fleet-enum-2026-08
CockroachDB,cockroachdb,databases,,low,SAFE,False,0,cockroachlabs.com,,"The DB-suffixed canonical name is unmistakable, though the informal Cockroach shorthand depends on technical context.",fleet-enum-2026-08
Cocos Creator,cocos-creator,game-engines,,low,SAFE,False,0,cocos.com,,The two-word product name is distinctive even though Cocos alone names several related technologies.,fleet-enum-2026-08
Coda,coda,spreadsheets,,high,HOSTILE,True,2,coda.io,musical coda;the final coda;coda section;opera coda;symphony coda;film's coda;narrative coda,Coda is also a music and storytelling term for a concluding passage.,fleet-enum-2026-08
Codeberg,codeberg,code-hosting,,low,SAFE,False,0,codeberg.org,,This coined name is closely tied to the nonprofit Forgejo-based hosting service.,fleet-enum-2026-08
Codefresh CI,codefresh-ci,ci-cd,,low,SAFE,False,0,codefresh.io;octopus.com,,Codefresh is a coined software brand and the CI suffix further disambiguates it.,fleet-enum-2026-08
Codex,codex,ai-coding,,high,HOSTILE,True,2,openai.com,ancient codex;medieval codex;Mayan codex;codex manuscript;Warhammer codex;Aztec codex;illustrated codex,Codex is a longstanding word for a manuscript or rulebook and is heavily used in history and tabletop-gaming discussions.,fleet-enum-2026-08
Cody,cody,ai-coding,,high,HOSTILE,True,2,sourcegraph.com,Cody Rhodes;Cody Bellinger;Cody Johnson;Cody Ko;my friend Cody;Cody from school;Cody Garbrandt,"Cody is a common given name shared by many public figures, making Sourcegraph context essential.",fleet-enum-2026-08
Cognito Forms,cognito-forms,form-builders,survey-tools,low,SAFE,False,0,,,"The full two-word product name is distinctive, though users often shorten it to Cognito.",fleet-enum-2026-08
ComfyUI,comfyui,ai-image,,low,SAFE,False,0,comfy.org,,The full UI-suffixed name is distinctive; Comfy alone is a context-dependent shorthand.,fleet-enum-2026-08
Commusoft,commusoft,field-service,,low,SAFE,False,0,commusoft.com,,Commusoft is a distinctive coined software brand.,fleet-enum-2026-08
Concourse CI,concourse-ci,ci-cd,,low,SAFE,False,0,concourse-ci.org,,"The CI suffix makes the product specific, though Concourse alone can mean a public hall.",fleet-enum-2026-08
Concur Expense,concur-expense,expense-management,,low,SAFE,False,0,concur.com,,The full product name is distinctive even though users usually shorten it to Concur.,fleet-enum-2026-08
ConfigCat,configcat,feature-flags,,low,SAFE,False,0,configcat.com,,The compound name is distinctive in software discussions.,fleet-enum-2026-08
ConnectWise Automate,connectwise-automate,rmm,,low,SAFE,False,0,,,"The full name is distinctive; Automate alone is common English, and LabTech is the well-established former name.",fleet-enum-2026-08
ConnectWise RMM,connectwise-rmm,rmm,,low,SAFE,False,0,,,ConnectWise plus the RMM qualifier is unambiguous despite frequent abbreviation.,fleet-enum-2026-08
ConnectWise ScreenConnect,connectwise-screenconnect,remote-desktop,,low,SAFE,False,0,screenconnect.com,,Both the full name and ScreenConnect shorthand are distinctive software branding.,fleet-enum-2026-08
Construct 3,construct-3,game-engines,,low,SAFE,False,0,construct.net,,The numbered product name is distinctive despite Construct alone being an ordinary verb or noun.,fleet-enum-2026-08
Contact Form 7,contact-form-7,form-builders,,medium,AMBIGUOUS,True,1,contactform7.com,,The numeral makes this otherwise descriptive plugin name highly specific.,fleet-enum-2026-08
containerd,containerd,containers,,low,SAFE,False,0,containerd.io,,The stylized daemon name is specific to the container runtime.,fleet-enum-2026-08
Contentsquare,contentsquare,product-analytics,session-replay,low,SAFE,False,0,contentsquare.com,,Contentsquare is a distinctive closed-up brand name.,fleet-enum-2026-08
ContentStudio,contentstudio,social-media-management,,high,HOSTILE,True,2,getcontentstudio.com,,The closed compound is distinctive and the spaced form still denotes the product in context.,fleet-enum-2026-08
Continue,continue,ai-coding,,high,HOSTILE,True,2,continue.dev,continue working;continue reading;continue playing;continue tomorrow;continue the story;continue to happen;press continue,Continue is an extremely common English verb and UI label.,fleet-enum-2026-08
Contractor Foreman,contractor-foreman,construction,,high,HOSTILE,True,2,contractorforeman.com,,The canonical name is also a generic construction job title and needs software context.,fleet-enum-2026-08
Contrast,contrast,webinars,,high,HOSTILE,True,2,getcontrast.io,in contrast;by contrast;high contrast;color contrast;contrast ratio;sharp contrast;contrast with;adjust the contrast;stark contrast;compare and contrast,"Contrast is an extremely common noun and verb, so the bare brand requires webinar or software context.",fleet-enum-2026-08
Convert Experiences,convert-experiences,feature-flags,,high,HOSTILE,True,2,,,"The full two-word product name is distinctive, although the common shorthand Convert is ambiguous.",fleet-enum-2026-08
Copilot Money,copilot-money,budgeting,,medium,AMBIGUOUS,True,1,copilot.money,,The full name distinguishes the finance app from Microsoft and GitHub products that are also called Copilot.,fleet-enum-2026-08
Coralogix,coralogix,observability,,low,SAFE,False,0,coralogix.com,,Coined platform name with essentially no ordinary-language use.,fleet-enum-2026-08
Cornerstone Learning,cornerstone-learning,lms,,medium,AMBIGUOUS,True,1,cornerstoneondemand.com,,"The full product name is specific, although Cornerstone alone has an ordinary figurative meaning.",fleet-enum-2026-08
CosmoLex,cosmolex,legal-practice,,low,SAFE,False,0,cosmolex.com,,The coined camel-case name is not readily confused with ordinary language.,fleet-enum-2026-08
Countly,countly,product-analytics,,low,SAFE,False,0,countly.com,,Countly is a coined brand name with little ordinary-language usage.,fleet-enum-2026-08
Coursera,coursera,course-platforms,,low,SAFE,False,0,coursera.org,,Distinctive coined name overwhelmingly refers to the online course service.,fleet-enum-2026-08
Craftybase,craftybase,inventory,,low,SAFE,False,0,craftybase.com,,Craftybase is a distinctive compound brand; the alternate capitalization is common but not semantically ambiguous.,fleet-enum-2026-08
Craiyon,craiyon,ai-image,,low,SAFE,False,0,craiyon.com,,The crayon-derived spelling is a distinctive brand; its former DALL-E Mini name remains common.,fleet-enum-2026-08
Crazy Egg,crazy-egg,feature-flags,session-replay,high,HOSTILE,True,2,crazyegg.com,,The unusual two-word name is strongly associated with the web optimization product.,fleet-enum-2026-08
Creately,creately,diagramming,,low,SAFE,False,0,creately.com,,A coined name that rarely appears outside references to the product.,fleet-enum-2026-08
Creatify,creatify,ai-video,,low,SAFE,False,0,creatify.ai,,The coined verb-like name is strongly associated with the AI video-ad service.,fleet-enum-2026-08
Creo,creo,cad,,high,HOSTILE,True,2,ptc.com,creo que;no creo;yo creo;creo en Dios;creo recordar;creo haber visto,Creo is distinctive in English CAD threads but is the ordinary Spanish first-person form of 'believe' or 'think.',fleet-enum-2026-08
CRI-O,cri-o,containers,,low,SAFE,False,0,cri-o.io,,The hyphenated runtime brand is a distinctive technical initialism.,fleet-enum-2026-08
Crisp,crisp,live-chat,,high,HOSTILE,True,2,crisp.chat,crisp air;crisp weather;crisp sound;crisp image;nice and crisp;apple crisp;crisp edges;crisp texture,"Crisp is a common adjective and food noun, so the bare word needs customer-support or SaaS context.",fleet-enum-2026-08
Crossplane,crossplane,iac,,medium,AMBIGUOUS,True,1,crossplane.io,crossplane crankshaft;crossplane engine;crossplane inline four;crossplane i4;crossplane V8;crossplane firing order;crossplane geometry,The brand is distinctive in cloud-native threads but crossplane is also an engine and geometry term.,fleet-enum-2026-08
Crowdcast,crowdcast,webinars,,medium,AMBIGUOUS,True,1,crowdcast.io,,The coined compound is strongly associated with the live-event platform.,fleet-enum-2026-08
Crowdin,crowdin,localization,,low,SAFE,False,0,crowdin.com,,"Crowdin is a distinctive brand, with the older internal-capital spelling still seen casually.",fleet-enum-2026-08
CrowdStrike Falcon,crowdstrike-falcon,antivirus,,low,SAFE,False,0,crowdstrike.com,,The vendor-plus-platform compound is unmistakable despite Falcon being an ordinary noun.,fleet-enum-2026-08
CRYENGINE,cryengine,game-engines,,low,SAFE,False,0,cryengine.com,,The joined trademark is unmistakable; only the short initials are broadly ambiguous.,fleet-enum-2026-08
CryptPad Sheet,cryptpad-sheet,spreadsheets,,low,SAFE,False,0,cryptpad.org;cryptpad.fr,,The CryptPad qualifier makes the generic Sheet name highly specific.,fleet-enum-2026-08
Cumulus Retail,cumulus-retail,pos,,medium,AMBIGUOUS,True,1,celerant.com,,The full product name is specific to Celerant's retail platform.,fleet-enum-2026-08
curl,curl,api-tools,,high,HOSTILE,True,2,curl.se,bicep curl;curl my hair;curl up;curl cream;curl pattern;curl routine;hammer curl,"Even though it is ubiquitous in API work, the bare name is also a common verb and fitness or hair term.",fleet-enum-2026-08
Cursor,cursor,ai-coding,ides,high,HOSTILE,True,2,,mouse cursor;text cursor;cursor position;cursor speed;cursor icon;blinking cursor;cursor movement;move the cursor,Cursor is an ordinary computing term for the on-screen pointer or insertion point.,fleet-enum-2026-08
CustomCat,customcat,print-on-demand,,medium,AMBIGUOUS,True,1,customcat.com,,The joined compound is distinctive and normally refers to the POD service.,fleet-enum-2026-08
Cvent,cvent,event-management,,low,SAFE,False,0,cvent.com,,"A distinctive coined name, despite inconsistent capitalization in casual posts.",fleet-enum-2026-08
CyberGhost VPN,cyberghost-vpn,vpn,,low,SAFE,False,0,cyberghostvpn.com,,"CyberGhost is a distinctive compound brand, and the canonical name includes VPN.",fleet-enum-2026-08
CYPHER Learning,cypher-learning,lms,,low,SAFE,False,0,cypherlearning.com,,"The full two-word brand is specific, though cypher alone is a spelling variant of cipher.",fleet-enum-2026-08
D2,d2,diagramming,,high,HOSTILE,True,2,d2lang.com,D2 steel;D2 visa;D2 basketball;D2 receptor;D2 football;D2 college,"The two-character name collides with many games, materials, receptors, visas, and division labels.",fleet-enum-2026-08
D2L Brightspace,d2l-brightspace,lms,,low,SAFE,False,0,d2l.com,,The combined maker and product name is distinctive; Desire2Learn is the widely used former name.,fleet-enum-2026-08
Dacast,dacast,video-hosting,,low,SAFE,False,0,dacast.com,,Dacast is a coined brand name with little unrelated usage.,fleet-enum-2026-08
Dagster,dagster,etl,,low,SAFE,False,0,dagster.io,,Dagster is a distinctive coined software name.,fleet-enum-2026-08
Dailymotion,dailymotion,video-hosting,,low,SAFE,False,0,dailymotion.com,,The closed compound is strongly associated with the video platform.,fleet-enum-2026-08
Dalux,dalux,construction,,low,SAFE,False,0,dalux.com,,Dalux is a coined brand; Field and Box are common legacy or module-level references to the platform.,fleet-enum-2026-08
darktable,darktable,photo-editing,,low,SAFE,False,0,darktable.org,,The closed-up lowercase name is distinctive; DT alone needs photography context.,fleet-enum-2026-08
Databricks SQL,databricks-sql,data-warehouses,,low,SAFE,False,0,databricks.com,,Databricks is a coined brand and the SQL qualifier identifies its warehouse offering.,fleet-enum-2026-08
Datadog,datadog,observability,session-replay,low,SAFE,False,0,datadoghq.com,,Coined compound name that is strongly associated with the observability platform.,fleet-enum-2026-08
Dataflow,dataflow,etl,,high,HOSTILE,True,2,cloud.google.com,dataflow diagram;dataflow graph;dataflow analysis;dataflow programming;dataflow architecture;dataflow pipeline;Power BI dataflow;dataflow model,The bare name is a generic computing term and is also used for Microsoft Power BI artifacts.,fleet-enum-2026-08
Datto RMM,datto-rmm,rmm,,low,SAFE,False,0,datto.com;kaseya.com,,Datto is a coined brand and the RMM-qualified product name is unmistakable.,fleet-enum-2026-08
dbt,dbt,etl,,high,HOSTILE,True,2,dbt.com,DBT therapy;DBT skills;DBT workbook;DBT therapist;DBT group;DBT treatment;DBT exercises,"Outside data engineering, DBT overwhelmingly denotes dialectical behavior therapy.",fleet-enum-2026-08
Decktopus AI,decktopus-ai,presentations,,low,SAFE,False,0,decktopus.com,,Decktopus is a distinctive coined product name with no common ordinary meaning.,fleet-enum-2026-08
DeepL Translator,deepl-translator,localization,,low,SAFE,False,0,deepl.com,,DeepL is a distinctive brand even when the Translator suffix is omitted.,fleet-enum-2026-08
DeepL Write,deepl-write,writing-assistants,,low,SAFE,False,0,deepl.com,,The DeepL house mark plus Write uniquely identifies the product.,fleet-enum-2026-08
DeepSeek,deepseek,ai-assistants,,low,SAFE,False,0,deepseek.com,,The coined compound is strongly associated with the AI service.,fleet-enum-2026-08
Defold,defold,game-engines,,medium,AMBIGUOUS,True,1,defold.com,,Defold is a distinctive coined name.,fleet-enum-2026-08
Demio,demio,webinars,,low,SAFE,False,0,demio.com,,Demio is a coined and readily identifiable product name.,fleet-enum-2026-08
Descope,descope,identity,,low,SAFE,False,0,descope.com,,Coined brand with little ordinary-language usage.,fleet-enum-2026-08
DeskTime,desktime,time-tracking,,medium,AMBIGUOUS,True,1,desktime.com,,The branded compound is recognizable and has limited ordinary use.,fleet-enum-2026-08
DevCycle,devcycle,feature-flags,,medium,AMBIGUOUS,True,1,devcycle.com,,The branded compound is rarely used outside developer-tool contexts.,fleet-enum-2026-08
Devin,devin,ai-coding,,high,HOSTILE,True,2,devin.ai,Devin Booker;Devin Haney;Devin Townsend;Devin White;my friend Devin;Devin Singletary;Devin from work,"Devin is a common personal name shared by athletes, musicians, and ordinary Reddit users.",fleet-enum-2026-08
DEVONthink,devonthink,document-management,,low,SAFE,False,0,devontechnologies.com,,DEVONthink is a distinctive stylized brand; DT is meaningful only in context.,fleet-enum-2026-08
Dext,dext,expense-management,,medium,AMBIGUOUS,True,1,dext.com,,Dext is a coined accounting-software brand; Receipt Bank is its former name.,fleet-enum-2026-08
diagrams.net,diagrams-net,diagramming,,low,SAFE,False,0,diagrams.net;draw.io,,The domain-style name and its well-known draw.io former name are unmistakable in context.,fleet-enum-2026-08
Dialpad Connect,dialpad-connect,voip,,low,SAFE,False,0,dialpad.com,,The two-word product name is specific; the shorter Dialpad alias can also mean a telephone keypad.,fleet-enum-2026-08
Dialpad Meetings,dialpad-meetings,video-conferencing,,medium,AMBIGUOUS,True,1,dialpad.com,,The full name is product-specific; UberConference is its widely remembered former name.,fleet-enum-2026-08
DICE,dice,event-management,,high,HOSTILE,True,2,dice.fm,roll the dice;dice game;dice tower;dice tray;dice set;dice rolls;D&D dice;cut into dice,"Case-insensitive text collides directly with the common noun and verb dice, especially in gaming communities.",fleet-enum-2026-08
DigiSigner,digisigner,esignature,,medium,AMBIGUOUS,True,1,digisigner.com,,The coined DigiSigner name is unlikely to be used outside signing-software contexts.,fleet-enum-2026-08
Discourse,discourse,community-platforms,,high,HOSTILE,True,2,discourse.org,public discourse;political discourse;civil discourse;academic discourse;online discourse;level of discourse;discourse analysis,Discourse is both the forum product and a common word for discussion or language in use.,fleet-enum-2026-08
Displate,displate,print-on-demand,,low,SAFE,False,0,displate.com,,Coined name specific to the print-on-demand metal poster marketplace.,fleet-enum-2026-08
Divi,divi,website-builders,,medium,AMBIGUOUS,True,1,elegantthemes.com,,Divi is a distinctive product name in web and WordPress discussions.,fleet-enum-2026-08
dlt,dlt,etl,,high,HOSTILE,True,2,dlthub.com,DLT blockchain;Databricks DLT;DLT registration;DLT license,"The three-letter name collides heavily with blockchain, Databricks, tape, and regulatory abbreviations.",fleet-enum-2026-08
Docebo,docebo,course-platforms,,low,SAFE,False,0,docebo.com,,Distinctive Latin-derived brand name overwhelmingly associated with the learning platform.,fleet-enum-2026-08
Docebo Learn,docebo-learn,lms,,low,SAFE,False,0,docebo.com,,Docebo is a distinctive coined brand and Learn is its current core LMS product name.,fleet-enum-2026-08
DocHub,dochub,esignature,pdf-tools,high,HOSTILE,True,2,dochub.com,,DocHub is a distinctive closed-compound software name.,fleet-enum-2026-08
Docker Desktop,docker-desktop,containers,,low,SAFE,False,0,docker.com,,The two-word product name is unmistakable in ordinary Reddit usage.,fleet-enum-2026-08
Docker Engine,docker-engine,containers,,low,SAFE,False,0,docker.com,,The full product name is distinctive; the Docker shorthand overwhelmingly denotes the container platform in software discussions.,fleet-enum-2026-08
Docketwise,docketwise,legal-practice,,low,SAFE,False,0,docketwise.com,,The coined compound is distinctive and commonly signals immigration practice software.,fleet-enum-2026-08
Docmost,docmost,wikis,,low,SAFE,False,0,docmost.com,,Docmost is a coined product name with no common non-product meaning.,fleet-enum-2026-08
Docspell,docspell,document-management,,low,SAFE,False,0,docspell.org,,Docspell is a coined compound with little ordinary-language collision.,fleet-enum-2026-08
DocuSeal,docuseal,esignature,,medium,AMBIGUOUS,True,1,docuseal.com,,"DocuSeal is a distinctive coined brand, including in open-source software discussions.",fleet-enum-2026-08
Docusign eSignature,docusign-esignature,esignature,,low,SAFE,False,0,docusign.com,,The full product name and its distinctive Docusign brand are unmistakable in ordinary discussion.,fleet-enum-2026-08
DocuWare,docuware,document-management,,low,SAFE,False,0,docuware.com,,DocuWare is a coined brand; only the short alias DW is context-dependent.,fleet-enum-2026-08
DokuWiki,dokuwiki,wikis,,low,SAFE,False,0,dokuwiki.org,,"DokuWiki is a distinctive coined compound, though Reddit users sometimes misspell it as DocuWiki.",fleet-enum-2026-08
Domotz,domotz,rmm,,low,SAFE,False,0,domotz.com,,Domotz is a distinctive coined name used for its MSP-oriented network monitoring platform.,fleet-enum-2026-08
Donorbox,donorbox,nonprofit,,low,SAFE,False,0,donorbox.org,,The closed compound is closely associated with the online fundraising platform.,fleet-enum-2026-08
DonorPerfect,donorperfect,nonprofit,,low,SAFE,False,0,donorperfect.com,,The closed compound is strongly associated with the nonprofit fundraising CRM.,fleet-enum-2026-08
Doodle,doodle,scheduling,,high,HOSTILE,True,2,doodle.com,doodle art;doodle drawing;doodle on paper;daily doodle;doodle sketch;doodle breed;doodle mix;doodle tattoo;doodle challenge;Google Doodle,Doodle is an ordinary word for a casual drawing and also appears in dog-breed and Google-logo discussions.,fleet-enum-2026-08
DoorLoop,doorloop,property-management,,low,SAFE,False,0,doorloop.com,,The compound is distinctive and rarely used generically.,fleet-enum-2026-08
Draftbit,draftbit,no-code,,low,SAFE,False,0,draftbit.com,,A distinctive compound brand; capitalization is the main surface variation.,fleet-enum-2026-08
DraftSight,draftsight,cad,,low,SAFE,False,0,draftsight.com,,The compound product name is distinctive despite occasional capitalization variation.,fleet-enum-2026-08
Drake Tax,drake-tax,tax-software,,medium,AMBIGUOUS,True,1,drakesoftware.com,,Adding Tax makes the product unmistakable; Drake alone can also be a name or the musician.,fleet-enum-2026-08
Dream Machine,dream-machine,ai-video,,high,HOSTILE,True,2,lumalabs.ai,my dream machine;ultimate dream machine;dream machine PC;dream machine motorcycle;dream machine computer;dream machine concept;Dream Machine game,The canonical name is an ordinary aspirational phrase and is also used for unrelated machines and titles.,fleet-enum-2026-08
DreamHost,dreamhost,web-hosting,,low,SAFE,False,0,dreamhost.com,,A distinctive compound brand rarely used in an ordinary sense.,fleet-enum-2026-08
Dreamina,dreamina,ai-video,,low,SAFE,False,0,dreamina.capcut.com,,"The coined name is distinctive, with the CapCut qualifier often added by users.",fleet-enum-2026-08
DreamStudio,dreamstudio,ai-image,,high,HOSTILE,True,2,dreamstudio.ai,,"The closed-up spelling is branded, but normalized text collides with the generic phrase dream studio.",fleet-enum-2026-08
Dremio Cloud,dremio-cloud,data-warehouses,,low,SAFE,False,0,dremio.com,,Dremio is a coined brand with little plausible non-software use.,fleet-enum-2026-08
DronaHQ,dronahq,internal-tools,,low,SAFE,False,0,dronahq.com,,The coined name and HQ suffix make the product unmistakable despite spacing and case variants.,fleet-enum-2026-08
Duck.ai,duck-ai,ai-assistants,,low,SAFE,False,0,duck.ai;duckduckgo.com,,The dot-form name is distinctive and is closely tied to DuckDuckGo.,fleet-enum-2026-08
DuckDB,duckdb,data-warehouses,databases,low,SAFE,False,0,duckdb.org,,The DB suffix makes the playful duck name clearly software-related.,fleet-enum-2026-08
Duda,duda,website-builders,,high,HOSTILE,True,2,duda.co,,"Despite also being a surname, Duda is distinctive in software and web-design conversation.",fleet-enum-2026-08
Durable,durable,website-builders,,high,HOSTILE,True,2,durable.co,durable goods;durable finish;durable material;durable power of attorney;durable construction;more durable;durable battery,Durable is a common adjective and needs AI or website-builder context to identify the product.,fleet-enum-2026-08
DWService,dwservice,remote-desktop,,low,SAFE,False,0,dwservice.net,,The fused name is distinctive and closely tied to the remote-access service.,fleet-enum-2026-08
DxO PhotoLab,dxo-photolab,photo-editing,,low,SAFE,False,0,dxo.com,,The full name is distinctive; short forms such as PL are contextual.,fleet-enum-2026-08
Dynadot,dynadot,domain-registrars,,low,SAFE,False,0,dynadot.com,,The coined name has no meaningful ordinary-English collision.,fleet-enum-2026-08
Dynamic Yield,dynamic-yield,feature-flags,,high,HOSTILE,True,2,dynamicyield.com,dynamic yield curve;dynamic yield strength;dynamic yield stress;dynamic yield farming;dynamic yield response;dynamic yield model,"The brand is recognizable in martech, but the phrase also has ordinary finance and engineering uses.",fleet-enum-2026-08
Dynamics 365 Field Service,dynamics-365-field-service,field-service,,low,SAFE,False,0,microsoft.com,,The Dynamics 365 qualifier makes the product unmistakable despite generic trailing words.,fleet-enum-2026-08
Dynatrace,dynatrace,observability,,low,SAFE,False,0,dynatrace.com,,Coined product and company name with little non-brand usage.,fleet-enum-2026-08
EaseUS RecExperts,easeus-recexperts,screen-recording,,low,SAFE,False,0,easeus.com,,The full branded name is unmistakable; Reddit users often omit EaseUS or use the singular form.,fleet-enum-2026-08
easyDNS,easydns,domain-registrars,,medium,AMBIGUOUS,True,1,easydns.com,,The fused brand form is distinctive even though its component words describe the service.,fleet-enum-2026-08
EasyPost,easypost,shipping,,high,HOSTILE,True,2,easypost.com,,The fused name is a distinctive shipping API brand.,fleet-enum-2026-08
Easyship,easyship,shipping,,high,HOSTILE,True,2,easyship.com,,The fused spelling is strongly associated with the shipping platform.,fleet-enum-2026-08
EasyWebinar,easywebinar,webinars,,high,HOSTILE,True,2,easywebinar.com,,The spaced form is also a generic description of a webinar or webinar tool that is simple to use.,fleet-enum-2026-08
eClincher,eclincher,social-media-management,,low,SAFE,False,0,eclincher.com,,Distinctive coined name; casual variants mainly change case or punctuation.,fleet-enum-2026-08
Eclipse IDE,eclipse-ide,ides,,low,SAFE,False,0,eclipseide.org,,Including IDE in the canonical name separates the product from the astronomical event.,fleet-enum-2026-08
ecoDMS,ecodms,document-management,,low,SAFE,False,0,ecodms.de,,The embedded DMS acronym makes the brand specific despite inconsistent user capitalization.,fleet-enum-2026-08
EdrawMax,edrawmax,diagramming,,low,SAFE,False,0,edrawmax.com;edrawsoft.com,,"The full product name is distinctive, though users often shorten it to Edraw.",fleet-enum-2026-08
Elastic Observability,elastic-observability,observability,,low,SAFE,False,0,elastic.co,,The full name clearly identifies Elastic's observability offering.,fleet-enum-2026-08
Elasticsearch,elasticsearch,databases,,low,SAFE,False,0,elastic.co,,"The full compound name is unmistakable, while its short forms generally rely on technical context.",fleet-enum-2026-08
Elementor,elementor,website-builders,,low,SAFE,False,0,elementor.com,,The invented name is strongly associated with the WordPress website builder.,fleet-enum-2026-08
elmah.io,elmah-io,error-tracking,,low,SAFE,False,0,elmah.io,,The dot-io name distinguishes the hosted product from the separate open-source ELMAH project.,fleet-enum-2026-08
EmailOctopus,emailoctopus,newsletters,,low,SAFE,False,0,emailoctopus.com,,Distinctive compound brand unlikely to be used in an ordinary sense.,fleet-enum-2026-08
Embrace,embrace,error-tracking,,high,HOSTILE,True,2,embrace.io,embrace change;warm embrace;embrace the chaos;embrace tradition;embrace diversity;loving embrace;embrace uncertainty,"The bare name is an everyday verb and noun, so mobile-observability context is essential.",fleet-enum-2026-08
Emburse Expense Enterprise,emburse-expense-enterprise,expense-management,,low,SAFE,False,0,emburse.com,,The current enterprise product name is distinctive; Reddit users commonly retain the former Chrome River name.,fleet-enum-2026-08
Empower Personal Dashboard,empower-personal-dashboard,budgeting,,high,HOSTILE,True,2,empower.com,,The full product name is specific; Personal Capital is the former name still used heavily on Reddit.,fleet-enum-2026-08
Emsisoft Anti-Malware Home,emsisoft-anti-malware-home,antivirus,,low,SAFE,False,0,emsisoft.com,,Emsisoft is a distinctive brand and the anti-malware descriptor fixes the category.,fleet-enum-2026-08
Entrata,entrata,property-management,,low,SAFE,False,0,entrata.com,,Distinctive in English property-management discussions; Entrada is a frequent misspelling.,fleet-enum-2026-08
Epos Now,epos-now,pos,,low,SAFE,False,0,eposnow.com,,The complete two-word brand is distinctive despite EPOS also being an industry acronym.,fleet-enum-2026-08
Eraser,eraser,diagramming,,high,HOSTILE,True,2,eraser.io,pencil eraser;Magic Eraser;eraser tool;kneaded eraser;pink eraser;whiteboard eraser;eraser marks;eraser dust,The bare name is the common noun for a physical or digital deletion tool.,fleet-enum-2026-08
ERPLY,erply,pos,,low,SAFE,False,0,erply.com,,ERPLY is a distinctive coined brand with no common ordinary-English sense.,fleet-enum-2026-08
ERPNext,erpnext,inventory,,low,SAFE,False,0,erpnext.com,,ERPNext is a distinctive fused product name whose meaning is clearly software-related.,fleet-enum-2026-08
ESET HOME Security Premium,eset-home-security-premium,antivirus,,low,SAFE,False,0,eset.com,,The ESET brand is distinctive; old tier names and NOD32 remain common in user discussion.,fleet-enum-2026-08
ESET PROTECT,eset-protect,antivirus,,low,SAFE,False,0,eset.com,,"ESET is a distinctive brand token, so the platform name is hard to confuse.",fleet-enum-2026-08
eSignatures.io,esignatures-io,esignature,,high,HOSTILE,True,2,esignatures.io,,The .io suffix makes the product name distinct from the generic plural term.,fleet-enum-2026-08
Estuary Flow,estuary-flow,etl,,high,HOSTILE,True,2,estuary.dev,,"The two-word canonical name is distinctive, even though each shorthand is generic on its own.",fleet-enum-2026-08
eSUB Cloud,esub-cloud,construction,,medium,AMBIGUOUS,True,1,esub.com,,"The stylized eSUB brand is distinctive, with Cloud marking the current platform name.",fleet-enum-2026-08
EtherCalc,ethercalc,spreadsheets,,low,SAFE,False,0,ethercalc.net,,EtherCalc is a distinctive compound name with no meaningful ordinary usage.,fleet-enum-2026-08
Eventbrite,eventbrite,event-management,,low,SAFE,False,0,eventbrite.com,,A distinctive coined brand; casual mentions sometimes split the name or shorten it to EB.,fleet-enum-2026-08
Eventzilla,eventzilla,event-management,,low,SAFE,False,0,eventzilla.net,,A distinctive branded compound; the spaced spelling still clearly points to the product.,fleet-enum-2026-08
Everhour,everhour,time-tracking,,low,SAFE,False,0,everhour.com,,Everhour is a distinctive coined compound.,fleet-enum-2026-08
EverWebinar,everwebinar,webinars,,low,SAFE,False,0,everwebinar.com,,The compound product name is not an ordinary phrase.,fleet-enum-2026-08
EveryDollar,everydollar,budgeting,,low,SAFE,False,0,everydollar.com,,The closed-up spelling makes the product name readily identifiable.,fleet-enum-2026-08
eWebinar,ewebinar,webinars,,low,SAFE,False,0,ewebinar.com,,The stylized compound functions as a distinct product name even though webinar is generic.,fleet-enum-2026-08
Exasol,exasol,data-warehouses,,low,SAFE,False,0,exasol.com,,Exasol is a coined name with no meaningful ordinary-language collision.,fleet-enum-2026-08
Excalidraw,excalidraw,diagramming,,low,SAFE,False,0,excalidraw.com,,A coined product name with essentially no ordinary-language collision.,fleet-enum-2026-08
ExpensePoint,expensepoint,expense-management,,low,SAFE,False,0,expensepoint.com,,ExpensePoint is a distinctive compound brand name.,fleet-enum-2026-08
Expensify,expensify,expense-management,,low,SAFE,False,0,expensify.com,,Expensify is a coined brand name and is rarely used for anything else.,fleet-enum-2026-08
Exposure X7,exposure-x7,photo-editing,,medium,AMBIGUOUS,True,1,exposure.software,camera exposure;long exposure;exposure triangle;exposure therapy;radiation exposure;media exposure;risk exposure;exposure to sunlight,"The versioned name identifies the editor, but its usual shorthand Exposure is a very common photography and general term.",fleet-enum-2026-08
ExpressVPN,expressvpn,vpn,,low,SAFE,False,0,expressvpn.com,,The compound brand is unambiguous; only the shorthand Express needs VPN context.,fleet-enum-2026-08
Extensiv Order Manager,extensiv-order-manager,inventory,,low,SAFE,False,0,extensiv.com,,"Extensiv is deliberately spelled and Skubana is a distinctive former name, so both are low-confusion.",fleet-enum-2026-08
F-Secure Total,f-secure-total,antivirus,,low,SAFE,False,0,f-secure.com,,The hyphenated F-Secure brand makes the suite name difficult to confuse.,fleet-enum-2026-08
Fastmail,fastmail,email-providers,,low,SAFE,False,0,fastmail.com,,The closed compound is a recognizable brand despite being made from descriptive words.,fleet-enum-2026-08
Fathom,fathom,transcription,,high,HOSTILE,True,2,fathom.video,cannot fathom;hard to fathom;fathom the meaning;six fathoms deep;a fathom of rope;fathom how;beyond fathoming,"Fathom is a normal verb meaning understand and a unit of depth, so meeting context is essential.",fleet-enum-2026-08
Fathom Analytics,fathom-analytics,web-analytics,,low,SAFE,False,0,usefathom.com,,"The full product name is distinctive; the shortened form Fathom can refer to depth, comprehension, or unrelated products.",fleet-enum-2026-08
Feathery,feathery,form-builders,,high,HOSTILE,True,2,feathery.io,feathery leaves;feathery texture;feathery touch;feathery clouds;feathery hair;feathery foliage;feathery fronds;soft and feathery,"Feathery is an ordinary adjective, so bare mentions outside software discussions are noisy.",fleet-enum-2026-08
FieldEdge,fieldedge,field-service,,high,HOSTILE,True,2,fieldedge.com,,The fused spelling is a distinctive brand; users often insert a space.,fleet-enum-2026-08
FieldPulse,fieldpulse,field-service,,medium,AMBIGUOUS,True,1,fieldpulse.com,,The fused compound is recognizable as a product name; casual posts sometimes split it.,fleet-enum-2026-08
FileHold,filehold,document-management,,medium,AMBIGUOUS,True,1,filehold.com,,FileHold is a fused trademark that is rarely used outside the product.,fleet-enum-2026-08
Filen,filen,cloud-storage,,low,SAFE,False,0,filen.io,,Filen is an uncommon coined name and is readily identifiable in software context.,fleet-enum-2026-08
Filevine,filevine,legal-practice,,low,SAFE,False,0,filevine.com,,The coined compound is strongly associated with the legal case-management product.,fleet-enum-2026-08
FileWave,filewave,mdm,,medium,AMBIGUOUS,True,1,filewave.com,,FileWave is a distinctive compound brand rather than an ordinary phrase.,fleet-enum-2026-08
Fillout,fillout,form-builders,survey-tools,high,HOSTILE,True,2,fillout.com,,"The brand is one word, but its common two-word rendering is an extremely ordinary verb phrase.",fleet-enum-2026-08
Finale Inventory,finale-inventory,inventory,,high,HOSTILE,True,2,finaleinventory.com,season finale;series finale;grand finale;finale episode;finale spoilers;finale recap;finale reaction,"Finale is a common entertainment term, and users often omit the Inventory qualifier.",fleet-enum-2026-08
Fine Art America,fine-art-america,print-on-demand,,medium,AMBIGUOUS,True,1,fineartamerica.com;pixels.com,,The complete three-word name strongly identifies the art and print marketplace.,fleet-enum-2026-08
Firebase Authentication,firebase-authentication,identity,,low,SAFE,False,0,firebase.google.com,,The full service name clearly identifies Firebase's shipped authentication offering.,fleet-enum-2026-08
Firebase Crashlytics,firebase-crashlytics,error-tracking,,low,SAFE,False,0,firebase.google.com,,Crashlytics is a distinctive coined name; Reddit often drops the Firebase prefix.,fleet-enum-2026-08
Firebase Remote Config,firebase-remote-config,feature-flags,,low,SAFE,False,0,firebase.google.com,,The full maker-written name is specific even though Remote Config alone is generic.,fleet-enum-2026-08
Firebolt,firebolt,data-warehouses,,high,HOSTILE,True,2,firebolt.io,Harry Potter Firebolt;Firebolt broom;riding the Firebolt;Firebolt replica;Firebolt in Quidditch;Sirius bought the Firebolt,The name is distinctive in database threads but also strongly denotes the fictional Harry Potter broom.,fleet-enum-2026-08
Fireflies.ai,fireflies-ai,transcription,,low,SAFE,False,0,fireflies.ai,,The .ai-qualified product name is unmistakable even though the common shorthand is an insect plural.,fleet-enum-2026-08
Fireside,fireside,podcast-hosting,,high,HOSTILE,True,2,fireside.fm,fireside chat;sit by the fireside;fireside conversation;fireside gathering;fireside reading;cozy fireside;fireside stories,"The bare name is a common word and phrase, especially in event, home, and storytelling discussions.",fleet-enum-2026-08
Firewalla,firewalla,network-security,,low,SAFE,False,0,firewalla.com,,Firewalla is a distinctive coined brand with little ordinary-language collision.,fleet-enum-2026-08
Fishbowl Inventory,fishbowl-inventory,inventory,,high,HOSTILE,True,2,fishbowlinventory.com,fishbowl effect;fishbowl tank;fish in a fishbowl;glass fishbowl;fishbowl discussion;fishbowl helmet;fishbowl cocktail,Fishbowl is a common noun and the product is frequently mentioned without the Inventory qualifier.,fleet-enum-2026-08
Fivetran,fivetran,etl,,low,SAFE,False,0,fivetran.com,,The coined brand name is distinctive; the internal-capital spelling is a common casual variant.,fleet-enum-2026-08
Flagsmith,flagsmith,feature-flags,,low,SAFE,False,0,flagsmith.com,,The coined name is distinctive; Bullet Train is its former product name.,fleet-enum-2026-08
Flare,flare,error-tracking,,high,HOSTILE,True,2,flareapp.io,solar flare;lens flare;flare gun;flare jeans;flare up;emergency flare;signal flare,The bare name is a common noun and verb with several frequent non-software meanings.,fleet-enum-2026-08
Flarum,flarum,community-platforms,,low,SAFE,False,0,flarum.org,,Flarum is a coined name with no common ordinary-English collision.,fleet-enum-2026-08
Flax Engine,flax-engine,game-engines,,low,SAFE,False,0,flaxengine.com,,The full name clearly denotes the engine despite flax being a crop in isolation.,fleet-enum-2026-08
Fleet,fleet,mdm,,high,HOSTILE,True,2,fleetdm.com,vehicle fleet;delivery fleet;rental fleet;fleet manager;fleet maintenance;fleet vehicles;naval fleet;truck fleet;company fleet;airline fleet,Fleet is an ordinary word for a group of vehicles or vessels and needs technical context.,fleet-enum-2026-08
FlexiPDF,flexipdf,pdf-tools,,low,SAFE,False,0,softmaker.com,,FlexiPDF is a distinctive fused product name with little non-product usage.,fleet-enum-2026-08
Flexport Fulfillment,flexport-fulfillment,shipping,,low,SAFE,False,0,flexport.com,,The Flexport qualifier makes the current fulfillment service unambiguous; Reddit still uses its predecessor names.,fleet-enum-2026-08
Fliki,fliki,ai-video,,low,SAFE,False,0,fliki.ai,,The coined spelling is highly distinctive.,fleet-enum-2026-08
Flodesk,flodesk,newsletters,,low,SAFE,False,0,flodesk.com,,Coined compound with no common ordinary-language meaning.,fleet-enum-2026-08
Fluent Forms,fluent-forms,form-builders,,medium,AMBIGUOUS,True,1,fluentforms.com,,The two-word name is strongly associated with the WordPress plugin despite its ordinary adjective.,fleet-enum-2026-08
FlutterFlow,flutterflow,no-code,,low,SAFE,False,0,flutterflow.io,,"The compound name is strongly associated with the app builder, though FF is context-dependent.",fleet-enum-2026-08
Flux,flux,ai-image,ci-cd,high,HOSTILE,True,2,fluxcd.io,in flux;state of flux;magnetic flux;flux capacitor;soldering flux;flux core;flux density;heat flux,"Flux is a common scientific, electronics, and everyday-change term.",fleet-enum-2026-08
Folderit,folderit,document-management,,medium,AMBIGUOUS,True,1,folderit.com,,Folderit is a fused brand; capitalization variants are common but ordinary collisions are rare.,fleet-enum-2026-08
Fonn,fonn,construction,,medium,AMBIGUOUS,True,1,fonn.com,,Fonn is unusual enough in English Reddit usage to identify the construction platform reliably.,fleet-enum-2026-08
Fooocus,fooocus,ai-image,,low,SAFE,False,0,github.com,,Its deliberate three-o spelling makes the local image-generation application unmistakable.,fleet-enum-2026-08
Forcepoint NGFW,forcepoint-ngfw,network-security,,low,SAFE,False,0,forcepoint.com,,Forcepoint is a distinctive coined brand; StoneGate and Stonesoft survive as legacy shorthand.,fleet-enum-2026-08
Forest Admin,forest-admin,internal-tools,,medium,AMBIGUOUS,True,1,forestadmin.com,forest administration;forest admin office;forest admin job;forest admin staff;national forest administration;state forest administration,"The exact name usually identifies the product in developer threads, but the words can also describe forestry administration.",fleet-enum-2026-08
Forgejo,forgejo,code-hosting,,low,SAFE,False,0,forgejo.org,,The coined project name has no common non-software meaning.,fleet-enum-2026-08
Forma Build,forma-build,construction,,medium,AMBIGUOUS,True,1,autodesk.com;construction.autodesk.com,,The current two-word Autodesk product name is distinctive; Reddit still heavily uses its prior names and ACC shorthand.,fleet-enum-2026-08
Formaloo,formaloo,form-builders,,low,SAFE,False,0,formaloo.com,,The coined brand name is readily identifiable in casual discussion.,fleet-enum-2026-08
Formbricks,formbricks,survey-tools,,low,SAFE,False,0,formbricks.com,,The coined plural compound is distinctive; singular and internal-cap variants occur casually.,fleet-enum-2026-08
Formester,formester,form-builders,,low,SAFE,False,0,formester.com,,The coined name is distinctive and has little ordinary-language collision.,fleet-enum-2026-08
Formidable Forms,formidable-forms,form-builders,,medium,AMBIGUOUS,True,1,formidableforms.com,,The full alliterative name is distinctive; Reddit users often drop the Forms suffix in WordPress context.,fleet-enum-2026-08
forms.app,forms-app,form-builders,,high,HOSTILE,True,2,forms.app,,"The dotted canonical name is distinctive, but undotted mentions can read as a generic description of an app for forms.",fleet-enum-2026-08
Formsite,formsite,form-builders,,medium,AMBIGUOUS,True,1,formsite.com,,The concatenated product name is sufficiently distinctive despite descriptive roots.,fleet-enum-2026-08
Formstack Forms,formstack-forms,form-builders,survey-tools,low,SAFE,False,0,formstack.com,,Formstack is a distinctive brand; the Forms suffix separates this product from its document and signature products.,fleet-enum-2026-08
FortiGate NGFW,fortigate-ngfw,network-security,,low,SAFE,False,0,fortinet.com,,FortiGate is a distinctive coined product brand despite frequent capitalization variants.,fleet-enum-2026-08
Fotor,fotor,photo-editing,,low,SAFE,False,0,fotor.com,,Fotor is a distinctive coined service name.,fleet-enum-2026-08
Fourthwall,fourthwall,print-on-demand,,high,HOSTILE,True,2,fourthwall.com,,"The joined spelling is branded, while the spaced form is a common film, theater, and game term.",fleet-enum-2026-08
Foxit eSign,foxit-esign,esignature,,low,SAFE,False,0,foxit.com,,Foxit is a distinctive brand qualifier that prevents ordinary-language confusion.,fleet-enum-2026-08
Foxit PDF Editor,foxit-pdf-editor,pdf-tools,,low,SAFE,False,0,foxit.com,,Foxit is a distinctive coined brand even when users omit the product descriptor.,fleet-enum-2026-08
Frase,frase,seo-tools,,high,HOSTILE,True,2,frase.io,una frase;esta frase;esa frase;frase favorita;frase celebre;frase de la canción;frase en español,Frase is distinctive in English SEO discussion but is the ordinary word for phrase in Spanish and Portuguese.,fleet-enum-2026-08
FreeAgent,freeagent,invoicing,,high,HOSTILE,True,2,freeagent.com,,"The joined spelling is branded, but Reddit users often separate it into the common sports and employment phrase.",fleet-enum-2026-08
FreeCAD,freecad,cad,,low,SAFE,False,0,freecad.org,,The concatenated product name is readily identifiable as CAD software.,fleet-enum-2026-08
FreeConferenceCall.com,freeconferencecall-com,video-conferencing,,low,SAFE,False,0,freeconferencecall.com,,The .com-styled canonical name clearly identifies the service rather than a generic free call.,fleet-enum-2026-08
Freeform,freeform,diagramming,,high,HOSTILE,True,2,apple.com,freeform jazz;freeform writing;freeform roleplay;freeform radio;freeform drawing;freeform poetry;freeform movement;freeform crochet,The bare name is a common adjective for work without a fixed structure or format.,fleet-enum-2026-08
FreePBX,freepbx,voip,,low,SAFE,False,0,freepbx.org,,"Although descriptive to telephony users, the combined name specifically identifies the PBX software.",fleet-enum-2026-08
FreeTaxUSA,freetaxusa,tax-software,,low,SAFE,False,0,freetaxusa.com,,The full compound name is specific to the tax-filing service.,fleet-enum-2026-08
Fresha,fresha,scheduling,,low,SAFE,False,0,fresha.com,,A coined brand with little ordinary-language collision; Shedul is its former name.,fleet-enum-2026-08
Freshdesk Omni,freshdesk-omni,live-chat,,low,SAFE,False,0,freshworks.com,,The current suite name is distinctive; much Reddit discussion still uses the former Freshchat and Freshdesk Messaging labels.,fleet-enum-2026-08
Fulfil,fulfil,inventory,,high,HOSTILE,True,2,fulfil.io,fulfil the requirements;fulfil a promise;fulfil your potential;fulfil a need;fulfil the criteria;fulfil a dream,"Fulfil is the ordinary British spelling of a common verb, so software context or the .io form is essential.",fleet-enum-2026-08
Fulfillment by Amazon,fulfillment-by-amazon,shipping,,low,SAFE,False,0,sell.amazon.com,,The full program name is specific to Amazon's seller-fulfillment service.,fleet-enum-2026-08
Fullstory,fullstory,product-analytics,session-replay,low,SAFE,False,0,fullstory.com,,The closed-up Fullstory styling is distinctive even though the spaced phrase is ordinary English.,fleet-enum-2026-08
FusionAuth,fusionauth,identity,,low,SAFE,False,0,fusionauth.io,,Distinctive compound product name with minimal non-product usage.,fleet-enum-2026-08
FusionPBX,fusionpbx,voip,,low,SAFE,False,0,fusionpbx.com,,The combined name specifically identifies the FreeSWITCH-based PBX software.,fleet-enum-2026-08
Gainsight Customer Communities,gainsight-customer-communities,community-platforms,,low,SAFE,False,0,gainsight.com,,The full product name is specific; inSided is the widely used former brand.,fleet-enum-2026-08
Gainsight PX,gainsight-px,product-analytics,,low,SAFE,False,0,gainsight.com,,"The full Gainsight PX name is unambiguous, although users often shorten it to PX.",fleet-enum-2026-08
GameMaker,gamemaker,game-engines,,medium,AMBIGUOUS,True,1,gamemaker.io,,The closed-up brand spelling is strongly associated with the game engine.,fleet-enum-2026-08
Gamma,gamma,presentations,,high,HOSTILE,True,2,gamma.app,gamma rays;gamma radiation;gamma squeeze;gamma correction;gamma distribution;gamma function;options gamma;gamma spectrum;gamma male,"Gamma is a Greek letter and a common term in physics, finance, statistics, and imaging.",fleet-enum-2026-08
Gandi,gandi,domain-registrars,,medium,AMBIGUOUS,True,1,gandi.net,Mahatma Gandi;Indira Gandi;Rahul Gandi;Gandi family;Gandi movie;Gandi quote,"The registrar is distinctive in tech context, but the bare form is also a surname and frequent misspelling of Gandhi.",fleet-enum-2026-08
GDevelop,gdevelop,game-engines,,low,SAFE,False,0,gdevelop.io,,GDevelop is a coined product name with little ordinary-language collision.,fleet-enum-2026-08
Gelato,gelato,print-on-demand,,high,HOSTILE,True,2,gelato.com,gelato shop;gelato flavor;pistachio gelato;chocolate gelato;homemade gelato;gelato recipe;gelato versus ice cream;scoop of gelato,The brand name is also the ordinary name of the Italian frozen dessert.,fleet-enum-2026-08
Gemini,gemini,ai-assistants,ai-image,medium,AMBIGUOUS,True,1,gemini.google.com,Gemini zodiac sign;Gemini season;Gemini constellation;Project Gemini;Gemini crypto exchange;Gemini moon sign;Gemini compatibility,"Gemini commonly refers to astrology, astronomy, NASA's program, or the crypto exchange.",fleet-enum-2026-08
Gemini Code Assist,gemini-code-assist,ai-coding,,low,SAFE,False,0,cloud.google.com,,"The full name is a specific Google coding product, distinct from the broader Gemini assistant and model family.",fleet-enum-2026-08
Genially,genially,presentations,,medium,AMBIGUOUS,True,1,genially.com,smiled genially;said genially;spoke genially;greeted genially;laughed genially;replied genially;nodded genially,Genially is a brand but also a standard English adverb describing a friendly manner.,fleet-enum-2026-08
Gerrit Code Review,gerrit-code-review,code-hosting,,low,SAFE,False,0,gerritcodereview.com,,The full product name is unambiguous; its Gerrit shorthand is also overwhelmingly technical in relevant communities.,fleet-enum-2026-08
GetResponse,getresponse,newsletters,,high,HOSTILE,True,2,getresponse.com,,The concatenated canonical form is distinctive; ordinary usage normally appears as separate words in a sentence.,fleet-enum-2026-08
Ghost,ghost,newsletters,,high,HOSTILE,True,2,ghost.org,ghost story;ghost town;ghost someone;ghost hunter;ghost kitchen;ghost account;Holy Ghost;ghost writer,"A very common noun and verb; product detection needs publishing, CMS, hosting, or newsletter context.",fleet-enum-2026-08
GIMP,gimp,photo-editing,,high,HOSTILE,True,2,gimp.org,gimp suit;gimp mask;walk with a gimp;leather gimp;plastic gimp cord;gimp bracelet;called him a gimp,"The uppercase software name is famous, but the same bare word is also slang and a craft-material term.",fleet-enum-2026-08
Ginger,ginger,writing-assistants,,high,HOSTILE,True,2,gingersoftware.com,fresh ginger;ginger tea;ginger ale;ginger beer;ginger root;ground ginger;ginger cat;redheaded ginger,"The bare name is a common spice term, hair-color label, and personal name.",fleet-enum-2026-08
GitBook,gitbook,wikis,,medium,AMBIGUOUS,True,1,gitbook.com,,The GitBook compound clearly identifies the documentation and knowledge platform.,fleet-enum-2026-08
GitBucket,gitbucket,code-hosting,,medium,AMBIGUOUS,True,1,gitbucket.github.io,,The coined Git-prefixed name clearly denotes the Scala-based Git platform.,fleet-enum-2026-08
Gitea,gitea,code-hosting,,low,SAFE,False,0,gitea.com,,The coined name is unmistakable in ordinary discussion.,fleet-enum-2026-08
GitHub,github,code-hosting,,low,SAFE,False,0,github.com,,The distinctive camel-cased brand is rarely used for anything other than the code-hosting service.,fleet-enum-2026-08
GitHub Actions,github-actions,ci-cd,,low,SAFE,False,0,github.com,,The full product name is distinctive even though Actions alone is generic.,fleet-enum-2026-08
GitHub Copilot,github-copilot,ai-coding,,low,SAFE,False,0,github.com,,The full product name is unmistakable; the common shorthand Copilot is more generic but usually clear in developer discussions.,fleet-enum-2026-08
GitLab,gitlab,code-hosting,,low,SAFE,False,0,gitlab.com,,The coined compound is strongly associated with the Git platform and its self-managed editions.,fleet-enum-2026-08
GitLab CI/CD,gitlab-ci-cd,ci-cd,,low,SAFE,False,0,gitlab.com,,The GitLab brand plus CI/CD is unambiguous in software discussions.,fleet-enum-2026-08
GitLab Duo,gitlab-duo,ai-coding,,low,SAFE,False,0,gitlab.com,,"The GitLab-qualified product name is specific, although Duo alone is a common word and several unrelated product names.",fleet-enum-2026-08
Gitolite,gitolite,code-hosting,,low,SAFE,False,0,gitolite.com,,The Git-prefixed coined name is highly specific to the repository-hosting access-control software.,fleet-enum-2026-08
Givebutter,givebutter,nonprofit,,low,SAFE,False,0,givebutter.com,,Givebutter is a distinctive closed-compound brand in nonprofit fundraising.,fleet-enum-2026-08
Glassbox,glassbox,product-analytics,session-replay,medium,AMBIGUOUS,True,1,glassbox.com,,The closed-up Glassbox name is distinctive; ordinary references are normally written as two words.,fleet-enum-2026-08
Glide,glide,no-code,,high,HOSTILE,True,2,glideapps.com,glide through;hang glide;glide path;glide ratio;glide across;glide over;smooth glide,The bare name is a common motion verb and appears often outside software discussions.,fleet-enum-2026-08
Gliffy,gliffy,diagramming,,low,SAFE,False,0,gliffy.com,,A coined brand name with no material ordinary-language collision.,fleet-enum-2026-08
GlitchTip,glitchtip,error-tracking,,low,SAFE,False,0,glitchtip.com,,This coined compound is distinctive in error-tracking discussions.,fleet-enum-2026-08
GlossGenius,glossgenius,scheduling,,low,SAFE,False,0,glossgenius.com,,"The full compound brand is unmistakable, though salon professionals sometimes shorten it to Gloss.",fleet-enum-2026-08
Gmail,gmail,email-providers,,low,SAFE,False,0,gmail.com,,A distinctive coined name that almost always refers to Google's email service.,fleet-enum-2026-08
GMX Mail,gmx-mail,email-providers,,low,SAFE,False,0,gmx.com,,GMX is a distinctive initialism and the full name is product-specific.,fleet-enum-2026-08
GNU Emacs,gnu-emacs,ides,,low,SAFE,False,0,gnu.org,,The GNU-qualified name is unique to the long-running programmable editor.,fleet-enum-2026-08
GnuCash,gnucash,budgeting,,low,SAFE,False,0,gnucash.org,,The GNU-derived compound is highly specific to the finance application.,fleet-enum-2026-08
Gnumeric,gnumeric,spreadsheets,,low,SAFE,False,0,gnumeric.org,,Gnumeric is a distinctive coined product name.,fleet-enum-2026-08
GoatCounter,goatcounter,web-analytics,,medium,AMBIGUOUS,True,1,goatcounter.com,,"GoatCounter is a distinctive compound brand, with the spaced form commonly typed by users.",fleet-enum-2026-08
GoCD,gocd,ci-cd,,low,SAFE,False,0,gocd.org,,The compact capitalization is a distinctive continuous-delivery product name.,fleet-enum-2026-08
GoDaddy,godaddy,domain-registrars,web-hosting,low,SAFE,False,0,godaddy.com,,"A famous, distinctive brand with negligible ordinary bare-name use.",fleet-enum-2026-08
GoDaddy Point of Sale,godaddy-point-of-sale,pos,,low,SAFE,False,0,godaddy.com,,The GoDaddy brand plus Point of Sale is unmistakable.,fleet-enum-2026-08
GoDaddy Website Builder,godaddy-website-builder,website-builders,,low,SAFE,False,0,godaddy.com,,The GoDaddy brand plus product descriptor is unambiguous; GoCentral is an older name.,fleet-enum-2026-08
Godot Engine,godot-engine,game-engines,,low,SAFE,False,0,godotengine.org,,The full name is distinctive; bare Godot can reference the play but usually remains recognizable.,fleet-enum-2026-08
Gogs,gogs,code-hosting,,medium,AMBIGUOUS,True,1,gogs.io,,The short coined name is strongly associated with the self-hosted Git service.,fleet-enum-2026-08
GoLand,goland,ides,,low,SAFE,False,0,jetbrains.com,,The maker's internal capitalization makes this a distinctive IDE brand.,fleet-enum-2026-08
Goldcast,goldcast,webinars,,medium,AMBIGUOUS,True,1,goldcast.io,,Goldcast is distinctive as a closed compound and uncommon in ordinary prose.,fleet-enum-2026-08
Gong,gong,transcription,,high,HOSTILE,True,2,gong.io,hit the gong;gong sound;meditation gong;gong bath;dinner gong;bronze gong;gong ceremony;The Gong Show,Gong ordinarily names the percussion instrument and appears in several related phrases.,fleet-enum-2026-08
Goodbudget,goodbudget,budgeting,,low,SAFE,False,0,goodbudget.com,,The closed-up brand spelling is distinctive even though its spaced form is mildly descriptive.,fleet-enum-2026-08
Google Analytics,google-analytics,product-analytics,web-analytics,low,SAFE,False,0,analytics.google.com,,The full product name is unambiguous; GA and GA4 are its dominant Reddit shorthand forms.,fleet-enum-2026-08
Google AppSheet,google-appsheet,internal-tools,,low,SAFE,False,0,appsheet.com,,"The maker-qualified name is unmistakable, while users usually refer to the product simply as AppSheet.",fleet-enum-2026-08
Google Classroom,google-classroom,lms,,low,SAFE,False,0,classroom.google.com,,The full Google Classroom name clearly identifies the education service.,fleet-enum-2026-08
Google Flow,google-flow,ai-video,,low,SAFE,False,0,flow.google;labs.google,,"The Google-qualified canonical name is distinctive, though the common shorthand Flow is context-dependent.",fleet-enum-2026-08
Google Forms,google-forms,form-builders,survey-tools,low,SAFE,False,0,forms.google.com,,The Google qualifier makes the product name unambiguous.,fleet-enum-2026-08
Google Kubernetes Engine,google-kubernetes-engine,containers,,low,SAFE,False,0,cloud.google.com,,The full managed-service name is unmistakable and GKE is a well-established technical initialism.,fleet-enum-2026-08
Google Search Console,google-search-console,seo-tools,,low,SAFE,False,0,google.com,,The Google-qualified product name is unambiguous; the former name remains common.,fleet-enum-2026-08
Google Sheets,google-sheets,spreadsheets,,low,SAFE,False,0,google.com,,The Google qualifier makes the product name unambiguous despite Sheets being generic alone.,fleet-enum-2026-08
Google Sites,google-sites,website-builders,,low,SAFE,False,0,sites.google.com,,The Google qualifier makes the product name unmistakable.,fleet-enum-2026-08
Google Slides,google-slides,presentations,,low,SAFE,False,0,google.com,,The Google qualifier makes the otherwise generic word Slides unambiguous.,fleet-enum-2026-08
Google Translate,google-translate,localization,,low,SAFE,False,0,translate.google.com,,"The full product name is unmistakable, though the very short GT alias needs translation context.",fleet-enum-2026-08
Google Voice,google-voice,voip,,medium,AMBIGUOUS,True,1,voice.google.com,,The two-word name conventionally refers to Google's calling service.,fleet-enum-2026-08
Gooten,gooten,print-on-demand,,low,SAFE,False,0,gooten.com,,Distinctive coined name with little non-brand use.,fleet-enum-2026-08
Gorelo,gorelo,rmm,,low,SAFE,False,0,gorelo.io,,Gorelo is a coined brand with no common ordinary-language meaning.,fleet-enum-2026-08
Gorgias,gorgias,live-chat,,medium,AMBIGUOUS,True,1,gorgias.com,,Gorgias is an unusual proper name and is rarely confused in ecommerce-support discussions.,fleet-enum-2026-08
GorillaDesk,gorilladesk,field-service,,low,SAFE,False,0,gorilladesk.com,,"The compound brand is distinctive, while GD is a context-dependent user shorthand.",fleet-enum-2026-08
GoSquared Analytics,gosquared-analytics,web-analytics,,low,SAFE,False,0,gosquared.com,,The full product name and its GoSquared shorthand are both distinctive coined forms.,fleet-enum-2026-08
GoSystem Tax RS,gosystem-tax-rs,tax-software,,low,SAFE,False,0,tax.thomsonreuters.com,,The full name is unique to Thomson Reuters' professional tax platform.,fleet-enum-2026-08
GoTab,gotab,restaurant-pos,,low,SAFE,False,0,gotab.com,,GoTab is a distinctive camel-cased hospitality commerce brand.,fleet-enum-2026-08
GoTo Connect,goto-connect,voip,,medium,AMBIGUOUS,True,1,,,"The branded capitalization is distinctive, but the bare words occur naturally in instructions.",fleet-enum-2026-08
GoTo Meeting,goto-meeting,video-conferencing,,medium,AMBIGUOUS,True,1,,,The branded capitalization and Meeting suffix make the full name recognizable.,fleet-enum-2026-08
GoTo Resolve,goto-resolve,rmm,,high,HOSTILE,True,2,,,"The full GoTo Resolve name is distinctive, though the common shorthand Resolve is highly context-dependent.",fleet-enum-2026-08
GoTo Webinar,goto-webinar,webinars,,low,SAFE,False,0,,,The branded GoTo construction plus Webinar is unmistakable as the product.,fleet-enum-2026-08
GoToMyPC,gotomypc,remote-desktop,,low,SAFE,False,0,gotomypc.com,,The concatenated name is distinctive and has long-standing remote-access brand recognition.,fleet-enum-2026-08
Grafana,grafana,observability,,low,SAFE,False,0,grafana.com,,Distinctive coined name used for the visualization and observability product.,fleet-enum-2026-08
Grain,grain,transcription,,high,HOSTILE,True,2,grain.com,grain of salt;whole grain;grain free;grain bowl;wood grain;grain prices;against the grain;grain alcohol,"Grain is a common food, material, and texture word with frequent ordinary Reddit usage.",fleet-enum-2026-08
Grammarly,grammarly,writing-assistants,,low,SAFE,False,0,grammarly.com,,The coined brand name is unmistakable despite a frequent misspelling.,fleet-enum-2026-08
Granola,granola,transcription,,high,HOSTILE,True,2,granola.ai,granola bar;homemade granola;granola recipe;granola bowl;crunchy granola;granola cereal;yogurt and granola;granola clusters,Granola is overwhelmingly an ordinary food term outside software and productivity discussions.,fleet-enum-2026-08
Grasshopper,grasshopper,voip,,high,HOSTILE,True,2,,green grasshopper;giant grasshopper;grasshopper species;grasshopper infestation;grasshopper cocktail;young grasshopper;grasshopper mouse;grasshopper pie,"Grasshopper is an ordinary insect name and also appears in food, drink, and pop-culture references.",fleet-enum-2026-08
Gravity Forms,gravity-forms,form-builders,,medium,AMBIGUOUS,True,1,gravityforms.com,,"The full product name is distinctive in WordPress discussions, even though its short aliases are broader.",fleet-enum-2026-08
GreenGeeks,greengeeks,web-hosting,,medium,AMBIGUOUS,True,1,greengeeks.com,,The plural compound is distinctive as a hosting brand.,fleet-enum-2026-08
Grist,grist,spreadsheets,,high,HOSTILE,True,2,getgrist.com,grist for the mill;more grist;historical grist mill;grist mill;mill grist;political grist;media grist,Grist is an ordinary noun and appears especially in the idiom grist for the mill.,fleet-enum-2026-08
Grok,grok,ai-assistants,,high,HOSTILE,True,2,grok.com;x.ai,grok the concept;fully grok;trying to grok;grok the codebase;grok how it works;Grokking Algorithms,"Grok is also a verb meaning to understand deeply, especially in technical communities.",fleet-enum-2026-08
GrowthBook,growthbook,feature-flags,,medium,AMBIGUOUS,True,1,growthbook.io,,The closed compound is distinctive and usually denotes the experimentation platform.,fleet-enum-2026-08
Gumlet,gumlet,video-hosting,,medium,AMBIGUOUS,True,1,gumlet.com,,Gumlet is a coined name with little ordinary-language overlap.,fleet-enum-2026-08
Gumloop,gumloop,workflow-automation,,low,SAFE,False,0,gumloop.com,,The coined compound has no established ordinary meaning.,fleet-enum-2026-08
Guru,guru,wikis,,high,HOSTILE,True,2,getguru.com,spiritual guru;fitness guru;marketing guru;tech guru;self-help guru;yoga guru;financial guru;management guru,"Guru is a common title and generic label for an expert, so product context is essential.",fleet-enum-2026-08
H&R Block Online,h-and-r-block-online,tax-software,,low,SAFE,False,0,hrblock.com,,"The full product name is unmistakable, although Block alone is highly context-dependent and TaxCut is the old software name.",fleet-enum-2026-08
Hailuo AI,hailuo-ai,ai-video,,low,SAFE,False,0,hailuoai.video,,The romanized name plus AI is distinctive in English-language Reddit comments.,fleet-enum-2026-08
Happy Scribe,happy-scribe,transcription,,high,HOSTILE,True,2,happyscribe.com,,The two-word combination is specific enough to identify the transcription service.,fleet-enum-2026-08
Harness CI,harness-ci,ci-cd,,low,SAFE,False,0,harness.io,,The CI qualifier makes the product name specific; Harness alone is highly ambiguous.,fleet-enum-2026-08
Harness Feature Management & Experimentation,harness-feature-management-and-experimentation,feature-flags,,low,SAFE,False,0,harness.io;split.io,,The full current product name is specific; Split is the widely used legacy name after its Harness integration.,fleet-enum-2026-08
Harvest,harvest,invoicing,time-tracking,high,HOSTILE,True,2,getharvest.com,harvest season;fall harvest;harvest moon;harvest crops;wheat harvest;grape harvest;harvest festival;bountiful harvest;harvest vegetables;annual harvest,Harvest is a common word for gathering crops and needs software context.,fleet-enum-2026-08
Heap,heap,product-analytics,session-replay;web-analytics,high,HOSTILE,True,2,heap.io,heap of trash;heap of trouble;heap dump;heap memory;min heap;max heap;heap data structure;scrap heap;heap of clothes,Heap is both an everyday noun and a standard computer-science term.,fleet-enum-2026-08
Heartbeat,heartbeat,community-platforms,,high,HOSTILE,True,2,heartbeat.chat,fetal heartbeat;rapid heartbeat;irregular heartbeat;heartbeat monitor;racing heartbeat;hear a heartbeat;heartbeat sensor;in a heartbeat,Heartbeat is an everyday biological term and idiom unless paired with community-platform context.,fleet-enum-2026-08
Heatmap.com,heatmap-com,session-replay,,high,HOSTILE,True,2,heatmap.com,,"The canonical dot-com form identifies the product, while the suffix-free alias is the generic visualization term.",fleet-enum-2026-08
Helix,helix,ides,,high,HOSTILE,True,2,helix-editor.com,double helix;DNA helix;alpha helix;helix piercing;helix angle;helix shape;Helix mattress,"Helix is a common geometry and biology term, a piercing location, and a name used by other brands.",fleet-enum-2026-08
HelpCrunch,helpcrunch,live-chat,,low,SAFE,False,0,helpcrunch.com,,The closed-up compound is distinctive and strongly tied to the customer-communication platform.,fleet-enum-2026-08
HelpWire,helpwire,remote-desktop,,medium,AMBIGUOUS,True,1,helpwire.app,,The fused name is a distinctive remote-support software brand.,fleet-enum-2026-08
Hemingway Editor,hemingway-editor,writing-assistants,,high,HOSTILE,True,2,hemingwayapp.com,,"The full name clearly identifies the editor, though the Hemingway shorthand can refer to the author.",fleet-enum-2026-08
Hemlane,hemlane,property-management,,low,SAFE,False,0,hemlane.com,,A coined brand with little ordinary-language collision.,fleet-enum-2026-08
Heptabase,heptabase,wikis,,low,SAFE,False,0,heptabase.com,,Heptabase is a coined name that strongly points to the visual knowledge-base product.,fleet-enum-2026-08
Hevo Data,hevo-data,etl,,low,SAFE,False,0,hevodata.com,,The full two-word product name is unambiguous in ordinary discussion.,fleet-enum-2026-08
Hexnode UEM,hexnode-uem,mdm,,low,SAFE,False,0,hexnode.com,,Hexnode is a coined brand and remains distinctive with or without the UEM suffix.,fleet-enum-2026-08
HEY,hey,email-providers,,high,HOSTILE,True,2,hey.com,hey guys;hey everyone;hey there;hey man;hey reddit;hey all;hey folks;hey look,"Case is often lost in comments, leaving an extremely common greeting and interjection.",fleet-enum-2026-08
HeyGen,heygen,ai-video,,low,SAFE,False,0,heygen.com,,The fused coined name is distinctive.,fleet-enum-2026-08
hide.me VPN,hide-me-vpn,vpn,,medium,AMBIGUOUS,True,1,hide.me,,The dotted styling plus VPN makes the canonical product name distinctive.,fleet-enum-2026-08
Higgsfield,higgsfield,ai-video,,medium,AMBIGUOUS,True,1,higgsfield.ai,,"Although name-like, the bare term is uncommon and strongly identifies the product online.",fleet-enum-2026-08
Higher Logic Vanilla,higher-logic-vanilla,community-platforms,,low,SAFE,False,0,higherlogic.com;vanilla.higherlogic.com,,"The full current product name is distinctive, though the common shorthand Vanilla is highly ambiguous.",fleet-enum-2026-08
Highlight.io,highlight-io,session-replay,,high,HOSTILE,True,2,highlight.io,,"The .io suffix makes the canonical name specific, though its Highlight shorthand is context-dependent.",fleet-enum-2026-08
Hike POS,hike-pos,pos,,low,SAFE,False,0,hikeup.com,,The POS suffix disambiguates the product from the ordinary word hike.,fleet-enum-2026-08
Hivebrite,hivebrite,community-platforms,,low,SAFE,False,0,hivebrite.io,,The coined compound name is not readily confused with ordinary language.,fleet-enum-2026-08
HMA VPN,hma-vpn,vpn,,low,SAFE,False,0,hidemyass.com,,"The canonical initialism paired with VPN is specific, while the expanded legacy name is also distinctive.",fleet-enum-2026-08
Honeybadger,honeybadger,error-tracking,,high,HOSTILE,True,2,honeybadger.io,,"The fused form is brand-like, while the spaced form is widely used for the animal and related memes.",fleet-enum-2026-08
HoneyBook,honeybook,invoicing,,medium,AMBIGUOUS,True,1,honeybook.com,,The compound brand is distinctive in client-management and invoicing discussions.,fleet-enum-2026-08
Honeycomb,honeycomb,observability,,high,HOSTILE,True,2,honeycomb.io,honeycomb cereal;honeycomb pattern;bee honeycomb;honeycomb structure;honeycomb candy;honeycomb core;honeycomb tripe;honeycomb shelves,"Honeycomb is a common physical structure, food term, pattern, and cereal name.",fleet-enum-2026-08
Honeydue,honeydue,budgeting,,medium,AMBIGUOUS,True,1,honeydue.com,,The punning compound is distinctive; ordinary references usually use the homophone honeydew instead.,fleet-enum-2026-08
Hootsuite,hootsuite,social-media-management,,low,SAFE,False,0,hootsuite.com,,Invented brand name; spelling variants still point clearly to the platform.,fleet-enum-2026-08
Hoppscotch,hoppscotch,api-tools,,low,SAFE,False,0,hoppscotch.io,,The intentionally doubled-p spelling is brand-specific; the common misspelling is more ambiguous than the canonical name.,fleet-enum-2026-08
HostGator,hostgator,web-hosting,,low,SAFE,False,0,hostgator.com,,The coined compound is unmistakable as the hosting brand.,fleet-enum-2026-08
hosting.com,hosting-com,web-hosting,,high,HOSTILE,True,2,hosting.com,,The exact dot-com form identifies the provider despite the generic root word.,fleet-enum-2026-08
Hostinger,hostinger,web-hosting,,low,SAFE,False,0,hostinger.com,,A distinctive coined brand name with little non-brand use.,fleet-enum-2026-08
Hostinger Website Builder,hostinger-website-builder,website-builders,,low,SAFE,False,0,hostinger.com,,The full branded product name is specific; Zyro is its widely used predecessor name.,fleet-enum-2026-08
Hotjar,hotjar,product-analytics,session-replay;web-analytics,low,SAFE,False,0,hotjar.com,,Hotjar is a distinctive coined brand name.,fleet-enum-2026-08
Hotspot Shield,hotspot-shield,vpn,,high,HOSTILE,True,2,hotspotshield.com,,"Although made of ordinary words, the two-word combination is strongly associated with the VPN brand.",fleet-enum-2026-08
Housecall Pro,housecall-pro,field-service,,low,SAFE,False,0,housecallpro.com,,The full two-word product name is distinctive despite house call being an ordinary phrase.,fleet-enum-2026-08
Houzz Pro,houzz-pro,construction,,low,SAFE,False,0,houzz.com,,The Houzz name plus Pro is readily identifiable as the contractor software product.,fleet-enum-2026-08
Hover,hover,domain-registrars,,high,HOSTILE,True,2,hover.com,hover over;on hover;hover effect;hover state;hover menu;hover text;hover around;mouse hover,Hover is an everyday verb and a standard web-interface term.,fleet-enum-2026-08
HTTPie,httpie,api-tools,,low,SAFE,False,0,httpie.io,,The HTTP-based coinage is distinctive and rarely has a non-product reading.,fleet-enum-2026-08
Hubstaff,hubstaff,time-tracking,,low,SAFE,False,0,hubstaff.com,,Hubstaff is a coined brand name and is rarely used generically.,fleet-enum-2026-08
HuggingChat,huggingchat,ai-assistants,,low,SAFE,False,0,huggingface.co,,The coined compound is unmistakable in software discussion.,fleet-enum-2026-08
Humanitix,humanitix,event-management,,low,SAFE,False,0,humanitix.com,,A distinctive coined name closely tied to the nonprofit ticketing platform.,fleet-enum-2026-08
HungerRush,hungerrush,restaurant-pos,,low,SAFE,False,0,hungerrush.com,,HungerRush is a distinctive concatenated brand for restaurant POS and ordering software.,fleet-enum-2026-08
Huntress Managed EDR,huntress-managed-edr,antivirus,,low,SAFE,False,0,huntress.com,,The full service name is specific even though huntress is also an English noun.,fleet-enum-2026-08
Hurl,hurl,api-tools,,high,HOSTILE,True,2,hurl.dev,hurl insults;about to hurl;hurl a rock;hurl abuse;made me hurl;hurling accusations;hurl it across,The API test runner shares its name with a common verb meaning throw or vomit.,fleet-enum-2026-08
Hushmail,hushmail,email-providers,,low,SAFE,False,0,hushmail.com,,A distinctive closed-compound brand strongly associated with secure email.,fleet-enum-2026-08
IBM Cloud Kubernetes Service,ibm-cloud-kubernetes-service,containers,,low,SAFE,False,0,ibm.com,,The vendor-qualified service name is unmistakable; IKS is context-dependent but strongly technical.,fleet-enum-2026-08
IBM Db2,ibm-db2,databases,,low,SAFE,False,0,ibm.com,,Db2 and DB2 are distinctive database product identifiers.,fleet-enum-2026-08
IBM Db2 Warehouse,ibm-db2-warehouse,data-warehouses,,low,SAFE,False,0,ibm.com,,The IBM and Db2 identifiers make the warehouse product unmistakable.,fleet-enum-2026-08
IBM Instana Observability,ibm-instana-observability,observability,,low,SAFE,False,0,ibm.com,,The full IBM product name is unambiguous and Instana itself is a distinctive coined brand.,fleet-enum-2026-08
IBM MaaS360,ibm-maas360,mdm,,low,SAFE,False,0,ibm.com,,"MaaS360 is a distinctive coined mark, especially with the IBM prefix.",fleet-enum-2026-08
Icedrive,icedrive,cloud-storage,,low,SAFE,False,0,icedrive.net,,The compound is distinctive in cloud-storage discussions.,fleet-enum-2026-08
iCloud Drive,icloud-drive,cloud-storage,,low,SAFE,False,0,icloud.com,,The iCloud prefix makes the product name unmistakably Apple-specific.,fleet-enum-2026-08
iCloud Mail,icloud-mail,email-providers,,low,SAFE,False,0,icloud.com;me.com;mac.com,,The full product name is specific to Apple's hosted email service.,fleet-enum-2026-08
Ideogram,ideogram,ai-image,,high,HOSTILE,True,2,ideogram.ai,Chinese ideogram;ancient ideogram;written ideogram;Egyptian ideogram;Japanese ideogram;linguistic ideogram;symbol or ideogram,"Ideogram is an established linguistic term, though AI discussions often mean the product.",fleet-enum-2026-08
IDrive,idrive,cloud-storage,,medium,AMBIGUOUS,True,1,idrive.com,,The compact coined name is strongly associated with the storage and backup service.,fleet-enum-2026-08
IFTTT,ifttt,workflow-automation,,low,SAFE,False,0,ifttt.com,,The acronym is strongly associated with the automation service and rarely has an unrelated meaning.,fleet-enum-2026-08
iLovePDF,ilovepdf,pdf-tools,,low,SAFE,False,0,ilovepdf.com,,The distinctive phrase and styling point reliably to the service.,fleet-enum-2026-08
iManage Work,imanage-work,document-management,,medium,AMBIGUOUS,True,1,imanage.com,,The full product name is distinctive; WorkSite and FileSite persist as legacy shorthand.,fleet-enum-2026-08
InEight,ineight,construction,,high,HOSTILE,True,2,ineight.com,,The word-number construction is a distinctive enterprise software brand.,fleet-enum-2026-08
inFlow Inventory,inflow-inventory,inventory,,medium,AMBIGUOUS,True,1,inflowinventory.com,cash inflow;capital inflow;net inflow;water inflow;inflow rate;inflow of funds;foreign investment inflow,"The stylized brand is distinctive, but casual lowercase inflow is an ordinary finance and fluid-flow term.",fleet-enum-2026-08
InfluxDB,influxdb,databases,,low,SAFE,False,0,influxdata.com,,The canonical name is unmistakable; Influx is recognizable shorthand in time-series contexts.,fleet-enum-2026-08
Infobip SMS API,infobip-sms-api,communication-apis,,low,SAFE,False,0,infobip.com,,Infobip is a distinctive coined brand and the full API name is unambiguous.,fleet-enum-2026-08
Infomaniak,infomaniak,domain-registrars,,low,SAFE,False,0,infomaniak.com,,The coined spelling is highly distinctive.,fleet-enum-2026-08
Informatica Cloud Data Integration,informatica-cloud-data-integration,etl,,low,SAFE,False,0,informatica.com,,The full product name is highly specific; discussions commonly retain the older IICS initialism.,fleet-enum-2026-08
Inkthreadable,inkthreadable,print-on-demand,,low,SAFE,False,0,inkthreadable.co.uk,,Coined compound that is specific to the UK POD service.,fleet-enum-2026-08
InMotion Hosting,inmotion-hosting,web-hosting,,low,SAFE,False,0,inmotionhosting.com,,The full name explicitly identifies a hosting provider.,fleet-enum-2026-08
Innago,innago,property-management,,low,SAFE,False,0,innago.com,,A distinctive coined name; spacing variants are uncommon but recognizable.,fleet-enum-2026-08
Insomnia,insomnia,api-tools,,high,HOSTILE,True,2,insomnia.rest,suffering from insomnia;chronic insomnia;insomnia medication;insomnia symptoms;pregnancy insomnia;sleep onset insomnia;insomnia treatment,The bare name is a very common sleep-condition term and needs developer or API context.,fleet-enum-2026-08
Inspectlet,inspectlet,session-replay,,low,SAFE,False,0,inspectlet.com,,This coined name is effectively unique to the product.,fleet-enum-2026-08
InstaText,instatext,writing-assistants,,medium,AMBIGUOUS,True,1,instatext.io,,The compound brand is sufficiently distinctive in writing-tool discussions.,fleet-enum-2026-08
INSZoom,inszoom,legal-practice,,low,SAFE,False,0,inszoom.com;mitratech.com,,The unusual compound and immigration-specific INS prefix make the product readily identifiable.,fleet-enum-2026-08
IntelliJ IDEA,intellij-idea,ides,,low,SAFE,False,0,jetbrains.com,,"The full branded name is distinctive, even though the shorthand IDEA needs developer context.",fleet-enum-2026-08
Internet.bs,internet-bs,domain-registrars,,low,SAFE,False,0,internet.bs,,The dotted .bs brand is unusual and recognizable in registrar context.,fleet-enum-2026-08
Internxt Drive,internxt-drive,cloud-storage,,low,SAFE,False,0,internxt.com,,The coined Internxt stem makes the product name unmistakable.,fleet-enum-2026-08
invideo AI,invideo-ai,ai-video,,low,SAFE,False,0,invideo.io,,The full branded form is distinctive; capitalization varies heavily in casual comments.,fleet-enum-2026-08
Invoice Ninja,invoice-ninja,invoicing,,low,SAFE,False,0,invoiceninja.com,,The two-word name is distinctive and rarely used outside references to the software.,fleet-enum-2026-08
Invoice2go,invoice2go,invoicing,,low,SAFE,False,0,invoice.2go.com,,The stylized name is specific to the mobile invoicing service despite frequent capitalization variants.,fleet-enum-2026-08
Invoke,invoke,ai-image,,high,HOSTILE,True,2,invoke.ai,invoke the law;invoke a function;invoke a method;invoke privilege;invoke the clause;invoke his name;invoke a command;invoke the Fifth,"Invoke is a very common verb in legal, programming, religious, and everyday discussions.",fleet-enum-2026-08
IONOS,ionos,domain-registrars,web-hosting,medium,AMBIGUOUS,True,1,ionos.com,,The all-caps coined name is distinctive; legacy 1&1 references remain common.,fleet-enum-2026-08
IPFire,ipfire,network-security,,low,SAFE,False,0,ipfire.org,,The compact coined name is strongly associated with the firewall distribution.,fleet-enum-2026-08
IPVanish,ipvanish,vpn,,low,SAFE,False,0,ipvanish.com,,IPVanish is a distinctive joined brand with an obvious networking meaning.,fleet-enum-2026-08
IronCalc,ironcalc,spreadsheets,,low,SAFE,False,0,ironcalc.com,,IronCalc is a distinctive coined compound used for the spreadsheet engine and application.,fleet-enum-2026-08
Iru Endpoint Management,iru-endpoint-management,mdm,,low,SAFE,False,0,iru.com;kandji.io,,The full name is distinctive; Kandji is the former brand still prevalent in Reddit discussion.,fleet-enum-2026-08
ISL Online,isl-online,remote-desktop,,high,HOSTILE,True,2,islonline.com,,"The complete two-word brand is distinctive, although the ISL abbreviation alone has other expansions.",fleet-enum-2026-08
IT Retail,it-retail,pos,,medium,AMBIGUOUS,True,1,itretail.com,retail IT jobs;IT retail sector;retail IT systems;work in retail IT;IT for retail;retail IT manager;retail IT support;retail IT department,The spaced bare name can describe information technology used in the retail industry.,fleet-enum-2026-08
Ivanti Neurons for MDM,ivanti-neurons-for-mdm,mdm,,low,SAFE,False,0,ivanti.com,,The full Ivanti product name is distinctive; MobileIron remains the dominant legacy shorthand.,fleet-enum-2026-08
IVPN,ivpn,vpn,,low,SAFE,False,0,ivpn.net,,IVPN is a distinctive VPN-specific initialism despite occasional capitalization variation.,fleet-enum-2026-08
iwantmyname,iwantmyname,domain-registrars,,high,HOSTILE,True,2,iwantmyname.com,,The fused phrase is a distinctive brand despite users varying spacing and capitalization.,fleet-enum-2026-08
Jackson Hewitt Online,jackson-hewitt-online,tax-software,,low,SAFE,False,0,jacksonhewitt.com,,The full branded service name is unambiguous.,fleet-enum-2026-08
Jamf Now,jamf-now,mdm,,low,SAFE,False,0,jamf.com,,The two-word product name is distinctive; Bushel is the former product name.,fleet-enum-2026-08
Jamf Pro,jamf-pro,mdm,,low,SAFE,False,0,jamf.com,,"Jamf Pro is a distinctive product name, while Casper is its widely remembered former name.",fleet-enum-2026-08
Jamie,jamie,transcription,,high,HOSTILE,True,2,meetjamie.ai,my friend Jamie;Jamie said;ask Jamie;Jamie Foxx;Jamie Oliver;Jamie Lee Curtis;Jamie Dimon;called Jamie,Jamie is a very common personal name and needs meeting-assistant context to identify the software.,fleet-enum-2026-08
Jane,jane,scheduling,,high,HOSTILE,True,2,jane.app;janeapp.com,Jane Doe;Jane Austen;Mary Jane;Jane Eyre;plain Jane;Calamity Jane;Jane the Virgin;Jane Goodall;Jane Street,"Jane is a common given name and appears in many people, characters, titles, and organizations.",fleet-enum-2026-08
Jenkins,jenkins,ci-cd,,high,HOSTILE,True,2,jenkins.io,Katherine Jenkins;Richard Jenkins;Jenkins family;Jenkins surname;Jenkins County;Jenkins High School,Jenkins is distinctive in DevOps but is also a common surname and place name.,fleet-enum-2026-08
Jenni AI,jenni-ai,writing-assistants,,high,HOSTILE,True,2,jenni.ai,,"The AI suffix makes the full name specific, while the shortened alias Jenni can be a person's name.",fleet-enum-2026-08
JetBrains AI Assistant,jetbrains-ai-assistant,ai-coding,,low,SAFE,False,0,jetbrains.com,,Including the JetBrains brand makes the product name specific and readily distinguishable.,fleet-enum-2026-08
Jibble,jibble,time-tracking,,low,SAFE,False,0,jibble.io,,Jibble is an unusual coined name in software discussion.,fleet-enum-2026-08
Jitsi Meet,jitsi-meet,video-conferencing,,low,SAFE,False,0,jitsi.org;meet.jit.si,,Jitsi is a distinctive coined name even when Reddit drops Meet.,fleet-enum-2026-08
JivoChat,jivochat,live-chat,,low,SAFE,False,0,jivochat.com,,"The full name is distinctive, while Reddit users sometimes shorten it to Jivo or use its old JivoSite name.",fleet-enum-2026-08
Jobber,jobber,field-service,,medium,AMBIGUOUS,True,1,getjobber.com,jobber in wrestling;wrestling jobber;old-school jobber;comic book jobber;stock jobber;market jobber;jobber drill bit;jobber length drill,"Jobber is also an occupational term, especially in wrestling, markets, and tool sizing.",fleet-enum-2026-08
JobTread,jobtread,construction,,low,SAFE,False,0,jobtread.com,,"The coined compound is distinctive, while spaced and misspelled forms are common in casual discussion.",fleet-enum-2026-08
Joker.com,joker-com,domain-registrars,,low,SAFE,False,0,joker.com,,The canonical dotted form identifies the registrar even though its shortened alias is a common noun and character name.,fleet-enum-2026-08
Jotform,jotform,form-builders,survey-tools,low,SAFE,False,0,jotform.com,,The current one-word styling is distinctive; Reddit still frequently uses the former JotForm capitalization.,fleet-enum-2026-08
Jotform Sign,jotform-sign,esignature,,low,SAFE,False,0,jotform.com,,The distinctive Jotform brand reliably identifies the signing product.,fleet-enum-2026-08
Jottacloud,jottacloud,cloud-storage,,low,SAFE,False,0,jottacloud.com,,The compound brand is distinctive and not an ordinary English expression.,fleet-enum-2026-08
Jules,jules,ai-coding,,high,HOSTILE,True,2,jules.google,Jules Verne;Jules Kounde;Jules Winnfield;my friend Jules;Jules from Euphoria;Jules Bianchi,"Jules is a personal name shared by authors, athletes, and fictional characters.",fleet-enum-2026-08
Jump Desktop,jump-desktop,remote-desktop,,low,SAFE,False,0,jumpdesktop.com,,The full two-word name is strongly associated with the remote-desktop app.,fleet-enum-2026-08
JumpCloud,jumpcloud,identity,mdm,low,SAFE,False,0,jumpcloud.com,,Distinctive compound brand with little ordinary-language collision.,fleet-enum-2026-08
Junie,junie,ai-coding,,high,HOSTILE,True,2,jetbrains.com,my friend Junie;baby named Junie;Junie B. Jones;Junie Harper;Junie from school,"Junie is a personal name and a children's-book character, so the bare word is highly confusable outside JetBrains context.",fleet-enum-2026-08
Juniper SRX Series Firewalls,juniper-srx-series-firewalls,network-security,,low,SAFE,False,0,juniper.net,,The full Juniper SRX product-family name is specific and readily identifiable.,fleet-enum-2026-08
JustCall,justcall,voip,,high,HOSTILE,True,2,justcall.io,,"The brand is a closed compound, but users frequently type it as the very common phrase just call.",fleet-enum-2026-08
JW Player,jw-player,video-hosting,,medium,AMBIGUOUS,True,1,jwplayer.com,,The full name is a distinctive product label despite the generic word player.,fleet-enum-2026-08
k0s,k0s,containers,,medium,AMBIGUOUS,True,1,k0sproject.io,,The stylized letter-number brand is not an ordinary word.,fleet-enum-2026-08
K3s,k3s,containers,,low,SAFE,False,0,k3s.io;rancher.com,,The letter-number name is a distinctive Kubernetes distribution brand.,fleet-enum-2026-08
Kaiber,kaiber,ai-video,,medium,AMBIGUOUS,True,1,kaiber.ai,,The invented name is uncommon outside the creative platform.,fleet-enum-2026-08
Kajabi,kajabi,course-platforms,lms,low,SAFE,False,0,kajabi.com,,Kajabi is a coined brand name with negligible ordinary-language collision.,fleet-enum-2026-08
Kallithea,kallithea,code-hosting,,medium,AMBIGUOUS,True,1,kallithea-scm.org,Kallithea Rhodes;Kallithea Springs;Kallithea beach;Athens Kallithea;Kallithea FC;Kallithea neighborhood;Kallithea hotel,"The software shares its name with Greek places and a football club, so SCM or repository context is useful.",fleet-enum-2026-08
Kaltura,kaltura,video-hosting,,low,SAFE,False,0,kaltura.com,,Kaltura is an uncommon coined brand with little unrelated usage.,fleet-enum-2026-08
Kameleoon,kameleoon,feature-flags,,low,SAFE,False,0,kameleoon.com,,The invented spelling is not readily confused with ordinary language.,fleet-enum-2026-08
Kanidm,kanidm,identity,,low,SAFE,False,0,kanidm.com,,Distinctive coined open-source identity-management name.,fleet-enum-2026-08
Kaseya VSA,kaseya-vsa,rmm,,low,SAFE,False,0,kaseya.com,,The Kaseya brand paired with the VSA initialism is specific to the product.,fleet-enum-2026-08
Kaspersky Premium,kaspersky-premium,antivirus,,low,SAFE,False,0,kaspersky.com,,Kaspersky is a highly recognizable brand name despite also being a surname.,fleet-enum-2026-08
Katana Cloud Inventory,katana-cloud-inventory,inventory,,high,HOSTILE,True,2,katanamrp.com,katana sword;katana blade;Japanese katana;wield a katana;forged katana;Suzuki Katana;katana build,"Users usually shorten the product to Katana, a common name for the Japanese sword and a Suzuki motorcycle.",fleet-enum-2026-08
kDrive,kdrive,cloud-storage,,high,HOSTILE,True,2,kdrive.infomaniak.com;infomaniak.com,,"The stylized compound is distinctive, especially with the Infomaniak qualifier.",fleet-enum-2026-08
Kerio Control,kerio-control,network-security,,low,SAFE,False,0,gfi.com,,"Kerio Control is a specific branded product, with WinRoute retained mainly as an old-name reference.",fleet-enum-2026-08
Kestra,kestra,etl,workflow-automation,medium,AMBIGUOUS,True,1,kestra.io,,Kestra is a distinctive coined brand with little ordinary-language use.,fleet-enum-2026-08
Keycloak,keycloak,identity,,low,SAFE,False,0,,,Distinctive compound name strongly associated with the open-source identity server.,fleet-enum-2026-08
Keynote,keynote,presentations,,high,HOSTILE,True,2,apple.com,keynote speaker;keynote address;conference keynote;opening keynote;keynote speech;keynote session;annual keynote;closing keynote,Keynote is also the ordinary term for a featured conference speech or speaker.,fleet-enum-2026-08
Keywords Everywhere,keywords-everywhere,seo-tools,,high,HOSTILE,True,2,keywordseverywhere.com,keywords everywhere in the text;keywords everywhere on the page;put keywords everywhere;same keywords everywhere;keywords everywhere online;seeing keywords everywhere,It is a recognizable extension name but can also be a literal two-word phrase.,fleet-enum-2026-08
Khoros,khoros,community-platforms,,low,SAFE,False,0,khoros.ai;khoros.com,,Khoros is a distinctive coined brand; Lithium is the legacy name still used by longtime community operators.,fleet-enum-2026-08
Kickserv,kickserv,field-service,,low,SAFE,False,0,kickserv.com,,"Kickserv is a coined, category-specific name with negligible ordinary-language use.",fleet-enum-2026-08
Kilo Code,kilo-code,ai-coding,,low,SAFE,False,0,kilo.ai,,The full product name is distinctive despite kilo being an ordinary metric prefix when used alone.,fleet-enum-2026-08
Kimai,kimai,time-tracking,,medium,AMBIGUOUS,True,1,kimai.org;kimai.cloud,,Kimai is uncommon in English and strongly identifies the open-source tracker.,fleet-enum-2026-08
Kimi,kimi,ai-assistants,,high,HOSTILE,True,2,kimi.com,Kimi Raikkonen;Kimi Antonelli;Kimi no Na wa;Kimi ni Todoke;Kimi movie;Kimi name,Kimi is a personal name and appears frequently in motorsport and Japanese-media discussions.,fleet-enum-2026-08
Kindroid,kindroid,ai-assistants,,low,SAFE,False,0,kindroid.ai,,The coined brand name is not used as an ordinary English term.,fleet-enum-2026-08
Kinsta,kinsta,web-hosting,,low,SAFE,False,0,kinsta.com,,A coined name with no common ordinary-English meaning.,fleet-enum-2026-08
Kissmetrics,kissmetrics,product-analytics,,low,SAFE,False,0,kissmetrics.io,,Kissmetrics is a distinctive compound brand despite several historical stylings.,fleet-enum-2026-08
Kling AI,kling-ai,ai-video,,low,SAFE,False,0,klingai.com,,The full name is distinctive; users often drop the AI suffix in video discussions.,fleet-enum-2026-08
Knowify,knowify,construction,,low,SAFE,False,0,knowify.com,,Knowify is a coined brand with no common ordinary-English reading.,fleet-enum-2026-08
KnownHost,knownhost,web-hosting,,low,SAFE,False,0,knownhost.com,,The concatenated compound is distinctive in hosting contexts.,fleet-enum-2026-08
Kolab Now,kolab-now,email-providers,,low,SAFE,False,0,kolabnow.com,,"The full brand is distinctive, while Kolab remains a common product shorthand.",fleet-enum-2026-08
Kommunicate,kommunicate,live-chat,,low,SAFE,False,0,kommunicate.io,,The deliberate spelling makes the product name unambiguous.,fleet-enum-2026-08
Koofr,koofr,cloud-storage,,low,SAFE,False,0,koofr.eu,,Koofr is a unique coined name with little ordinary-language collision.,fleet-enum-2026-08
Kooha,kooha,screen-recording,,medium,AMBIGUOUS,True,1,apps.gnome.org,,Kooha is a distinctive coined name used for the GNOME-oriented recorder.,fleet-enum-2026-08
KORONA POS,korona-pos,pos,,low,SAFE,False,0,koronapos.com,,The KORONA spelling and POS suffix make the product readily identifiable.,fleet-enum-2026-08
Krea,krea,ai-image,,medium,AMBIGUOUS,True,1,krea.ai,,Krea is a distinctive coined spelling with little ordinary-English collision.,fleet-enum-2026-08
Kreya,kreya,api-tools,,low,SAFE,False,0,kreya.app,,Kreya is a distinctive coined name with little ordinary-language collision.,fleet-enum-2026-08
Krisp,krisp,transcription,,low,SAFE,False,0,krisp.ai,,The intentionally altered spelling makes Krisp readily identifiable as the software brand.,fleet-enum-2026-08
Krita,krita,photo-editing,,low,SAFE,False,0,krita.org,,Krita is a distinctive product name in English-language Reddit discussion.,fleet-enum-2026-08
Kubernetes,kubernetes,containers,,low,SAFE,False,0,kubernetes.io,,Kubernetes is a coined name with no meaningful ordinary-English collision.,fleet-enum-2026-08
LÖVE,l-ve,game-engines,,high,HOSTILE,True,2,love2d.org,,"Without the 2D suffix, the stylized name collapses to the extremely common word love.",fleet-enum-2026-08
Lacerte,lacerte,tax-software,,medium,AMBIGUOUS,True,1,accountants.intuit.com,,The uncommon name is strongly identified with Intuit's professional tax software.,fleet-enum-2026-08
Landbot,landbot,live-chat,,low,SAFE,False,0,landbot.io,,Landbot is a distinctive compound used almost exclusively for the chatbot builder.,fleet-enum-2026-08
Landlord Studio,landlord-studio,property-management,,medium,AMBIGUOUS,True,1,landlordstudio.com,landlord studio apartment;studio landlord;my landlord's studio;landlord rented the studio;landlord owns the studio;ask the studio landlord,The two ordinary real-estate words can describe a landlord or a studio apartment without naming the product.,fleet-enum-2026-08
LanguageTool,languagetool,writing-assistants,,medium,AMBIGUOUS,True,1,languagetool.org,,The closed-up compound is a distinctive software name.,fleet-enum-2026-08
Laserfiche,laserfiche,document-management,,low,SAFE,False,0,laserfiche.com,,Laserfiche is a distinctive coined name even when users vary its capitalization.,fleet-enum-2026-08
Later,later,social-media-management,,high,HOSTILE,True,2,,see you later;later today;years later;sooner or later;later on;a week later;talk later;save it for later,The canonical name is an extremely common adverb in ordinary Reddit conversation.,fleet-enum-2026-08
LaunchDarkly,launchdarkly,feature-flags,,low,SAFE,False,0,launchdarkly.com,,The coined compound is strongly associated with the feature-management platform.,fleet-enum-2026-08
Launchpad,launchpad,code-hosting,,high,HOSTILE,True,2,launchpad.net,rocket launchpad;launchpad for startups;use it as a launchpad;launchpad explosion;launchpad location;launchpad to orbit;career launchpad;token launchpad,"Launchpad is a common noun and metaphor, so the bare word needs Ubuntu, Canonical, Bazaar, or repository context.",fleet-enum-2026-08
Lavu,lavu,restaurant-pos,,low,SAFE,False,0,lavu.com,,Lavu is a coined brand that is rarely used with another meaning in English-language Reddit comments.,fleet-enum-2026-08
Lawcus,lawcus,legal-practice,,low,SAFE,False,0,lawcus.com,,The coined name is not an ordinary English term.,fleet-enum-2026-08
LEAP,leap,legal-practice,,high,HOSTILE,True,2,leaplegalsoftware.com,leap year;leap day;quantum leap;leap of faith;take the leap;giant leap;leap second;leap forward,"The bare name is a common word and acronym, so legal-software context is essential.",fleet-enum-2026-08
LearnDash,learndash,course-platforms,lms,low,SAFE,False,0,learndash.com,,The fused compound is distinctive and strongly associated with the WordPress LMS.,fleet-enum-2026-08
LearnUpon,learnupon,course-platforms,lms,low,SAFE,False,0,learnupon.com,,The fused capitalization and unusual construction make the brand readily identifiable.,fleet-enum-2026-08
LearnWorlds,learnworlds,course-platforms,lms,low,SAFE,False,0,learnworlds.com,,The fused compound is a distinctive product name rather than a normal English word.,fleet-enum-2026-08
Leonardo.Ai,leonardo-ai,ai-image,,low,SAFE,False,0,leonardo.ai,,The maker's dotted product spelling is distinctive; the Leonardo shorthand is much broader.,fleet-enum-2026-08
Level,level,rmm,,high,HOSTILE,True,2,level.io,level up;next level;high level;low level;entry level;level playing field;level of detail;skill level;character level;water level,"Level is an extremely common English noun, adjective, and verb, so the domain or RMM context is usually required.",fleet-enum-2026-08
LibreOffice Calc,libreoffice-calc,spreadsheets,,low,SAFE,False,0,libreoffice.org,,The LibreOffice qualifier makes the otherwise generic Calc component name distinctive.,fleet-enum-2026-08
LibreOffice Impress,libreoffice-impress,presentations,,low,SAFE,False,0,libreoffice.org,,"The full suite-qualified name is unmistakable, though the shorthand Impress alone is a verb.",fleet-enum-2026-08
Libsyn,libsyn,podcast-hosting,,low,SAFE,False,0,libsyn.com,,A distinctive contraction of Liberated Syndication with little non-product use.,fleet-enum-2026-08
Lightspeed Restaurant,lightspeed-restaurant,restaurant-pos,,medium,AMBIGUOUS,True,1,lightspeedhq.com,travel at lightspeed;jump to lightspeed;faster than lightspeed;lightspeed is impossible;lightspeed engine;reach lightspeed,Lightspeed is a recognizable vendor name in restaurant context but is also ordinary science-fiction and physics language.,fleet-enum-2026-08
Lightspeed Retail,lightspeed-retail,pos,,low,SAFE,False,0,lightspeedhq.com,,The full retail product name is specific; Vend remains common shorthand for its X-Series lineage.,fleet-enum-2026-08
LimeSurvey,limesurvey,survey-tools,,low,SAFE,False,0,limesurvey.org,,The full compound is distinctive and consistently refers to the survey platform.,fleet-enum-2026-08
Lindy,lindy,workflow-automation,,high,HOSTILE,True,2,lindy.ai,Lindy Hop;dance the Lindy;Lindy Chamberlain;Lindy Ruff;my friend Lindy;named Lindy;Lindy effect;Lindy West,"Lindy is a personal name, a dance shorthand, and a term used for the Lindy effect.",fleet-enum-2026-08
Linguee,linguee,localization,,low,SAFE,False,0,linguee.com,,Linguee is a unique coined brand with negligible ordinary-language ambiguity.,fleet-enum-2026-08
Linguix,linguix,writing-assistants,,low,SAFE,False,0,linguix.com,,The coined name is not an ordinary English word.,fleet-enum-2026-08
Linnworks,linnworks,inventory,,low,SAFE,False,0,linnworks.com,,Linnworks is a distinctive coined brand with little ordinary-language overlap.,fleet-enum-2026-08
listmonk,listmonk,newsletters,,low,SAFE,False,0,listmonk.app,,A distinctive coined compound used for the self-hosted newsletter and mailing-list manager.,fleet-enum-2026-08
Litify,litify,legal-practice,,low,SAFE,False,0,litify.com,,The coined name is strongly associated with the legal platform.,fleet-enum-2026-08
Litmos,litmos,lms,,low,SAFE,False,0,litmos.com,,Litmos is a coined brand; SAP Litmos remains common from its former ownership.,fleet-enum-2026-08
Little Green Light,little-green-light,nonprofit,,medium,AMBIGUOUS,True,1,littlegreenlight.com,little green light blinking;little green light on the dashboard;little green light by the camera;little green light on the charger;little green light came on;little green light next to the port,The phrase is a known nonprofit CRM name but also naturally describes a small green indicator light.,fleet-enum-2026-08
LiveChat,livechat,live-chat,,high,HOSTILE,True,2,livechat.com,,"The maker's closed-up spelling is distinctive, but casing is usually lost in casual text and the words describe the entire category.",fleet-enum-2026-08
Livestorm,livestorm,webinars,,medium,AMBIGUOUS,True,1,livestorm.co,,The compound brand is rarely used outside references to the platform.,fleet-enum-2026-08
LiveWebinar,livewebinar,webinars,,high,HOSTILE,True,2,livewebinar.com,,"When spacing and capitalization disappear, the name is identical to the generic phrase for a webinar broadcast live.",fleet-enum-2026-08
Localazy,localazy,localization,,low,SAFE,False,0,localazy.com,,Localazy is a distinctive coined spelling with little ordinary-language collision.,fleet-enum-2026-08
LogicalDOC,logicaldoc,document-management,,low,SAFE,False,0,logicaldoc.com,,The fused brand is distinctive even though users vary the capitalization.,fleet-enum-2026-08
LogicMonitor,logicmonitor,observability,,low,SAFE,False,0,logicmonitor.com,,Closed compound brand name that is readily identifiable in monitoring discussions.,fleet-enum-2026-08
LogMeIn Pro,logmein-pro,remote-desktop,,low,SAFE,False,0,logmein.com,,The stylized brand plus Pro tier is readily identifiable as the shipped remote-access product.,fleet-enum-2026-08
LogRocket,logrocket,error-tracking,product-analytics;session-replay,low,SAFE,False,0,logrocket.com,,"The coined compound is strongly associated with the product, including its occasional spaced spelling.",fleet-enum-2026-08
Logto,logto,identity,,medium,AMBIGUOUS,True,1,logto.io,,The joined spelling is a distinctive identity-platform brand.,fleet-enum-2026-08
Lokalise,lokalise,localization,,low,SAFE,False,0,lokalise.com,,The deliberately spelled brand is unlikely to be mistaken for ordinary usage.,fleet-enum-2026-08
Loomly,loomly,social-media-management,,low,SAFE,False,0,loomly.com,,Invented brand name with little ordinary-language collision.,fleet-enum-2026-08
Loops,loops,newsletters,,high,HOSTILE,True,2,loops.so,for loops;feedback loops;infinite loops;guitar loops;belt loops,"A common plural noun across programming, music, systems, clothing, and everyday idioms.",fleet-enum-2026-08
Lovable,lovable,ai-coding,no-code,high,HOSTILE,True,2,lovable.dev,lovable character;lovable dog;lovable idiot;lovable goof;lovable personality;lovable rogue;lovable pet,The bare name is a common adjective; the .dev form or app-building context disambiguates it.,fleet-enum-2026-08
LowFruits,lowfruits,seo-tools,,medium,AMBIGUOUS,True,1,lowfruits.io,,The closed compound is distinctive; spaced variants usually still denote the tool in SEO threads.,fleet-enum-2026-08
Loyverse POS,loyverse-pos,pos,,low,SAFE,False,0,loyverse.com,,Loyverse is a distinctive coined name.,fleet-enum-2026-08
LTX Studio,ltx-studio,ai-video,,low,SAFE,False,0,ltx.io;ltx.studio,,The lettermark plus Studio is distinctive; LTX alone can also refer to its related model family.,fleet-enum-2026-08
Lucidchart,lucidchart,diagramming,,low,SAFE,False,0,lucidchart.com,,The compound product name is highly distinctive; only the shorthand Lucid is context-sensitive.,fleet-enum-2026-08
Luciq,luciq,error-tracking,,low,SAFE,False,0,luciq.ai,,Luciq is a distinctive coined name; Instabug is the former brand still prevalent in Reddit discussions.,fleet-enum-2026-08
Lucky Orange,lucky-orange,session-replay,,medium,AMBIGUOUS,True,1,luckyorange.com,,The two-word phrase is unusual enough to identify the product reliably.,fleet-enum-2026-08
Luma,luma,event-management,,high,HOSTILE,True,2,luma.com;lu.ma,luma key;luma matte;luma channel;luma values;chroma and luma;Luma AI;Luma Dream Machine,Luma is also a video-imaging term and appears in the names of unrelated AI and creative products.,fleet-enum-2026-08
Luminar Neo,luminar-neo,photo-editing,,low,SAFE,False,0,skylum.com,,"The full product name is unmistakable, though Neo by itself has many unrelated uses.",fleet-enum-2026-08
Lunch Money,lunch-money,budgeting,,high,HOSTILE,True,2,lunchmoney.app,school lunch money;forgot my lunch money;give him lunch money;spent my lunch money;kids lunch money;stole lunch money;extra lunch money;pay back lunch money,"Lunch money is a common everyday phrase, so software context is essential.",fleet-enum-2026-08
M-Files,m-files,document-management,,medium,AMBIGUOUS,True,1,m-files.com,,The hyphenated brand is distinctive and rarely denotes anything else.,fleet-enum-2026-08
MacWhisper,macwhisper,transcription,,low,SAFE,False,0,macwhisper.com,,The compound name clearly identifies the Mac transcription application rather than ordinary whispering.,fleet-enum-2026-08
Mage,mage,ai-image,etl,high,HOSTILE,True,2,mage.ai,fire mage;frost mage;arcane mage;mage build;mage class;battle mage;mage tower;black mage,Mage is a common fantasy-game and role-playing character class.,fleet-enum-2026-08
mail.com,mail-com,email-providers,,low,SAFE,False,0,mail.com,,"Although built from a generic word, the dot-com form is an unmistakable branded domain.",fleet-enum-2026-08
mailbox,mailbox,email-providers,,high,HOSTILE,True,2,mailbox.org,check my mailbox;mailbox is full;physical mailbox;shared mailbox;mailbox rule;mailbox storage;mailbox key;mailbox post,The current bare brand is identical to the generic word for both physical and electronic mailboxes.,fleet-enum-2026-08
MailerLite,mailerlite,newsletters,,low,SAFE,False,0,mailerlite.com,,The joined product name is distinctive despite its descriptive components.,fleet-enum-2026-08
MailerSend,mailersend,communication-apis,,low,SAFE,False,0,mailersend.com,,MailerSend is a distinctive compound brand with little ordinary-language collision.,fleet-enum-2026-08
Mailfence,mailfence,email-providers,,low,SAFE,False,0,mailfence.com,,The coined compound is strongly product-specific.,fleet-enum-2026-08
Mailgun,mailgun,communication-apis,,low,SAFE,False,0,mailgun.com,,Mailgun is a distinctive coined brand despite occasional casing variation.,fleet-enum-2026-08
Mailjet,mailjet,communication-apis,,low,SAFE,False,0,mailjet.com,,Mailjet is a distinctive brand; casual comments sometimes vary its capitalization or spacing.,fleet-enum-2026-08
MailPoet,mailpoet,newsletters,,low,SAFE,False,0,mailpoet.com,,Distinctive compound name associated with the WordPress newsletter plugin.,fleet-enum-2026-08
Mailtrap,mailtrap,communication-apis,,medium,AMBIGUOUS,True,1,mailtrap.io,,Mailtrap is a distinctive compound name in developer discussions.,fleet-enum-2026-08
Majestic,majestic,seo-tools,,high,HOSTILE,True,2,majestic.com,majestic mountains;majestic view;majestic creature;majestic scenery;majestic eagle;majestic horse;looks majestic,"Majestic is a common adjective, so the bare name needs SEO or backlink context.",fleet-enum-2026-08
Make,make,workflow-automation,,high,HOSTILE,True,2,make.com,make sure;make money;make sense;make it;make a difference;make friends;make your own;make me laugh,Make is an extremely common English verb; the old name Integromat and the Make.com form are much more specific.,fleet-enum-2026-08
Malwarebytes Premium,malwarebytes-premium,antivirus,,low,SAFE,False,0,malwarebytes.com,,Malwarebytes is a distinctive compound brand with negligible ordinary-language collision.,fleet-enum-2026-08
ManageEngine Endpoint Central,manageengine-endpoint-central,mdm,,low,SAFE,False,0,manageengine.com,,The full branded name is specific; Desktop Central is its former name.,fleet-enum-2026-08
ManageEngine Mobile Device Manager Plus,manageengine-mobile-device-manager-plus,mdm,,low,SAFE,False,0,manageengine.com,,The full branded product name is specific despite its descriptive words.,fleet-enum-2026-08
ManageEngine RMM Central,manageengine-rmm-central,rmm,,low,SAFE,False,0,manageengine.com,,The full vendor-qualified product name is specific and not likely to be ordinary prose.,fleet-enum-2026-08
Mangomint,mangomint,scheduling,,low,SAFE,False,0,mangomint.com,,The combined name is distinctive and overwhelmingly denotes the salon and spa platform.,fleet-enum-2026-08
Mangools,mangools,seo-tools,,low,SAFE,False,0,mangools.com,,The coined plural brand name is not ordinary English.,fleet-enum-2026-08
ManicTime,manictime,time-tracking,,low,SAFE,False,0,manictime.com,,ManicTime is a distinctive branded compound.,fleet-enum-2026-08
Manychat,manychat,live-chat,,medium,AMBIGUOUS,True,1,manychat.com,,"The closed-up brand is distinctive, though legacy capitalization and spaced spelling remain common on Reddit.",fleet-enum-2026-08
MarginEdge,marginedge,restaurant-pos,,low,SAFE,False,0,marginedge.com,,MarginEdge is a distinctive concatenated restaurant back-office brand.,fleet-enum-2026-08
MariaDB,mariadb,databases,,low,SAFE,False,0,mariadb.org;mariadb.com,,The DB suffix makes the canonical name unmistakable despite Maria being a common given name.,fleet-enum-2026-08
MarketMan,marketman,restaurant-pos,,medium,AMBIGUOUS,True,1,marketman.com,,MarketMan is a distinctive concatenated name in restaurant inventory and purchasing discussions.,fleet-enum-2026-08
MarketMuse,marketmuse,seo-tools,,medium,AMBIGUOUS,True,1,marketmuse.com,,The compound brand is distinctive even when users insert a space.,fleet-enum-2026-08
Markt POS,markt-pos,pos,,low,SAFE,False,0,marktpos.com,,The unusual Markt spelling combined with POS is distinctive.,fleet-enum-2026-08
Master PDF Editor,master-pdf-editor,pdf-tools,,high,HOSTILE,True,2,code-industry.net,master bedroom;master copy;master's degree;game master;master password;master branch;audio master,"Its name is almost entirely generic, and the shortened word Master has many common Reddit meanings.",fleet-enum-2026-08
MateCat,matecat,localization,,medium,AMBIGUOUS,True,1,matecat.com,,MateCat is a distinctive compound name for the web-based CAT tool.,fleet-enum-2026-08
Matillion,matillion,etl,,low,SAFE,False,0,matillion.com,,Matillion is a distinctive coined brand; Matillion ETL is its widely used former product styling.,fleet-enum-2026-08
Matomo,matomo,web-analytics,,low,SAFE,False,0,matomo.org,,Matomo is a coined name with little non-product usage; Piwik is its well-known former name.,fleet-enum-2026-08
Maven,maven,course-platforms,,high,HOSTILE,True,2,maven.com,marketing maven;media maven;tech maven;fashion maven;policy maven;startup maven;financial maven,Maven is an ordinary word for an expert and also collides heavily with the Apache build tool and names in games.,fleet-enum-2026-08
Maxio,maxio,invoicing,,medium,AMBIGUOUS,True,1,maxio.com,,Maxio is distinctive; Chargify and SaaSOptics remain common legacy names after their combination into Maxio.,fleet-enum-2026-08
Mayan EDMS,mayan-edms,document-management,,low,SAFE,False,0,mayan-edms.com,,The EDMS qualifier clearly separates the product from references to Mayan peoples and culture.,fleet-enum-2026-08
McAfee+ Premium,mcafee-plus-premium,antivirus,,low,SAFE,False,0,mcafee.com,,The McAfee brand and plus-sign styling make the current suite name distinctive.,fleet-enum-2026-08
MediaWiki,mediawiki,wikis,,low,SAFE,False,0,mediawiki.org,,The compound name specifically identifies the wiki engine that powers Wikipedia and related sites.,fleet-enum-2026-08
MeetEdgar,meetedgar,social-media-management,,low,SAFE,False,0,meetedgar.com,,"The full compound brand is distinctive, though Edgar alone is also a personal name.",fleet-enum-2026-08
MeetGeek,meetgeek,transcription,,low,SAFE,False,0,meetgeek.ai,,The fused coined name is strongly associated with the meeting assistant.,fleet-enum-2026-08
Meetup,meetup,event-management,,high,HOSTILE,True,2,meetup.com,local meetup;Reddit meetup;car meetup;meetup spot;meetup tonight;organize a meetup;casual meetup;family meetup,"Meetup is an ordinary generic word for an informal gathering, so bare mentions often are not about the service.",fleet-enum-2026-08
MEGA,mega,cloud-storage,,high,HOSTILE,True,2,mega.io;mega.nz,Mega Millions;mega evolution;mega raid;mega sale;mega yacht;mega project;mega dose;mega corporation,Mega is also a common intensifier and appears in several unrelated names and concepts.,fleet-enum-2026-08
Megaphone,megaphone,podcast-hosting,,high,HOSTILE,True,2,megaphone.fm,speaking through a megaphone;shouting into a megaphone;bullhorn or megaphone;megaphone announcement;police megaphone;protester with a megaphone;handheld megaphone,"The bare name is the common loudspeaker noun, making enterprise-podcasting context necessary.",fleet-enum-2026-08
Meltano,meltano,etl,,low,SAFE,False,0,meltano.com,,Meltano is a distinctive coined product name.,fleet-enum-2026-08
memoQ translator pro,memoq-translator-pro,localization,,low,SAFE,False,0,memoq.com,,The unusual memoQ styling is strongly associated with the CAT tool.,fleet-enum-2026-08
Memtime,memtime,time-tracking,,medium,AMBIGUOUS,True,1,memtime.com,,Memtime is a coined brand; timeBro is its recognizable former name.,fleet-enum-2026-08
Mendix,mendix,internal-tools,no-code,low,SAFE,False,0,mendix.com,,A unique coined enterprise-platform name.,fleet-enum-2026-08
Mentimeter,mentimeter,presentations,,medium,AMBIGUOUS,True,1,mentimeter.com,,Mentimeter is a distinctive coined name; its common Menti shorthand is also product-specific in context.,fleet-enum-2026-08
Mermaid,mermaid,diagramming,,high,HOSTILE,True,2,mermaid.js.org,The Little Mermaid;mermaid tail;mermaid costume;mermaid hair;mermaid dress;mermaid tattoo;mermaid mythology;mermaid show,The bare name commonly denotes the mythological creature and related media or costumes.,fleet-enum-2026-08
MeshCentral,meshcentral,remote-desktop,rmm,low,SAFE,False,0,meshcentral.com,,The fused project name is distinctive in self-hosted remote-management discussions.,fleet-enum-2026-08
Meta AI,meta-ai,ai-assistants,,medium,AMBIGUOUS,True,1,meta.ai,,The two-word name clearly identifies Meta's assistant in normal Reddit usage.,fleet-enum-2026-08
Metricool,metricool,social-media-management,,low,SAFE,False,0,metricool.com,,Coined name that is strongly associated with the social media platform.,fleet-enum-2026-08
MicroK8s,microk8s,containers,,low,SAFE,False,0,microk8s.io,,The coined Kubernetes distribution name has no ordinary-language meaning.,fleet-enum-2026-08
Microsoft Azure Firewall,microsoft-azure-firewall,network-security,,low,SAFE,False,0,azure.microsoft.com;microsoft.com,,The full Microsoft Azure service name is explicit and not plausibly an ordinary phrase.,fleet-enum-2026-08
Microsoft Bookings,microsoft-bookings,scheduling,,low,SAFE,False,0,microsoft.com,,Microsoft plus Bookings clearly identifies the Microsoft 365 appointment application.,fleet-enum-2026-08
Microsoft Clarity,microsoft-clarity,product-analytics,session-replay;web-analytics,low,SAFE,False,0,,,"The full Microsoft Clarity name is unmistakable, even though the common shorthand is ambiguous.",fleet-enum-2026-08
Microsoft Copilot,microsoft-copilot,ai-assistants,,low,SAFE,False,0,copilot.microsoft.com;microsoft.com,,"The full canonical name is specific, although the Copilot shorthand can refer to other Microsoft products.",fleet-enum-2026-08
Microsoft Defender for Endpoint,microsoft-defender-for-endpoint,antivirus,,low,SAFE,False,0,microsoft.com,,The full enterprise product name is unambiguous; its Defender shorthand is context-dependent.,fleet-enum-2026-08
Microsoft Editor,microsoft-editor,writing-assistants,,medium,AMBIGUOUS,True,1,microsoft.com,,The Microsoft qualifier makes the otherwise generic word Editor specific.,fleet-enum-2026-08
Microsoft Entra ID,microsoft-entra-id,identity,,low,SAFE,False,0,microsoft.com,,"The full product name is unmistakable, despite extensive use of its former Azure AD name.",fleet-enum-2026-08
Microsoft Excel,microsoft-excel,spreadsheets,,low,SAFE,False,0,microsoft.com,,"The full Microsoft-qualified name is unmistakable, although the Excel shorthand is also an ordinary verb.",fleet-enum-2026-08
Microsoft Fabric,microsoft-fabric,data-warehouses,,high,HOSTILE,True,2,fabric.microsoft.com;microsoft.com,,"The Microsoft-qualified product name is clear, while Fabric alone is an ordinary material noun.",fleet-enum-2026-08
Microsoft Forms,microsoft-forms,form-builders,survey-tools,low,SAFE,False,0,forms.office.com,,The Microsoft qualifier clearly identifies the shipped form product.,fleet-enum-2026-08
Microsoft Intune,microsoft-intune,mdm,,low,SAFE,False,0,microsoft.com,,The full Microsoft Intune name is distinctive; casual discussion usually drops Microsoft.,fleet-enum-2026-08
Microsoft OneDrive,microsoft-onedrive,cloud-storage,,low,SAFE,False,0,onedrive.com,,"The full maker-qualified name is unambiguous, and even OneDrive is a distinctive coined brand.",fleet-enum-2026-08
Microsoft Power Apps,microsoft-power-apps,internal-tools,no-code,low,SAFE,False,0,powerapps.microsoft.com,,The full canonical name is unmistakable; Reddit usually drops the Microsoft prefix.,fleet-enum-2026-08
Microsoft Power Automate,microsoft-power-automate,workflow-automation,,low,SAFE,False,0,powerautomate.microsoft.com,,The full product name is unambiguous; PAD commonly means Power Automate Desktop in relevant threads.,fleet-enum-2026-08
Microsoft PowerPoint,microsoft-powerpoint,presentations,,low,SAFE,False,0,microsoft.com,,The full product name and PowerPoint shorthand are strongly product-specific.,fleet-enum-2026-08
Microsoft SQL Server,microsoft-sql-server,databases,,low,SAFE,False,0,microsoft.com,,The full name and established abbreviations clearly denote Microsoft's database.,fleet-enum-2026-08
Microsoft Teams Phone,microsoft-teams-phone,voip,,low,SAFE,False,0,microsoft.com,,The full Microsoft product name is unambiguous in ordinary discussion.,fleet-enum-2026-08
Microsoft Translator,microsoft-translator,localization,,low,SAFE,False,0,microsoft.com;bing.com,,The maker-qualified name is clear; many users still refer to the consumer experience by its Bing branding.,fleet-enum-2026-08
Microsoft Visio,microsoft-visio,diagramming,,low,SAFE,False,0,microsoft.com,,The full product name and the common Visio shorthand are strongly associated with diagramming software.,fleet-enum-2026-08
Microsoft Whiteboard,microsoft-whiteboard,diagramming,,low,SAFE,False,0,microsoft.com;whiteboard.microsoft.com,,The Microsoft qualifier makes the otherwise generic whiteboard term unambiguous.,fleet-enum-2026-08
Mida,mida,feature-flags,,high,HOSTILE,True,2,mida.so,King Mida;Mida name;Mida surname;Mida character;Mida restaurant;Mida song,"The short name also appears as a personal name, fictional name, and business name outside software.",fleet-enum-2026-08
Midjourney,midjourney,ai-image,,low,SAFE,False,0,midjourney.com,,A coined compound that is overwhelmingly used for the image-generation service.,fleet-enum-2026-08
Migadu,migadu,email-providers,,low,SAFE,False,0,migadu.com,,A distinctive coined name used for the hosted email service.,fleet-enum-2026-08
Mighty Networks,mighty-networks,community-platforms,course-platforms,low,SAFE,False,0,mightynetworks.com,,The full two-word brand is distinctive; shortened aliases are more context-dependent.,fleet-enum-2026-08
MightyCall,mightycall,voip,,medium,AMBIGUOUS,True,1,mightycall.com,,The closed compound is a distinctive product brand.,fleet-enum-2026-08
Mindbody,mindbody,scheduling,,medium,AMBIGUOUS,True,1,mindbodyonline.com,,The closed compound and brand casing are distinctive despite the ordinary phrase mind and body.,fleet-enum-2026-08
MindMeister,mindmeister,diagramming,,low,SAFE,False,0,mindmeister.com,,The distinctive compound name has little non-product usage.,fleet-enum-2026-08
Miradore,miradore,mdm,,low,SAFE,False,0,miradore.com,,Miradore is a distinctive coined product name.,fleet-enum-2026-08
Mirantis Kubernetes Engine,mirantis-kubernetes-engine,containers,,low,SAFE,False,0,mirantis.com,,The full vendor-qualified name is unique; several aliases reflect the product's earlier Docker Enterprise lineage.,fleet-enum-2026-08
Mockoon,mockoon,api-tools,,low,SAFE,False,0,mockoon.com,,Mockoon is a distinctive coined name for the API mocking application.,fleet-enum-2026-08
Monarch Money,monarch-money,budgeting,,low,SAFE,False,0,monarch.com,,"The full two-word name is distinctive, although users often shorten it to Monarch.",fleet-enum-2026-08
Moneydance,moneydance,budgeting,,low,SAFE,False,0,moneydance.com,,The closed-up compound is a distinctive software brand.,fleet-enum-2026-08
MoneyWiz,moneywiz,budgeting,,medium,AMBIGUOUS,True,1,wiz.money,,The compound name and unusual capitalization make the product readily identifiable.,fleet-enum-2026-08
MongoDB,mongodb,databases,,low,SAFE,False,0,mongodb.com,,MongoDB is distinctive; Mongo is overwhelmingly database shorthand in software contexts.,fleet-enum-2026-08
Monitask,monitask,time-tracking,,medium,AMBIGUOUS,True,1,monitask.com,,Monitask is a coined product name with little ordinary usage.,fleet-enum-2026-08
MonoGame,monogame,game-engines,,medium,AMBIGUOUS,True,1,monogame.net,,"MonoGame is a distinctive compound brand, though its initials need technical context.",fleet-enum-2026-08
Moodle,moodle,course-platforms,,medium,AMBIGUOUS,True,1,moodle.org;moodle.com,,Coined name strongly identified with the open-source learning platform and its hosted service.,fleet-enum-2026-08
Moodle LMS,moodle-lms,lms,,low,SAFE,False,0,moodle.com;moodle.org,,"Moodle is a coined brand name, and the LMS suffix makes the reference explicit.",fleet-enum-2026-08
Moosend,moosend,newsletters,,low,SAFE,False,0,moosend.com,,Coined name that is strongly associated with the email platform.,fleet-enum-2026-08
Mopinion,mopinion,survey-tools,,low,SAFE,False,0,mopinion.com,,The coined name is unmistakable in customer-feedback discussions.,fleet-enum-2026-08
Mosyle Fuse,mosyle-fuse,mdm,,low,SAFE,False,0,mosyle.com,,Mosyle is a coined brand and the full Mosyle Fuse name is unmistakable.,fleet-enum-2026-08
MotherDuck,motherduck,data-warehouses,,high,HOSTILE,True,2,motherduck.com,,"The fused spelling is branded, but case-insensitive matching collides with ordinary discussion of parent ducks.",fleet-enum-2026-08
Mouseflow,mouseflow,product-analytics,session-replay,low,SAFE,False,0,mouseflow.com,,Mouseflow is a distinctive closed-up product name.,fleet-enum-2026-08
Movavi Screen Recorder,movavi-screen-recorder,screen-recording,,low,SAFE,False,0,movavi.com,,The full product name is explicit and distinct from Movavi's other video products.,fleet-enum-2026-08
Moz Pro,moz-pro,seo-tools,,low,SAFE,False,0,moz.com,,The full product name is distinctive; Reddit users commonly shorten it to Moz.,fleet-enum-2026-08
Mozilla VPN,mozilla-vpn,vpn,,low,SAFE,False,0,mozilla.org;vpn.mozilla.org,,Mozilla plus VPN uniquely identifies the maker's subscription product.,fleet-enum-2026-08
MRI Property Management X,mri-property-management-x,property-management,,low,SAFE,False,0,mrisoftware.com,,"The full product name is specific, although the common MRI shorthand is medically ambiguous.",fleet-enum-2026-08
MRPeasy,mrpeasy,inventory,,low,SAFE,False,0,mrpeasy.com,,The fused brand spelling is distinctive and strongly tied to manufacturing software.,fleet-enum-2026-08
MuleSoft Anypoint Platform,mulesoft-anypoint-platform,workflow-automation,,low,SAFE,False,0,mulesoft.com,,The full product name is unambiguous; Mule alone can collide with the animal but is usually contextual shorthand in integration threads.,fleet-enum-2026-08
Mullvad VPN,mullvad-vpn,vpn,,low,SAFE,False,0,mullvad.net,,"Mullvad is a distinctive brand outside Swedish-language discussion, and the full name is explicit.",fleet-enum-2026-08
Mural,mural,diagramming,,high,HOSTILE,True,2,mural.co,wall mural;paint a mural;mural artist;public mural;street mural;mural painting;school mural;mural project,The bare name is the ordinary noun for a large wall painting.,fleet-enum-2026-08
Mux,mux,video-hosting,,high,HOSTILE,True,2,mux.com,HDMI mux;video mux;audio mux;mux switch;demux and mux;transport stream mux,Mux is common technical shorthand for a multiplexer or multiplexing operation.,fleet-enum-2026-08
MyCase,mycase,legal-practice,,high,HOSTILE,True,2,mycase.com,,The closed-up brand name is distinctive even though the spaced words are generic.,fleet-enum-2026-08
MyOwnConference,myownconference,webinars,,high,HOSTILE,True,2,myownconference.com,,"The spaced form is a natural first-person phrase, though the closed compound is visibly branded.",fleet-enum-2026-08
MySQL,mysql,databases,,low,SAFE,False,0,mysql.com,,A distinctive coined name that is unmistakable in ordinary discussion.,fleet-enum-2026-08
MyTAXPrepOffice,mytaxprepoffice,tax-software,,low,SAFE,False,0,mytaxprepoffice.com,,The concatenated full name is distinctive; MTPO is the common community shorthand.,fleet-enum-2026-08
N-able N-central,n-able-n-central,rmm,,low,SAFE,False,0,n-able.com,,The hyphenated N-able and N-central branding is highly distinctive in ordinary text.,fleet-enum-2026-08
N-able N-sight RMM,n-able-n-sight-rmm,rmm,,low,SAFE,False,0,n-able.com,,"The full branded name is distinctive, though users often retain its older N-able RMM and SolarWinds RMM names.",fleet-enum-2026-08
n8n,n8n,workflow-automation,,low,SAFE,False,0,n8n.io,,"The alphanumeric coined name is distinctive, despite occasional Reddit typos such as 8n8.",fleet-enum-2026-08
Nagios Core,nagios-core,observability,,low,SAFE,False,0,,,Nagios is a coined name and Core distinguishes the open-source product from Nagios XI.,fleet-enum-2026-08
Name.com,name-com,domain-registrars,,low,SAFE,False,0,,,"Although name is generic, the maker's dotted canonical form is a distinctive brand.",fleet-enum-2026-08
Namecheap,namecheap,domain-registrars,web-hosting,low,SAFE,False,0,namecheap.com,,The concatenated form is overwhelmingly a reference to the provider.,fleet-enum-2026-08
NameSilo,namesilo,domain-registrars,,low,SAFE,False,0,namesilo.com,,"The compound is distinctive, with casing and spacing variants common in comments.",fleet-enum-2026-08
NapoleonCat,napoleoncat,social-media-management,,low,SAFE,False,0,napoleoncat.com,,Unusual compound name is strongly product-specific.,fleet-enum-2026-08
Navan,navan,expense-management,,medium,AMBIGUOUS,True,1,navan.com,"Navan Road;Navan town;Navan, Meath;Navan hospital;Navan bus;Navan traffic;Navan shopping centre",Navan is distinctive in software discussions but is also a well-known Irish town and place name.,fleet-enum-2026-08
NeatoPOD,neatopod,print-on-demand,,medium,AMBIGUOUS,True,1,neatopod.com,,The POD suffix and distinctive Neato construction clearly identify the provider.,fleet-enum-2026-08
Neon,neon,databases,,high,HOSTILE,True,2,neon.com,neon lights;neon sign;neon colors;neon green;neon Genesis;neon tetra;neon gas;neon aesthetic,"The canonical name is a common word widely used for lighting, colors, chemistry, fish, and media titles.",fleet-enum-2026-08
Neon CRM,neon-crm,nonprofit,,low,SAFE,False,0,neonone.com,,"CRM disambiguates the canonical name, though the common shorthand Neon is an ordinary word.",fleet-enum-2026-08
Neos,neos,legal-practice,,high,HOSTILE,True,2,assemblysoftware.com,Neos VR;Neos Metaverse;Neos credits;Neos airline;NEOS server;Neos coin,"Legal users often connect it to Needles, but the bare name is shared by VR, travel, computing, and crypto topics.",fleet-enum-2026-08
Neovim,neovim,ides,,low,SAFE,False,0,neovim.io,,The neo- compound is a distinctive name for the Vim-derived editor.,fleet-enum-2026-08
NetDocuments,netdocuments,document-management,,medium,AMBIGUOUS,True,1,netdocuments.com,,"The concatenated brand is unmistakable, though its abbreviations require legal-DMS context.",fleet-enum-2026-08
Network Solutions,network-solutions,domain-registrars,,high,HOSTILE,True,2,networksolutions.com,enterprise network solutions;home network solutions;wireless network solutions;secure network solutions;network solutions architect;network solutions provider,"The longstanding brand is well known, but the two words also form a generic IT-services phrase.",fleet-enum-2026-08
New Relic,new-relic,observability,,low,SAFE,False,0,newrelic.com,,The two-word brand is distinctive even though each word is ordinary on its own.,fleet-enum-2026-08
Nextcloud Files,nextcloud-files,cloud-storage,,low,SAFE,False,0,nextcloud.com,,"Nextcloud is a distinctive coined brand, and Files identifies its storage product.",fleet-enum-2026-08
Nextcloud Talk,nextcloud-talk,video-conferencing,,low,SAFE,False,0,nextcloud.com,,The distinctive Nextcloud prefix separates the product from generic talk references.,fleet-enum-2026-08
Nextiva,nextiva,voip,,low,SAFE,False,0,nextiva.com,,A coined brand name with little plausible non-product usage.,fleet-enum-2026-08
NightCafe Creator,nightcafe-creator,ai-image,,medium,AMBIGUOUS,True,1,nightcafe.studio,,"The full product name is distinctive, while users usually shorten it to NightCafe.",fleet-enum-2026-08
Ninja Forms,ninja-forms,form-builders,,medium,AMBIGUOUS,True,1,ninjaforms.com,,The two-word product name is a well-established and distinctive WordPress brand.,fleet-enum-2026-08
NinjaOne Mobile Device Management,ninjaone-mobile-device-management,mdm,,low,SAFE,False,0,ninjaone.com,,The full NinjaOne product name is distinctive despite the ordinary word ninja.,fleet-enum-2026-08
NinjaOne RMM,ninjaone-rmm,rmm,,low,SAFE,False,0,ninjaone.com,,The full product name is distinctive; the casual alias Ninja is much more ambiguous on its own.,fleet-enum-2026-08
Nitro PDF Pro,nitro-pdf-pro,pdf-tools,,medium,AMBIGUOUS,True,1,gonitro.com,nitro cold brew;nitro fuel;nitro engine;nitro boost;Discord Nitro;nitro racing,"The full name is clear, while the very common Nitro shorthand collides with fuel, drinks, racing, and Discord.",fleet-enum-2026-08
Njalla,njalla,domain-registrars,,low,SAFE,False,0,njal.la,,The uncommon Sami-derived name and distinctive domain spelling rarely collide in English Reddit text.,fleet-enum-2026-08
NocoBase,nocobase,no-code,,low,SAFE,False,0,nocobase.com,,The coined no-code compound is product-specific.,fleet-enum-2026-08
Node-RED,node-red,workflow-automation,,low,SAFE,False,0,nodered.org,,The hyphenated name is distinctive; spelling and hyphenation vary frequently in casual comments.,fleet-enum-2026-08
NodeBB,nodebb,community-platforms,,low,SAFE,False,0,nodebb.org,,The stylized technical name is distinctive and strongly associated with forum software.,fleet-enum-2026-08
Noloco,noloco,no-code,,low,SAFE,False,0,noloco.io,,A distinctive coined brand with little non-product usage.,fleet-enum-2026-08
NoMachine,nomachine,remote-desktop,,low,SAFE,False,0,nomachine.com,,The fused capitalization is a distinctive remote-desktop brand; the spaced phrase is mainly an alias.,fleet-enum-2026-08
Nomad,nomad,containers,,high,HOSTILE,True,2,hashicorp.com,digital nomad;nomad visa;nomad lifestyle;traveling nomad;van life nomad;nomad community;modern nomad;remote work nomad,"Nomad is a common noun used heavily in travel, remote-work, and lifestyle communities.",fleet-enum-2026-08
Nomi,nomi,ai-assistants,,medium,AMBIGUOUS,True,1,nomi.ai,Nomi Malone;Nomi Marks;Nomi Prins;Nomi Ruiz;Nomi name;named Nomi,"Nomi is also a personal and character name, but it is less common than the most ambiguous human names.",fleet-enum-2026-08
NordVPN,nordvpn,vpn,,low,SAFE,False,0,nordvpn.com,,The coined NordVPN name is unmistakable even without category context.,fleet-enum-2026-08
Norton 360 Deluxe,norton-360-deluxe,antivirus,,low,SAFE,False,0,norton.com,,The numbered Norton suite name is strongly associated with security software.,fleet-enum-2026-08
Notepad++,notepad-plus-plus,ides,,low,SAFE,False,0,notepad-plus-plus.org,,The plus signs make the product distinct from a generic notepad or Windows Notepad.,fleet-enum-2026-08
Notta,notta,transcription,,low,SAFE,False,0,notta.ai,,Notta is a coined spelling and is rarely used as a standalone ordinary word.,fleet-enum-2026-08
Nova,nova,ides,,high,HOSTILE,True,2,nova.app;panic.com,Nova Scotia;Chevy Nova;Nova Launcher;PBS Nova;nova explosion;classical nova;Nova Corps,"Nova is an astronomical term and is widely used for places, vehicles, media, and other software.",fleet-enum-2026-08
NovelAI,novelai,ai-image,,high,HOSTILE,True,2,novelai.net,,The joined name is a distinctive service brand despite spanning both writing and image generation.,fleet-enum-2026-08
Novelcrafter,novelcrafter,writing-assistants,,low,SAFE,False,0,,,The closed-up compound is distinctive even though its two component words are descriptive.,fleet-enum-2026-08
NRS POS,nrs-pos,pos,,low,SAFE,False,0,nrsplus.com,,The acronym paired with POS is specific to the National Retail Solutions system.,fleet-enum-2026-08
Nuclino,nuclino,wikis,,low,SAFE,False,0,nuclino.com,,Nuclino is a coined brand name without a common ordinary-language sense.,fleet-enum-2026-08
Numbers,numbers,spreadsheets,,high,HOSTILE,True,2,apple.com,phone numbers;lottery numbers;the numbers show;numbers game;random numbers;serial numbers;jersey numbers;numbers don't lie;by the numbers,Numbers is an extremely common plural noun unless Apple or spreadsheet context is present.,fleet-enum-2026-08
OBS Studio,obs-studio,screen-recording,,low,SAFE,False,0,obsproject.com,,The full product name is distinctive; the common OBS shorthand is also strongly software-associated.,fleet-enum-2026-08
Octopus Deploy,octopus-deploy,ci-cd,,low,SAFE,False,0,octopus.com,,The full product name is distinctive despite Octopus alone naming an animal.,fleet-enum-2026-08
Okta,okta,identity,,low,SAFE,False,0,okta.com,,Distinctive coined brand; casual mentions overwhelmingly refer to the identity platform.,fleet-enum-2026-08
Olark,olark,live-chat,,low,SAFE,False,0,olark.com,,Olark is a coined brand with negligible ordinary-language overlap.,fleet-enum-2026-08
OLT Online Taxes,olt-online-taxes,tax-software,,low,SAFE,False,0,olt.com,,"The complete brand is specific, though Reddit users usually shorten it to OLT.",fleet-enum-2026-08
OmegaT,omegat,localization,,low,SAFE,False,0,omegat.org,,The combined name is distinctive and normally denotes the open-source CAT tool.,fleet-enum-2026-08
OmniGraffle,omnigraffle,diagramming,,low,SAFE,False,0,omnigroup.com,,The coined compound is uniquely associated with The Omni Group's diagramming app.,fleet-enum-2026-08
Omnisend,omnisend,newsletters,,low,SAFE,False,0,omnisend.com,,"Distinctive joined brand name, readily identifiable in ecommerce email discussions.",fleet-enum-2026-08
ON1 Photo RAW,on1-photo-raw,photo-editing,,low,SAFE,False,0,on1.com,,The stylized ON1 name and full product title are distinctive; Perfect Photo Suite is a legacy name.,fleet-enum-2026-08
ON24,on24,webinars,,high,HOSTILE,True,2,on24.com,,The alphanumeric brand is distinctive in ordinary discussion.,fleet-enum-2026-08
OnBase,onbase,document-management,,high,HOSTILE,True,2,hyland.com,,"The fused, capitalized product name is distinct from the ordinary two-word phrase 'on base'.",fleet-enum-2026-08
One Church Software,one-church-software,nonprofit,,low,SAFE,False,0,onechurchsoftware.com,,Including Software makes the canonical name specific even though the shortened form One Church is generic.,fleet-enum-2026-08
OneDev,onedev,code-hosting,,high,HOSTILE,True,2,onedev.io,,The joined and capitalized name is distinctive despite resembling the separated phrase 'one dev'.,fleet-enum-2026-08
OneLogin,onelogin,identity,,medium,AMBIGUOUS,True,1,onelogin.com,,The joined spelling is a recognizable identity product rather than an ordinary phrase.,fleet-enum-2026-08
OneSite,onesite,property-management,,high,HOSTILE,True,2,realpage.com,,"The joined brand is recognizable, but normalized text collides with the ordinary phrase one site.",fleet-enum-2026-08
OneSpan Sign,onespan-sign,esignature,,low,SAFE,False,0,onespan.com,,OneSpan is a distinctive brand; eSignLive is a still-recognizable former product name.,fleet-enum-2026-08
ONLYOFFICE Presentation Editor,onlyoffice-presentation-editor,presentations,,low,SAFE,False,0,onlyoffice.com,,The distinctive ONLYOFFICE suite name prevents confusion with generic presentation editors.,fleet-enum-2026-08
ONLYOFFICE Sheets,onlyoffice-sheets,spreadsheets,,low,SAFE,False,0,onlyoffice.com,,ONLYOFFICE is a distinctive brand qualifier even when users vary the spreadsheet component wording.,fleet-enum-2026-08
Onshape,onshape,cad,,low,SAFE,False,0,onshape.com,,A distinctive coined name with little ordinary-language collision.,fleet-enum-2026-08
Ooma Office,ooma-office,voip,,low,SAFE,False,0,ooma.com,,"Ooma is a coined brand, and Office clearly identifies its business service.",fleet-enum-2026-08
Open 3D Engine,open-3d-engine,game-engines,,medium,AMBIGUOUS,True,1,o3de.org,,The full name and O3DE acronym clearly identify the open-source engine.,fleet-enum-2026-08
Open edX,open-edx,lms,,low,SAFE,False,0,openedx.org,,The Open prefix plus the distinctive edX mark clearly identifies the open-source LMS platform.,fleet-enum-2026-08
OpenArt,openart,ai-image,,high,HOSTILE,True,2,openart.ai,,"The joined spelling is branded, but casual spacing makes it collide with ordinary art discussions.",fleet-enum-2026-08
OpenKM,openkm,document-management,,low,SAFE,False,0,openkm.com,,OpenKM is a distinctive compound brand in document-management discussions.,fleet-enum-2026-08
OpenObserve,openobserve,observability,,low,SAFE,False,0,openobserve.ai,,Coined compound name; ZincObserve is its former name.,fleet-enum-2026-08
OpenReplay,openreplay,session-replay,,medium,AMBIGUOUS,True,1,openreplay.com,,The closed compound is a distinctive project and product name.,fleet-enum-2026-08
OpenSCAD,openscad,cad,,low,SAFE,False,0,openscad.org,,A distinctive compound name that clearly signals the script-based CAD application.,fleet-enum-2026-08
OpenText Documentum Content Management,opentext-documentum-content-management,document-management,,low,SAFE,False,0,opentext.com,,The official multiword name and the coined legacy name Documentum are both distinctive.,fleet-enum-2026-08
OpenTofu,opentofu,iac,,low,SAFE,False,0,opentofu.org,,"The full coined name is distinctive, though its Tofu shorthand is much noisier.",fleet-enum-2026-08
OpenWrt,openwrt,network-security,,low,SAFE,False,0,openwrt.org,,"The branded spelling is distinctive, though capitalization varies heavily in Reddit comments.",fleet-enum-2026-08
OPNsense,opnsense,network-security,,low,SAFE,False,0,opnsense.org,,The coined spelling is distinctive; opensense is a common phonetic misspelling in casual discussion.,fleet-enum-2026-08
Optimizely,optimizely,feature-flags,,low,SAFE,False,0,optimizely.com,,The coined spelling makes the platform name unmistakable.,fleet-enum-2026-08
Oracle Aconex,oracle-aconex,construction,,low,SAFE,False,0,oracle.com,,"Aconex is a distinctive legacy brand, and the Oracle-qualified canonical name is unambiguous.",fleet-enum-2026-08
Oracle APEX,oracle-apex,internal-tools,,low,SAFE,False,0,apex.oracle.com,,"Although APEX alone is overloaded, the canonical maker-qualified name is unambiguous.",fleet-enum-2026-08
Oracle Autonomous Data Warehouse,oracle-autonomous-data-warehouse,data-warehouses,,low,SAFE,False,0,oracle.com,,The long Oracle-qualified name is unambiguous even though ADW alone is an overloaded acronym.,fleet-enum-2026-08
Oracle Container Engine for Kubernetes,oracle-container-engine-for-kubernetes,containers,,low,SAFE,False,0,oracle.com,,"The full Oracle service name is unique, and OKE is normally technical in this context.",fleet-enum-2026-08
Oracle Database,oracle-database,databases,,high,HOSTILE,True,2,oracle.com,oracle cards;oracle deck;oracle reading;Oracle of Delphi;blockchain oracle;price oracle;the oracle said;consult the oracle,"Users often shorten it to Oracle, a common mystical, historical, and blockchain term.",fleet-enum-2026-08
Oracle Field Service,oracle-field-service,field-service,,low,SAFE,False,0,oracle.com,,"The Oracle-qualified name is clear; OFS can collide with Oracle File System, but the canonical name does not.",fleet-enum-2026-08
Oracle Primavera P6,oracle-primavera-p6,construction,,low,SAFE,False,0,oracle.com,,"The full product name is unmistakable, though P6 alone requires construction or scheduling context.",fleet-enum-2026-08
Ordoro,ordoro,inventory,shipping,low,SAFE,False,0,ordoro.com,,Ordoro is a coined brand name with little overlap outside the software service.,fleet-enum-2026-08
Ory,ory,identity,,medium,AMBIGUOUS,True,1,ory.sh,,"Short but uncommon coined name, usually identifiable as the identity platform in software text.",fleet-enum-2026-08
Otter.ai,otter-ai,transcription,,low,SAFE,False,0,otter.ai,,"The full Otter.ai name is distinctive, although users often shorten it to the more ambiguous Otter.",fleet-enum-2026-08
OtterWiki,otterwiki,wikis,,low,SAFE,False,0,otterwiki.com,,The full compound is distinctive despite 'otter' and 'wiki' being familiar words separately.,fleet-enum-2026-08
Outline,outline,wikis,,high,HOSTILE,True,2,getoutline.com,outline the plan;project outline;essay outline;course outline;rough outline;chapter outline;story outline;black outline,"Outline is a common noun and verb, and it also overlaps with an unrelated VPN product.",fleet-enum-2026-08
Outlook,outlook,email-providers,,high,HOSTILE,True,2,outlook.com;hotmail.com;live.com,economic outlook;market outlook;weather outlook;career outlook;long-term outlook;positive outlook;bleak outlook,"The product is prominent, but outlook is also a common word for a forecast or point of view.",fleet-enum-2026-08
OutSystems,outsystems,internal-tools,no-code,medium,AMBIGUOUS,True,1,outsystems.com,,The closed compound is strongly product-specific.,fleet-enum-2026-08
OVHcloud,ovhcloud,domain-registrars,web-hosting,low,SAFE,False,0,ovhcloud.com,,The acronym and compound forms are strongly associated with the provider.,fleet-enum-2026-08
ownCloud,owncloud,cloud-storage,,medium,AMBIGUOUS,True,1,owncloud.com,,"The camel-cased compound is a well-established, distinctive software name.",fleet-enum-2026-08
Oxygen,oxygen,website-builders,,high,HOSTILE,True,2,oxygenbuilder.com,oxygen level;oxygen tank;blood oxygen;supplemental oxygen;oxygen sensor;oxygen saturation;oxygen mask;liquid oxygen,Oxygen is an extremely common scientific and medical term without builder context.,fleet-enum-2026-08
Packer,packer,iac,,high,HOSTILE,True,2,hashicorp.com,Green Bay Packer;Packer fan;Packer game;Packer season;meat packer;packer job;packer salary;packer brisket;garbage packer,"Packer commonly refers to a worker, machine, cut of meat, or Green Bay football context.",fleet-enum-2026-08
Paddle,paddle,invoicing,,high,HOSTILE,True,2,paddle.com,paddle board;pickleball paddle;canoe paddle;paddle out;paddle upstream;ping pong paddle;paddle attachment;paddle a kayak,"Paddle is a common sporting object and verb, so software or SaaS context is essential.",fleet-enum-2026-08
Pagure,pagure,code-hosting,,medium,AMBIGUOUS,True,1,pagure.io,,The unusual proper name is strongly associated with the Fedora-linked Git forge.,fleet-enum-2026-08
paint.net,paint-net,photo-editing,,low,SAFE,False,0,getpaint.net,,The dotted name is distinctive; plain paint references and Microsoft Paint should not be conflated with it.,fleet-enum-2026-08
PaintShop Pro,paintshop-pro,photo-editing,,low,SAFE,False,0,paintshoppro.com,,The compound product name is distinctive; PSP is ambiguous outside image-editing context.,fleet-enum-2026-08
Palo Alto Networks Next-Generation Firewall,palo-alto-networks-next-generation-firewall,network-security,,low,SAFE,False,0,paloaltonetworks.com,,The full branded product name is unmistakable; casual Palo Alto references usually mean the firewall when network context is present.,fleet-enum-2026-08
Panda Dome Premium,panda-dome-premium,antivirus,,medium,AMBIGUOUS,True,1,pandasecurity.com,panda bear;giant panda;red panda;panda cub;panda habitat;panda enclosure;panda costume,"The full name is product-like, but Reddit users often shorten it to Panda, a very common animal term.",fleet-enum-2026-08
PandaDoc,pandadoc,esignature,,low,SAFE,False,0,pandadoc.com,,PandaDoc is a coined compound strongly associated with the document platform.,fleet-enum-2026-08
Paperform,paperform,form-builders,survey-tools,medium,AMBIGUOUS,True,1,paperform.co,,The concatenated coined name is distinctive despite being built from ordinary words.,fleet-enum-2026-08
Paperless-ngx,paperless-ngx,document-management,,low,SAFE,False,0,paperless-ngx.com,,The -ngx suffix makes the project unmistakable; Paperless alone is a common community shorthand.,fleet-enum-2026-08
Papermerge,papermerge,document-management,,medium,AMBIGUOUS,True,1,papermerge.com,,The fused product name is distinctive despite describing a possible document operation.,fleet-enum-2026-08
Paperpal,paperpal,writing-assistants,,low,SAFE,False,0,paperpal.com,,The closed-up compound is a distinctive academic-writing brand.,fleet-enum-2026-08
PAR Brink POS,par-brink-pos,restaurant-pos,,medium,AMBIGUOUS,True,1,partech.com,,"The full name is specific, but operators commonly shorten it to Brink, an ordinary noun.",fleet-enum-2026-08
Parsec,parsec,remote-desktop,,high,HOSTILE,True,2,parsec.app,parsec away;parsecs away;one parsec;a few parsecs;parsec distance;parsec measurement;Star Wars parsec;per cubic parsec,Parsec is also the standard astronomical unit of distance and appears frequently in science and science-fiction discussions.,fleet-enum-2026-08
Partiful,partiful,event-management,,low,SAFE,False,0,partiful.com,,A distinctive coined brand even when users append the word app.,fleet-enum-2026-08
Payhawk,payhawk,expense-management,,low,SAFE,False,0,payhawk.com,,Payhawk is a distinctive coined name.,fleet-enum-2026-08
Paymo,paymo,time-tracking,,low,SAFE,False,0,paymoapp.com,,Paymo is a distinctive coined product name.,fleet-enum-2026-08
PDF Expert,pdf-expert,pdf-tools,,high,HOSTILE,True,2,pdfexpert.com;readdle.com,ask a PDF expert;hire a PDF expert;resident PDF expert;PDF expert needed;become a PDF expert;our PDF expert,The product name is also a natural generic description for a person skilled with PDF files.,fleet-enum-2026-08
PDF-XChange Editor,pdf-xchange-editor,pdf-tools,,low,SAFE,False,0,pdf-xchange.com,,The unusual PDF-XChange construction is strongly product-specific despite spelling variation.,fleet-enum-2026-08
PDF24 Creator,pdf24-creator,pdf-tools,,low,SAFE,False,0,pdf24.org;tools.pdf24.org,,The numbered PDF24 mark is distinctive and consistently refers to this tool family.,fleet-enum-2026-08
pdfFiller,pdffiller,pdf-tools,,low,SAFE,False,0,pdffiller.com,,The fused styling is a well-established service name and is rarely used generically in that exact form.,fleet-enum-2026-08
PDFgear,pdfgear,pdf-tools,,low,SAFE,False,0,pdfgear.com,,PDFgear and its spacing or capitalization variants are specific to the product.,fleet-enum-2026-08
PDFsam Basic,pdfsam-basic,pdf-tools,,low,SAFE,False,0,pdfsam.org,,The PDFsam compound is distinctive despite Sam being an ordinary personal name on its own.,fleet-enum-2026-08
PeerTube,peertube,video-hosting,,low,SAFE,False,0,joinpeertube.org,,PeerTube is a distinctive coined compound associated with the federated video platform.,fleet-enum-2026-08
Pendo,pendo,product-analytics,,low,SAFE,False,0,pendo.io,,Pendo is a distinctive brand name with little ordinary-language collision.,fleet-enum-2026-08
PerfectIt,perfectit,writing-assistants,,medium,AMBIGUOUS,True,1,perfectit.com,,The maker's closed-up spelling is a distinctive proofreading brand.,fleet-enum-2026-08
Perplexity,perplexity,ai-assistants,,high,HOSTILE,True,2,perplexity.ai,look of perplexity;expressed perplexity;sense of perplexity;model perplexity;language model perplexity;perplexity score;lower perplexity,Perplexity is both an ordinary noun and a widely used language-model evaluation metric.,fleet-enum-2026-08
Pexip Infinity,pexip-infinity,video-conferencing,,low,SAFE,False,0,pexip.com;docs.pexip.com,,Pexip is a coined vendor and platform name with little non-product usage.,fleet-enum-2026-08
pfSense,pfsense,network-security,,low,SAFE,False,0,pfsense.org;netgate.com,,The unusual spelling makes the firewall platform unmistakable despite inconsistent capitalization and spacing.,fleet-enum-2026-08
Phaser,phaser,game-engines,,high,HOSTILE,True,2,phaser.io,phaser set to stun;Star Trek phaser;phaser rifle;phaser beam;fire a phaser;phaser weapon;phaser effect,Phaser can mean the fictional energy weapon or an audio effect outside web-game development.,fleet-enum-2026-08
Phone.com,phone-com,voip,,low,SAFE,False,0,phone.com,,The dot-com form is a specific service name rather than the generic word phone.,fleet-enum-2026-08
PhotoDirector,photodirector,photo-editing,,medium,AMBIGUOUS,True,1,cyberlink.com,,The compound product name is recognizable; PD is highly contextual.,fleet-enum-2026-08
Photomator,photomator,photo-editing,,low,SAFE,False,0,apple.com;apps.apple.com,,A distinctive coined name; Pixelmator Photo is its former name.,fleet-enum-2026-08
Photopea,photopea,photo-editing,,low,SAFE,False,0,photopea.com,,Photopea is a unique coined name; PP is only useful with editor context.,fleet-enum-2026-08
phpBB,phpbb,community-platforms,,low,SAFE,False,0,phpbb.com,,The stylized name is unmistakable in software discussions.,fleet-enum-2026-08
PhpStorm,phpstorm,ides,,low,SAFE,False,0,jetbrains.com,,The PHP-prefixed compound name is specific to the JetBrains IDE.,fleet-enum-2026-08
Phrase Localization Platform,phrase-localization-platform,localization,,high,HOSTILE,True,2,phrase.com,turn of phrase;catch phrase;phrase meaning;exact phrase;key phrase;common phrase;phrase it differently;search phrase;phrase in English;weird phrase,"Users usually shorten the product to Phrase, an extremely common ordinary English word; Memsource is its former name.",fleet-enum-2026-08
Picsart,picsart,photo-editing,,low,SAFE,False,0,picsart.com,,The closed-up brand name is distinctive despite casual spacing and capitalization variants.,fleet-enum-2026-08
Pika,pika,ai-video,,medium,AMBIGUOUS,True,1,pika.art,pika animal;American pika;pika habitat;pika population;mountain pika;Pikachu says pika;pika pika,The bare name also denotes the small mountain mammal and appears as Pikachu-style shorthand.,fleet-enum-2026-08
Pinecast,pinecast,podcast-hosting,,medium,AMBIGUOUS,True,1,pinecast.com,,A distinctive compound brand with negligible ordinary-language use.,fleet-enum-2026-08
PingOne,pingone,identity,,low,SAFE,False,0,pingidentity.com,,The joined product name is distinctive; Reddit users often shorten it to Ping.,fleet-enum-2026-08
Pipedream,pipedream,workflow-automation,,high,HOSTILE,True,2,pipedream.com,,"The closed compound is branded, but it is easily confused with the ordinary phrase pipe dream.",fleet-enum-2026-08
Pirate Ship,pirate-ship,shipping,,high,HOSTILE,True,2,pirateship.com,pirate ship game;pirate ship build;pirate ship captain;pirate ship LEGO;pirate ship ride;pirate ship model;pirate ship battle;pirate ship tattoo,The exact bare name is also the common phrase for a vessel operated by pirates.,fleet-enum-2026-08
Pirsch Analytics,pirsch-analytics,web-analytics,,low,SAFE,False,0,pirsch.io,,The full name is distinctive in English-language Reddit discussions; Pirsch alone has little ordinary English usage.,fleet-enum-2026-08
Pitch,pitch,presentations,,high,HOSTILE,True,2,pitch.com,sales pitch;elevator pitch;pitch deck;football pitch;perfect pitch;throw a pitch;pitch black;roof pitch;voice pitch;startup pitch,"Pitch is an extremely common noun and verb, including in presentation-adjacent discussion.",fleet-enum-2026-08
Piwik PRO Analytics Suite,piwik-pro-analytics-suite,web-analytics,,low,SAFE,False,0,piwik.pro,,The Piwik PRO qualifier clearly distinguishes this commercial suite from Matomo's former Piwik name.,fleet-enum-2026-08
PixAI,pixai,ai-image,,medium,AMBIGUOUS,True,1,pixai.art;pix.ai,,The compact PixAI name is distinctive and closely associated with anime image generation.,fleet-enum-2026-08
Pixelmator Pro,pixelmator-pro,photo-editing,,low,SAFE,False,0,apple.com,,The coined product name is unmistakable despite frequent omission of Pro.,fleet-enum-2026-08
PixVerse,pixverse,ai-video,,low,SAFE,False,0,pixverse.ai,,The fused coined name is highly distinctive.,fleet-enum-2026-08
Planable,planable,social-media-management,,medium,AMBIGUOUS,True,1,planable.io,,Distinctive brand spelling; the double-n spelling is a recurring casual misspelling.,fleet-enum-2026-08
PlanetScale,planetscale,databases,,medium,AMBIGUOUS,True,1,planetscale.com,,A distinctive compound brand with little plausible ordinary usage.,fleet-enum-2026-08
PlanMaker,planmaker,spreadsheets,,medium,AMBIGUOUS,True,1,softmaker.com,,The joined CamelCase name is a distinctive SoftMaker spreadsheet brand.,fleet-enum-2026-08
Planning Center,planning-center,nonprofit,,medium,AMBIGUOUS,True,1,planningcenter.com;planningcenteronline.com,urban planning center;family planning center;city planning center;event planning center;financial planning center;campus planning center,"The full name is recognizable in church-tech discussions, but it can also describe a generic planning office or facility.",fleet-enum-2026-08
PLANOLY,planoly,social-media-management,,low,SAFE,False,0,planoly.com,,Coined name is unmistakable; title case is the usual casual rendering.,fleet-enum-2026-08
PlanRadar,planradar,construction,,medium,AMBIGUOUS,True,1,planradar.com,,The branded compound is distinctive even when users insert a space.,fleet-enum-2026-08
PlantUML,plantuml,diagramming,,low,SAFE,False,0,plantuml.com,,The coined combination of Plant and UML is specific to the diagramming project.,fleet-enum-2026-08
Plasticity,plasticity,cad,,high,HOSTILE,True,2,plasticity.xyz,brain plasticity;neural plasticity;synaptic plasticity;neuroplasticity and learning;developmental plasticity;phenotypic plasticity;behavioral plasticity;cortical plasticity,"Plasticity is a common scientific term, especially in neuroscience and biology discussions.",fleet-enum-2026-08
Plausible Analytics,plausible-analytics,web-analytics,,low,SAFE,False,0,plausible.io,,"The full two-word name is distinctive, although the common shorthand Plausible is also an ordinary adjective.",fleet-enum-2026-08
PlayCanvas,playcanvas,game-engines,,medium,AMBIGUOUS,True,1,playcanvas.com,,The closed-up compound is a distinctive web-engine brand.,fleet-enum-2026-08
Pleo,pleo,expense-management,,medium,AMBIGUOUS,True,1,pleo.io,,Pleo is a short but distinctive brand name in business-software discussions.,fleet-enum-2026-08
Plerdy,plerdy,session-replay,,low,SAFE,False,0,plerdy.com,,This coined name is not readily confused with ordinary language.,fleet-enum-2026-08
Plivo SMS API,plivo-sms-api,communication-apis,,low,SAFE,False,0,plivo.com,,Plivo is a distinctive coined name and SMS API makes the product scope explicit.,fleet-enum-2026-08
Pocket ID,pocket-id,identity,,medium,AMBIGUOUS,True,1,pocket-id.org,pocket ID card;pocket ID holder;pocket ID wallet;front-pocket ID;back-pocket ID;pocket ID window;pocket ID badge;pocket ID sleeve,The two ordinary words can describe a small or carried identification item outside software discussions.,fleet-enum-2026-08
PocketGuard,pocketguard,budgeting,,low,SAFE,False,0,pocketguard.com,,The compound brand is distinctive and rarely denotes anything else in personal-finance discussions.,fleet-enum-2026-08
PocketSmith,pocketsmith,budgeting,,low,SAFE,False,0,pocketsmith.com,,PocketSmith is a distinctive coined compound used for the finance service.,fleet-enum-2026-08
Podbean,podbean,podcast-hosting,,low,SAFE,False,0,podbean.com,,A coined podcast brand that is unlikely to be mistaken for ordinary language.,fleet-enum-2026-08
Podia,podia,course-platforms,,low,SAFE,False,0,podia.com,,"Although podia is a technical plural of podium, casual Reddit usage overwhelmingly signals the platform.",fleet-enum-2026-08
Podman,podman,containers,,low,SAFE,False,0,podman.io,,Podman is a coined product name and is rarely used outside container tooling.,fleet-enum-2026-08
PODpartner,podpartner,print-on-demand,,medium,AMBIGUOUS,True,1,podpartner.com,,The POD prefix and joined spelling make the provider clear in nearly all mentions.,fleet-enum-2026-08
Poe,poe,ai-assistants,,high,HOSTILE,True,2,poe.com,Edgar Allan Poe;Poe poem;Poe story;Poe biography;Poe Dameron;POE switch,"Poe strongly overlaps with the author, a Star Wars character, Path of Exile, and Power over Ethernet.",fleet-enum-2026-08
POEditor,poeditor,localization,,low,SAFE,False,0,poeditor.com,,The combined name is specific to the localization platform and PO-file workflow.,fleet-enum-2026-08
Polarr,polarr,photo-editing,,low,SAFE,False,0,polarr.com,,The doubled-r spelling separates the product from the ordinary word polar.,fleet-enum-2026-08
Pollo AI,pollo-ai,ai-video,,low,SAFE,False,0,pollo.ai,,The AI-qualified name clearly identifies the platform despite pollo being a common Spanish word.,fleet-enum-2026-08
Porkbun,porkbun,domain-registrars,,low,SAFE,False,0,porkbun.com,,The invented compound is distinctive even when users vary the internal capitalization.,fleet-enum-2026-08
Portainer,portainer,containers,,low,SAFE,False,0,portainer.io,,Portainer is a coined brand with no common non-software meaning.,fleet-enum-2026-08
POS Nation,pos-nation,pos,,low,SAFE,False,0,posnation.com,,The two-word brand is strongly tied to the retail POS vendor.,fleet-enum-2026-08
Posteo,posteo,email-providers,,low,SAFE,False,0,posteo.de,,A distinctive coined brand with little ordinary-English collision.,fleet-enum-2026-08
PostgreSQL,postgresql,databases,,low,SAFE,False,0,postgresql.org,,The full name and its common Postgres shorthand are strongly database-specific.,fleet-enum-2026-08
PostHog,posthog,feature-flags,product-analytics;session-replay;web-analytics,low,SAFE,False,0,posthog.com,,The unusual compound is strongly identifiable as the software product.,fleet-enum-2026-08
Postman,postman,api-tools,,high,HOSTILE,True,2,postman.com,the postman delivered;waiting for the postman;postman knocked;local postman;tip the postman;postman brought a package,"The product is dominant in API discussions, but the bare name is also the ordinary word for a mail carrier.",fleet-enum-2026-08
Postmark,postmark,communication-apis,,high,HOSTILE,True,2,postmarkapp.com,postmark date;USPS postmark;postmark deadline;postmark on the envelope;postmark stamp;postmark was illegible;postmark by election day,"Postmark is also the ordinary postal marking on mailed items, so email-service context is essential.",fleet-enum-2026-08
Powtoon,powtoon,presentations,,low,SAFE,False,0,,,Powtoon is a distinctive portmanteau with negligible ordinary-language use.,fleet-enum-2026-08
PracticePanther,practicepanther,legal-practice,,low,SAFE,False,0,practicepanther.com,,The compound brand is unmistakable in legal-software discussion.,fleet-enum-2026-08
Prefect,prefect,etl,,high,HOSTILE,True,2,prefect.io,school prefect;head prefect;prefect badge;prefect duties;prefect system;Harry Potter prefect;Roman prefect,"Prefect is an ordinary title used in schools, history, and Harry Potter discussions.",fleet-enum-2026-08
pretix,pretix,event-management,,low,SAFE,False,0,pretix.eu,,The lowercase coined name is distinctive; users commonly capitalize it at sentence boundaries.,fleet-enum-2026-08
Prezi,prezi,presentations,,low,SAFE,False,0,prezi.com,,Prezi is a distinctive coined name with little ordinary-language collision.,fleet-enum-2026-08
Printful,printful,print-on-demand,,low,SAFE,False,0,printful.com,,Coined brand name that is rarely used for anything except the POD platform.,fleet-enum-2026-08
Printify,printify,print-on-demand,,low,SAFE,False,0,printify.com,,Coined brand name that strongly identifies the POD platform.,fleet-enum-2026-08
Prism,prism,api-tools,,high,HOSTILE,True,2,stoplight.io,light through a prism;glass prism;triangular prism;crystal prism;Pink Floyd prism;prism glasses;rainbow prism,The API mock server uses a common optics and geometry noun as its bare name.,fleet-enum-2026-08
Private Internet Access,private-internet-access,vpn,,high,HOSTILE,True,2,privateinternetaccess.com,secure private internet access;provide private internet access;private internet access at home;private internet access for students;private internet access in schools;private internet access policy,The exact name is also a plausible descriptive phrase for non-public internet connectivity.,fleet-enum-2026-08
PrivateVPN,privatevpn,vpn,,low,SAFE,False,0,privatevpn.com,,The maker's closed-up styling distinguishes the brand from the generic phrase private VPN.,fleet-enum-2026-08
ProConnect Tax,proconnect-tax,tax-software,,medium,AMBIGUOUS,True,1,accountants.intuit.com,,The complete name is specific to Intuit's cloud professional tax product.,fleet-enum-2026-08
Procore,procore,construction,,low,SAFE,False,0,procore.com,,The coined product name is unmistakable despite frequent noncanonical capitalization.,fleet-enum-2026-08
Prodigi,prodigi,print-on-demand,,medium,AMBIGUOUS,True,1,prodigi.com,,Distinctive spelling makes the global print platform easy to identify.,fleet-enum-2026-08
ProLaw,prolaw,legal-practice,,high,HOSTILE,True,2,thomsonreuters.com,,The branded compound is clear in law-firm software discussions.,fleet-enum-2026-08
Prometheus,prometheus,observability,,high,HOSTILE,True,2,prometheus.io,Prometheus movie;Prometheus film;Prometheus sequel;Prometheus Bound;Prometheus myth;Prometheus titan;Prometheus stole fire;Greek god Prometheus,The monitoring system shares its bare name with the mythological figure and a major film.,fleet-enum-2026-08
Property Meld,property-meld,property-management,,low,SAFE,False,0,propertymeld.com,,The exact two-word combination is distinctive despite meld being an ordinary verb.,fleet-enum-2026-08
Propertyware,propertyware,property-management,,low,SAFE,False,0,propertyware.com,,A distinctive compound brand despite inconsistent capitalization in comments.,fleet-enum-2026-08
ProSeries Professional,proseries-professional,tax-software,,high,HOSTILE,True,2,accountants.intuit.com,,"The full product name is distinctive, and ProSeries is established shorthand among tax preparers.",fleet-enum-2026-08
Proton Drive,proton-drive,cloud-storage,,low,SAFE,False,0,proton.me;drive.proton.me,,The two-word name clearly identifies Proton's storage product.,fleet-enum-2026-08
Proton Mail,proton-mail,email-providers,,low,SAFE,False,0,proton.me;protonmail.com,,The full name is distinctive; the shorthand Proton is usually product-specific in email discussions.,fleet-enum-2026-08
Proton VPN,proton-vpn,vpn,,low,SAFE,False,0,protonvpn.com,,"The full product name explicitly identifies a VPN, though Proton alone can refer to the wider suite.",fleet-enum-2026-08
ProWritingAid,prowritingaid,writing-assistants,,low,SAFE,False,0,,,The concatenated product name is distinctive; PWA is the context-dependent shorthand.,fleet-enum-2026-08
PRTG Network Monitor,prtg-network-monitor,observability,,low,SAFE,False,0,paessler.com,,The full product name and its PRTG initialism are strongly product-specific.,fleet-enum-2026-08
Publer,publer,social-media-management,,medium,AMBIGUOUS,True,1,publer.com,,Coined product name that is not readily confused with ordinary language.,fleet-enum-2026-08
Pulseway,pulseway,rmm,,low,SAFE,False,0,pulseway.com,,Pulseway is a coined brand; Mobile PC Monitor is its historical name.,fleet-enum-2026-08
Pulumi,pulumi,iac,,low,SAFE,False,0,pulumi.com,,Pulumi is a distinctive coined brand in English-language Reddit posts.,fleet-enum-2026-08
Puppet Enterprise,puppet-enterprise,iac,,low,SAFE,False,0,puppet.com,,"The full product name is specific, although the common Puppet shorthand is an ordinary noun.",fleet-enum-2026-08
Purelymail,purelymail,email-providers,,low,SAFE,False,0,purelymail.com,,The closed compound is a recognizable niche-provider brand.,fleet-enum-2026-08
PureVPN,purevpn,vpn,,low,SAFE,False,0,purevpn.com,,The joined brand name is clearly VPN-specific.,fleet-enum-2026-08
Pushpay ChMS,pushpay-chms,nonprofit,,low,SAFE,False,0,pushpay.com,,"The current name is distinctive, while Reddit users still heavily favor the former Church Community Builder and CCB names.",fleet-enum-2026-08
PyCharm,pycharm,ides,,low,SAFE,False,0,jetbrains.com,,The coined name is essentially unique to JetBrains' Python IDE.,fleet-enum-2026-08
Qualified,qualified,live-chat,,high,HOSTILE,True,2,qualified.com,qualified candidate;qualified professional;qualified immunity;qualified majority;qualified opinion;fully qualified;qualified for the job;qualified medical expense,"Qualified is a very common adjective, so the bare name is only reliable in B2B sales-chat context.",fleet-enum-2026-08
Qualtrics,qualtrics,survey-tools,,low,SAFE,False,0,qualtrics.com,,The invented name is unmistakable in ordinary discussion.,fleet-enum-2026-08
Quantum Metric,quantum-metric,product-analytics,session-replay,medium,AMBIGUOUS,True,1,quantummetric.com,quantum metric tensor;quantum information metric;quantum distance metric;quantum state metric;quantum geometry metric;quantum Fisher metric,"Quantum Metric is also a plausible technical phrase in physics, though capitalization and business context usually disambiguate it.",fleet-enum-2026-08
QuestionPro,questionpro,survey-tools,,low,SAFE,False,0,questionpro.com,,The compound product name is specific and rarely used generically.,fleet-enum-2026-08
Quickbase,quickbase,no-code,,low,SAFE,False,0,quickbase.com,,The compound is a well-established product name; the spaced legacy styling remains common.,fleet-enum-2026-08
Quicken Classic,quicken-classic,budgeting,,low,SAFE,False,0,quicken.com,,The branded two-word product name is unmistakable and Quicken alone is strongly associated with finance software.,fleet-enum-2026-08
Quicken Simplifi,quicken-simplifi,budgeting,,low,SAFE,False,0,quicken.com,,The full branded name is unmistakable; the common Simplifi shorthand is also a coined spelling.,fleet-enum-2026-08
QuillBot,quillbot,writing-assistants,,low,SAFE,False,0,quillbot.com,,The coined compound is strongly associated with the writing service.,fleet-enum-2026-08
Quip,quip,spreadsheets,,high,HOSTILE,True,2,quip.com,witty quip;quick quip;funny quip;clever quip;sarcastic quip;one-line quip;offhand quip;quip about,Quip is a common noun and verb for a short witty remark.,fleet-enum-2026-08
Quo,quo,voip,,high,HOSTILE,True,2,quo.com,status quo;maintain the status quo;challenge the status quo;preserve the status quo;political status quo;economic status quo;quid pro quo;quo vadis,The current name is a common Latin word most often encountered inside ordinary phrases such as status quo.,fleet-enum-2026-08
Qwen Studio,qwen-studio,ai-assistants,,low,SAFE,False,0,qwen.ai;chat.qwen.ai,,The current two-word product name is distinctive; Qwen Chat is its widely used former name.,fleet-enum-2026-08
Radicle,radicle,code-hosting,,high,HOSTILE,True,2,radicle.dev;radicle.network,seed radicle;embryonic radicle;radicle emergence;radicle growth;primary radicle;radicle protrusion;root radicle,"Radicle is a botanical term, though outside plant and gardening discussions it usually identifies the peer-to-peer code forge.",fleet-enum-2026-08
Rain POS,rain-pos,pos,,medium,AMBIGUOUS,True,1,rainpos.com,,The POS suffix makes the product unambiguous even though Rain alone is a common word.,fleet-enum-2026-08
RainFocus,rainfocus,event-management,,low,SAFE,False,0,rainfocus.com,,The compound brand is distinctive; the spaced form occurs casually but is still recognizable.,fleet-enum-2026-08
Raken,raken,construction,,medium,AMBIGUOUS,True,1,rakenapp.com,,Raken is a distinctive coined name in English-language construction discussions.,fleet-enum-2026-08
Rancher,rancher,containers,,high,HOSTILE,True,2,rancher.com,cattle rancher;local rancher;Texas rancher;rancher hat;rancher boots;rancher family;rancher owns the land;Yellowstone rancher,"Rancher is an ordinary occupation and often appears in farming, clothing, and Western-themed discussions.",fleet-enum-2026-08
Rank Math SEO,rank-math-seo,seo-tools,,low,SAFE,False,0,rankmath.com,,The full product name is distinctive; concatenated shorthand is common on Reddit.,fleet-enum-2026-08
RawTherapee,rawtherapee,photo-editing,,low,SAFE,False,0,rawtherapee.com,,A distinctive coined name with little ordinary-language collision.,fleet-enum-2026-08
Raygun,raygun,error-tracking,,high,HOSTILE,True,2,raygun.com,alien raygun;raygun sound effect;raygun build,"The bare name is also the familiar science-fiction weapon, including both spaced and fused spellings.",fleet-enum-2026-08
React-admin,react-admin,internal-tools,,low,SAFE,False,0,marmelab.com,,The React-plus-admin construction clearly denotes the framework in software discussions despite styling variants.,fleet-enum-2026-08
Read AI,read-ai,transcription,,medium,AMBIGUOUS,True,1,read.ai,read AI news;read AI papers;read AI articles;read AI research;read AI-generated text;read AI responses;read AI summaries,"The full name can still occur as the verb read followed by AI-related material, while the shorthand Read is highly generic.",fleet-enum-2026-08
ReadyAPI,readyapi,api-tools,,medium,AMBIGUOUS,True,1,smartbear.com,,The fused canonical form is a recognizable SmartBear API testing suite name.,fleet-enum-2026-08
Realm,realm,nonprofit,,high,HOSTILE,True,2,realmchurch.com;acstechnologies.com,fantasy realm;spiritual realm;digital realm;public realm;realm of possibility;quantum realm;another realm;realm of politics,"Realm is a common noun used across fantasy, religion, science, politics, and other ordinary Reddit conversations.",fleet-enum-2026-08
RealVNC Connect,realvnc-connect,remote-desktop,,low,SAFE,False,0,realvnc.com,,The RealVNC qualifier makes the product name distinct from generic VNC terminology.,fleet-enum-2026-08
Recraft,recraft,ai-image,,medium,AMBIGUOUS,True,1,recraft.ai,recraft my resume;recraft the build;recraft this weapon;recraft the item;recraft the argument;recraft the sentence,"Recraft is also an ordinary verb, especially in gaming, writing, and career discussions.",fleet-enum-2026-08
Recurly,recurly,invoicing,,low,SAFE,False,0,recurly.com,,Recurly is a distinctive coined brand rather than an ordinary word.,fleet-enum-2026-08
RecurPost,recurpost,social-media-management,,low,SAFE,False,0,recurpost.com,,Distinctive compound brand with predictable spacing and capitalization variants.,fleet-enum-2026-08
Red Hat Ansible Automation Platform,red-hat-ansible-automation-platform,iac,,low,SAFE,False,0,redhat.com;ansible.com,,"The full commercial product name is unmistakable, while Reddit usually shortens it to Ansible or AAP.",fleet-enum-2026-08
Red Hat OpenShift Container Platform,red-hat-openshift-container-platform,containers,,low,SAFE,False,0,redhat.com,,The full product name and the coined OpenShift shorthand are distinctive.,fleet-enum-2026-08
Redbubble,redbubble,print-on-demand,,low,SAFE,False,0,redbubble.com,,The joined name is a well-established POD marketplace brand.,fleet-enum-2026-08
REDCap,redcap,survey-tools,,medium,AMBIGUOUS,True,1,projectredcap.org,,"The capitalization is distinctive, but normalized or spaced text can mean an ordinary red hat or cap.",fleet-enum-2026-08
RedCircle,redcircle,podcast-hosting,,high,HOSTILE,True,2,redcircle.com,,"The closed-up spelling is distinctive, but users often space it exactly like the common visual description.",fleet-enum-2026-08
Reddit,reddit,community-platforms,,low,SAFE,False,0,reddit.com,,Reddit is a unique brand name with no meaningful ordinary-English collision.,fleet-enum-2026-08
Redis,redis,databases,,medium,AMBIGUOUS,True,1,redis.io,,A distinctive coined product name in current English-language usage.,fleet-enum-2026-08
Redocly CLI,redocly-cli,api-tools,,low,SAFE,False,0,redocly.com,,The coined Redocly name plus CLI qualifier is specific to the OpenAPI command-line tool.,fleet-enum-2026-08
RedTeam Flex,redteam-flex,construction,,high,HOSTILE,True,2,redteam.com,,The complete name is distinctive even though Red Team by itself has a cybersecurity meaning.,fleet-enum-2026-08
Refine,refine,internal-tools,,high,HOSTILE,True,2,refine.dev,refine the design;refine the process;refine the search;refine your skills;refine the model;refine the prompt;refine the idea;refine the results,"The bare product name is a very common verb, so technical context or the refine.dev form is usually needed.",fleet-enum-2026-08
Relay.app,relay-app,workflow-automation,,high,HOSTILE,True,2,relay.app,,The .app suffix makes the canonical name specific; the shortened alias Relay is highly context-dependent.,fleet-enum-2026-08
RemotePC,remotepc,remote-desktop,,low,SAFE,False,0,remotepc.com,,The closed-up spelling is a recognizable brand despite its descriptive components.,fleet-enum-2026-08
Ren'Py,ren-py,game-engines,,low,SAFE,False,0,renpy.org,,The name and its unpunctuated spelling are specific to the visual novel engine.,fleet-enum-2026-08
Rent Manager,rent-manager,property-management,,high,HOSTILE,True,2,rentmanager.com,rent manager job;rent manager salary;ask the rent manager;the rent manager called;apartment rent manager;rent manager position,The canonical name is also a plausible generic label for a person or tool that manages rent.,fleet-enum-2026-08
Rentec Direct,rentec-direct,property-management,,low,SAFE,False,0,rentecdirect.com,,The coined Rentec element makes the canonical name unmistakable.,fleet-enum-2026-08
RentRedi,rentredi,property-management,,low,SAFE,False,0,rentredi.com,,The coined Redi spelling makes the brand distinctive; Rent Ready is a recurring phonetic misspelling.,fleet-enum-2026-08
Rentvine,rentvine,property-management,,low,SAFE,False,0,rentvine.com,,A distinctive branded compound with capitalization varying across Reddit comments.,fleet-enum-2026-08
Replika,replika,ai-assistants,,low,SAFE,False,0,replika.com,,The intentionally spelled brand is readily distinguishable from the ordinary word replica.,fleet-enum-2026-08
Replit Agent,replit-agent,ai-coding,,low,SAFE,False,0,replit.com,,The Replit-qualified name is unmistakable; Ghostwriter is a widely used legacy Replit product name.,fleet-enum-2026-08
Requestly,requestly,api-tools,,low,SAFE,False,0,requestly.com,,Requestly is a coined brand name and is not normally used as an English word.,fleet-enum-2026-08
RescueTime,rescuetime,time-tracking,,low,SAFE,False,0,rescuetime.com,,The closed compound is strongly associated with the time-tracking product.,fleet-enum-2026-08
Resend,resend,communication-apis,,high,HOSTILE,True,2,resend.com,resend the email;resend the code;resend verification;resend the invite;resend the link;resend the message;resend the request;resend confirmation,Resend is a common verb in precisely the same email and verification discussions where the product appears.,fleet-enum-2026-08
ResMan,resman,property-management,,high,HOSTILE,True,2,myresman.com,,A distinctive compound brand in property-management contexts.,fleet-enum-2026-08
Ressio,ressio,construction,,low,SAFE,False,0,ressiosoftware.com,,Ressio is a coined brand with little ordinary-language collision.,fleet-enum-2026-08
Restaurant365,restaurant365,restaurant-pos,,low,SAFE,False,0,restaurant365.com,,Restaurant365 and its R365 shorthand are distinctive restaurant-management product identifiers.,fleet-enum-2026-08
Restream,restream,video-hosting,,high,HOSTILE,True,2,restream.io,restream the match;restream the broadcast;illegal restream;restream the feed;restreaming content;restream rights;restream the event,Restream is also an ordinary verb for broadcasting an existing stream again.,fleet-enum-2026-08
RetailEdge,retailedge,pos,,low,SAFE,False,0,retailedge.com,,The closed compound is a recognizable product name despite its descriptive components.,fleet-enum-2026-08
Retool,retool,internal-tools,no-code,high,HOSTILE,True,2,retool.com,retool the roster;retool the offense;retool the team;retool the lineup;retool production;retool the economy;retool for next season,"The brand exactly matches a common verb, especially frequent in sports and business threads.",fleet-enum-2026-08
Rev,rev,transcription,,high,HOSTILE,True,2,rev.com,rev the engine;rev up;high revs;rev limiter;rev matching;rev counter;engine rev;Rev. Martin,Rev is a common verb and engine term as well as an abbreviation for Reverend.,fleet-enum-2026-08
Revel Systems,revel-systems,pos,restaurant-pos,medium,AMBIGUOUS,True,1,revelsystems.com,revel in victory;revel in the chaos;revel in nostalgia;revel in the moment;revel in their misery;revel in attention,"Revel Systems is specific, but Reddit users often say Revel, which is also a normal verb.",fleet-enum-2026-08
Reverso Context,reverso-context,localization,,low,SAFE,False,0,context.reverso.net;reverso.net,,"Reverso is distinctive in language-tool discussions, and Context identifies the specific service.",fleet-enum-2026-08
Revit,revit,cad,,low,SAFE,False,0,autodesk.com,,The coined name is strongly associated with Autodesk's BIM product.,fleet-enum-2026-08
Rezku,rezku,restaurant-pos,,low,SAFE,False,0,rezku.com,,Rezku is a coined name with negligible ordinary-language ambiguity.,fleet-enum-2026-08
Rhino,rhino,cad,,high,HOSTILE,True,2,rhino3d.com,rhino horn;white rhino;black rhino;baby rhino;rhino poaching;rhino conservation;rhino population;rhino beetle,"Rhino is a common animal name and needs design, modeling, or version context.",fleet-enum-2026-08
Rider,rider,ides,,high,HOSTILE,True,2,jetbrains.com,motorcycle rider;horse rider;bike rider;transit rider;Uber rider;insurance rider;contract rider;Easy Rider,Rider is a common noun for a passenger or mounted person and also a legal or insurance addendum.,fleet-enum-2026-08
RingCentral Video,ringcentral-video,video-conferencing,,low,SAFE,False,0,ringcentral.com,,The RingCentral-qualified name is specific and not ordinary language.,fleet-enum-2026-08
RingEX,ringex,voip,,low,SAFE,False,0,ringcentral.com,,The current product name and its RingCentral aliases are distinctive telecom brands.,fleet-enum-2026-08
Ringover,ringover,voip,,medium,AMBIGUOUS,True,1,ringover.com,,The closed compound is a distinctive telecom brand.,fleet-enum-2026-08
Riverside,riverside,webinars,,high,HOSTILE,True,2,riverside.com;riverside.fm,Riverside County;Riverside California;Riverside CA;Riverside neighborhood;Riverside Park;Riverside Drive;riverside walk;riverside hotel;riverside campsite;riverside city council,"Riverside is a common place name and geographic descriptor, making the bare word highly ambiguous.",fleet-enum-2026-08
Rivery,rivery,etl,,medium,AMBIGUOUS,True,1,rivery.io,,Rivery is a distinctive coined spelling despite resembling the adjective river-y.,fleet-enum-2026-08
Rize,rize,time-tracking,,medium,AMBIGUOUS,True,1,rize.io,Rize documentary;Rize movie;Rize Kamishiro;Rize bikes;Rize electric bike;Rize cannabis;Rize credit union,"The stylized name is shared by entertainment characters, titles, and unrelated brands.",fleet-enum-2026-08
RKE2,rke2,containers,,low,SAFE,False,0,rke2.io;rancher.com,,The compact versioned initialism is distinctive in technical discussion.,fleet-enum-2026-08
Rock RMS,rock-rms,nonprofit,,low,SAFE,False,0,rockrms.com,,"The RMS suffix makes the canonical name specific, although the common shorthand Rock is highly ambiguous.",fleet-enum-2026-08
Rocket Matter,rocket-matter,legal-practice,,medium,AMBIGUOUS,True,1,rocketmatter.com,,The two-word combination is distinctive despite each word being ordinary on its own.,fleet-enum-2026-08
Rocket Money,rocket-money,budgeting,,low,SAFE,False,0,rocketmoney.com,,The two-word name is distinctive in finance discussions; Truebill is its widely used former name.,fleet-enum-2026-08
Rollbar,rollbar,error-tracking,,medium,AMBIGUOUS,True,1,rollbar.com,,"The fused spelling usually identifies the product, but casual automotive writing often collapses or varies the spacing of roll bar.",fleet-enum-2026-08
Roo Code,roo-code,ai-coding,,low,SAFE,False,0,roocode.com,,The full two-word name is distinctive; Roo alone can mean kangaroo but is usually contextualized in coding threads.,fleet-enum-2026-08
Rows,rows,spreadsheets,,high,HOSTILE,True,2,rows.com,rows of seats;rows and columns;back rows;front rows;three rows;database rows;rows of houses;rowing rows,"Rows is a ubiquitous plural noun in spreadsheets, databases, seating, layouts, and other contexts.",fleet-enum-2026-08
RPG Maker MZ,rpg-maker-mz,game-engines,,low,SAFE,False,0,rpgmakerweb.com,,The full edition name clearly identifies the current RPG creation product.,fleet-enum-2026-08
RSS.com,rss-com,podcast-hosting,,medium,AMBIGUOUS,True,1,rss.com,,"Although RSS alone is generic, the full maker-written domain name clearly identifies the hosting service.",fleet-enum-2026-08
RSVPify,rsvpify,event-management,,low,SAFE,False,0,rsvpify.com,,A distinctive coined name based on RSVP with little chance of ordinary-language confusion.,fleet-enum-2026-08
Rumble,rumble,video-hosting,,high,HOSTILE,True,2,rumble.com,ready to rumble;engine rumble;stomach rumble;low rumble;controller rumble;rumble strip;Royal Rumble;distant rumble,"Rumble is a common word for a low sound, vibration, fight, and named wrestling event.",fleet-enum-2026-08
Runbox,runbox,email-providers,,medium,AMBIGUOUS,True,1,runbox.com,,A distinctive closed-compound brand with minimal ordinary-language use.,fleet-enum-2026-08
Runway,runway,ai-video,,high,HOSTILE,True,2,runwayml.com,fashion runway;airport runway;runway model;runway show;runway lights;runway length;cash runway;Project Runway,"The bare name is a common aviation, fashion, and business word.",fleet-enum-2026-08
RustDesk,rustdesk,remote-desktop,,low,SAFE,False,0,rustdesk.com,,The compound coined name is readily identifiable as the remote-desktop project.,fleet-enum-2026-08
Rybbit,rybbit,web-analytics,,low,SAFE,False,0,rybbit.io,,Rybbit is an intentionally unusual spelling and is rarely used outside the analytics product.,fleet-enum-2026-08
Rydoo,rydoo,expense-management,,low,SAFE,False,0,rydoo.com,,Rydoo is a distinctive coined brand; Xpenditure is its legacy name.,fleet-enum-2026-08
Sage Expense Management,sage-expense-management,expense-management,,low,SAFE,False,0,fylehq.com,,The full current name is distinctive; most historical Reddit discussion uses the former name Fyle.,fleet-enum-2026-08
Salt Project,salt-project,iac,,medium,AMBIGUOUS,True,1,saltproject.io,,"The full project name is product-specific, while Salt alone is highly ambiguous.",fleet-enum-2026-08
Samsung Knox Manage,samsung-knox-manage,mdm,,low,SAFE,False,0,samsungknox.com,,The full Samsung Knox Manage name clearly identifies the device-management service.,fleet-enum-2026-08
Sapling,sapling,writing-assistants,,high,HOSTILE,True,2,sapling.ai,tree sapling;plant a sapling;oak sapling;apple sapling;young sapling;Minecraft sapling;Stardew sapling;sapling growth,The bare name ordinarily means a young tree and is common in gardening and gaming threads.,fleet-enum-2026-08
Sav,sav,domain-registrars,,high,HOSTILE,True,2,sav.com,.sav file;SAV file;SPSS sav;game sav;Pokemon sav;Savannah SAV;SAV airport;sav blanc,"The three-letter bare name collides with file extensions, airport shorthand, abbreviations, and names.",fleet-enum-2026-08
SavvyCal,savvycal,scheduling,,low,SAFE,False,0,savvycal.com,,A distinctive compound brand with little non-product use.,fleet-enum-2026-08
Scalefusion UEM,scalefusion-uem,mdm,,low,SAFE,False,0,scalefusion.com,,Scalefusion is a coined brand with little ordinary-language collision.,fleet-enum-2026-08
Schoology Learning,schoology-learning,lms,,low,SAFE,False,0,schoology.com;powerschool.com,,Schoology is a coined name and remains distinctive with or without the Learning suffix.,fleet-enum-2026-08
Screaming Frog SEO Spider,screaming-frog-seo-spider,seo-tools,,low,SAFE,False,0,screamingfrog.co.uk,,The full crawler name is highly distinctive despite containing ordinary words.,fleet-enum-2026-08
Screen Studio,screen-studio,screen-recording,,medium,AMBIGUOUS,True,1,screen.studio,green screen studio;virtual screen studio;home green screen studio;LED screen studio;projection screen studio;screen studio setup,The two-word name is product-specific in software discussions but can describe a physical or virtual studio setup.,fleet-enum-2026-08
Screencastify,screencastify,screen-recording,,low,SAFE,False,0,screencastify.com,,Screencastify is a distinctive coined product name.,fleet-enum-2026-08
ScreenFlow,screenflow,screen-recording,,medium,AMBIGUOUS,True,1,telestream.net,,ScreenFlow is a distinctive compound name strongly associated with Telestream's Mac recorder.,fleet-enum-2026-08
ScreenPal,screenpal,screen-recording,,medium,AMBIGUOUS,True,1,screenpal.com,,ScreenPal is a distinctive compound brand; its former Screencast-O-Matic name remains common on Reddit.,fleet-enum-2026-08
ScreenRec,screenrec,screen-recording,,medium,AMBIGUOUS,True,1,screenrec.com,,ScreenRec is a distinctive compact brand rather than a normal English phrase.,fleet-enum-2026-08
Scribens,scribens,writing-assistants,,low,SAFE,False,0,scribens.com,,The Latin-derived brand is uncommon in ordinary Reddit conversation.,fleet-enum-2026-08
ScyllaDB,scylladb,databases,,low,SAFE,False,0,scylladb.com,,The DB suffix makes the canonical name clear despite Scylla's mythological meaning.,fleet-enum-2026-08
SE Ranking,se-ranking,seo-tools,,medium,AMBIGUOUS,True,1,seranking.com,,"Although descriptive, the exact two-part name is a recognizable product brand.",fleet-enum-2026-08
SeaArt AI,seaart-ai,ai-image,,low,SAFE,False,0,seaart.ai,,The full AI-suffixed product name is distinctive; Sea Art alone can be descriptive.,fleet-enum-2026-08
Seafile,seafile,cloud-storage,,low,SAFE,False,0,seafile.com,,The compound is unusual in ordinary language and clearly identifies the sync-and-share software.,fleet-enum-2026-08
Search Atlas,search-atlas,seo-tools,,high,HOSTILE,True,2,searchatlas.com,,The two-word brand is distinctive in software and SEO discussion.,fleet-enum-2026-08
SeaTable,seatable,spreadsheets,,medium,AMBIGUOUS,True,1,seatable.io,,SeaTable is a distinctive joined brand name despite combining ordinary words.,fleet-enum-2026-08
Sejda PDF,sejda-pdf,pdf-tools,,low,SAFE,False,0,sejda.com,,Sejda is an uncommon coined name and is strongly associated with the PDF service.,fleet-enum-2026-08
Semaphore,semaphore,ci-cd,,high,HOSTILE,True,2,semaphoreci.com,binary semaphore;counting semaphore;POSIX semaphore;semaphore flag;railway semaphore;signal semaphore;semaphore wait;semaphore lock,Semaphore is also a standard concurrency primitive and a signaling system.,fleet-enum-2026-08
Sembly AI,sembly-ai,transcription,,low,SAFE,False,0,sembly.ai,,The full Sembly AI name is a distinctive coined brand.,fleet-enum-2026-08
Semrush,semrush,seo-tools,,low,SAFE,False,0,semrush.com,,The brand name and its older capitalization are unmistakable in casual text.,fleet-enum-2026-08
Sendcloud,sendcloud,shipping,,medium,AMBIGUOUS,True,1,sendcloud.com,,The coined compound is overwhelmingly used as the shipping-platform name.,fleet-enum-2026-08
SendFox,sendfox,newsletters,,low,SAFE,False,0,sendfox.com,,Distinctive compound product name with little ordinary-language overlap.,fleet-enum-2026-08
Sendible,sendible,social-media-management,,low,SAFE,False,0,sendible.com,,Coined spelling makes the product name readily identifiable.,fleet-enum-2026-08
SentinelOne Singularity Endpoint,sentinelone-singularity-endpoint,antivirus,,low,SAFE,False,0,sentinelone.com,,The complete product name is distinctive; S1 and Singularity need security context.,fleet-enum-2026-08
Sentry,sentry,error-tracking,observability;session-replay,high,HOSTILE,True,2,sentry.io,sentry duty;sentry gun;Sentry Mode;sentry bot;stand sentry;sentry tower;sentry ward;Sentry safe,Sentry is a common guard-related noun and appears in names of unrelated products and game mechanics.,fleet-enum-2026-08
SEO PowerSuite,seo-powersuite,seo-tools,,low,SAFE,False,0,seopowersuite.com,,The full suite name is specific to the SEO desktop software bundle.,fleet-enum-2026-08
Sera,sera,field-service,,high,HOSTILE,True,2,sera.tech,Sera from Dragon Age;Sera romance;Sera companion;blood sera;patient sera;immune sera;Sera Gamble;Sera Myu;Sera Cahoone,"Sera overlaps a personal name, fictional characters, proper names, and the scientific plural of serum.",fleet-enum-2026-08
Serpstat,serpstat,seo-tools,,low,SAFE,False,0,serpstat.com,,The coined SERP compound is specific to the platform.,fleet-enum-2026-08
Serverless Framework,serverless-framework,iac,,medium,AMBIGUOUS,True,1,serverless.com,,The complete name denotes the product clearly; Serverless alone is a generic architectural term.,fleet-enum-2026-08
Service Fusion,service-fusion,field-service,,medium,AMBIGUOUS,True,1,servicefusion.com,,"The full name is specific, though users sometimes shorten it to the highly generic Fusion.",fleet-enum-2026-08
ServiceM8,servicem8,field-service,,low,SAFE,False,0,servicem8.com,,The numeral-bearing brand is distinctive even when users add a space.,fleet-enum-2026-08
ServiceMax,servicemax,field-service,,medium,AMBIGUOUS,True,1,ptc.com,,"The fused name is a distinctive PTC field-service brand, though users sometimes split it.",fleet-enum-2026-08
ServiceTitan,servicetitan,field-service,,low,SAFE,False,0,servicetitan.com,,The fused brand name is distinctive; spaced and abbreviated forms are common in trade discussions.,fleet-enum-2026-08
ServiceTrade,servicetrade,field-service,,medium,AMBIGUOUS,True,1,servicetrade.com,,The fused form clearly identifies the commercial-service platform.,fleet-enum-2026-08
Setmore,setmore,scheduling,,low,SAFE,False,0,setmore.com,,A coined single-word name that is readily identifiable as the scheduling product.,fleet-enum-2026-08
Shapr3D,shapr3d,cad,,low,SAFE,False,0,shapr3d.com,,The stylized alphanumeric brand is highly distinctive; Shaper3D is a common misspelling.,fleet-enum-2026-08
SharePoint,sharepoint,document-management,,low,SAFE,False,0,microsoft.com,,The concatenated Microsoft product name is distinctive despite its two ordinary-word components.,fleet-enum-2026-08
ShareX,sharex,screen-recording,,low,SAFE,False,0,getsharex.com,,ShareX is a distinctive product spelling with little ordinary-language collision.,fleet-enum-2026-08
ShineOn,shineon,print-on-demand,,high,HOSTILE,True,2,shineon.com,,"The camel-cased brand is distinctive in writing, but its words form a very common phrase.",fleet-enum-2026-08
ShipBob,shipbob,shipping,,low,SAFE,False,0,shipbob.com,,The fused name uniquely identifies the technology-backed fulfillment service.,fleet-enum-2026-08
ShipHero,shiphero,shipping,,medium,AMBIGUOUS,True,1,shiphero.com,,The fused name clearly denotes the WMS and fulfillment platform.,fleet-enum-2026-08
ShipMonk,shipmonk,shipping,,low,SAFE,False,0,shipmonk.com,,The fused name is a distinctive fulfillment-platform brand.,fleet-enum-2026-08
ShippingEasy,shippingeasy,shipping,,high,HOSTILE,True,2,shippingeasy.com,,The fused brand form is distinctive despite being built from descriptive words.,fleet-enum-2026-08
Shippo,shippo,shipping,,medium,AMBIGUOUS,True,1,goshippo.com,,Shippo is a coined brand name and is rarely used as ordinary English.,fleet-enum-2026-08
ShipStation,shipstation,shipping,,medium,AMBIGUOUS,True,1,shipstation.com,,"The fused, capitalized name is a distinctive shipping-software brand.",fleet-enum-2026-08
ShipWorks,shipworks,shipping,,high,HOSTILE,True,2,shipworks.com,,The fused CamelCase form clearly identifies the shipping software.,fleet-enum-2026-08
Siemens NX,siemens-nx,cad,,low,SAFE,False,0,siemens.com,,"The Siemens-qualified name is clear, while the two-letter shorthand NX is highly context-dependent.",fleet-enum-2026-08
Sign.Plus,sign-plus,esignature,,high,HOSTILE,True,2,sign.plus,,The combined name and dot styling are distinctive enough to identify the service.,fleet-enum-2026-08
Signaturely,signaturely,esignature,,medium,AMBIGUOUS,True,1,signaturely.com,,Signaturely is a coined adverb-like name with little ordinary-language usage.,fleet-enum-2026-08
Signeasy,signeasy,esignature,,medium,AMBIGUOUS,True,1,signeasy.com,,The coined spelling is readily identifiable as the e-signature service.,fleet-enum-2026-08
SigNoz,signoz,observability,,low,SAFE,False,0,signoz.io,,Unusual stylized coined name with negligible ordinary-language overlap.,fleet-enum-2026-08
SignRequest,signrequest,esignature,,high,HOSTILE,True,2,signrequest.com,,The closed compound is strongly associated with the e-signature product.,fleet-enum-2026-08
SignWell,signwell,esignature,,medium,AMBIGUOUS,True,1,signwell.com,,The closed compound is a distinctive software brand despite using familiar words.,fleet-enum-2026-08
SilverBullet,silverbullet,wikis,,high,HOSTILE,True,2,silverbullet.md,,"The fused spelling is branded, but users often space it exactly like the common idiom 'silver bullet.'",fleet-enum-2026-08
Simphony Point of Sale,simphony-point-of-sale,restaurant-pos,,low,SAFE,False,0,oracle.com,,Simphony is a distinctive coined spelling; the full Oracle product name is unmistakable.,fleet-enum-2026-08
Simple Analytics,simple-analytics,web-analytics,,high,HOSTILE,True,2,simpleanalytics.com,simple analytics setup;simple analytics dashboard;simple analytics report;simple analytics query;simple analytics solution;simple analytics tracking,"The name is also a natural descriptive phrase for uncomplicated analytics, so vendor or domain context helps.",fleet-enum-2026-08
Simplecast,simplecast,podcast-hosting,,medium,AMBIGUOUS,True,1,simplecast.com,,A distinctive compound brand; the internal-capital variant is common in casual mentions.,fleet-enum-2026-08
SimpleMDM,simplemdm,mdm,,low,SAFE,False,0,simplemdm.com,,"Despite its descriptive construction, the fused name clearly identifies the product.",fleet-enum-2026-08
SimpleScreenRecorder,simplescreenrecorder,screen-recording,,low,SAFE,False,0,maartenbaert.be,,The concatenated canonical name is distinctive; SSR is common shorthand but ambiguous outside Linux recording context.,fleet-enum-2026-08
SimpleTix,simpletix,event-management,,medium,AMBIGUOUS,True,1,simpletix.com,,A distinctive ticketing-brand construction despite occasional spacing by users.,fleet-enum-2026-08
SimplyBook.me,simplybook-me,scheduling,,low,SAFE,False,0,simplybook.me,,The dotted brand and its joined shorthand are strongly associated with the booking platform.,fleet-enum-2026-08
Simpro,simpro,field-service,,medium,AMBIGUOUS,True,1,simprogroup.com,,The current title-case brand is distinctive; the former simPRO styling remains common.,fleet-enum-2026-08
Sinch SMS API,sinch-sms-api,communication-apis,,low,SAFE,False,0,sinch.com,,Sinch is a distinctive brand and the full API name clearly identifies the SMS product.,fleet-enum-2026-08
SingleStore,singlestore,data-warehouses,,high,HOSTILE,True,2,singlestore.com,,"The compound brand is distinctive in database contexts, with MemSQL retained as its widely used former name.",fleet-enum-2026-08
SISTRIX,sistrix,seo-tools,,low,SAFE,False,0,sistrix.com,,The invented name is unique to the search-marketing platform.,fleet-enum-2026-08
Site24x7,site24x7,observability,,low,SAFE,False,0,site24x7.com,,Distinctive alphanumeric product name with little chance of ordinary-language confusion.,fleet-enum-2026-08
Sitebulb,sitebulb,seo-tools,,low,SAFE,False,0,sitebulb.com,,The coined compound is strongly tied to the SEO crawler.,fleet-enum-2026-08
SiteGround,siteground,web-hosting,,low,SAFE,False,0,siteground.com,,The concatenated compound is distinctive in hosting discussions.,fleet-enum-2026-08
SketchUp,sketchup,cad,,medium,AMBIGUOUS,True,1,sketchup.com,,"The brand is distinctive in its official casing, but lowercase text can resemble the verb phrase 'sketch up.'",fleet-enum-2026-08
Skilljar,skilljar,lms,,low,SAFE,False,0,skilljar.com,,Skilljar is a distinctive compound brand with little ordinary-language overlap.,fleet-enum-2026-08
Skillshare,skillshare,course-platforms,,medium,AMBIGUOUS,True,1,skillshare.com,,The closed compound is a well-established brand and uncommon as an ordinary bare term.,fleet-enum-2026-08
Skool,skool,community-platforms,course-platforms,high,HOSTILE,True,2,skool.com,old skool;new skool;back to skool;skool hip hop;skool style;skool days,"The stylized spelling is distinctive but also appears as slang for school, especially in music and nostalgia threads.",fleet-enum-2026-08
SkyTab,skytab,restaurant-pos,,low,SAFE,False,0,skytab.com,,SkyTab is a distinctive compound brand in restaurant and payments discussions.,fleet-enum-2026-08
Slab,slab,wikis,,high,HOSTILE,True,2,slab.com,concrete slab;stone slab;granite slab;slab foundation;slab of meat;paving slab;slab leak;slab serif,"Slab is a common construction, material, typography, and food-cut noun.",fleet-enum-2026-08
Slidebean,slidebean,presentations,,low,SAFE,False,0,slidebean.com,,Slidebean is a distinctive compound brand rather than an ordinary phrase.,fleet-enum-2026-08
Slides.com,slides-com,presentations,,low,SAFE,False,0,slides.com,,The .com is part of the product name and distinguishes it from generic slides.,fleet-enum-2026-08
Slite,slite,wikis,,medium,AMBIGUOUS,True,1,slite.com,,Slite is a distinctive coined spelling and normally denotes the team knowledge-base product.,fleet-enum-2026-08
Smallpdf,smallpdf,pdf-tools,,low,SAFE,False,0,smallpdf.com,,"Although built from descriptive words, the fused name is a well-established specific service mark.",fleet-enum-2026-08
SmartAdvocate,smartadvocate,legal-practice,,medium,AMBIGUOUS,True,1,smartadvocate.com,,The closed-up compound is a distinctive legal case-management brand.,fleet-enum-2026-08
Smartcat,smartcat,localization,,high,HOSTILE,True,2,smartcat.com,,The compound brand is readily identifiable in translation and localization discussions.,fleet-enum-2026-08
SmartDraw,smartdraw,diagramming,,medium,AMBIGUOUS,True,1,smartdraw.com,,The compound name is strongly product-specific.,fleet-enum-2026-08
Smartsupp,smartsupp,live-chat,,low,SAFE,False,0,smartsupp.com,,Smartsupp is a distinctive contraction; alternate capitalization is common in informal mentions.,fleet-enum-2026-08
Smokeball,smokeball,legal-practice,,medium,AMBIGUOUS,True,1,smokeball.com,,The one-word brand is unusual and generally identifies the legal platform.,fleet-enum-2026-08
SMTP2GO,smtp2go,communication-apis,,low,SAFE,False,0,smtp2go.com,,"SMTP2GO is an unmistakable coined service name, with casing being the only common variation.",fleet-enum-2026-08
Snagit,snagit,screen-recording,,low,SAFE,False,0,techsmith.com,,Snagit is a distinctive coined brand despite resembling the phrase 'snag it.',fleet-enum-2026-08
Snapseed,snapseed,photo-editing,,low,SAFE,False,0,google.com;play.google.com;apps.apple.com,,Snapseed is a distinctive coined app name.,fleet-enum-2026-08
Snowflake,snowflake,data-warehouses,databases,high,HOSTILE,True,2,snowflake.com,snowflake emoji;snowflake ornament;snowflake tattoo;snowflake pattern;special snowflake;snowflake generation;snowflake Christmas decoration;catching a snowflake,"The product is prominent in data contexts, but the bare name is a common noun, political insult, and decorative motif.",fleet-enum-2026-08
SoapUI,soapui,api-tools,,medium,AMBIGUOUS,True,1,soapui.org,,The distinctive SOAP-plus-UI construction is strongly tied to the API testing tool.,fleet-enum-2026-08
SocialBee,socialbee,social-media-management,,medium,AMBIGUOUS,True,1,socialbee.com,,Distinctive compound brand name with only a spacing variant in common use.,fleet-enum-2026-08
SocialPilot,socialpilot,social-media-management,,medium,AMBIGUOUS,True,1,socialpilot.co,,Distinctive compound name with a commonly used spacing variant.,fleet-enum-2026-08
Society6,society6,print-on-demand,,medium,AMBIGUOUS,True,1,society6.com,,The number-bearing name is distinctive and generally means the artist marketplace.,fleet-enum-2026-08
Soda PDF,soda-pdf,pdf-tools,,medium,AMBIGUOUS,True,1,sodapdf.com,baking soda;soda water;cream soda;soda can;soda machine;diet soda;soda stream,"The full product name is recognizable, but the frequent Soda shorthand is a common drink and household word.",fleet-enum-2026-08
Soft Serve,soft-serve,code-hosting,,high,HOSTILE,True,2,,soft serve ice cream;vanilla soft serve;chocolate soft serve;soft serve machine;soft serve cone;soft serve mix;dairy-free soft serve;McDonald's soft serve,"The bare phrase overwhelmingly describes frozen dessert unless Git, SSH, TUI, or Charm supplies context.",fleet-enum-2026-08
Softr,softr,no-code,,low,SAFE,False,0,softr.io,,The missing-vowel spelling makes the product name distinctive.,fleet-enum-2026-08
Solar2D,solar2d,game-engines,,low,SAFE,False,0,solar2d.com,,Solar2D is distinctive; Corona forms persist because the engine is the official continuation of Corona SDK.,fleet-enum-2026-08
Solid Edge,solid-edge,cad,,medium,AMBIGUOUS,True,1,siemens.com,a solid edge;solid edge control;solid edge rusher;solid edge retention;solid edge performance;solid edge over,"The two ordinary words can occur together outside CAD, although capitalization and Siemens context usually disambiguate it.",fleet-enum-2026-08
SOLIDWORKS,solidworks,cad,,low,SAFE,False,0,solidworks.com,,The compound brand is distinctive even though users vary its capitalization.,fleet-enum-2026-08
SonicWall Next-Generation Firewall,sonicwall-next-generation-firewall,network-security,,low,SAFE,False,0,sonicwall.com,,SonicWall is a distinctive brand and the full product name is unambiguous.,fleet-enum-2026-08
Sonix,sonix,transcription,,low,SAFE,False,0,sonix.ai,,The Sonix spelling is distinctive despite sounding like the ordinary adjective sonic.,fleet-enum-2026-08
Sophos Endpoint,sophos-endpoint,antivirus,,low,SAFE,False,0,sophos.com,,"Sophos is a distinctive coined brand, and Endpoint further fixes the product context.",fleet-enum-2026-08
Sophos Firewall,sophos-firewall,network-security,,low,SAFE,False,0,sophos.com,,Sophos is a distinctive vendor name and Firewall makes the product reference explicit.,fleet-enum-2026-08
Sortly,sortly,inventory,,medium,AMBIGUOUS,True,1,sortly.com,,Sortly is a distinctive coined product name with little ordinary-language collision.,fleet-enum-2026-08
SOS Inventory,sos-inventory,inventory,,high,HOSTILE,True,2,sosinventory.com,send an SOS;SOS signal;emergency SOS;iPhone Emergency SOS;SOS button;SOS call;Morse code SOS;ABBA SOS,SOS is a ubiquitous distress signal and appears in several unrelated product and song contexts.,fleet-enum-2026-08
SOTI MobiControl,soti-mobicontrol,mdm,,low,SAFE,False,0,soti.net,,The branded compound MobiControl is highly specific.,fleet-enum-2026-08
SourceForge,sourceforge,code-hosting,,low,SAFE,False,0,sourceforge.net,,The compound brand is distinctive even when users discuss its reputation or bundled-download history.,fleet-enum-2026-08
sourcehut,sourcehut,code-hosting,,low,SAFE,False,0,sr.ht;sourcehut.org,,The unusual compound and sr.ht shorthand are distinctive identifiers for the developer platform.,fleet-enum-2026-08
Spaceship,spaceship,domain-registrars,,high,HOSTILE,True,2,spaceship.com,spaceship launch;alien spaceship;spaceship game;spaceship design;build a spaceship;spaceship movie;spaceship crew;inside the spaceship,"Spaceship is a common science-fiction and spaceflight noun, so registrar context is essential.",fleet-enum-2026-08
Spendesk,spendesk,expense-management,,low,SAFE,False,0,spendesk.com,,Spendesk is a coined name with little non-brand usage.,fleet-enum-2026-08
Splashtop Remote Access,splashtop-remote-access,remote-desktop,,low,SAFE,False,0,splashtop.com,,Splashtop is a coined brand and is rarely used outside the product family.,fleet-enum-2026-08
Splunk Observability Cloud,splunk-observability-cloud,observability,,low,SAFE,False,0,splunk.com,,The full product name is unambiguous; SignalFx is the well-known former product name.,fleet-enum-2026-08
Spotify for Creators,spotify-for-creators,podcast-hosting,,low,SAFE,False,0,,,The full name is unmistakable; Anchor and Spotify for Podcasters are widely used former names.,fleet-enum-2026-08
SpotOn Restaurant POS,spoton-restaurant-pos,restaurant-pos,,medium,AMBIGUOUS,True,1,,,"The product label is clear, but the common shorthand sounds exactly like the everyday phrase 'spot on.'",fleet-enum-2026-08
Spreadshop,spreadshop,print-on-demand,,medium,AMBIGUOUS,True,1,spreadshop.com;spreadshop.net,,The joined compound specifically identifies Spread Group's hosted POD storefront service.,fleet-enum-2026-08
Spreaker,spreaker,podcast-hosting,,medium,AMBIGUOUS,True,1,spreaker.com,,A distinctive coined blend of speaker and broadcaster with little ordinary-language use.,fleet-enum-2026-08
Spring,spring,print-on-demand,,high,HOSTILE,True,2,teespring.com;spri.ng,spring season;this spring;next spring;spring break;spring semester;spring weather;spring training;coil spring;spring water;spring cleaning,The current brand is an extremely common season and mechanical noun; the old Teespring name is much clearer.,fleet-enum-2026-08
Sprinklr,sprinklr,social-media-management,,low,SAFE,False,0,sprinklr.com,,Vowelless spelling is distinctive; users sometimes type the ordinary-word spelling.,fleet-enum-2026-08
Sprout Social,sprout-social,social-media-management,,low,SAFE,False,0,sproutsocial.com,,"The full two-word name is distinctive, though users often shorten it to Sprout.",fleet-enum-2026-08
SproutVideo,sproutvideo,video-hosting,,low,SAFE,False,0,sproutvideo.com,,The closed compound is distinctive even though its component words are ordinary.,fleet-enum-2026-08
SQLite,sqlite,databases,,low,SAFE,False,0,sqlite.org,,A distinctive technical name with essentially no ordinary-language collision.,fleet-enum-2026-08
SST,sst,iac,,high,HOSTILE,True,2,sst.dev,SST anomaly;SST dataset;SST forecast;SST model,The initialism is distinctive in serverless threads but has several scientific and engineering expansions.,fleet-enum-2026-08
Stable Diffusion,stable-diffusion,ai-image,,medium,AMBIGUOUS,True,1,stability.ai,,The two-word model-family name is strongly associated with AI image generation.,fleet-enum-2026-08
Stamps.com,stamps-com,shipping,,medium,AMBIGUOUS,True,1,stamps.com,,Including the dot-com suffix makes the product name unmistakable.,fleet-enum-2026-08
Starburst Galaxy,starburst-galaxy,data-warehouses,,high,HOSTILE,True,2,starburst.io,starburst galaxy image;M82 starburst galaxy;nearby starburst galaxy;dwarf starburst galaxy;Hubble starburst galaxy,"The exact product name is also a standard astronomy term, and each component has common non-product uses.",fleet-enum-2026-08
StarRocks,starrocks,data-warehouses,,low,SAFE,False,0,starrocks.io,,"The fused, capitalized brand is distinctive despite ordinary meanings for its separated words.",fleet-enum-2026-08
StartMail,startmail,email-providers,,medium,AMBIGUOUS,True,1,startmail.com,,The closed compound is sufficiently distinctive as a privacy-email brand.,fleet-enum-2026-08
Statcounter,statcounter,web-analytics,,medium,AMBIGUOUS,True,1,statcounter.com,,"Statcounter is a distinctive compound brand, though users sometimes insert a space.",fleet-enum-2026-08
Statsig,statsig,feature-flags,product-analytics,medium,AMBIGUOUS,True,1,statsig.com,,The coined name is unambiguous in ordinary Reddit prose.,fleet-enum-2026-08
Statusbrew,statusbrew,social-media-management,,low,SAFE,False,0,statusbrew.com,,Coined compound name remains recognizable across capitalization and spacing variants.,fleet-enum-2026-08
Stencyl,stencyl,game-engines,,low,SAFE,False,0,stencyl.com,,Stencyl is a distinctive coined product name.,fleet-enum-2026-08
Stessa,stessa,property-management,,high,HOSTILE,True,2,stessa.com,la stessa cosa;nella stessa situazione;della stessa età;la stessa domanda;stessa storia;stessa persona;stessa identica cosa,"Distinctive in English, but stessa is a very common Italian word meaning same and appears widely on Italian-language Reddit.",fleet-enum-2026-08
Stirling PDF,stirling-pdf,pdf-tools,,medium,AMBIGUOUS,True,1,stirlingpdf.com;docs.stirlingpdf.com,Stirling engine;Stirling Castle;Stirling Scotland;University of Stirling;Stirling Moss;trip to Stirling,"The full name is clear, but the common Stirling shorthand is also a place, surname, and engine type.",fleet-enum-2026-08
Stitch,stitch,etl,,high,HOSTILE,True,2,stitchdata.com,cross stitch;stitch pattern;stitch in time;Lilo and Stitch;dropped stitch;stitch removal;side stitch;stitch Fix,The bare name is an everyday sewing and medical word and also a Disney character.,fleet-enum-2026-08
Stoplight,stoplight,api-tools,,high,HOSTILE,True,2,stoplight.io,at the stoplight;red stoplight;stoplight turned green;waiting at a stoplight;ran the stoplight;next stoplight;broken stoplight,The brand name is identical to the ordinary North American word for a traffic signal.,fleet-enum-2026-08
Stova,stova,event-management,,low,SAFE,False,0,stova.io,,A short but coined event-tech brand with little ordinary-language collision.,fleet-enum-2026-08
Streamable,streamable,video-hosting,,high,HOSTILE,True,2,streamable.com,make it streamable;not streamable;streamable content;streamable games;streamable format;locally streamable;streamable over Wi-Fi,Streamable is also a common adjective for media that can be streamed.,fleet-enum-2026-08
StreamYard,streamyard,video-hosting,,low,SAFE,False,0,streamyard.com,,The closed compound is a distinctive product name with little ordinary usage.,fleet-enum-2026-08
StreamYard On-Air,streamyard-on-air,webinars,,low,SAFE,False,0,streamyard.com,,The full branded product name is distinctive; casual users often shorten it to the parent platform name.,fleet-enum-2026-08
Stride Game Engine,stride-game-engine,game-engines,,low,SAFE,False,0,stride3d.net,,"The full product name is unambiguous; Stride alone is common, while Xenko is its former name.",fleet-enum-2026-08
StrongVPN,strongvpn,vpn,,low,SAFE,False,0,strongvpn.com,,The closed-up canonical name is a recognizable VPN brand despite its descriptive components.,fleet-enum-2026-08
Stytch,stytch,identity,,low,SAFE,False,0,stytch.com,,Coined spelling makes the authentication service easy to distinguish.,fleet-enum-2026-08
Sublime Text,sublime-text,ides,,medium,AMBIGUOUS,True,1,sublimetext.com,,"The complete two-word name is distinctive, though Sublime alone also names a band and is an adjective.",fleet-enum-2026-08
Subsplash,subsplash,nonprofit,,low,SAFE,False,0,subsplash.com,,Subsplash is a distinctive coined brand name.,fleet-enum-2026-08
Substack,substack,newsletters,,low,SAFE,False,0,substack.com,,Coined compound that is strongly associated with the publishing platform.,fleet-enum-2026-08
Successware,successware,field-service,,low,SAFE,False,0,successware.com,,Successware is a coined brand; its older SuccessWare21 name still appears in user discussions.,fleet-enum-2026-08
Sudowrite,sudowrite,writing-assistants,,low,SAFE,False,0,sudowrite.com,,The coined compound is unmistakable as the fiction-writing assistant.,fleet-enum-2026-08
SumatraPDF,sumatrapdf,pdf-tools,,medium,AMBIGUOUS,True,1,sumatrapdfreader.org,,"The fused canonical name is distinct, but Reddit often shortens it to Sumatra, which is a major island and coffee origin.",fleet-enum-2026-08
Sumo Logic,sumo-logic,observability,,low,SAFE,False,0,sumologic.com,,The two-word combination is distinctive even though sumo and logic are ordinary terms separately.,fleet-enum-2026-08
SumUp POS,sumup-pos,pos,,low,SAFE,False,0,sumup.com,,The internal capital and POS suffix clearly identify the payments product.,fleet-enum-2026-08
Superblocks,superblocks,internal-tools,,high,HOSTILE,True,2,superblocks.com,Barcelona superblocks;urban superblocks;city superblocks;neighborhood superblocks;superblocks in cities;blockchain superblocks,The compound is brand-like in developer context but also names large urban blocks and blockchain or filesystem structures.,fleet-enum-2026-08
Supernormal,supernormal,transcription,,high,HOSTILE,True,2,supernormal.com,supernormal stimulus;supernormal profits;supernormal growth;supernormal returns;supernormal ability;supernormal powers;supernormal performance,"Supernormal is an established adjective used in psychology, economics, and casual claims of exceptional ability.",fleet-enum-2026-08
SuperOps,superops,rmm,,medium,AMBIGUOUS,True,1,superops.com,,The fused SuperOps brand is distinctive even though users vary its spacing and punctuation.,fleet-enum-2026-08
SuperTokens,supertokens,identity,,medium,AMBIGUOUS,True,1,supertokens.com,,Distinctive compound name strongly tied to the authentication product.,fleet-enum-2026-08
Supremo Remote Desktop,supremo-remote-desktop,remote-desktop,,low,SAFE,False,0,supremocontrol.com,,The full product name is specific even though the Supremo shorthand can be a title or nickname.,fleet-enum-2026-08
SureMDM,suremdm,mdm,,low,SAFE,False,0,42gears.com,,The fused SureMDM name is specific to the 42Gears product.,fleet-enum-2026-08
Surfer,surfer,seo-tools,,high,HOSTILE,True,2,surferseo.com,pro surfer;surfer dude;silver surfer;subway surfer;surfer girl;surfer hair;surfer attacked;local surfer,Surfer is an ordinary noun and also appears in entertainment and game titles.,fleet-enum-2026-08
Surfshark,surfshark,vpn,,medium,AMBIGUOUS,True,1,surfshark.com,,Surfshark is a distinctive coined brand with little ordinary-language collision.,fleet-enum-2026-08
SurveyMonkey,surveymonkey,survey-tools,,low,SAFE,False,0,surveymonkey.com,,The compound brand name is distinctive even when users add a space.,fleet-enum-2026-08
SurveySparrow,surveysparrow,survey-tools,,low,SAFE,False,0,surveysparrow.com,,The full compound is distinctive despite containing two ordinary words.,fleet-enum-2026-08
Survicate,survicate,survey-tools,,low,SAFE,False,0,survicate.com,,The coined name is not used in ordinary English.,fleet-enum-2026-08
SwaggerHub,swaggerhub,api-tools,,low,SAFE,False,0,swagger.io,,The fused name specifically identifies SmartBear's collaborative API design and documentation product.,fleet-enum-2026-08
Swoogo,swoogo,event-management,,low,SAFE,False,0,swoogo.events,,A distinctive coined brand with negligible ordinary-language ambiguity.,fleet-enum-2026-08
Sync.com,sync-com,cloud-storage,,low,SAFE,False,0,sync.com,,Including the .com makes the otherwise generic word a distinctive service name.,fleet-enum-2026-08
Syncro,syncro,rmm,,medium,AMBIGUOUS,True,1,syncromsp.com,,The stylized Syncro spelling is a distinctive brand rather than the ordinary word synchro.,fleet-enum-2026-08
Synthesia,synthesia,ai-video,,high,HOSTILE,True,2,synthesia.io,,The unusual coined name is rarely used outside the avatar-video service.,fleet-enum-2026-08
systeme.io,systeme-io,course-platforms,,low,SAFE,False,0,systeme.io,,The domain-form brand is distinctive despite frequent punctuation and spelling variants.,fleet-enum-2026-08
Tabnine,tabnine,ai-coding,,low,SAFE,False,0,tabnine.com,,Tabnine is a coined brand name with little ordinary-language collision.,fleet-enum-2026-08
Tabs3,tabs3,legal-practice,,low,SAFE,False,0,tabs3.com,,The numeral-bearing name is distinctive; users sometimes shorten it to the more ambiguous Tabs.,fleet-enum-2026-08
Tactical RMM,tactical-rmm,rmm,,low,SAFE,False,0,tacticalrmm.com,,"The full two-word product name is distinctive, although Tactical alone is ordinary language.",fleet-enum-2026-08
Tactiq,tactiq,transcription,,low,SAFE,False,0,tactiq.io,,The coined q-ending spelling is distinctive and minimally confusable.,fleet-enum-2026-08
Tailwind,tailwind,social-media-management,,high,HOSTILE,True,2,tailwindapp.com,Tailwind CSS;tailwind classes;tailwind config;strong tailwind;cycling tailwind;aircraft tailwind;tailwind component;running with a tailwind,The bare name is both an ordinary aerodynamics term and the name of a popular CSS framework.,fleet-enum-2026-08
TalentLMS,talentlms,course-platforms,lms,low,SAFE,False,0,talentlms.com,,"The fused LMS brand is distinctive, though users sometimes shorten it to the ordinary word Talent.",fleet-enum-2026-08
Tally,tally,form-builders,survey-tools,high,HOSTILE,True,2,tally.so,final tally;vote tally;running tally;keep a tally;tally up the score;tally marks;official tally;daily tally,"Tally is a common noun and verb, so the bare name needs software or forms context.",fleet-enum-2026-08
Tapstitch,tapstitch,print-on-demand,,medium,AMBIGUOUS,True,1,tapstitch.com,,Distinctive compound name used for the apparel POD platform.,fleet-enum-2026-08
tawk.to,tawk-to,live-chat,,low,SAFE,False,0,tawk.to,,"The dotted canonical name is unmistakable, although users frequently simplify it to Tawk.",fleet-enum-2026-08
TaxAct,taxact,tax-software,,medium,AMBIGUOUS,True,1,taxact.com,,The fused spelling is a distinctive tax-software brand.,fleet-enum-2026-08
TaxSlayer,taxslayer,tax-software,,low,SAFE,False,0,taxslayer.com,,The compound name is distinctive and strongly associated with the filing service.,fleet-enum-2026-08
TaxWise,taxwise,tax-software,,medium,AMBIGUOUS,True,1,wolterskluwer.com,,The fused name is a recognizable professional tax-software brand.,fleet-enum-2026-08
Teachable,teachable,course-platforms,lms,high,HOSTILE,True,2,,teachable moment;teachable skill;teachable subject;teachable children;teachable attitude;more teachable;easily teachable;remain teachable,"Teachable is a common adjective, so the bare name frequently appears without referring to the platform.",fleet-enum-2026-08
TeamCity,teamcity,ci-cd,,low,SAFE,False,0,jetbrains.com,,TeamCity is a distinctive compound brand in developer discussions.,fleet-enum-2026-08
TeamViewer Remote,teamviewer-remote,remote-desktop,,low,SAFE,False,0,teamviewer.com,,The full product name and the TeamViewer shorthand are strongly associated with remote-access software.,fleet-enum-2026-08
Teedy,teedy,document-management,,high,HOSTILE,True,2,teedy.io,,Teedy is a coined name; Sismics Docs is its older name still seen in technical discussions.,fleet-enum-2026-08
teelaunch,teelaunch,print-on-demand,,low,SAFE,False,0,teelaunch.com,,The compound name is strongly associated with the POD provider despite variable casing.,fleet-enum-2026-08
TeePublic,teepublic,print-on-demand,,low,SAFE,False,0,teepublic.com,,The compound is distinctive even though Reddit users vary its capitalization and spacing.,fleet-enum-2026-08
Tekton,tekton,ci-cd,,high,HOSTILE,True,2,tekton.dev,,Tekton is distinctive in software contexts and rarely appears as ordinary English.,fleet-enum-2026-08
Tella,tella,screen-recording,,high,HOSTILE,True,2,tella.com;tella.tv,,Tella is a distinctive brand in software contexts and has no common English meaning.,fleet-enum-2026-08
Telnyx Messaging API,telnyx-messaging-api,communication-apis,,low,SAFE,False,0,telnyx.com,,Telnyx is a coined brand and the full Messaging API name is unambiguous.,fleet-enum-2026-08
Tenant Turner,tenant-turner,property-management,,medium,AMBIGUOUS,True,1,tenantturner.com,,The full two-word brand is distinctive even though Turner is a common surname.,fleet-enum-2026-08
TenantCloud,tenantcloud,property-management,,low,SAFE,False,0,tenantcloud.com,,"A distinctive branded compound, with spacing and case variants common in Reddit comments.",fleet-enum-2026-08
Tensor.Art,tensor-art,ai-image,,medium,AMBIGUOUS,True,1,tensor.art,,The dotted compound is a distinctive platform name despite tensor being a technical noun.,fleet-enum-2026-08
Teradata Cloud,teradata-cloud,data-warehouses,,low,SAFE,False,0,teradata.com,,The current name is vendor-qualified and distinctive; VantageCloud is the former product name still common in discussions.,fleet-enum-2026-08
Terraform,terraform,iac,,medium,AMBIGUOUS,True,1,terraform.io;hashicorp.com,,The coined product name is unmistakable in normal Reddit usage.,fleet-enum-2026-08
Terragrunt,terragrunt,iac,,low,SAFE,False,0,terragrunt.com,,"Terragrunt is a coined, highly recognizable Terraform-ecosystem name.",fleet-enum-2026-08
Tettra,tettra,wikis,,low,SAFE,False,0,tettra.com,,Tettra is a distinctive coined spelling with little non-product usage.,fleet-enum-2026-08
Textbelt,textbelt,communication-apis,,low,SAFE,False,0,textbelt.com,,Textbelt is a distinctive compound brand used for the service and its SMS API.,fleet-enum-2026-08
Thinkific,thinkific,course-platforms,lms,low,SAFE,False,0,thinkific.com,,Thinkific is a coined brand with no common ordinary-language meaning.,fleet-enum-2026-08
Thought Industries,thought-industries,lms,,high,HOSTILE,True,2,thoughtindustries.com,,The two-word brand phrase is distinctive in learning-platform discussions.,fleet-enum-2026-08
Threadless,threadless,print-on-demand,,medium,AMBIGUOUS,True,1,threadless.com,threadless headset;threadless stem;threadless jewelry;threadless earrings;threadless labret;threadless piercing,"Usually the art marketplace, but it is also an ordinary technical adjective in cycling and body jewelry.",fleet-enum-2026-08
ThreatLocker Protect,threatlocker-protect,antivirus,,low,SAFE,False,0,threatlocker.com,,ThreatLocker is a distinctive compound brand with little accidental ordinary-language use.,fleet-enum-2026-08
Thunder Client,thunder-client,api-tools,,medium,AMBIGUOUS,True,1,thunderclient.com,,The two-word product name is strongly associated with the VS Code and JetBrains API client.,fleet-enum-2026-08
Thunkable,thunkable,no-code,,low,SAFE,False,0,thunkable.com,,A coined product name that is unmistakable in casual discussion.,fleet-enum-2026-08
Ticket Tailor,ticket-tailor,event-management,,medium,AMBIGUOUS,True,1,tickettailor.com,,The full compound name is product-specific; TT is a common organizer shorthand but is ambiguous alone.,fleet-enum-2026-08
Ticketmaster,ticketmaster,event-management,,low,SAFE,False,0,ticketmaster.com,,The full brand is unmistakable; TM is common Reddit shorthand but is ambiguous outside ticket discussions.,fleet-enum-2026-08
TicketSpice,ticketspice,event-management,,low,SAFE,False,0,ticketspice.com,,"The compound is product-specific, with occasional spacing variation in casual text.",fleet-enum-2026-08
TiDB,tidb,databases,,low,SAFE,False,0,pingcap.com;tidbcloud.com,,A distinctive technical acronym with a DB suffix.,fleet-enum-2026-08
TiddlyWiki,tiddlywiki,wikis,,low,SAFE,False,0,tiddlywiki.com,,The compound name is distinctive and overwhelmingly refers to the single-file personal wiki.,fleet-enum-2026-08
Tidio,tidio,live-chat,,low,SAFE,False,0,tidio.com,,Tidio is a coined brand name with little non-product usage.,fleet-enum-2026-08
TidyCal,tidycal,scheduling,,low,SAFE,False,0,tidycal.com,,A distinctive compound brand that is rarely used outside calendar-software references.,fleet-enum-2026-08
Tilda,tilda,website-builders,,high,HOSTILE,True,2,tilda.cc,Tilda Swinton;Tilda actress;a girl named Tilda;Aunt Tilda;Tilda character;Tilda in the cast,"Tilda is a personal name, most prominently associated with actor Tilda Swinton outside web-design context.",fleet-enum-2026-08
Tiller,tiller,budgeting,,high,HOSTILE,True,2,tiller.com,garden tiller;rotary tiller;soil tiller;rear tine tiller;tiller attachment;boat tiller;tiller handle;rudder and tiller,Tiller is an ordinary name for both a soil-working machine and a boat-steering lever.,fleet-enum-2026-08
Time Doctor,time-doctor,time-tracking,,medium,AMBIGUOUS,True,1,timedoctor.com,,The two-word name is distinctive in workforce and time-tracking discussions.,fleet-enum-2026-08
Time Matters,time-matters,legal-practice,,high,HOSTILE,True,2,lexisnexis.com,time matters when;every second of time matters;quality time matters;response time matters;screen time matters;what time matters;time matters more,The exact product name is also a natural English phrase used widely outside software contexts.,fleet-enum-2026-08
TimeCamp,timecamp,time-tracking,,low,SAFE,False,0,timecamp.com,,TimeCamp is a distinctive branded compound.,fleet-enum-2026-08
Timely,timely,time-tracking,,high,HOSTILE,True,2,timely.com,timely manner;timely response;timely fashion;timely reminder;timely intervention;timely delivery;timely update;timely notice;timely advice;timely payment,Timely is an ordinary adjective used far more broadly than the product name.,fleet-enum-2026-08
TimescaleDB,timescaledb,databases,,low,SAFE,False,0,timescale.com,,The canonical DB-suffixed name is distinctive in software discussions.,fleet-enum-2026-08
Tines,tines,workflow-automation,,high,HOSTILE,True,2,tines.com,fork tines;bent tines;fountain pen tines;antler tines;rake tines;tines are aligned;wide-set tines,"Tines is the ordinary plural for the prongs of forks, antlers, rakes, and pen nibs.",fleet-enum-2026-08
Tinkercad,tinkercad,cad,,low,SAFE,False,0,tinkercad.com,,The coined compound is strongly associated with Autodesk's browser-based design tool.,fleet-enum-2026-08
Tipalti Expenses,tipalti-expenses,expense-management,,low,SAFE,False,0,tipalti.com,,"The Tipalti name is distinctive, and the plural suffix identifies its employee-expense product.",fleet-enum-2026-08
Tithely Church Management,tithely-church-management,nonprofit,,low,SAFE,False,0,tithe.ly;breezechms.com,,The full product name is distinctive; Breeze is the widely used former name and is much more ambiguous on its own.,fleet-enum-2026-08
Tito,tito,event-management,,high,HOSTILE,True,2,ti.to,Tito's vodka;Tito Puente;Tito Ortiz;Tito Jackson;Uncle Tito;President Tito;Josip Broz Tito,Tito is a common personal name and nickname with several prominent people and brands sharing it.,fleet-enum-2026-08
tl;dv,tl-dv,transcription,,low,SAFE,False,0,tldv.io,,Its unusual punctuation and letter sequence make the name highly distinctive.,fleet-enum-2026-08
tldraw,tldraw,diagramming,,low,SAFE,False,0,tldraw.com;tldraw.dev,,A distinctive coined name closely tied to the canvas product and SDK.,fleet-enum-2026-08
TMetric,tmetric,time-tracking,,low,SAFE,False,0,tmetric.com,,TMetric is a distinctive branded construction.,fleet-enum-2026-08
Toast,toast,restaurant-pos,,high,HOSTILE,True,2,toasttab.com,avocado toast;French toast;burnt toast;wedding toast;raise a toast;toast notification;cinnamon toast;toast the bread,"Toast is a market-leading restaurant platform, but its bare name is an everyday food and verb.",fleet-enum-2026-08
toddle,toddle,no-code,,high,HOSTILE,True,2,toddle.dev,toddle off;toddle along;toddle over;toddle home;toddle down;toddle away,"The maker styles it lowercase, but the bare word is also an ordinary verb.",fleet-enum-2026-08
Toggl Track,toggl-track,time-tracking,,low,SAFE,False,0,toggl.com,,The full product name and the clipped form Toggl are distinctive brand identifiers.,fleet-enum-2026-08
Tolgee,tolgee,localization,,low,SAFE,False,0,tolgee.io,,Tolgee is a distinctive coined name for the developer-oriented localization platform.,fleet-enum-2026-08
ToolJet,tooljet,internal-tools,no-code,low,SAFE,False,0,tooljet.ai,,The compound product name is distinctive despite its ordinary component words.,fleet-enum-2026-08
Topaz Photo,topaz-photo,photo-editing,,medium,AMBIGUOUS,True,1,topazlabs.com,topaz gemstone;blue topaz;white topaz;topaz ring;topaz necklace;topaz crystal,"The full name usually indicates software, but users often shorten it to the ordinary gemstone name Topaz.",fleet-enum-2026-08
TorGuard VPN,torguard-vpn,vpn,,low,SAFE,False,0,torguard.net,,"TorGuard is a distinctive compound brand, and the full name explicitly includes VPN.",fleet-enum-2026-08
TotalAV Total Security,totalav-total-security,antivirus,,low,SAFE,False,0,totalav.com,,The fused TotalAV mark is distinctive even though the tier descriptor is generic.,fleet-enum-2026-08
TouchBistro,touchbistro,restaurant-pos,,low,SAFE,False,0,touchbistro.com,,TouchBistro is a coined restaurant-software brand with little non-product usage.,fleet-enum-2026-08
Tovuti LMS,tovuti-lms,lms,,low,SAFE,False,0,tovutilms.com,,Tovuti is a distinctive coined name and the LMS suffix removes any residual uncertainty.,fleet-enum-2026-08
TPOP,tpop,print-on-demand,,high,HOSTILE,True,2,tpop.com,tpop music;tpop idol;tpop group;tpop artist;tpop festival;tpop awards,"In POD context it identifies the French platform, but the same letters are used for Thai pop music.",fleet-enum-2026-08
TrackingTime,trackingtime,time-tracking,,high,HOSTILE,True,2,trackingtime.co,,"Without brand styling, the name reads like the generic act of recording time.",fleet-enum-2026-08
TrackJS,trackjs,error-tracking,,low,SAFE,False,0,trackjs.com,,The JS suffix makes the name unambiguous in developer conversation.,fleet-enum-2026-08
Tradify,tradify,field-service,,low,SAFE,False,0,tradifyhq.com,,Tradify is a coined brand name with little ordinary-language collision.,fleet-enum-2026-08
Trados Studio,trados-studio,localization,,low,SAFE,False,0,trados.com,,The Trados name is distinctive; older SDL-branded forms remain common among professional translators.,fleet-enum-2026-08
Transifex,transifex,localization,,low,SAFE,False,0,transifex.com,,Transifex is a unique coined name strongly tied to its localization platform.,fleet-enum-2026-08
Transistor,transistor,podcast-hosting,,high,HOSTILE,True,2,transistor.fm,transistor radio;transistor amplifier;transistor circuit;transistor count;replace the transistor;bipolar transistor;field effect transistor,The bare name is the ordinary electronics component and often appears in hardware discussions.,fleet-enum-2026-08
Traqq,traqq,time-tracking,,low,SAFE,False,0,traqq.com,,The double-q spelling makes Traqq highly distinctive.,fleet-enum-2026-08
Travis CI,travis-ci,ci-cd,,low,SAFE,False,0,travis-ci.com,,The full name is unmistakable; only the common shorthand Travis is ambiguous.,fleet-enum-2026-08
Tray.ai,tray-ai,workflow-automation,,low,SAFE,False,0,tray.ai,,The .ai suffix makes the current canonical name specific; Tray alone is an ambiguous legacy shorthand.,fleet-enum-2026-08
Trend Vision One Endpoint Security,trend-vision-one-endpoint-security,antivirus,,low,SAFE,False,0,trendmicro.com,,The complete platform-and-module name is specific; Vision One alone is less so.,fleet-enum-2026-08
Tresorit,tresorit,cloud-storage,,low,SAFE,False,0,tresorit.com,,Tresorit is a distinctive invented brand name.,fleet-enum-2026-08
Trilium Notes,trilium-notes,wikis,,low,SAFE,False,0,triliumnotes.org,,The full name is distinctive; TriliumNext is the community-project name frequently used by current users.,fleet-enum-2026-08
Trimble ProjectSight,trimble-projectsight,construction,,low,SAFE,False,0,trimble.com,,"ProjectSight is a coined compound, and the Trimble-qualified name is unmistakable.",fleet-enum-2026-08
Trinka,trinka,writing-assistants,,low,SAFE,False,0,trinka.ai,,The uncommon coined name is strongly associated with the academic grammar tool.,fleet-enum-2026-08
Trint,trint,transcription,,low,SAFE,False,0,trint.com,,Trint is a distinctive coined product name without a common English meaning.,fleet-enum-2026-08
Tungsten Power PDF,tungsten-power-pdf,pdf-tools,,medium,AMBIGUOUS,True,1,tungstenautomation.com,,"Tungsten disambiguates it, but users often use the generic-sounding Power PDF name or its former Kofax and Nuance names.",fleet-enum-2026-08
TunnelBear,tunnelbear,vpn,,medium,AMBIGUOUS,True,1,tunnelbear.com,,TunnelBear is a distinctive compound brand rather than a common phrase.,fleet-enum-2026-08
TurboTax,turbotax,tax-software,,low,SAFE,False,0,,,The fused brand name is highly distinctive; only the short alias TT is broadly ambiguous.,fleet-enum-2026-08
TurboTenant,turbotenant,property-management,,low,SAFE,False,0,turbotenant.com,,A distinctive compound brand even when users insert a space.,fleet-enum-2026-08
Tuta Mail,tuta-mail,email-providers,,low,SAFE,False,0,tuta.com;tutanota.com,,"Tuta is a distinctive brand, with its former Tutanota name still common on Reddit.",fleet-enum-2026-08
Twilio Programmable Messaging,twilio-programmable-messaging,communication-apis,,low,SAFE,False,0,twilio.com,,"The full product name is distinctive, while users commonly refer to the SMS API simply as Twilio.",fleet-enum-2026-08
Twilio SendGrid,twilio-sendgrid,communication-apis,,low,SAFE,False,0,sendgrid.com;twilio.com,,The full Twilio SendGrid name is distinctive; Reddit usually shortens it to SendGrid.,fleet-enum-2026-08
Twitch,twitch,video-hosting,,high,HOSTILE,True,2,twitch.tv,muscle twitch;eye twitch;eyelid twitch;leg twitch;facial twitch;twitch reflex;random twitching,Twitch is also a common noun and verb for an involuntary movement.,fleet-enum-2026-08
Typeform,typeform,form-builders,survey-tools,low,SAFE,False,0,typeform.com,,The coined brand name is unmistakable even when used without form-builder context.,fleet-enum-2026-08
Ubersuggest,ubersuggest,seo-tools,,low,SAFE,False,0,ubersuggest.com,,The compound coined name is strongly associated with the SEO service.,fleet-enum-2026-08
Udemy,udemy,course-platforms,,low,SAFE,False,0,udemy.com,,Distinctive coined marketplace name with negligible ordinary-language collision.,fleet-enum-2026-08
UI Bakery,ui-bakery,internal-tools,,low,SAFE,False,0,uibakery.io,,"The full two-word name is distinctive, with the closed-up form appearing frequently in casual comparisons.",fleet-enum-2026-08
UiPath,uipath,workflow-automation,,low,SAFE,False,0,uipath.com,,The camel-cased brand is distinctive even though users often vary its capitalization.,fleet-enum-2026-08
UltraTax CS,ultratax-cs,tax-software,,low,SAFE,False,0,tax.thomsonreuters.com,,The full name is unmistakable in software discussion; UT alone has many unrelated meanings.,fleet-enum-2026-08
Umami,umami,web-analytics,,high,HOSTILE,True,2,umami.is,umami flavor;umami taste;umami seasoning;umami sauce;umami bomb;rich in umami;natural umami;savory umami,Umami is the everyday culinary term for savory taste and needs software or web-traffic context.,fleet-enum-2026-08
UniFi Network,unifi-network,network-security,,medium,AMBIGUOUS,True,1,ui.com,,"The UniFi-branded compound is distinctive, even though network by itself is generic.",fleet-enum-2026-08
UniFi Talk,unifi-talk,voip,,low,SAFE,False,0,ui.com,,The UniFi brand plus Talk clearly identifies Ubiquiti's phone system.,fleet-enum-2026-08
Unity,unity,game-engines,,high,HOSTILE,True,2,unity.com,unity and solidarity;show unity;national unity;party unity;sense of unity;call for unity;unity among workers;community unity,"Unity is a common abstract noun, so engine context is often necessary.",fleet-enum-2026-08
Universe,universe,event-management,,high,HOSTILE,True,2,universe.com,observable universe;parallel universe;the entire universe;Marvel universe;DC universe;universe expansion;universe simulation;alternate universe,Universe is a very common English noun and entertainment-franchise term; ticketing context is usually required.,fleet-enum-2026-08
Unleash,unleash,feature-flags,,high,HOSTILE,True,2,getunleash.io,unleash the power;unleash your potential;unleash chaos;unleash hell;unleash creativity;unleash the beast;unleash an attack;unleash your imagination,The bare name is a common English verb and needs software or feature-flag context.,fleet-enum-2026-08
Unleashed,unleashed,inventory,,high,HOSTILE,True,2,unleashedsoftware.com,unleashed the dog;unleashed on the world;unleashed his anger;unleashed her fury;chaos unleashed;power unleashed;hell unleashed,Unleashed is a common verb and adjective used broadly outside inventory-software discussions.,fleet-enum-2026-08
Unreal Engine,unreal-engine,game-engines,,low,SAFE,False,0,unrealengine.com,,The full product name is unmistakable even though the shorthand Unreal can be adjectival.,fleet-enum-2026-08
UPDF,updf,pdf-tools,,high,HOSTILE,True,2,updf.com,,UPDF is a distinctive all-caps product name with little ordinary-language overlap.,fleet-enum-2026-08
Uscreen,uscreen,video-hosting,,medium,AMBIGUOUS,True,1,uscreen.tv,,Uscreen is a distinctive coined brand despite containing the word screen.,fleet-enum-2026-08
Userlike,userlike,live-chat,,medium,AMBIGUOUS,True,1,userlike.com,,The closed-up coined name is readily identifiable as the messaging product.,fleet-enum-2026-08
Usermaven,usermaven,web-analytics,,low,SAFE,False,0,usermaven.com,,Usermaven is a distinctive compound brand; the spaced rendering is the main casual variant.,fleet-enum-2026-08
Userpilot,userpilot,product-analytics,,low,SAFE,False,0,userpilot.com,,Userpilot is a distinctive closed-up software brand.,fleet-enum-2026-08
UXCam,uxcam,product-analytics,session-replay,low,SAFE,False,0,uxcam.com,,UXCam is a distinctive product name strongly tied to mobile product analytics.,fleet-enum-2026-08
UXWizz,uxwizz,session-replay,,low,SAFE,False,0,uxwizz.com,,The UX-prefixed coined name is distinctive even when users insert a space.,fleet-enum-2026-08
v0,v0,ai-coding,,high,HOSTILE,True,2,v0.dev,v0 release;API v0;version v0;v0 prototype;schema v0;firmware v0;draft v0,"v0 is also common shorthand for an initial software version, especially in technical Reddit threads.",fleet-enum-2026-08
Vagaro,vagaro,scheduling,,low,SAFE,False,0,vagaro.com,,A distinctive coined name with negligible non-product usage.,fleet-enum-2026-08
Vagrant,vagrant,iac,,high,HOSTILE,True,2,hashicorp.com,vagrant bird;vagrant animal;vagrant species;vagrant lifestyle;vagrant person;vagrant laws;vagrant population,Vagrant is an ordinary noun and adjective frequently used for people and wandering animals.,fleet-enum-2026-08
VdoCipher,vdocipher,video-hosting,,low,SAFE,False,0,vdocipher.com,,The unusual spelling and compound make the brand readily identifiable.,fleet-enum-2026-08
Vectorworks Architect,vectorworks-architect,cad,,low,SAFE,False,0,vectorworks.net,,The full product name is specific; users often shorten it to the broader Vectorworks brand.,fleet-enum-2026-08
Veeqo,veeqo,inventory,shipping,low,SAFE,False,0,veeqo.com,,Veeqo is a coined brand name with no meaningful ordinary-English collision.,fleet-enum-2026-08
Venice,venice,ai-assistants,,high,HOSTILE,True,2,venice.ai,Venice Italy;Venice Beach;Venice canals;Venice Biennale;Venice Film Festival;trip to Venice;Venice flooding,The bare name overwhelmingly also denotes the Italian city or the California neighborhood.,fleet-enum-2026-08
vFairs,vfairs,event-management,,low,SAFE,False,0,vfairs.com,,"The unusual vFairs construction is distinctive, though users vary its capitalization.",fleet-enum-2026-08
Vibe,vibe,ai-assistants,,high,HOSTILE,True,2,chat.mistral.ai;mistral.ai,good vibe;bad vibe;vibe check;the vibe was off;match the vibe;chill vibe;different vibe,Vibe is an extremely common casual noun; Mistral renamed Le Chat to Vibe in 2026.,fleet-enum-2026-08
VictoriaMetrics,victoriametrics,observability,,low,SAFE,False,0,victoriametrics.com,,The compound product name is distinctive despite the common first name Victoria.,fleet-enum-2026-08
Vidu,vidu,ai-video,,low,SAFE,False,0,vidu.com,,The coined name is distinctive in AI-video context despite an unrelated sales-video product using the same spelling.,fleet-enum-2026-08
Vidyard,vidyard,video-hosting,,low,SAFE,False,0,vidyard.com,,Vidyard is a distinctive coined compound with negligible ordinary usage.,fleet-enum-2026-08
Viggle,viggle,ai-video,,medium,AMBIGUOUS,True,1,viggle.ai,,The coined name is distinctive in current AI character-video discussions.,fleet-enum-2026-08
Vim,vim,ides,,medium,AMBIGUOUS,True,1,,vim and vigor;full of vim;Vim cleaner;Vim cream;Vim bathroom cleaner;Vim scouring powder,Vim also means energy or enthusiasm and is the name of a household-cleaning brand.,fleet-enum-2026-08
Vimeo,vimeo,video-hosting,,low,SAFE,False,0,vimeo.com,,Vimeo is a coined brand name with little non-product usage.,fleet-enum-2026-08
Visme,visme,presentations,,low,SAFE,False,0,visme.co,,Visme is a distinctive coined brand with little non-product usage.,fleet-enum-2026-08
Vista Social,vista-social,social-media-management,,low,SAFE,False,0,vistasocial.com,,"The full name is distinctive, although Reddit users commonly shorten it to Vista.",fleet-enum-2026-08
Visual Studio,visual-studio,ides,,medium,AMBIGUOUS,True,1,visualstudio.microsoft.com,,The two-word name is overwhelmingly associated with Microsoft's IDE in developer discussion.,fleet-enum-2026-08
Visual Studio Code,visual-studio-code,ides,,low,SAFE,False,0,code.visualstudio.com,,The full product name and its familiar VS Code shorthand are strongly software-specific.,fleet-enum-2026-08
Voiceflow,voiceflow,live-chat,,medium,AMBIGUOUS,True,1,voiceflow.com,,"The closed-up name is product-specific, with camel-case and spaced variants common in casual writing.",fleet-enum-2026-08
VoIP.ms,voip-ms,voip,,low,SAFE,False,0,voip.ms,,The punctuated name is a specific provider and is readily distinguished from generic VoIP.,fleet-enum-2026-08
Vonage Business Communications,vonage-business-communications,voip,,low,SAFE,False,0,vonage.com,,The full suite name is specific and Vonage itself is a distinctive brand.,fleet-enum-2026-08
Vonage SMS API,vonage-sms-api,communication-apis,,low,SAFE,False,0,vonage.com,,The current name is distinctive; Nexmo remains a frequent legacy name in code and Reddit comments.,fleet-enum-2026-08
VSCodium,vscodium,ides,,low,SAFE,False,0,vscodium.com,,The coined VS-prefixed name is specific to the telemetry-free VS Code build.,fleet-enum-2026-08
Vultr,vultr,web-hosting,,low,SAFE,False,0,vultr.com,,The deliberately altered spelling makes the brand unmistakable.,fleet-enum-2026-08
VWO,vwo,feature-flags,,high,HOSTILE,True,2,vwo.com,,The acronym and its former expanded name are strongly tied to the testing platform.,fleet-enum-2026-08
VWO Insights,vwo-insights,session-replay,,low,SAFE,False,0,vwo.com,,The VWO acronym and qualified Insights product name are distinctive in optimization discussions.,fleet-enum-2026-08
VyOS,vyos,network-security,,low,SAFE,False,0,vyos.io,,VyOS is a distinctive coined name for the network operating system.,fleet-enum-2026-08
VyprVPN,vyprvpn,vpn,,low,SAFE,False,0,vyprvpn.com,,Vypr is a coined spelling and the canonical name is VPN-specific.,fleet-enum-2026-08
Walmart Fulfillment Services,walmart-fulfillment-services,shipping,,low,SAFE,False,0,marketplace.walmart.com,,The Walmart-qualified full name is unmistakable; sellers commonly use WFS.,fleet-enum-2026-08
Wappler,wappler,no-code,,low,SAFE,False,0,wappler.io,,A distinctive coined name with negligible ordinary-language ambiguity.,fleet-enum-2026-08
WatchGuard Endpoint Security 360,watchguard-endpoint-security-360,antivirus,,low,SAFE,False,0,watchguard.com,,The full portfolio name is distinctive and includes the WatchGuard brand.,fleet-enum-2026-08
WatchGuard Firebox,watchguard-firebox,network-security,,low,SAFE,False,0,watchguard.com,,The combined WatchGuard Firebox brand is unmistakable even though Firebox alone has a few unrelated uses.,fleet-enum-2026-08
Webex,webex,video-conferencing,,low,SAFE,False,0,webex.com,,A coined brand name with no meaningful ordinary-English collision.,fleet-enum-2026-08
Webex Calling,webex-calling,voip,,low,SAFE,False,0,webex.com,,Webex is a coined brand and the Calling qualifier makes the product explicit.,fleet-enum-2026-08
Webex Webinars,webex-webinars,webinars,,low,SAFE,False,0,webex.com,,The full webinar product name is distinctive despite casual references often collapsing it to Webex.,fleet-enum-2026-08
WebinarGeek,webinargeek,webinars,,medium,AMBIGUOUS,True,1,webinargeek.com,,The compound name is specific to the webinar service.,fleet-enum-2026-08
WebinarJam,webinarjam,webinars,,low,SAFE,False,0,webinarjam.com,,The compound name is specific to the webinar product.,fleet-enum-2026-08
WebinarNinja,webinarninja,webinars,,medium,AMBIGUOUS,True,1,webinarninja.com,,The distinctive compound points directly to the software.,fleet-enum-2026-08
Weblate,weblate,localization,,low,SAFE,False,0,weblate.org,,Weblate is a distinctive coined brand for the continuous-localization system.,fleet-enum-2026-08
Webroot Business Endpoint Protection,webroot-business-endpoint-protection,antivirus,,low,SAFE,False,0,webroot.com,,Webroot is a recognizable coined brand and the business qualifier removes residual ambiguity.,fleet-enum-2026-08
WebStorm,webstorm,ides,,low,SAFE,False,0,jetbrains.com,,The compound brand is distinctive and rarely used outside the JetBrains product.,fleet-enum-2026-08
WebWork,webwork,time-tracking,,high,HOSTILE,True,2,webwork-tracker.com,,Case-insensitive text can blend the brand into generic references to work on the web.,fleet-enum-2026-08
Weebly,weebly,website-builders,,low,SAFE,False,0,weebly.com,,The coined brand name has no common ordinary-English sense.,fleet-enum-2026-08
Weglot,weglot,localization,,low,SAFE,False,0,weglot.com,,Weglot is a distinctive coined name for the website translation service.,fleet-enum-2026-08
WeWeb,weweb,no-code,,low,SAFE,False,0,weweb.io,,A distinctive repeated-word brand that is rarely used as ordinary prose.,fleet-enum-2026-08
Whereby Meetings,whereby-meetings,video-conferencing,,low,SAFE,False,0,whereby.com,,"The full product name is distinctive, though the common alias Whereby is an ordinary conjunction.",fleet-enum-2026-08
Whimsical,whimsical,diagramming,,high,HOSTILE,True,2,whimsical.com,whimsical art;whimsical style;whimsical design;whimsical character;whimsical story;whimsical fantasy;whimsical vibe;whimsical illustration,"The bare name is a common adjective used in art, design, and storytelling discussions.",fleet-enum-2026-08
Whop,whop,community-platforms,,medium,AMBIGUOUS,True,1,whop.com,,The short coined brand is distinctive despite resembling the uncommon verb whop.,fleet-enum-2026-08
Whova,whova,event-management,,low,SAFE,False,0,whova.com,,A distinctive coined name strongly associated with its event platform and attendee app.,fleet-enum-2026-08
Wiki.js,wiki-js,wikis,,low,SAFE,False,0,js.wiki,,The .js suffix and common WikiJS spelling make the product readily identifiable.,fleet-enum-2026-08
Windmill,windmill,workflow-automation,,high,HOSTILE,True,2,windmill.dev,Dutch windmill;windmill farm;old windmill;windmill blades;windmill dunk;windmill exercise;windmill pitching;tilting at windmills,"Windmill is a common machine name and also appears in sports, exercise, and idiomatic contexts.",fleet-enum-2026-08
Windscribe,windscribe,vpn,,low,SAFE,False,0,windscribe.com,,Windscribe is a coined product name with no common ordinary-English use.,fleet-enum-2026-08
Windsurf,windsurf,ai-coding,,high,HOSTILE,True,2,windsurf.com,windsurf board;windsurf sail;windsurf lesson;go windsurfing;windsurf gear;windsurf spot;learn to windsurf,The bare name is the ordinary name of a water sport; Codeium remains a common legacy name on Reddit.,fleet-enum-2026-08
Windsurf Editor,windsurf-editor,ides,,low,SAFE,False,0,windsurf.com,,The Editor qualifier distinguishes the product from the water sport.,fleet-enum-2026-08
WireMock,wiremock,api-tools,,low,SAFE,False,0,wiremock.org,,The fused compound is strongly associated with the HTTP API mocking and service-virtualization tool.,fleet-enum-2026-08
Wistia,wistia,video-hosting,,low,SAFE,False,0,wistia.com,,Wistia is a coined name that is highly specific to the product.,fleet-enum-2026-08
Wondershare DemoCreator,wondershare-democreator,screen-recording,,medium,AMBIGUOUS,True,1,wondershare.com,,The maker-qualified name is unmistakable; DemoCreator alone is the usual Reddit shorthand.,fleet-enum-2026-08
Wondershare PDFelement,wondershare-pdfelement,pdf-tools,,low,SAFE,False,0,pdf.wondershare.com;wondershare.com,,PDFelement is a distinctive compound and remains identifiable without the maker name.,fleet-enum-2026-08
Woopra,woopra,product-analytics,,low,SAFE,False,0,woopra.com,,Woopra is a unique coined name with negligible non-brand usage.,fleet-enum-2026-08
Wordfast Pro,wordfast-pro,localization,,low,SAFE,False,0,wordfast.com,,Wordfast is a distinctive coined brand even when users omit the Pro suffix.,fleet-enum-2026-08
WordPress.com,wordpress-com,website-builders,,low,SAFE,False,0,wordpress.com,,The .com suffix clearly distinguishes the hosted service from self-hosted WordPress.,fleet-enum-2026-08
Wordtune,wordtune,writing-assistants,,low,SAFE,False,0,wordtune.com,,The closed-up coined name is readily identifiable as the product.,fleet-enum-2026-08
Workato,workato,workflow-automation,,low,SAFE,False,0,workato.com,,Workato is a coined name with no common ordinary-English use.,fleet-enum-2026-08
Workiz,workiz,field-service,,low,SAFE,False,0,workiz.com,,Workiz is a coined spelling and is rarely confusable outside product references.,fleet-enum-2026-08
WorkOS,workos,identity,,medium,AMBIGUOUS,True,1,workos.com,,The capitalization and OS suffix form a distinctive developer-platform brand.,fleet-enum-2026-08
Workspace ONE UEM,workspace-one-uem,mdm,,low,SAFE,False,0,omnissa.com,,The styled full name is distinctive; AirWatch and VMware Workspace ONE are common legacy references.,fleet-enum-2026-08
WP Engine,wp-engine,web-hosting,,medium,AMBIGUOUS,True,1,wpengine.com,,The WP-plus-Engine construction is strongly specific to the WordPress host.,fleet-enum-2026-08
WPBakery Page Builder,wpbakery-page-builder,website-builders,,low,SAFE,False,0,wpbakery.com,,The WPBakery brand and full product name are unique to the WordPress builder.,fleet-enum-2026-08
WPForms,wpforms,form-builders,,low,SAFE,False,0,wpforms.com,,The WP prefix and concatenated styling make the plugin name unmistakable.,fleet-enum-2026-08
WPS Presentation,wps-presentation,presentations,,low,SAFE,False,0,wps.com,,The WPS acronym plus Presentation is a specific office-suite product name.,fleet-enum-2026-08
WPS Spreadsheet,wps-spreadsheet,spreadsheets,,low,SAFE,False,0,wps.com,,The WPS qualifier is distinctive and removes ambiguity from Spreadsheet.,fleet-enum-2026-08
Writefull,writefull,writing-assistants,,low,SAFE,False,0,writefull.com,,The coined spelling distinguishes the academic writing assistant.,fleet-enum-2026-08
Writer,writer,writing-assistants,,high,HOSTILE,True,2,writer.com,freelance writer;content writer;staff writer;technical writer;good writer;original writer;writer's block;writer strike;writer room,The bare product name is identical to the ordinary occupation.,fleet-enum-2026-08
Wufoo,wufoo,form-builders,survey-tools,low,SAFE,False,0,wufoo.com,,The invented name is unmistakable; alternate internal capitalization remains common.,fleet-enum-2026-08
Xcode,xcode,ides,,low,SAFE,False,0,developer.apple.com,,Apple's coined product name is unmistakable in software discussion.,fleet-enum-2026-08
XenForo,xenforo,community-platforms,,low,SAFE,False,0,xenforo.com,,The coined CamelCase name is strongly and uniquely associated with the forum product.,fleet-enum-2026-08
Xmind,xmind,diagramming,,low,SAFE,False,0,xmind.com,,The coined name is strongly associated with the mind-mapping product.,fleet-enum-2026-08
Xodo,xodo,pdf-tools,,low,SAFE,False,0,xodo.com,,Xodo is a distinctive coined brand with negligible ordinary-language ambiguity.,fleet-enum-2026-08
Xodo Sign,xodo-sign,esignature,,medium,AMBIGUOUS,True,1,xodo.com;eversign.com,,Xodo is distinctive; Eversign remains a common legacy name for the service.,fleet-enum-2026-08
XWiki,xwiki,wikis,,low,SAFE,False,0,xwiki.org,,XWiki is a distinctive wiki-platform name with little ordinary-language overlap.,fleet-enum-2026-08
Yaak,yaak,api-tools,,low,SAFE,False,0,,,The unusual spelling is readily identifiable as the local-first API client in developer discussions.,fleet-enum-2026-08
Yahoo Mail,yahoo-mail,email-providers,,low,SAFE,False,0,yahoo.com,,The full two-word product name is readily distinguished from other Yahoo services.,fleet-enum-2026-08
Yandex Mail,yandex-mail,email-providers,,low,SAFE,False,0,yandex.com;yandex.ru,,The full name clearly denotes Yandex's email service.,fleet-enum-2026-08
Yandex Metrica,yandex-metrica,web-analytics,,low,SAFE,False,0,metrica.yandex.com,,"Yandex makes the product name distinctive, while Metrica alone can collide with names in other fields.",fleet-enum-2026-08
Yardi Breeze,yardi-breeze,property-management,,low,SAFE,False,0,yardibreeze.com;yardi.com,,Yardi makes the full product name unambiguous despite breeze being an ordinary word.,fleet-enum-2026-08
Yardi Voyager,yardi-voyager,property-management,,low,SAFE,False,0,yardi.com,,The full name is distinctive even though Voyager alone has several unrelated meanings.,fleet-enum-2026-08
Yeastar P-Series Phone System,yeastar-p-series-phone-system,voip,,low,SAFE,False,0,yeastar.com,,The maker and series name together make this business phone product specific.,fleet-enum-2026-08
yEd Graph Editor,yed-graph-editor,diagramming,,low,SAFE,False,0,yworks.com,,The full canonical name is specific to yWorks' diagram editor.,fleet-enum-2026-08
Yellowbrick Data Warehouse,yellowbrick-data-warehouse,data-warehouses,,low,SAFE,False,0,yellowbrick.com,,"The full product name is specific, though Yellowbrick alone can evoke the ordinary phrase yellow brick.",fleet-enum-2026-08
YNAB,ynab,budgeting,,low,SAFE,False,0,ynab.com,,The acronym and expanded name are strongly associated with the budgeting product.,fleet-enum-2026-08
Yoast SEO,yoast-seo,seo-tools,,low,SAFE,False,0,yoast.com,,The full plugin name and the Yoast shorthand are strongly brand-specific.,fleet-enum-2026-08
YouCanBookMe,youcanbookme,scheduling,,high,HOSTILE,True,2,youcanbook.me,,The concatenated product name and YCBM shorthand are distinctive in scheduling discussions.,fleet-enum-2026-08
Yousign,yousign,esignature,,medium,AMBIGUOUS,True,1,yousign.com,,The one-word branded form is distinctive even though spaced variants resemble a phrase.,fleet-enum-2026-08
YouTube,youtube,video-hosting,,low,SAFE,False,0,youtube.com;youtu.be,,The distinctive compound brand and YT shorthand are rarely mistaken for ordinary language.,fleet-enum-2026-08
Zabbix,zabbix,observability,,low,SAFE,False,0,zabbix.com,,Coined name that is closely tied to the monitoring product.,fleet-enum-2026-08
Zapier,zapier,workflow-automation,,low,SAFE,False,0,zapier.com,,The coined brand name is unmistakable; Zap and Zaps are product-specific shorthand in automation discussions.,fleet-enum-2026-08
Zazzle,zazzle,print-on-demand,,low,SAFE,False,0,zazzle.com,,Coined marketplace name with negligible ordinary-language use.,fleet-enum-2026-08
ZBrush,zbrush,cad,,low,SAFE,False,0,maxon.net;zbrush.com,,The coined name is strongly associated with the digital sculpting product.,fleet-enum-2026-08
Zed,zed,ides,,high,HOSTILE,True,2,zed.dev,letter zed;zed or zee;pronounced zed;call it zed;Zed main;Zed build;Zed skin,Zed is the spoken name of the letter Z in many dialects and a League of Legends character.,fleet-enum-2026-08
Zeffy,zeffy,nonprofit,,low,SAFE,False,0,zeffy.com,,Zeffy is a distinctive coined name.,fleet-enum-2026-08
Zenarmor,zenarmor,network-security,,low,SAFE,False,0,zenarmor.com,,Zenarmor is a distinctive coined brand; Sensei is its former name and remains common in older threads.,fleet-enum-2026-08
Zenler,zenler,course-platforms,,low,SAFE,False,0,newzenler.com,,Distinctive coined name; Reddit still commonly uses the older New Zenler styling.,fleet-enum-2026-08
Zenoti,zenoti,scheduling,,low,SAFE,False,0,zenoti.com,,A distinctive coined name with negligible ordinary-language use.,fleet-enum-2026-08
ZeptoMail,zeptomail,communication-apis,,low,SAFE,False,0,,,ZeptoMail is a distinctive Zoho product brand.,fleet-enum-2026-08
Zight,zight,screen-recording,,low,SAFE,False,0,zight.com,,Zight is a coined name; CloudApp is the product's former name and remains widely used.,fleet-enum-2026-08
ZITADEL,zitadel,identity,,low,SAFE,False,0,zitadel.com,,Distinctive branded spelling; references nearly always mean the identity platform.,fleet-enum-2026-08
Zoho Assist,zoho-assist,remote-desktop,,low,SAFE,False,0,zoho.com,,The Zoho qualifier clearly distinguishes the product from ordinary uses of assist.,fleet-enum-2026-08
Zoho Bookings,zoho-bookings,scheduling,,low,SAFE,False,0,zoho.com,,The Zoho house brand makes the product name unmistakable.,fleet-enum-2026-08
Zoho Books,zoho-books,invoicing,,low,SAFE,False,0,zoho.com,,The Zoho brand makes the otherwise generic Books term product-specific.,fleet-enum-2026-08
Zoho Creator,zoho-creator,no-code,,low,SAFE,False,0,zoho.com,,"The Zoho qualifier makes the canonical name unmistakable, though users sometimes shorten it.",fleet-enum-2026-08
Zoho Expense,zoho-expense,expense-management,,low,SAFE,False,0,zoho.com,,The Zoho prefix makes the product name unambiguous.,fleet-enum-2026-08
Zoho Forms,zoho-forms,form-builders,,low,SAFE,False,0,zoho.com,,The Zoho qualifier makes the form-builder product clear.,fleet-enum-2026-08
Zoho Inventory,zoho-inventory,inventory,,low,SAFE,False,0,zoho.com,,Zoho is a distinctive coined brand; the shorthand may identify the broader suite but not ordinary English.,fleet-enum-2026-08
Zoho Invoice,zoho-invoice,invoicing,,low,SAFE,False,0,zoho.com,,The Zoho plus Invoice construction clearly identifies the dedicated invoicing product.,fleet-enum-2026-08
Zoho Mail,zoho-mail,email-providers,,low,SAFE,False,0,zoho.com,,The full name clearly identifies Zoho's email product.,fleet-enum-2026-08
Zoho Meeting,zoho-meeting,video-conferencing,,low,SAFE,False,0,zoho.com;meeting.zoho.com,,The coined Zoho prefix makes the product name unmistakable.,fleet-enum-2026-08
Zoho Sheet,zoho-sheet,spreadsheets,,low,SAFE,False,0,zoho.com,,The Zoho qualifier makes the generic Sheet component name unambiguous.,fleet-enum-2026-08
Zoho Show,zoho-show,presentations,,low,SAFE,False,0,zoho.com,,The Zoho qualifier disambiguates the generic word Show.,fleet-enum-2026-08
Zoho Sign,zoho-sign,esignature,,low,SAFE,False,0,zoho.com,,The Zoho qualifier makes the e-signature product unambiguous.,fleet-enum-2026-08
Zoho Social,zoho-social,social-media-management,,low,SAFE,False,0,zoho.com,,The product name is unambiguous; Zoho alone can refer to the maker's broader suite.,fleet-enum-2026-08
Zoho Survey,zoho-survey,survey-tools,,low,SAFE,False,0,survey.zoho.com,,The Zoho qualifier makes the product name unmistakable.,fleet-enum-2026-08
Zoho Webinar,zoho-webinar,webinars,,low,SAFE,False,0,zoho.com,,The Zoho brand plus Webinar clearly identifies the product.,fleet-enum-2026-08
Zoner Photo Studio X,zoner-photo-studio-x,photo-editing,,low,SAFE,False,0,zoner.com,,The full maker name is distinctive; Reddit users commonly shorten it to Zoner or ZPS.,fleet-enum-2026-08
Zscaler Internet Access,zscaler-internet-access,network-security,,low,SAFE,False,0,zscaler.com,,The full Zscaler product name and its ZIA abbreviation are distinctive in IT discussions.,fleet-enum-2026-08
Zuddl,zuddl,event-management,,low,SAFE,False,0,zuddl.com,,A deliberately unusual spelling that is rarely confused with non-product text.,fleet-enum-2026-08
Zuora,zuora,invoicing,,low,SAFE,False,0,zuora.com,,Zuora is a distinctive coined name closely associated with subscription billing.,fleet-enum-2026-08
