category,category_slug,subreddit,status,subscribers,rule_posture,posture_source,is_vendor_sub,scorable,is_scoring,comments_per_hour,brand_bearing_share,bb_per_hour,distinct_threads_in_page,measured_at,source,run_id,brand_bearing_share_substring,topicality,worth
CRM,crm,CRM,ok,55345,permissive,sidebar,False,True,True,4.42,0.2,0.884,42,2026-08-05T22:18:50Z,measured,20260809T230716Z,0.22,1.0,0.884
CRM,crm,sales,ok,594328,permissive,shipped,False,True,True,29.84,0.0,0.0,32,2026-08-04T17:54:39Z,shipped,20260809T230716Z,0.0,1.0,0.0
CRM,crm,salesforce,ok,113705,permissive,shipped,True,False,False,4.5,0.17,0.765,32,2026-08-04T17:54:47Z,shipped,20260809T230716Z,0.3,1.0,0.765
CRM,crm,techsales,ok,61630,permissive,shipped,False,True,True,10.63,0.02,0.2126,30,2026-08-04T17:54:55Z,shipped,20260809T230716Z,0.0,0.5,0.1063
CRM,crm,hubspot,ok,22278,permissive,shipped,True,False,False,1.31,0.46,0.6026,42,2026-08-04T17:55:03Z,shipped,20260809T230716Z,0.48,1.0,0.6026
CRM,crm,gohighlevel,ok,23004,permissive,shipped,True,False,False,11.61,0.0,0.0,27,2026-08-04T17:55:11Z,shipped,20260809T230716Z,0.0,1.0,0.0
CRM,crm,Zoho,ok,12658,permissive,shipped,True,False,False,0.83,0.05,0.0415,28,2026-08-04T17:55:19Z,shipped,20260809T230716Z,0.38,1.0,0.0415
CRM,crm,smallbusiness,ok,2515817,hostile,shipped,False,False,False,65.93,0.0,0.0,54,2026-08-04T17:55:28Z,shipped,20260809T230716Z,0.01,0.5,0.0
CRM,crm,Entrepreneur,ok,5249043,hostile,shipped,False,False,False,24.81,0.0,0.0,25,2026-08-04T17:55:37Z,shipped,20260809T230716Z,0.0,0.5,0.0
CRM,crm,EntrepreneurRideAlong,ok,717227,permissive,shipped,False,True,False,9.96,0.0,0.0,68,2026-08-04T17:55:46Z,shipped,20260809T230716Z,0.0,0.0,0.0
CRM,crm,SaaS,ok,771500,hostile,shipped,False,False,False,78.73,0.0,0.0,49,2026-08-04T17:55:55Z,shipped,20260809T230716Z,0.0,1.0,0.0
CRM,crm,msp,ok,245261,capped,shipped,False,True,True,5.27,0.0,0.0,25,2026-08-04T18:06:20Z,shipped,20260809T230716Z,0.0,0.5,0.0
CRM,crm,consulting,ok,378485,permissive,shipped,False,True,True,5.46,0.01,0.0546,20,2026-08-05T17:42:53Z,shipped,20260809T230716Z,0.0,0.5,0.0273
CRM,crm,startups,ok,2107067,capped,shipped,False,True,False,16.76,0.0,0.0,31,2026-08-05T17:43:02Z,shipped,20260809T230716Z,0.0,1.0,0.0
CRM,crm,agency,ok,96594,permissive,shipped,False,True,False,4.38,0.0,0.0,47,2026-08-05T17:43:09Z,shipped,20260809T230716Z,0.0,0.5,0.0
CRM,crm,RealEstateTechnology,ok,55112,permissive,shipped,False,True,False,3.54,0.0,0.0,39,2026-08-05T17:43:16Z,shipped,20260809T230716Z,0.0,1.0,0.0
CRM,crm,InsuranceAgent,ok,46157,permissive,shipped,False,True,False,7.76,0.0,0.0,34,2026-08-05T17:43:22Z,shipped,20260809T230716Z,0.01,1.0,0.0
CRM,crm,smallbusinessuk,ok,76899,permissive,shipped,False,True,False,4.34,0.0,0.0,21,2026-08-05T17:43:29Z,shipped,20260809T230716Z,0.0,0.5,0.0
CRM,crm,B2BSaaS,ok,26948,permissive,shipped,False,True,False,0.86,0.0,0.0,17,2026-08-05T17:43:36Z,shipped,20260809T230716Z,0.0,1.0,0.0
CRM,crm,salesdevelopment,ok,22201,permissive,shipped,False,True,True,2.09,0.01,0.0209,29,2026-08-05T17:43:46Z,shipped,20260809T230716Z,0.01,1.0,0.0209
CRM,crm,SalesOperations,ok,18487,permissive,shipped,False,True,True,1.05,0.05,0.0525,37,2026-08-05T17:43:54Z,shipped,20260809T230716Z,0.06,1.0,0.0525
CRM,crm,revops,ok,6594,permissive,sidebar,False,True,True,0.41,0.06,0.0246,19,2026-08-05T20:30:44Z,measured,20260809T230716Z,0.05,1.0,0.0246
CRM,crm,PPC,ok,276554,permissive,shipped,False,True,False,7.52,0.01,0.0752,37,2026-08-04T18:00:28Z,shipped,20260809T230716Z,0.0,0.0,0.0
CRM,crm,technology,ok,20452155,permissive,rules,False,True,False,810.1,0.0,0.0,23,2026-08-05T20:30:48Z,measured,20260809T230716Z,0.0,0.0,0.0
CRM,crm,wallstreetbets,ok,20204188,hostile,rules,False,False,False,2566.46,0.0,0.0,9,2026-08-05T20:30:52Z,measured,20260809T230716Z,0.0,0.0,0.0
CRM,crm,stocks,ok,9338222,permissive,rules,False,True,False,325.82,0.0,0.0,13,2026-08-05T20:30:55Z,measured,20260809T230716Z,0.01,0.0,0.0
CRM,crm,india,ok,3472451,capped,rules,False,True,False,53.22,0.0,0.0,36,2026-08-05T20:30:59Z,measured,20260809T230716Z,0.0,0.0,0.0
CRM,crm,thewalkingdead,ok,2673930,permissive,rules,False,True,False,40.65,0.0,0.0,33,2026-08-05T20:31:03Z,measured,20260809T230716Z,0.0,0.0,0.0
CRM,crm,cscareerquestions,ok,2374167,permissive,shipped,False,True,False,64.4,0.0,0.0,29,2026-08-04T18:09:56Z,shipped,20260809T230716Z,0.0,0.0,0.0
CRM,crm,marketing,ok,1958693,hostile,shipped,False,False,False,3.46,0.0,0.0,37,2026-08-04T17:59:50Z,shipped,20260809T230716Z,0.0,0.5,0.0
CRM,crm,privacy,ok,1652332,hostile,shipped,False,False,False,42.96,0.0,0.0,15,2026-08-04T18:01:36Z,shipped,20260809T230716Z,0.0,0.0,0.0
CRM,crm,developersIndia,ok,1579180,permissive,shipped,False,True,False,89.12,0.01,0.8912,38,2026-08-05T18:52:36Z,shipped,20260809T230716Z,0.01,0.0,0.0
CRM,crm,sysadmin,ok,1307123,permissive,shipped,False,True,False,111.96,0.0,0.0,24,2026-08-04T18:02:01Z,shipped,20260809T230716Z,0.0,0.5,0.0
CRM,crm,IndiaSpeaks,ok,1131975,hostile,rules,False,False,False,22.57,0.0,0.0,24,2026-08-05T20:31:07Z,measured,20260809T230716Z,0.0,0.0,0.0
Project Management,project-management,projectmanagement,ok,235429,hostile,shipped,False,False,False,7.75,0.01,0.0775,14,2026-08-04T17:56:05Z,shipped,20260809T230716Z,0.07,1.0,0.0775
Project Management,project-management,pmp,ok,127331,permissive,shipped,False,True,True,10.41,0.0,0.0,22,2026-08-04T17:56:14Z,shipped,20260809T230716Z,0.0,1.0,0.0
Project Management,project-management,agile,ok,86947,permissive,shipped,False,True,True,7.77,0.03,0.2331,13,2026-08-04T17:56:21Z,shipped,20260809T230716Z,0.02,1.0,0.2331
Project Management,project-management,scrum,ok,45287,hostile,shipped,False,False,False,0.85,0.0,0.0,12,2026-08-04T17:56:28Z,shipped,20260809T230716Z,0.0,1.0,0.0
Project Management,project-management,jira,ok,16790,hostile,shipped,True,False,False,0.7,0.4,0.28,25,2026-08-04T17:56:36Z,shipped,20260809T230716Z,0.39,1.0,0.28
Project Management,project-management,clickup,ok,20100,permissive,shipped,True,False,False,0.72,0.3,0.216,20,2026-08-04T17:56:45Z,shipped,20260809T230716Z,0.28,1.0,0.216
Project Management,project-management,trello,ok,13040,unknown,none,True,False,False,0.1,0.37,0.037,35,2026-08-05T20:31:34Z,measured,20260809T230716Z,0.02,1.0,0.037
Project Management,project-management,Asana,ok,7610,hostile,shipped,True,False,False,0.09,0.14,0.0126,28,2026-08-04T17:57:01Z,shipped,20260809T230716Z,0.41,1.0,0.0126
Project Management,project-management,Notion,ok,466690,hostile,shipped,True,False,False,8.19,0.01,0.0819,31,2026-08-04T17:57:10Z,shipped,20260809T230716Z,0.33,0.5,0.04095
Project Management,project-management,productivity,ok,4231867,hostile,shipped,False,False,False,9.37,0.0,0.0,38,2026-08-04T17:57:18Z,shipped,20260809T230716Z,0.0,1.0,0.0
Project Management,project-management,ExperiencedDevs,ok,408386,permissive,shipped,False,True,True,13.87,0.0,0.0,15,2026-08-04T17:57:26Z,shipped,20260809T230716Z,0.01,0.5,0.0
Project Management,project-management,startups,ok,2107067,capped,shipped,False,True,True,16.76,0.0,0.0,31,2026-08-05T17:43:02Z,shipped,20260809T230716Z,0.0,0.5,0.0
Project Management,project-management,consulting,ok,378485,permissive,shipped,False,True,True,5.46,0.02,0.1092,20,2026-08-05T17:42:53Z,shipped,20260809T230716Z,0.0,0.5,0.0546
Project Management,project-management,agency,ok,96594,permissive,shipped,False,True,True,4.38,0.02,0.0876,47,2026-08-05T17:43:09Z,shipped,20260809T230716Z,0.0,0.5,0.0438
Project Management,project-management,cscareerquestions,ok,2374167,permissive,shipped,False,True,True,64.4,0.0,0.0,29,2026-08-04T18:09:56Z,shipped,20260809T230716Z,0.0,0.5,0.0
Project Management,project-management,ITManagers,ok,77193,permissive,shipped,False,True,True,6.51,0.01,0.0651,12,2026-08-04T18:02:16Z,shipped,20260809T230716Z,0.0,0.5,0.03255
Project Management,project-management,sysadmin,ok,1307123,permissive,shipped,False,True,False,111.96,0.0,0.0,24,2026-08-04T18:02:01Z,shipped,20260809T230716Z,0.0,1.0,0.0
Project Management,project-management,msp,ok,245261,capped,shipped,False,True,False,5.27,0.0,0.0,25,2026-08-04T18:06:20Z,shipped,20260809T230716Z,0.0,0.5,0.0
Project Management,project-management,AskReddit,ok,59332757,hostile,rules,True,False,False,5616.43,0.0,0.0,57,2026-08-05T20:31:38Z,measured,20260809T230716Z,0.0,0.0,0.0
Project Management,project-management,todayilearned,ok,41573230,permissive,rules,False,True,False,353.92,0.0,0.0,21,2026-08-05T20:31:42Z,measured,20260809T230716Z,0.0,0.0,0.0
Project Management,project-management,Showerthoughts,ok,34176852,permissive,rules,False,True,False,26.77,0.0,0.0,35,2026-08-05T20:31:45Z,measured,20260809T230716Z,0.0,0.0,0.0
Project Management,project-management,LifeProTips,ok,23081480,hostile,rules,False,False,False,20.35,0.0,0.0,28,2026-08-05T20:31:49Z,measured,20260809T230716Z,0.0,0.0,0.0
Project Management,project-management,WritingPrompts,ok,18869574,permissive,rules,False,True,False,15.64,0.0,0.0,49,2026-08-05T20:31:53Z,measured,20260809T230716Z,0.0,0.0,0.0
Project Management,project-management,MadeMeSmile,ok,12543432,hostile,rules,False,False,False,223.41,0.0,0.0,33,2026-08-05T20:31:59Z,measured,20260809T230716Z,0.0,0.0,0.0
Project Management,project-management,mildlyinfuriating,ok,12391722,hostile,rules,False,False,False,1616.36,0.0,0.0,39,2026-08-05T20:32:03Z,measured,20260809T230716Z,0.0,0.0,0.0
Project Management,project-management,stocks,ok,9338222,permissive,rules,False,True,False,325.82,0.0,0.0,13,2026-08-05T20:30:55Z,measured,20260809T230716Z,0.01,0.0,0.0
Project Management,project-management,politics,ok,9230904,permissive,rules,False,True,False,1200.88,0.0,0.0,48,2026-08-05T20:32:07Z,measured,20260809T230716Z,0.0,0.0,0.0
Project Management,project-management,Minecraft,ok,8732564,permissive,rules,False,True,False,191.2,0.0,0.0,55,2026-08-05T20:32:11Z,measured,20260809T230716Z,0.0,0.0,0.0
Project Management,project-management,programming,ok,6908004,permissive,rules,False,True,False,14.8,0.0,0.0,27,2026-08-05T20:32:15Z,measured,20260809T230716Z,0.0,1.0,0.0
Project Management,project-management,unpopularopinion,ok,4963058,permissive,rules,False,True,False,776.52,0.0,0.0,16,2026-08-05T20:32:19Z,measured,20260809T230716Z,0.0,0.0,0.0
Project Management,project-management,ProgrammerHumor,ok,4744181,permissive,rules,False,True,False,77.21,0.0,0.0,20,2026-08-05T20:32:23Z,measured,20260809T230716Z,0.0,0.0,0.0
Project Management,project-management,yoga,ok,3358688,permissive,rules,False,True,False,42.94,0.0,0.0,3,2026-08-05T20:32:27Z,measured,20260809T230716Z,0.02,0.0,0.0
Project Management,project-management,webdev,ok,3291935,hostile,shipped,False,False,False,28.14,0.0,0.0,49,2026-08-04T18:04:28Z,shipped,20260809T230716Z,0.0,1.0,0.0
Project Management,project-management,assholedesign,ok,3122950,permissive,rules,False,True,False,11.79,0.0,0.0,11,2026-08-05T20:32:31Z,measured,20260809T230716Z,0.0,0.0,0.0
Accounting,accounting,Accounting,ok,1272896,hostile,shipped,False,False,False,76.58,0.01,0.7658,37,2026-08-04T17:57:34Z,shipped,20260809T230716Z,0.01,1.0,0.7658
Accounting,accounting,QuickBooks,ok,40970,permissive,sidebar,True,False,False,1.99,0.44,0.8756,19,2026-08-05T22:19:09Z,measured,20260809T230716Z,0.21,1.0,0.8756
Accounting,accounting,Bookkeeping,ok,82709,hostile,shipped,False,False,False,1.04,0.11,0.1144,41,2026-08-04T17:57:53Z,shipped,20260809T230716Z,0.3,1.0,0.1144
Accounting,accounting,tax,ok,471666,permissive,shipped,False,True,True,26.61,0.0,0.0,31,2026-08-04T17:58:01Z,shipped,20260809T230716Z,0.0,1.0,0.0
Accounting,accounting,CPA,ok,125489,hostile,shipped,False,False,False,29.88,0.0,0.0,35,2026-08-04T17:58:08Z,shipped,20260809T230716Z,0.0,1.0,0.0
Accounting,accounting,smallbusiness,ok,2515817,hostile,shipped,False,False,False,65.93,0.02,1.3186,54,2026-08-04T17:55:28Z,shipped,20260809T230716Z,0.01,0.5,0.6593
Accounting,accounting,Netsuite,ok,26759,permissive,shipped,True,False,False,2.12,0.0,0.0,45,2026-08-04T17:58:17Z,shipped,20260809T230716Z,0.35,1.0,0.0
Accounting,accounting,ERP,ok,18185,permissive,shipped,False,True,True,0.46,0.0,0.0,17,2026-08-04T17:58:24Z,shipped,20260809T230716Z,0.03,1.0,0.0
Accounting,accounting,Entrepreneur,ok,5249043,hostile,shipped,False,False,False,24.81,0.0,0.0,25,2026-08-04T17:55:37Z,shipped,20260809T230716Z,0.0,0.5,0.0
Accounting,accounting,FinancialCareers,ok,1762260,hostile,shipped,False,False,False,25.82,0.0,0.0,34,2026-08-04T17:58:31Z,shipped,20260809T230716Z,0.07,0.5,0.0
Accounting,accounting,consulting,ok,378485,permissive,shipped,False,True,True,5.46,0.0,0.0,20,2026-08-05T17:42:53Z,shipped,20260809T230716Z,0.0,0.5,0.0
Accounting,accounting,AskReddit,ok,59332757,hostile,rules,True,False,False,5616.43,0.0,0.0,57,2026-08-05T20:31:38Z,measured,20260809T230716Z,0.0,0.0,0.0
Accounting,accounting,todayilearned,ok,41573230,permissive,rules,False,True,False,353.92,0.0,0.0,21,2026-08-05T20:31:42Z,measured,20260809T230716Z,0.0,0.0,0.0
Accounting,accounting,books,ok,27224884,permissive,rules,False,True,False,71.26,0.0,0.0,34,2026-08-05T20:33:09Z,measured,20260809T230716Z,0.05,0.0,0.0
Accounting,accounting,WritingPrompts,ok,18869574,permissive,rules,False,True,False,15.64,0.0,0.0,49,2026-08-05T20:31:53Z,measured,20260809T230716Z,0.0,0.0,0.0
Accounting,accounting,politics,ok,9230904,permissive,rules,False,True,False,1200.88,0.0,0.0,48,2026-08-05T20:32:07Z,measured,20260809T230716Z,0.0,0.0,0.0
Accounting,accounting,Bitcoin,ok,8156861,permissive,rules,False,True,False,120.66,0.0,0.0,40,2026-08-05T20:33:13Z,measured,20260809T230716Z,0.01,0.0,0.0
Accounting,accounting,hiphopheads,ok,5454413,permissive,rules,False,True,False,81.31,0.0,0.0,18,2026-08-05T20:33:17Z,measured,20260809T230716Z,0.03,0.0,0.0
Accounting,accounting,Fantasy,ok,3939201,permissive,rules,False,True,False,76.49,0.0,0.0,23,2026-08-05T20:33:21Z,measured,20260809T230716Z,0.01,0.0,0.0
Accounting,accounting,gameofthrones,ok,3907799,permissive,rules,False,True,False,85.83,0.0,0.0,25,2026-08-05T20:33:25Z,measured,20260809T230716Z,0.02,0.0,0.0
Accounting,accounting,harrypotter,ok,3778840,permissive,rules,False,True,False,120.22,0.0,0.0,20,2026-08-05T20:33:29Z,measured,20260809T230716Z,0.01,0.0,0.0
Accounting,accounting,Marvel,ok,3660876,permissive,rules,False,True,False,398.92,0.0,0.0,30,2026-08-05T20:33:33Z,measured,20260809T230716Z,0.0,0.0,0.0
Accounting,accounting,indieheads,ok,3633993,hostile,rules,False,False,False,40.1,0.0,0.0,20,2026-08-05T20:33:37Z,measured,20260809T230716Z,0.01,0.0,0.0
Accounting,accounting,suggestmeabook,ok,3380473,hostile,rules,False,False,False,132.01,0.0,0.0,41,2026-08-05T20:33:42Z,measured,20260809T230716Z,0.0,0.0,0.0
Accounting,accounting,mac,ok,3046481,hostile,rules,False,False,False,48.7,0.0,0.0,30,2026-08-05T20:33:45Z,measured,20260809T230716Z,0.0,0.0,0.0
Accounting,accounting,FreeEBOOKS,ok,2363722,permissive,rules,False,True,False,0.32,0.01,0.0032,73,2026-08-05T20:33:49Z,measured,20260809T230716Z,0.28,0.0,0.0
Accounting,accounting,booksuggestions,ok,1369707,hostile,rules,False,False,False,42.48,0.0,0.0,49,2026-08-05T20:33:53Z,measured,20260809T230716Z,0.02,0.0,0.0
Accounting,accounting,sysadmin,ok,1307123,permissive,shipped,False,True,False,111.96,0.0,0.0,24,2026-08-04T18:02:01Z,shipped,20260809T230716Z,0.0,0.0,0.0
Accounting,accounting,Breadit,ok,1289845,hostile,rules,False,False,False,24.12,0.0,0.0,32,2026-08-05T20:33:58Z,measured,20260809T230716Z,0.0,0.0,0.0
Accounting,accounting,HollowKnight,ok,1177230,permissive,rules,False,True,False,63.11,0.0,0.0,30,2026-08-05T20:34:02Z,measured,20260809T230716Z,0.0,0.0,0.0
Accounting,accounting,Ultralight,ok,945414,hostile,rules,False,False,False,26.0,0.0,0.0,21,2026-08-05T20:34:06Z,measured,20260809T230716Z,0.02,0.0,0.0
Accounting,accounting,newzealand,ok,858395,hostile,rules,False,False,False,296.01,0.0,0.0,28,2026-08-05T20:34:10Z,measured,20260809T230716Z,0.0,0.0,0.0
Accounting,accounting,AusFinance,ok,835054,permissive,rules,False,True,True,14.79,0.0,0.0,31,2026-08-05T20:34:13Z,measured,20260809T230716Z,0.0,0.5,0.0
Accounting,accounting,GilmoreGirls,ok,743868,permissive,rules,False,True,False,59.69,0.0,0.0,24,2026-08-05T20:34:17Z,measured,20260809T230716Z,0.0,0.0,0.0
HR and HRIS,hr,humanresources,ok,234804,hostile,shipped,False,False,False,19.33,0.01,0.1933,26,2026-08-04T17:58:40Z,shipped,20260809T230716Z,0.02,1.0,0.1933
HR and HRIS,hr,AskHR,ok,1845125,permissive,shipped,False,True,True,40.08,0.0,0.0,18,2026-08-04T17:58:47Z,shipped,20260809T230716Z,0.0,0.5,0.0
HR and HRIS,hr,recruiting,ok,210055,hostile,shipped,False,False,False,2.35,0.0,0.0,44,2026-08-04T17:58:55Z,shipped,20260809T230716Z,0.0,1.0,0.0
HR and HRIS,hr,Payroll,ok,34154,permissive,shipped,False,True,True,1.35,0.16,0.216,32,2026-08-04T17:59:02Z,shipped,20260809T230716Z,0.05,1.0,0.216
HR and HRIS,hr,smallbusiness,ok,2515817,hostile,shipped,False,False,False,65.93,0.0,0.0,54,2026-08-04T17:55:28Z,shipped,20260809T230716Z,0.01,0.5,0.0
HR and HRIS,hr,Entrepreneur,ok,5249043,hostile,shipped,False,False,False,24.81,0.0,0.0,25,2026-08-04T17:55:37Z,shipped,20260809T230716Z,0.0,0.5,0.0
HR and HRIS,hr,ExperiencedDevs,ok,408386,permissive,shipped,False,True,False,13.87,0.0,0.0,15,2026-08-04T17:57:26Z,shipped,20260809T230716Z,0.01,0.0,0.0
HR and HRIS,hr,antiwork,ok,2991911,permissive,shipped,False,True,False,153.78,0.0,0.0,18,2026-08-04T17:59:10Z,shipped,20260809T230716Z,0.0,0.0,0.0
HR and HRIS,hr,consulting,ok,378485,permissive,shipped,False,True,True,5.46,0.0,0.0,20,2026-08-05T17:42:53Z,shipped,20260809T230716Z,0.0,0.5,0.0
HR and HRIS,hr,startups,ok,2107067,capped,shipped,False,True,True,16.76,0.0,0.0,31,2026-08-05T17:43:02Z,shipped,20260809T230716Z,0.0,0.5,0.0
HR and HRIS,hr,AskReddit,ok,59332757,hostile,rules,True,False,False,5616.43,0.0,0.0,57,2026-08-05T20:31:38Z,measured,20260809T230716Z,0.0,0.0,0.0
HR and HRIS,hr,aww,ok,37846716,permissive,rules,False,True,False,130.65,0.0,0.0,18,2026-08-05T20:34:41Z,measured,20260809T230716Z,0.0,0.0,0.0
HR and HRIS,hr,memes,ok,35945324,permissive,rules,False,True,False,543.38,0.0,0.0,25,2026-08-05T20:34:45Z,measured,20260809T230716Z,0.0,0.0,0.0
HR and HRIS,hr,science,ok,34486351,permissive,rules,False,True,False,113.87,0.0,0.0,18,2026-08-05T20:34:49Z,measured,20260809T230716Z,0.0,0.0,0.0
HR and HRIS,hr,Showerthoughts,ok,34176852,permissive,rules,False,True,False,26.77,0.0,0.0,35,2026-08-05T20:31:45Z,measured,20260809T230716Z,0.0,0.0,0.0
HR and HRIS,hr,interestingasfuck,ok,16665271,hostile,rules,False,False,False,358.9,0.0,0.0,34,2026-08-05T20:34:55Z,measured,20260809T230716Z,0.0,0.0,0.0
HR and HRIS,hr,oddlysatisfying,ok,12656281,permissive,rules,False,True,False,171.58,0.0,0.0,22,2026-08-05T20:34:59Z,measured,20260809T230716Z,0.0,0.0,0.0
HR and HRIS,hr,politics,ok,9230904,permissive,rules,False,True,False,1200.88,0.0,0.0,48,2026-08-05T20:32:07Z,measured,20260809T230716Z,0.0,0.0,0.0
HR and HRIS,hr,woahdude,ok,4311572,permissive,rules,False,True,False,12.64,0.0,0.0,10,2026-08-05T20:35:03Z,measured,20260809T230716Z,0.0,0.0,0.0
HR and HRIS,hr,spaceporn,ok,4297151,permissive,rules,False,True,False,18.9,0.0,0.0,13,2026-08-05T20:35:07Z,measured,20260809T230716Z,0.0,0.0,0.0
HR and HRIS,hr,productivity,ok,4231867,hostile,shipped,False,False,False,9.37,0.0,0.0,38,2026-08-04T17:57:18Z,shipped,20260809T230716Z,0.0,0.0,0.0
HR and HRIS,hr,teenagers,ok,3640703,hostile,rules,False,False,False,1532.95,0.0,0.0,50,2026-08-05T20:35:10Z,measured,20260809T230716Z,0.0,0.0,0.0
HR and HRIS,hr,Philippines,ok,3602045,permissive,rules,False,True,False,47.84,0.0,0.0,31,2026-08-05T20:35:14Z,measured,20260809T230716Z,0.03,0.0,0.0
HR and HRIS,hr,3Dprinting,ok,3403862,permissive,rules,False,True,False,250.54,0.0,0.0,38,2026-08-05T20:35:18Z,measured,20260809T230716Z,0.0,0.0,0.0
HR and HRIS,hr,PeopleFuckingDying,ok,3325054,permissive,rules,False,True,False,4.66,0.0,0.0,10,2026-08-05T20:35:22Z,measured,20260809T230716Z,0.0,0.0,0.0
HR and HRIS,hr,mexico,ok,3199711,permissive,rules,False,True,False,215.01,0.0,0.0,30,2026-08-05T20:35:26Z,measured,20260809T230716Z,0.0,0.0,0.0
HR and HRIS,hr,baseball,ok,3177197,permissive,rules,False,True,False,1141.34,0.0,0.0,25,2026-08-05T20:35:30Z,measured,20260809T230716Z,0.0,0.0,0.0
HR and HRIS,hr,WhitePeopleTwitter,ok,3140734,permissive,rules,False,True,False,375.95,0.0,0.0,16,2026-08-05T20:35:35Z,measured,20260809T230716Z,0.0,0.0,0.0
HR and HRIS,hr,jobs,ok,2750327,hostile,rules,False,False,False,112.77,0.0,0.0,37,2026-08-05T20:35:39Z,measured,20260809T230716Z,0.0,0.0,0.0
HR and HRIS,hr,cscareerquestions,ok,2374167,permissive,shipped,False,True,False,64.4,0.0,0.0,29,2026-08-04T18:09:56Z,shipped,20260809T230716Z,0.0,0.0,0.0
HR and HRIS,hr,sewing,ok,2242316,permissive,rules,False,True,False,35.39,0.0,0.0,35,2026-08-05T20:35:43Z,measured,20260809T230716Z,0.0,0.0,0.0
HR and HRIS,hr,crochet,ok,1953912,hostile,rules,False,False,False,52.64,0.0,0.0,39,2026-08-05T20:35:47Z,measured,20260809T230716Z,0.0,0.0,0.0
HR and HRIS,hr,singapore,ok,1810683,permissive,rules,False,True,False,23.42,0.0,0.0,27,2026-08-05T20:35:51Z,measured,20260809T230716Z,0.0,0.0,0.0
HR and HRIS,hr,RedditPregunta,ok,1643252,permissive,rules,True,False,False,77.36,0.0,0.0,39,2026-08-05T20:35:56Z,measured,20260809T230716Z,0.0,0.0,0.0
Email Marketing,email-marketing,Emailmarketing,ok,121660,permissive,shipped,False,True,True,1.03,0.04,0.0412,30,2026-08-04T17:59:18Z,shipped,20260809T230716Z,0.1,1.0,0.0412
Email Marketing,email-marketing,ecommerce,ok,664240,hostile,shipped,False,False,False,13.77,0.0,0.0,54,2026-08-04T17:59:26Z,shipped,20260809T230716Z,0.0,1.0,0.0
Email Marketing,email-marketing,shopify,ok,368707,capped,shipped,True,False,False,9.93,0.0,0.0,48,2026-08-04T17:59:34Z,shipped,20260809T230716Z,0.03,1.0,0.0
Email Marketing,email-marketing,DigitalMarketing,ok,444371,hostile,shipped,False,False,False,23.37,0.01,0.2337,39,2026-08-04T17:59:42Z,shipped,20260809T230716Z,0.0,1.0,0.2337
Email Marketing,email-marketing,marketing,ok,1958693,hostile,shipped,False,False,False,3.46,0.0,0.0,37,2026-08-04T17:59:50Z,shipped,20260809T230716Z,0.0,1.0,0.0
Email Marketing,email-marketing,copywriting,ok,259827,permissive,shipped,False,True,True,1.27,0.0,0.0,29,2026-08-04T17:59:57Z,shipped,20260809T230716Z,0.0,0.5,0.0
Email Marketing,email-marketing,MailChimp,ok,11412,hostile,shipped,True,False,False,0.35,0.26,0.091,33,2026-08-04T18:00:06Z,shipped,20260809T230716Z,0.25,1.0,0.091
Email Marketing,email-marketing,Klaviyo,ok,7922,unknown,none,True,False,False,0.61,0.01,0.0061,22,2026-08-05T22:19:31Z,measured,20260809T230716Z,0.44,1.0,0.0061
Email Marketing,email-marketing,SaaS,ok,771500,hostile,shipped,False,False,False,78.73,0.0,0.0,49,2026-08-04T17:55:55Z,shipped,20260809T230716Z,0.0,1.0,0.0
Email Marketing,email-marketing,Substack,ok,55199,permissive,shipped,False,True,True,4.31,0.0,0.0,22,2026-08-04T18:00:21Z,shipped,20260809T230716Z,0.0,0.5,0.0
Email Marketing,email-marketing,PPC,ok,276554,permissive,shipped,False,True,False,7.52,0.0,0.0,37,2026-08-04T18:00:28Z,shipped,20260809T230716Z,0.0,0.0,0.0
Email Marketing,email-marketing,agency,ok,96594,permissive,shipped,False,True,True,4.38,0.0,0.0,47,2026-08-05T17:43:09Z,shipped,20260809T230716Z,0.0,0.5,0.0
Email Marketing,email-marketing,B2BSaaS,ok,26948,permissive,shipped,False,True,True,0.86,0.0,0.0,17,2026-08-05T17:43:36Z,shipped,20260809T230716Z,0.0,0.5,0.0
Email Marketing,email-marketing,startups,ok,2107067,capped,shipped,False,True,True,16.76,0.0,0.0,31,2026-08-05T17:43:02Z,shipped,20260809T230716Z,0.0,1.0,0.0
Email Marketing,email-marketing,technology,ok,20452155,permissive,rules,False,True,False,810.1,0.0,0.0,23,2026-08-05T20:30:48Z,measured,20260809T230716Z,0.0,0.0,0.0
Email Marketing,email-marketing,CryptoCurrency,ok,10134642,permissive,rules,False,True,False,38.93,0.0,0.0,20,2026-08-05T20:36:11Z,measured,20260809T230716Z,0.0,0.0,0.0
Email Marketing,email-marketing,politics,ok,9230904,permissive,rules,False,True,False,1200.88,0.0,0.0,48,2026-08-05T20:32:07Z,measured,20260809T230716Z,0.0,0.0,0.0
Email Marketing,email-marketing,Entrepreneur,ok,5249043,hostile,shipped,False,False,False,24.81,0.0,0.0,25,2026-08-04T17:55:37Z,shipped,20260809T230716Z,0.0,0.5,0.0
Email Marketing,email-marketing,DnD,ok,4283973,permissive,rules,False,True,False,272.34,0.0,0.0,31,2026-08-05T20:36:15Z,measured,20260809T230716Z,0.0,0.0,0.0
Email Marketing,email-marketing,webdev,ok,3291935,hostile,shipped,False,False,False,28.14,0.0,0.0,49,2026-08-04T18:04:28Z,shipped,20260809T230716Z,0.0,0.5,0.0
Email Marketing,email-marketing,assholedesign,ok,3122950,permissive,rules,False,True,False,11.79,0.0,0.0,11,2026-08-05T20:32:31Z,measured,20260809T230716Z,0.0,0.0,0.0
Email Marketing,email-marketing,smallbusiness,ok,2515817,hostile,shipped,False,False,False,65.93,0.0,0.0,54,2026-08-04T17:55:28Z,shipped,20260809T230716Z,0.01,0.5,0.0
Email Marketing,email-marketing,conspiracy,ok,2408472,permissive,rules,False,True,False,442.86,0.0,0.0,33,2026-08-05T20:36:19Z,measured,20260809T230716Z,0.0,0.0,0.0
Email Marketing,email-marketing,CryptoMoonShots,ok,2293889,capped,rules,False,True,False,0.55,0.0,0.0,69,2026-08-05T20:36:23Z,measured,20260809T230716Z,0.0,0.0,0.0
Email Marketing,email-marketing,halo,ok,2010615,permissive,rules,False,True,False,186.47,0.0,0.0,43,2026-08-05T20:36:27Z,measured,20260809T230716Z,0.0,0.0,0.0
Email Marketing,email-marketing,sysadmin,ok,1307123,permissive,shipped,False,True,True,111.96,0.0,0.0,24,2026-08-04T18:02:01Z,shipped,20260809T230716Z,0.0,0.5,0.0
Email Marketing,email-marketing,web_design,ok,974167,hostile,shipped,False,False,False,1.08,0.0,0.0,31,2026-08-04T18:04:19Z,shipped,20260809T230716Z,0.03,0.5,0.0
Email Marketing,email-marketing,selfhosted,ok,813099,hostile,shipped,False,False,False,66.7,0.0,0.0,33,2026-08-04T18:02:09Z,shipped,20260809T230716Z,0.01,0.5,0.0
Email Marketing,email-marketing,DMAcademy,ok,705237,permissive,rules,False,True,False,41.87,0.0,0.0,26,2026-08-05T20:36:31Z,measured,20260809T230716Z,0.0,0.0,0.0
Email Marketing,email-marketing,forhire,ok,660133,permissive,shipped,False,True,False,33.95,0.0,0.0,56,2026-08-05T17:45:22Z,shipped,20260809T230716Z,0.0,0.0,0.0
Email Marketing,email-marketing,Libertarian,ok,513100,permissive,rules,False,True,False,3.11,0.0,0.0,23,2026-08-05T20:36:35Z,measured,20260809T230716Z,0.0,0.0,0.0
Email Marketing,email-marketing,SandersForPresident,ok,500146,permissive,rules,True,False,False,25.93,0.0,0.0,3,2026-08-05T20:36:38Z,measured,20260809T230716Z,0.0,0.0,0.0
Email Marketing,email-marketing,csMajors,ok,455048,permissive,rules,False,True,False,44.09,0.0,0.0,30,2026-08-05T20:31:22Z,measured,20260809T230716Z,0.0,0.0,0.0
Email Marketing,email-marketing,digital_marketing,ok,367679,permissive,rules,True,False,False,7.49,0.0,0.0,30,2026-08-05T20:36:42Z,measured,20260809T230716Z,0.0,1.0,0.0
Marketing Automation,marketing-automation,marketing,ok,1958693,hostile,shipped,False,False,False,3.46,0.0,0.0,37,2026-08-04T17:59:50Z,shipped,20260809T230716Z,0.0,1.0,0.0
Marketing Automation,marketing-automation,DigitalMarketing,ok,444371,hostile,shipped,False,False,False,23.37,0.01,0.2337,39,2026-08-04T17:59:42Z,shipped,20260809T230716Z,0.0,1.0,0.2337
Marketing Automation,marketing-automation,PPC,ok,276554,permissive,shipped,False,True,True,7.52,0.0,0.0,37,2026-08-04T18:00:28Z,shipped,20260809T230716Z,0.0,0.5,0.0
Marketing Automation,marketing-automation,SEO,ok,501629,hostile,shipped,False,False,False,29.66,0.0,0.0,32,2026-08-04T18:00:36Z,shipped,20260809T230716Z,0.0,0.0,0.0
Marketing Automation,marketing-automation,hubspot,ok,22278,permissive,shipped,True,False,False,1.31,0.0,0.0,42,2026-08-04T17:55:03Z,shipped,20260809T230716Z,0.48,1.0,0.0
Marketing Automation,marketing-automation,gohighlevel,ok,23004,permissive,shipped,True,False,False,11.61,0.0,0.0,27,2026-08-04T17:55:11Z,shipped,20260809T230716Z,0.0,1.0,0.0
Marketing Automation,marketing-automation,SaaS,ok,771500,hostile,shipped,False,False,False,78.73,0.0,0.0,49,2026-08-04T17:55:55Z,shipped,20260809T230716Z,0.0,1.0,0.0
Marketing Automation,marketing-automation,bigseo,ok,138943,permissive,shipped,False,True,False,0.64,0.0,0.0,39,2026-08-04T18:00:43Z,shipped,20260809T230716Z,0.0,0.0,0.0
Marketing Automation,marketing-automation,B2BForSales,unavailable,0,unknown,shipped,False,False,False,0.0,0.0,0.0,0,,measured,20260809T230716Z,0.0,0.5,0.0
Marketing Automation,marketing-automation,agency,ok,96594,permissive,shipped,False,True,True,4.38,0.0,0.0,47,2026-08-05T17:43:09Z,shipped,20260809T230716Z,0.0,0.5,0.0
Marketing Automation,marketing-automation,B2BSaaS,ok,26948,permissive,shipped,False,True,True,0.86,0.0,0.0,17,2026-08-05T17:43:36Z,shipped,20260809T230716Z,0.0,1.0,0.0
Marketing Automation,marketing-automation,revops,ok,6594,permissive,sidebar,False,True,True,0.41,0.0,0.0,19,2026-08-05T20:30:44Z,measured,20260809T230716Z,0.05,1.0,0.0
Marketing Automation,marketing-automation,SalesOperations,ok,18487,permissive,shipped,False,True,True,1.05,0.0,0.0,37,2026-08-05T17:43:54Z,shipped,20260809T230716Z,0.06,0.5,0.0
Marketing Automation,marketing-automation,startups,ok,2107067,capped,shipped,False,True,True,16.76,0.0,0.0,31,2026-08-05T17:43:02Z,shipped,20260809T230716Z,0.0,0.5,0.0
Marketing Automation,marketing-automation,politics,ok,9230904,permissive,rules,False,True,False,1200.88,0.0,0.0,48,2026-08-05T20:32:07Z,measured,20260809T230716Z,0.0,0.0,0.0
Marketing Automation,marketing-automation,Entrepreneur,ok,5249043,hostile,shipped,False,False,False,24.81,0.0,0.0,25,2026-08-04T17:55:37Z,shipped,20260809T230716Z,0.0,0.5,0.0
Marketing Automation,marketing-automation,DnD,ok,4283973,permissive,rules,False,True,False,272.34,0.0,0.0,31,2026-08-05T20:36:15Z,measured,20260809T230716Z,0.0,0.0,0.0
Marketing Automation,marketing-automation,smallbusiness,ok,2515817,hostile,shipped,False,False,False,65.93,0.0,0.0,54,2026-08-04T17:55:28Z,shipped,20260809T230716Z,0.01,0.5,0.0
Marketing Automation,marketing-automation,conspiracy,ok,2408472,permissive,rules,False,True,False,442.86,0.0,0.0,33,2026-08-05T20:36:19Z,measured,20260809T230716Z,0.0,0.0,0.0
Marketing Automation,marketing-automation,CryptoMoonShots,ok,2293889,capped,rules,False,True,False,0.55,0.0,0.0,69,2026-08-05T20:36:23Z,measured,20260809T230716Z,0.0,0.0,0.0
Marketing Automation,marketing-automation,gamedev,ok,2047614,hostile,rules,False,False,False,78.03,0.0,0.0,18,2026-08-05T20:37:07Z,measured,20260809T230716Z,0.0,0.0,0.0
Marketing Automation,marketing-automation,halo,ok,2010615,permissive,rules,False,True,False,186.47,0.0,0.0,43,2026-08-05T20:36:27Z,measured,20260809T230716Z,0.0,0.0,0.0
Marketing Automation,marketing-automation,bicycling,ok,1212458,permissive,rules,False,True,False,28.08,0.0,0.0,30,2026-08-05T20:37:11Z,measured,20260809T230716Z,0.0,0.0,0.0
Marketing Automation,marketing-automation,metalworking,ok,1117997,permissive,rules,False,True,False,34.89,0.0,0.0,16,2026-08-05T20:37:15Z,measured,20260809T230716Z,0.0,0.0,0.0
Marketing Automation,marketing-automation,DMAcademy,ok,705237,permissive,rules,False,True,False,41.87,0.0,0.0,26,2026-08-05T20:36:31Z,measured,20260809T230716Z,0.0,0.0,0.0
Marketing Automation,marketing-automation,sales,ok,594328,permissive,shipped,False,True,True,29.84,0.0,0.0,32,2026-08-04T17:54:39Z,shipped,20260809T230716Z,0.0,0.5,0.0
Marketing Automation,marketing-automation,Plumbing,ok,553495,hostile,rules,False,False,False,89.42,0.0,0.0,30,2026-08-05T20:37:19Z,measured,20260809T230716Z,0.0,0.0,0.0
Marketing Automation,marketing-automation,Welding,ok,524830,permissive,rules,False,True,False,32.82,0.0,0.0,16,2026-08-05T20:37:23Z,measured,20260809T230716Z,0.0,0.0,0.0
Marketing Automation,marketing-automation,Libertarian,ok,513100,permissive,rules,False,True,False,3.11,0.0,0.0,23,2026-08-05T20:36:35Z,measured,20260809T230716Z,0.0,0.0,0.0
Marketing Automation,marketing-automation,SandersForPresident,ok,500146,permissive,rules,True,False,False,25.93,0.0,0.0,3,2026-08-05T20:36:38Z,measured,20260809T230716Z,0.0,0.0,0.0
Marketing Automation,marketing-automation,Unity3D,ok,472605,hostile,rules,True,False,False,26.44,0.0,0.0,36,2026-08-05T20:37:27Z,measured,20260809T230716Z,0.0,0.0,0.0
Marketing Automation,marketing-automation,csMajors,ok,455048,permissive,rules,False,True,False,44.09,0.0,0.0,30,2026-08-05T20:31:22Z,measured,20260809T230716Z,0.0,0.0,0.0
Marketing Automation,marketing-automation,AI_Agents,ok,415520,permissive,rules,False,True,True,35.16,0.0,0.0,48,2026-08-05T20:37:31Z,measured,20260809T230716Z,0.0,0.5,0.0
Marketing Automation,marketing-automation,digital_marketing,ok,367679,permissive,rules,True,False,False,7.49,0.0,0.0,30,2026-08-05T20:36:42Z,measured,20260809T230716Z,0.0,1.0,0.0
Password Managers and Security,password-managers,PasswordManagers,ok,54697,permissive,sidebar,False,True,True,3.62,0.15,0.543,15,2026-08-05T22:19:53Z,measured,20260809T230716Z,0.1,1.0,0.543
Password Managers and Security,password-managers,Bitwarden,ok,119768,permissive,shipped,True,False,False,3.89,0.5,1.945,26,2026-08-04T18:01:02Z,shipped,20260809T230716Z,0.37,1.0,1.945
Password Managers and Security,password-managers,1Password,ok,56818,permissive,shipped,True,False,False,2.07,0.34,0.7038,22,2026-08-04T18:01:11Z,shipped,20260809T230716Z,0.3,1.0,0.7038
Password Managers and Security,password-managers,ProtonPass,ok,35227,permissive,shipped,True,False,False,1.45,0.23,0.3335,23,2026-08-04T18:01:20Z,shipped,20260809T230716Z,0.21,1.0,0.3335
Password Managers and Security,password-managers,KeePass,ok,23030,permissive,sidebar,True,False,False,0.25,0.32,0.08,20,2026-08-05T22:19:56Z,measured,20260809T230716Z,0.01,1.0,0.08
Password Managers and Security,password-managers,privacy,ok,1652332,hostile,shipped,False,False,False,42.96,0.0,0.0,15,2026-08-04T18:01:36Z,shipped,20260809T230716Z,0.0,1.0,0.0
Password Managers and Security,password-managers,cybersecurity,ok,1499373,hostile,shipped,False,False,False,54.05,0.0,0.0,31,2026-08-04T18:01:44Z,shipped,20260809T230716Z,0.02,1.0,0.0
Password Managers and Security,password-managers,netsec,ok,568429,permissive,shipped,False,True,True,0.65,0.0,0.0,29,2026-08-04T18:01:51Z,shipped,20260809T230716Z,0.0,1.0,0.0
Password Managers and Security,password-managers,sysadmin,ok,1307123,permissive,shipped,False,True,True,111.96,0.0,0.0,24,2026-08-04T18:02:01Z,shipped,20260809T230716Z,0.0,1.0,0.0
Password Managers and Security,password-managers,selfhosted,ok,813099,hostile,shipped,False,False,False,66.7,0.02,1.334,33,2026-08-04T18:02:09Z,shipped,20260809T230716Z,0.01,1.0,1.334
Password Managers and Security,password-managers,ITManagers,ok,77193,permissive,shipped,False,True,True,6.51,0.0,0.0,12,2026-08-04T18:02:16Z,shipped,20260809T230716Z,0.0,1.0,0.0
Password Managers and Security,password-managers,msp,ok,245261,capped,shipped,False,True,True,5.27,0.0,0.0,25,2026-08-04T18:06:20Z,shipped,20260809T230716Z,0.0,0.5,0.0
Password Managers and Security,password-managers,homelab,ok,1064059,capped,shipped,False,True,True,59.72,0.0,0.0,26,2026-08-04T18:10:45Z,shipped,20260809T230716Z,0.0,0.5,0.0
Password Managers and Security,password-managers,AskNetsec,ok,260085,permissive,shipped,False,True,True,1.92,0.0,0.0,41,2026-08-05T17:44:10Z,shipped,20260809T230716Z,0.0,0.5,0.0
Password Managers and Security,password-managers,techsupport,ok,3409767,hostile,shipped,False,False,False,62.83,0.0,0.0,38,2026-08-05T17:44:18Z,shipped,20260809T230716Z,0.0,0.5,0.0
Password Managers and Security,password-managers,worldnews,ok,47508421,permissive,rules,False,True,False,735.82,0.0,0.0,23,2026-08-05T20:37:49Z,measured,20260809T230716Z,0.0,0.0,0.0
Password Managers and Security,password-managers,memes,ok,35945324,permissive,rules,False,True,False,543.38,0.0,0.0,25,2026-08-05T20:34:45Z,measured,20260809T230716Z,0.0,0.0,0.0
Password Managers and Security,password-managers,IAmA,ok,22470461,permissive,rules,False,True,False,2.09,0.0,0.0,19,2026-08-05T20:37:54Z,measured,20260809T230716Z,0.0,0.0,0.0
Password Managers and Security,password-managers,technology,ok,20452155,permissive,rules,False,True,False,810.1,0.0,0.0,23,2026-08-05T20:30:48Z,measured,20260809T230716Z,0.0,0.0,0.0
Password Managers and Security,password-managers,WritingPrompts,ok,18869574,permissive,rules,False,True,False,15.64,0.0,0.0,49,2026-08-05T20:31:53Z,measured,20260809T230716Z,0.0,0.0,0.0
Password Managers and Security,password-managers,nba,ok,17200763,permissive,rules,False,True,False,431.88,0.0,0.0,33,2026-08-05T20:37:58Z,measured,20260809T230716Z,0.0,0.0,0.0
Password Managers and Security,password-managers,nfl,ok,12793602,permissive,rules,False,True,False,411.42,0.0,0.0,33,2026-08-05T20:38:03Z,measured,20260809T230716Z,0.0,0.0,0.0
Password Managers and Security,password-managers,politics,ok,9230904,permissive,rules,False,True,False,1200.88,0.0,0.0,48,2026-08-05T20:32:07Z,measured,20260809T230716Z,0.0,0.0,0.0
Password Managers and Security,password-managers,apple,ok,6409592,permissive,rules,True,False,False,42.96,0.0,0.0,31,2026-08-05T20:38:08Z,measured,20260809T230716Z,0.0,0.5,0.0
Password Managers and Security,password-managers,FortniteBR,ok,5694650,hostile,rules,False,False,False,737.03,0.0,0.0,28,2026-08-05T20:38:12Z,measured,20260809T230716Z,0.0,0.0,0.0
Password Managers and Security,password-managers,pokemongo,ok,5675146,permissive,rules,False,True,False,227.07,0.0,0.0,43,2026-08-05T20:38:16Z,measured,20260809T230716Z,0.0,0.0,0.0
Password Managers and Security,password-managers,iphone,ok,4622754,permissive,rules,False,True,True,63.18,0.0,0.0,33,2026-08-05T20:38:20Z,measured,20260809T230716Z,0.0,0.5,0.0
Password Managers and Security,password-managers,fantasyfootball,ok,3418715,permissive,rules,False,True,False,176.86,0.0,0.0,29,2026-08-05T20:38:25Z,measured,20260809T230716Z,0.0,0.0,0.0
Password Managers and Security,password-managers,Android,ok,3179436,hostile,rules,True,False,False,50.4,0.0,0.0,21,2026-08-05T20:38:29Z,measured,20260809T230716Z,0.0,0.5,0.0
Password Managers and Security,password-managers,assholedesign,ok,3122950,permissive,rules,False,True,False,11.79,0.0,0.0,11,2026-08-05T20:32:31Z,measured,20260809T230716Z,0.0,0.0,0.0
Password Managers and Security,password-managers,mac,ok,3046481,hostile,rules,False,False,False,48.7,0.0,0.0,30,2026-08-05T20:33:45Z,measured,20260809T230716Z,0.0,0.5,0.0
Password Managers and Security,password-managers,hacking,ok,2981920,permissive,rules,False,True,False,2.29,0.0,0.0,36,2026-08-05T20:38:33Z,measured,20260809T230716Z,0.0,1.0,0.0
Password Managers and Security,password-managers,CharacterAI,ok,2624572,hostile,rules,True,False,False,118.03,0.0,0.0,16,2026-08-05T20:38:37Z,measured,20260809T230716Z,0.0,0.0,0.0
Password Managers and Security,password-managers,conspiracy,ok,2408472,permissive,rules,False,True,False,442.86,0.0,0.0,33,2026-08-05T20:36:19Z,measured,20260809T230716Z,0.0,0.0,0.0
Note-taking and Knowledge Management,note-taking,NoteTaking,ok,63330,hostile,shipped,False,False,False,1.58,0.04,0.0632,28,2026-08-04T18:02:25Z,shipped,20260809T230716Z,0.17,1.0,0.0632
Note-taking and Knowledge Management,note-taking,Notion,ok,466690,hostile,shipped,True,False,False,8.19,0.03,0.2457,31,2026-08-04T17:57:10Z,shipped,20260809T230716Z,0.33,1.0,0.2457
Note-taking and Knowledge Management,note-taking,ObsidianMD,ok,350730,permissive,shipped,True,False,False,63.03,0.07,4.4121,14,2026-08-04T18:02:34Z,shipped,20260809T230716Z,0.21,1.0,4.4121
Note-taking and Knowledge Management,note-taking,PKMS,ok,76439,hostile,shipped,False,False,False,3.59,0.01,0.0359,26,2026-08-04T18:02:43Z,shipped,20260809T230716Z,0.09,1.0,0.0359
Note-taking and Knowledge Management,note-taking,OneNote,ok,75639,hostile,shipped,True,False,False,0.85,0.42,0.357,25,2026-08-04T18:02:52Z,shipped,20260809T230716Z,0.44,1.0,0.357
Note-taking and Knowledge Management,note-taking,Evernote,ok,27160,hostile,shipped,True,False,False,0.52,0.4,0.208,23,2026-08-04T18:03:01Z,shipped,20260809T230716Z,0.43,1.0,0.208
Note-taking and Knowledge Management,note-taking,logseq,ok,19682,permissive,shipped,True,False,False,0.43,0.33,0.1419,24,2026-08-04T18:03:09Z,shipped,20260809T230716Z,0.39,1.0,0.1419
Note-taking and Knowledge Management,note-taking,Zettelkasten,ok,39061,permissive,shipped,False,True,True,0.23,0.0,0.0,19,2026-08-04T18:03:17Z,shipped,20260809T230716Z,0.12,0.5,0.0
Note-taking and Knowledge Management,note-taking,Anytype,ok,14129,hostile,shipped,True,False,False,0.17,0.26,0.0442,36,2026-08-04T18:03:26Z,shipped,20260809T230716Z,0.08,1.0,0.0442
Note-taking and Knowledge Management,note-taking,productivity,ok,4231867,hostile,shipped,False,False,False,9.37,0.0,0.0,38,2026-08-04T17:57:18Z,shipped,20260809T230716Z,0.0,1.0,0.0
Note-taking and Knowledge Management,note-taking,students,ok,49711,permissive,sidebar,False,True,True,13.78,0.0,0.0,8,2026-08-05T20:39:20Z,measured,20260809T230716Z,0.0,1.0,0.0
Note-taking and Knowledge Management,note-taking,GradSchool,ok,941218,permissive,shipped,False,True,True,6.03,0.0,0.0,19,2026-08-05T17:44:34Z,shipped,20260809T230716Z,0.0,1.0,0.0
Note-taking and Knowledge Management,note-taking,writing,ok,3414411,permissive,shipped,False,True,True,50.54,0.0,0.0,17,2026-08-05T17:44:43Z,shipped,20260809T230716Z,0.0,1.0,0.0
Note-taking and Knowledge Management,note-taking,selfhosted,ok,813099,hostile,shipped,False,False,False,66.7,0.0,0.0,33,2026-08-04T18:02:09Z,shipped,20260809T230716Z,0.01,0.5,0.0
Note-taking and Knowledge Management,note-taking,DigitalMinimalism,ok,279267,hostile,shipped,False,False,False,19.62,0.0,0.0,24,2026-08-05T17:44:50Z,shipped,20260809T230716Z,0.0,1.0,0.0
Note-taking and Knowledge Management,note-taking,academia,ok,108111,hostile,shipped,False,False,False,5.03,0.0,0.0,24,2026-08-05T17:44:56Z,shipped,20260809T230716Z,0.0,1.0,0.0
Note-taking and Knowledge Management,note-taking,ADHD,ok,2268932,hostile,shipped,False,False,False,101.64,0.0,0.0,42,2026-08-05T17:45:05Z,shipped,20260809T230716Z,0.0,1.0,0.0
Note-taking and Knowledge Management,note-taking,funny,ok,67544446,hostile,rules,False,False,False,261.43,0.0,0.0,15,2026-08-05T20:39:24Z,measured,20260809T230716Z,0.0,0.0,0.0
Note-taking and Knowledge Management,note-taking,AskReddit,ok,59332757,hostile,rules,True,False,False,5616.43,0.0,0.0,57,2026-08-05T20:31:38Z,measured,20260809T230716Z,0.0,0.0,0.0
Note-taking and Knowledge Management,note-taking,todayilearned,ok,41573230,permissive,rules,False,True,False,353.92,0.0,0.0,21,2026-08-05T20:31:42Z,measured,20260809T230716Z,0.0,0.0,0.0
Note-taking and Knowledge Management,note-taking,pics,ok,33499498,hostile,rules,False,False,False,109.63,0.0,0.0,28,2026-08-05T20:39:27Z,measured,20260809T230716Z,0.0,0.0,0.0
Note-taking and Knowledge Management,note-taking,mildlyinteresting,ok,25317303,permissive,rules,False,True,False,476.83,0.0,0.0,28,2026-08-05T20:39:31Z,measured,20260809T230716Z,0.0,0.0,0.0
Note-taking and Knowledge Management,note-taking,technology,ok,20452155,permissive,rules,False,True,False,810.1,0.0,0.0,23,2026-08-05T20:30:48Z,measured,20260809T230716Z,0.0,0.0,0.0
Note-taking and Knowledge Management,note-taking,WritingPrompts,ok,18869574,permissive,rules,False,True,False,15.64,0.0,0.0,49,2026-08-05T20:31:53Z,measured,20260809T230716Z,0.0,0.0,0.0
Note-taking and Knowledge Management,note-taking,nfl,ok,12793602,permissive,rules,False,True,False,411.42,0.0,0.0,33,2026-08-05T20:38:03Z,measured,20260809T230716Z,0.0,0.0,0.0
Note-taking and Knowledge Management,note-taking,politics,ok,9230904,permissive,rules,False,True,False,1200.88,0.0,0.0,48,2026-08-05T20:32:07Z,measured,20260809T230716Z,0.0,0.0,0.0
Note-taking and Knowledge Management,note-taking,Minecraft,ok,8732564,permissive,rules,False,True,False,191.2,0.0,0.0,55,2026-08-05T20:32:11Z,measured,20260809T230716Z,0.0,0.0,0.0
Note-taking and Knowledge Management,note-taking,apple,ok,6409592,permissive,rules,True,False,False,42.96,0.0,0.0,31,2026-08-05T20:38:08Z,measured,20260809T230716Z,0.0,0.5,0.0
Note-taking and Knowledge Management,note-taking,Sneakers,ok,5555854,hostile,rules,False,False,False,33.67,0.0,0.0,34,2026-08-05T20:39:35Z,measured,20260809T230716Z,0.0,0.0,0.0
Note-taking and Knowledge Management,note-taking,unpopularopinion,ok,4963058,permissive,rules,False,True,False,776.52,0.0,0.0,16,2026-08-05T20:32:19Z,measured,20260809T230716Z,0.0,0.0,0.0
Note-taking and Knowledge Management,note-taking,GetStudying,ok,3303178,hostile,shipped,False,False,False,18.62,0.0,0.0,43,2026-08-05T18:47:57Z,shipped,20260809T230716Z,0.01,1.0,0.0
Note-taking and Knowledge Management,note-taking,Android,ok,3179436,hostile,rules,True,False,False,50.4,0.0,0.0,21,2026-08-05T20:38:29Z,measured,20260809T230716Z,0.0,0.5,0.0
Note-taking and Knowledge Management,note-taking,atheism,ok,2965460,permissive,rules,False,True,False,158.01,0.0,0.0,19,2026-08-05T20:32:35Z,measured,20260809T230716Z,0.0,0.0,0.0
Note-taking and Knowledge Management,note-taking,college,ok,2929912,hostile,rules,False,False,False,3.6,0.0,0.0,45,2026-08-05T20:39:39Z,measured,20260809T230716Z,0.0,0.5,0.0
Design and Prototyping,design,FigmaDesign,ok,154580,hostile,shipped,True,False,False,5.07,0.02,0.1014,17,2026-08-04T18:03:35Z,shipped,20260809T230716Z,0.19,1.0,0.1014
Design and Prototyping,design,UXDesign,ok,245287,permissive,shipped,False,True,True,8.25,0.0,0.0,29,2026-08-04T18:03:44Z,shipped,20260809T230716Z,0.12,0.5,0.0
Design and Prototyping,design,UI_Design,ok,236921,hostile,shipped,False,False,False,2.76,0.0,0.0,27,2026-08-04T18:03:53Z,shipped,20260809T230716Z,0.02,0.5,0.0
Design and Prototyping,design,userexperience,ok,147503,hostile,shipped,False,False,False,0.4,0.01,0.004,36,2026-08-04T18:04:01Z,shipped,20260809T230716Z,0.1,0.5,0.002
Design and Prototyping,design,graphic_design,ok,2915762,permissive,shipped,False,True,True,55.21,0.0,0.0,22,2026-08-04T18:04:10Z,shipped,20260809T230716Z,0.0,1.0,0.0
Design and Prototyping,design,web_design,ok,974167,hostile,shipped,False,False,False,1.08,0.0,0.0,31,2026-08-04T18:04:19Z,shipped,20260809T230716Z,0.03,1.0,0.0
Design and Prototyping,design,webdev,ok,3291935,hostile,shipped,False,False,False,28.14,0.0,0.0,49,2026-08-04T18:04:28Z,shipped,20260809T230716Z,0.0,1.0,0.0
Design and Prototyping,design,canva,ok,97478,permissive,shipped,True,False,False,3.65,0.18,0.657,37,2026-08-04T18:04:36Z,shipped,20260809T230716Z,0.3,1.0,0.657
Design and Prototyping,design,webflow,ok,42291,permissive,shipped,True,False,False,1.36,0.42,0.5712,25,2026-08-04T18:04:44Z,shipped,20260809T230716Z,0.04,0.5,0.2856
Design and Prototyping,design,Adobe,ok,41122,hostile,shipped,False,False,False,1.14,0.0,0.0,36,2026-08-04T18:04:51Z,shipped,20260809T230716Z,0.0,0.5,0.0
Design and Prototyping,design,Frontend,ok,347264,permissive,shipped,False,True,False,0.99,0.01,0.0099,22,2026-08-05T17:45:13Z,shipped,20260809T230716Z,0.09,0.0,0.0
Design and Prototyping,design,forhire,ok,660133,permissive,shipped,False,True,False,33.95,0.0,0.0,56,2026-08-05T17:45:22Z,shipped,20260809T230716Z,0.0,0.0,0.0
Design and Prototyping,design,pics,ok,33499498,hostile,rules,False,False,False,109.63,0.0,0.0,28,2026-08-05T20:39:27Z,measured,20260809T230716Z,0.0,0.0,0.0
Design and Prototyping,design,Art,ok,22493099,capped,rules,True,False,False,35.46,0.0,0.0,42,2026-08-05T20:40:13Z,measured,20260809T230716Z,0.05,0.0,0.0
Design and Prototyping,design,mildlyinfuriating,ok,12391722,hostile,rules,False,False,False,1616.36,0.0,0.0,39,2026-08-05T20:32:03Z,measured,20260809T230716Z,0.0,0.0,0.0
Design and Prototyping,design,Minecraft,ok,8732564,permissive,rules,False,True,False,191.2,0.0,0.0,55,2026-08-05T20:32:11Z,measured,20260809T230716Z,0.0,0.0,0.0
Design and Prototyping,design,CrappyDesign,ok,6188081,permissive,rules,True,False,False,16.77,0.0,0.0,12,2026-08-05T20:40:17Z,measured,20260809T230716Z,0.0,0.0,0.0
Design and Prototyping,design,drawing,ok,5779481,hostile,rules,False,False,False,22.81,0.0,0.0,49,2026-08-05T20:40:21Z,measured,20260809T230716Z,0.06,0.5,0.0
Design and Prototyping,design,painting,ok,4578674,capped,rules,False,True,False,53.1,0.0,0.0,42,2026-08-05T20:40:25Z,measured,20260809T230716Z,0.0,0.0,0.0
Design and Prototyping,design,Design,ok,4454716,hostile,rules,True,False,False,6.82,0.0,0.0,38,2026-08-05T20:40:29Z,measured,20260809T230716Z,0.02,1.0,0.0
Design and Prototyping,design,ArtPorn,ok,3562691,hostile,rules,True,False,False,3.61,0.0,0.0,36,2026-08-05T20:40:33Z,measured,20260809T230716Z,0.01,0.0,0.0
Design and Prototyping,design,3Dprinting,ok,3403862,permissive,rules,False,True,True,250.54,0.0,0.0,38,2026-08-05T20:35:18Z,measured,20260809T230716Z,0.0,1.0,0.0
Design and Prototyping,design,Guitar,ok,3386578,hostile,rules,False,False,False,260.47,0.0,0.0,23,2026-08-05T20:40:37Z,measured,20260809T230716Z,0.0,0.0,0.0
Design and Prototyping,design,zelda,ok,3310780,permissive,rules,False,True,False,90.59,0.0,0.0,17,2026-08-05T20:40:41Z,measured,20260809T230716Z,0.0,0.0,0.0
Design and Prototyping,design,learntodraw,ok,3123246,hostile,rules,False,False,False,51.3,0.0,0.0,34,2026-08-05T20:40:46Z,measured,20260809T230716Z,0.03,0.0,0.0
Design and Prototyping,design,somethingimade,ok,3108320,permissive,rules,False,True,False,8.05,0.0,0.0,32,2026-08-05T20:40:52Z,measured,20260809T230716Z,0.0,0.0,0.0
Design and Prototyping,design,AnimalCrossing,ok,2870086,permissive,rules,False,True,False,80.17,0.0,0.0,19,2026-08-05T20:40:57Z,measured,20260809T230716Z,0.0,0.0,0.0
Design and Prototyping,design,javascript,ok,2446781,permissive,rules,False,True,True,1.83,0.0,0.0,37,2026-08-05T20:41:01Z,measured,20260809T230716Z,0.01,0.5,0.0
Design and Prototyping,design,DesignPorn,ok,2373440,permissive,rules,True,False,False,4.21,0.0,0.0,10,2026-08-05T20:41:05Z,measured,20260809T230716Z,0.0,0.0,0.0
Design and Prototyping,design,BokuNoHeroAcademia,ok,2166150,permissive,rules,False,True,False,16.87,0.0,0.0,27,2026-08-05T20:41:09Z,measured,20260809T230716Z,0.0,0.0,0.0
Design and Prototyping,design,gamedev,ok,2047614,hostile,rules,False,False,False,78.03,0.0,0.0,18,2026-08-05T20:37:07Z,measured,20260809T230716Z,0.0,1.0,0.0
Design and Prototyping,design,Hololive,ok,1514478,hostile,rules,False,False,False,47.62,0.0,0.0,37,2026-08-05T20:41:13Z,measured,20260809T230716Z,0.0,0.0,0.0
Design and Prototyping,design,HomeDecorating,ok,1428264,hostile,sidebar,True,False,False,38.14,0.0,0.0,46,2026-08-05T20:41:17Z,measured,20260809T230716Z,0.0,0.0,0.0
Design and Prototyping,design,electronics,ok,1421628,permissive,rules,False,True,True,1.95,0.0,0.0,11,2026-08-05T20:41:21Z,measured,20260809T230716Z,0.0,0.5,0.0
Video Editing,video-editing,VideoEditing,ok,521888,hostile,shipped,False,False,False,2.56,0.04,0.1024,55,2026-08-04T18:05:00Z,shipped,20260809T230716Z,0.15,1.0,0.1024
Video Editing,video-editing,editors,ok,193221,permissive,shipped,False,True,True,5.34,0.0,0.0,21,2026-08-04T18:05:09Z,shipped,20260809T230716Z,0.05,1.0,0.0
Video Editing,video-editing,davinciresolve,ok,225006,permissive,shipped,True,False,False,19.11,0.11,2.1021,28,2026-08-04T18:05:18Z,shipped,20260809T230716Z,0.06,1.0,2.1021
Video Editing,video-editing,premiere,ok,184980,permissive,shipped,True,False,False,5.79,0.03,0.1737,24,2026-08-04T18:05:26Z,shipped,20260809T230716Z,0.21,1.0,0.1737
Video Editing,video-editing,finalcutpro,ok,41384,permissive,shipped,True,False,False,1.37,0.2,0.274,30,2026-08-04T18:05:35Z,shipped,20260809T230716Z,0.13,1.0,0.274
Video Editing,video-editing,AfterEffects,ok,344708,permissive,shipped,False,True,True,14.18,0.01,0.1418,25,2026-08-04T18:05:46Z,shipped,20260809T230716Z,0.05,1.0,0.1418
Video Editing,video-editing,videography,ok,451649,hostile,shipped,False,False,False,13.19,0.0,0.0,34,2026-08-04T18:05:55Z,shipped,20260809T230716Z,0.01,0.5,0.0
Video Editing,video-editing,NewTubers,ok,713213,hostile,shipped,False,False,False,52.61,0.0,0.0,29,2026-08-04T18:06:03Z,shipped,20260809T230716Z,0.01,0.5,0.0
Video Editing,video-editing,CapCut,ok,98523,hostile,shipped,True,False,False,4.78,0.36,1.7208,40,2026-08-04T18:06:12Z,shipped,20260809T230716Z,0.32,1.0,1.7208
Video Editing,video-editing,filmmakers,ok,3067821,permissive,shipped,False,True,True,35.13,0.02,0.7026,27,2026-08-05T17:45:31Z,shipped,20260809T230716Z,0.0,1.0,0.7026
Video Editing,video-editing,youtubers,ok,341845,hostile,shipped,False,False,False,0.51,0.0,0.0,28,2026-08-05T17:45:41Z,shipped,20260809T230716Z,0.11,1.0,0.0
Video Editing,video-editing,smallbusiness,ok,2515817,hostile,shipped,False,False,False,65.93,0.0,0.0,54,2026-08-04T17:55:28Z,shipped,20260809T230716Z,0.01,0.0,0.0
Video Editing,video-editing,freelance,ok,690144,hostile,shipped,False,False,False,0.32,0.0,0.0,15,2026-08-05T17:45:49Z,shipped,20260809T230716Z,0.0,0.5,0.0
Video Editing,video-editing,editing,ok,57077,permissive,shipped,False,True,True,0.89,0.06,0.0534,40,2026-08-05T17:45:57Z,shipped,20260809T230716Z,0.08,1.0,0.0534
Video Editing,video-editing,todayilearned,ok,41573230,permissive,rules,False,True,False,353.92,0.0,0.0,21,2026-08-05T20:31:42Z,measured,20260809T230716Z,0.0,0.0,0.0
Video Editing,video-editing,movies,ok,37560788,permissive,rules,False,True,False,696.25,0.0,0.0,33,2026-08-05T20:42:03Z,measured,20260809T230716Z,0.0,0.0,0.0
Video Editing,video-editing,videos,ok,26861899,hostile,rules,False,False,False,276.2,0.0,0.0,18,2026-08-05T20:42:07Z,measured,20260809T230716Z,0.0,0.0,0.0
Video Editing,video-editing,television,ok,18095765,permissive,rules,False,True,False,142.99,0.0,0.0,20,2026-08-05T20:42:11Z,measured,20260809T230716Z,0.0,0.0,0.0
Video Editing,video-editing,anime,ok,14373699,permissive,rules,False,True,False,279.14,0.0,0.0,32,2026-08-05T20:42:15Z,measured,20260809T230716Z,0.0,0.0,0.0
Video Editing,video-editing,nfl,ok,12793602,permissive,rules,False,True,False,411.42,0.0,0.0,33,2026-08-05T20:38:03Z,measured,20260809T230716Z,0.0,0.0,0.0
Video Editing,video-editing,politics,ok,9230904,permissive,rules,False,True,False,1200.88,0.0,0.0,48,2026-08-05T20:32:07Z,measured,20260809T230716Z,0.0,0.0,0.0
Video Editing,video-editing,buildapc,ok,8508764,hostile,shipped,False,False,False,146.24,0.0,0.0,39,2026-08-05T18:54:09Z,shipped,20260809T230716Z,0.01,0.5,0.0
Video Editing,video-editing,Fauxmoi,ok,6777905,hostile,rules,False,False,False,243.76,0.0,0.0,28,2026-08-05T20:42:19Z,measured,20260809T230716Z,0.0,0.0,0.0
Video Editing,video-editing,popculturechat,ok,6577336,permissive,rules,False,True,False,414.16,0.0,0.0,26,2026-08-05T20:42:24Z,measured,20260809T230716Z,0.0,0.0,0.0
Video Editing,video-editing,apple,ok,6409592,permissive,rules,True,False,False,42.96,0.0,0.0,31,2026-08-05T20:38:08Z,measured,20260809T230716Z,0.0,0.5,0.0
Video Editing,video-editing,battlestations,ok,5245887,permissive,shipped,False,True,False,21.01,0.0,0.0,18,2026-08-05T18:54:37Z,shipped,20260809T230716Z,0.01,0.0,0.0
Video Editing,video-editing,marvelstudios,ok,4836863,permissive,rules,False,True,False,405.78,0.0,0.0,40,2026-08-05T20:42:28Z,measured,20260809T230716Z,0.0,0.0,0.0
Video Editing,video-editing,shittymoviedetails,ok,1509423,permissive,rules,False,True,False,195.96,0.0,0.0,29,2026-08-05T20:42:32Z,measured,20260809T230716Z,0.0,0.0,0.0
Video Editing,video-editing,blender,ok,1434237,permissive,rules,True,False,False,51.2,0.0,0.0,44,2026-08-05T20:42:35Z,measured,20260809T230716Z,0.0,1.0,0.0
Video Editing,video-editing,rupaulsdragrace,ok,1270790,hostile,rules,False,False,False,70.7,0.0,0.0,25,2026-08-05T20:42:39Z,measured,20260809T230716Z,0.0,0.0,0.0
Video Editing,video-editing,KDRAMA,ok,1142871,permissive,rules,False,True,False,7.2,0.0,0.0,20,2026-08-05T20:42:43Z,measured,20260809T230716Z,0.0,0.0,0.0
Video Editing,video-editing,steak,ok,1138664,hostile,rules,False,False,False,35.64,0.0,0.0,16,2026-08-05T20:42:47Z,measured,20260809T230716Z,0.0,0.0,0.0
Video Editing,video-editing,GameDeals,ok,969671,permissive,rules,True,False,False,18.21,0.0,0.0,16,2026-08-05T20:42:51Z,measured,20260809T230716Z,0.0,0.0,0.0
Video Editing,video-editing,survivor,ok,745651,permissive,rules,False,True,False,29.24,0.0,0.0,27,2026-08-05T20:42:56Z,measured,20260809T230716Z,0.0,0.0,0.0
Help Desk and Customer Support,help-desk,sysadmin,ok,1307123,permissive,shipped,False,True,True,111.96,0.0,0.0,24,2026-08-04T18:02:01Z,shipped,20260809T230716Z,0.0,1.0,0.0
Help Desk and Customer Support,help-desk,msp,ok,245261,capped,shipped,False,True,True,5.27,0.0,0.0,25,2026-08-04T18:06:20Z,shipped,20260809T230716Z,0.0,1.0,0.0
Help Desk and Customer Support,help-desk,ITManagers,ok,77193,permissive,shipped,False,True,True,6.51,0.0,0.0,12,2026-08-04T18:02:16Z,shipped,20260809T230716Z,0.0,0.5,0.0
Help Desk and Customer Support,help-desk,CustomerSuccess,ok,53240,hostile,shipped,False,False,False,3.73,0.0,0.0,33,2026-08-04T18:06:28Z,shipped,20260809T230716Z,0.01,0.5,0.0
Help Desk and Customer Support,help-desk,CustomerService,ok,56741,permissive,shipped,False,True,True,3.89,0.0,0.0,23,2026-08-04T18:06:34Z,shipped,20260809T230716Z,0.0,1.0,0.0
Help Desk and Customer Support,help-desk,servicenow,ok,37622,permissive,shipped,True,False,False,3.63,0.01,0.0363,22,2026-08-04T18:06:40Z,shipped,20260809T230716Z,0.12,1.0,0.0363
Help Desk and Customer Support,help-desk,helpdesk,ok,17833,capped,shipped,False,True,True,1.96,0.0,0.0,21,2026-08-04T18:06:47Z,shipped,20260809T230716Z,0.0,1.0,0.0
Help Desk and Customer Support,help-desk,Zendesk,ok,5995,permissive,shipped,True,False,False,0.23,0.21,0.0483,23,2026-08-04T18:06:55Z,shipped,20260809T230716Z,0.24,1.0,0.0483
Help Desk and Customer Support,help-desk,SaaS,ok,771500,hostile,shipped,False,False,False,78.73,0.0,0.0,49,2026-08-04T17:55:55Z,shipped,20260809T230716Z,0.0,1.0,0.0
Help Desk and Customer Support,help-desk,shopify,ok,368707,capped,shipped,True,False,False,9.93,0.0,0.0,48,2026-08-04T17:59:34Z,shipped,20260809T230716Z,0.03,0.5,0.0
Help Desk and Customer Support,help-desk,AskReddit,ok,59332757,hostile,rules,True,False,False,5616.43,0.0,0.0,57,2026-08-05T20:31:38Z,measured,20260809T230716Z,0.0,0.0,0.0
Help Desk and Customer Support,help-desk,gaming,ok,47217173,permissive,rules,False,True,False,573.55,0.0,0.0,23,2026-08-05T20:43:26Z,measured,20260809T230716Z,0.0,0.0,0.0
Help Desk and Customer Support,help-desk,DIY,ok,27479717,permissive,rules,False,True,False,22.26,0.0,0.0,23,2026-08-05T20:43:31Z,measured,20260809T230716Z,0.0,0.0,0.0
Help Desk and Customer Support,help-desk,mildlyinteresting,ok,25317303,permissive,rules,False,True,False,476.83,0.0,0.0,28,2026-08-05T20:39:31Z,measured,20260809T230716Z,0.0,0.0,0.0
Help Desk and Customer Support,help-desk,wallstreetbets,ok,20204188,hostile,rules,False,False,False,2566.46,0.0,0.0,9,2026-08-05T20:30:52Z,measured,20260809T230716Z,0.0,0.0,0.0
Help Desk and Customer Support,help-desk,WritingPrompts,ok,18869574,permissive,rules,False,True,False,15.64,0.0,0.0,49,2026-08-05T20:31:53Z,measured,20260809T230716Z,0.0,0.0,0.0
Help Desk and Customer Support,help-desk,pcmasterrace,ok,16223685,permissive,rules,False,True,False,519.99,0.0,0.0,50,2026-08-05T20:43:35Z,measured,20260809T230716Z,0.0,0.0,0.0
Help Desk and Customer Support,help-desk,nfl,ok,12793602,permissive,rules,False,True,False,411.42,0.0,0.0,33,2026-08-05T20:38:03Z,measured,20260809T230716Z,0.0,0.0,0.0
Help Desk and Customer Support,help-desk,mildlyinfuriating,ok,12391722,hostile,rules,False,False,False,1616.36,0.0,0.0,39,2026-08-05T20:32:03Z,measured,20260809T230716Z,0.0,0.0,0.0
Help Desk and Customer Support,help-desk,battlestations,ok,5245887,permissive,shipped,False,True,False,21.01,0.0,0.0,18,2026-08-05T18:54:37Z,shipped,20260809T230716Z,0.01,0.0,0.0
Help Desk and Customer Support,help-desk,homeautomation,ok,4585229,permissive,rules,False,True,False,12.01,0.0,0.0,27,2026-08-05T20:43:39Z,measured,20260809T230716Z,0.0,0.0,0.0
Help Desk and Customer Support,help-desk,motorcycles,ok,4378988,permissive,rules,False,True,False,181.95,0.0,0.0,28,2026-08-05T20:43:43Z,measured,20260809T230716Z,0.0,0.0,0.0
Help Desk and Customer Support,help-desk,teslamotors,ok,3455320,hostile,rules,False,False,False,5.64,0.0,0.0,14,2026-08-05T20:43:47Z,measured,20260809T230716Z,0.0,0.0,0.0
Help Desk and Customer Support,help-desk,audiophile,ok,2178150,permissive,rules,False,True,False,37.99,0.0,0.0,19,2026-08-05T20:43:53Z,measured,20260809T230716Z,0.0,0.0,0.0
Help Desk and Customer Support,help-desk,NewToReddit,ok,1569691,capped,rules,True,False,False,42.96,0.0,0.0,39,2026-08-05T20:43:58Z,measured,20260809T230716Z,0.01,0.0,0.0
Help Desk and Customer Support,help-desk,headphones,ok,1543151,permissive,rules,False,True,False,28.99,0.0,0.0,31,2026-08-05T20:44:02Z,measured,20260809T230716Z,0.0,0.0,0.0
Help Desk and Customer Support,help-desk,2007scape,ok,1382148,permissive,rules,False,True,False,417.23,0.0,0.0,41,2026-08-05T20:32:50Z,measured,20260809T230716Z,0.0,0.0,0.0
Help Desk and Customer Support,help-desk,help,ok,1338471,permissive,rules,True,False,False,31.97,0.0,0.0,53,2026-08-05T20:44:06Z,measured,20260809T230716Z,0.0,0.0,0.0
Help Desk and Customer Support,help-desk,NoMansSkyTheGame,ok,1161445,hostile,rules,True,False,False,76.01,0.0,0.0,32,2026-08-05T20:44:10Z,measured,20260809T230716Z,0.0,0.0,0.0
Help Desk and Customer Support,help-desk,TalesFromTheFrontDesk,ok,1047799,permissive,rules,True,False,False,18.89,0.0,0.0,13,2026-08-05T20:44:14Z,measured,20260809T230716Z,0.0,0.0,0.0
Help Desk and Customer Support,help-desk,Warframe,ok,1012942,permissive,rules,False,True,False,287.31,0.0,0.0,29,2026-08-05T20:44:19Z,measured,20260809T230716Z,0.0,0.0,0.0
Help Desk and Customer Support,help-desk,doordash,ok,1005228,permissive,rules,False,True,False,143.72,0.0,0.0,23,2026-08-05T20:44:22Z,measured,20260809T230716Z,0.0,0.0,0.0
Help Desk and Customer Support,help-desk,tf2,ok,958635,hostile,rules,False,False,False,68.25,0.0,0.0,49,2026-08-05T20:44:26Z,measured,20260809T230716Z,0.0,0.0,0.0
Help Desk and Customer Support,help-desk,binance,ok,933260,permissive,rules,False,True,False,4.57,0.0,0.0,12,2026-08-05T20:44:30Z,measured,20260809T230716Z,0.0,0.0,0.0
ERP,erp,ERP,ok,18185,permissive,shipped,False,True,True,0.46,0.07,0.0322,17,2026-08-04T17:58:24Z,shipped,20260809T230716Z,0.03,1.0,0.0322
ERP,erp,Netsuite,ok,26759,permissive,shipped,True,False,False,2.12,0.3,0.636,45,2026-08-04T17:58:17Z,shipped,20260809T230716Z,0.35,1.0,0.636
ERP,erp,SAP,ok,60692,permissive,sidebar,True,False,False,3.27,0.03,0.0981,40,2026-08-05T22:20:46Z,measured,20260809T230716Z,0.49,1.0,0.0981
ERP,erp,Odoo,ok,19485,hostile,shipped,True,False,False,1.34,0.51,0.6834,31,2026-08-04T18:07:11Z,shipped,20260809T230716Z,0.51,1.0,0.6834
ERP,erp,Dynamics365,ok,15277,hostile,shipped,True,False,False,0.43,0.07,0.0301,30,2026-08-04T18:07:18Z,shipped,20260809T230716Z,0.23,1.0,0.0301
ERP,erp,supplychain,ok,112789,permissive,shipped,False,True,True,2.17,0.01,0.0217,30,2026-08-04T18:07:26Z,shipped,20260809T230716Z,0.02,1.0,0.0217
ERP,erp,manufacturing,ok,100346,permissive,shipped,False,True,True,2.35,0.02,0.047,30,2026-08-04T18:07:33Z,shipped,20260809T230716Z,0.02,1.0,0.047
ERP,erp,BusinessIntelligence,ok,239166,hostile,shipped,False,False,False,0.28,0.0,0.0,62,2026-08-04T18:07:41Z,shipped,20260809T230716Z,0.01,0.5,0.0
ERP,erp,Accounting,ok,1272896,hostile,shipped,False,False,False,76.58,0.0,0.0,37,2026-08-04T17:57:34Z,shipped,20260809T230716Z,0.01,1.0,0.0
ERP,erp,consulting,ok,378485,permissive,shipped,False,True,True,5.46,0.0,0.0,20,2026-08-05T17:42:53Z,shipped,20260809T230716Z,0.0,1.0,0.0
ERP,erp,ITManagers,ok,77193,permissive,shipped,False,True,True,6.51,0.0,0.0,12,2026-08-04T18:02:16Z,shipped,20260809T230716Z,0.0,1.0,0.0
ERP,erp,sysadmin,ok,1307123,permissive,shipped,False,True,True,111.96,0.0,0.0,24,2026-08-04T18:02:01Z,shipped,20260809T230716Z,0.0,1.0,0.0
ERP,erp,msp,ok,245261,capped,shipped,False,True,True,5.27,0.0,0.0,25,2026-08-04T18:06:20Z,shipped,20260809T230716Z,0.0,0.5,0.0
ERP,erp,AdviceAnimals,ok,9932842,permissive,rules,False,True,False,114.8,0.0,0.0,6,2026-08-05T20:44:53Z,measured,20260809T230716Z,0.0,0.0,0.0
ERP,erp,leagueoflegends,ok,8439238,permissive,rules,False,True,False,233.23,0.0,0.0,38,2026-08-05T20:44:58Z,measured,20260809T230716Z,0.0,0.0,0.0
ERP,erp,PeopleFuckingDying,ok,3325054,permissive,rules,False,True,False,4.66,0.0,0.0,10,2026-08-05T20:35:22Z,measured,20260809T230716Z,0.0,0.0,0.0
ERP,erp,smallbusiness,ok,2515817,hostile,shipped,False,False,False,65.93,0.0,0.0,54,2026-08-04T17:55:28Z,shipped,20260809T230716Z,0.01,0.5,0.0
ERP,erp,singapore,ok,1810683,permissive,rules,False,True,False,23.42,0.0,0.0,27,2026-08-05T20:35:51Z,measured,20260809T230716Z,0.0,0.0,0.0
ERP,erp,developersIndia,ok,1579180,permissive,shipped,False,True,True,89.12,0.0,0.0,38,2026-08-05T18:52:36Z,shipped,20260809T230716Z,0.01,0.5,0.0
ERP,erp,Python,ok,1502437,permissive,rules,False,True,False,12.12,0.0,0.0,15,2026-08-05T20:45:02Z,measured,20260809T230716Z,0.0,0.5,0.0
ERP,erp,EASportsFC,ok,1371525,permissive,rules,False,True,False,60.48,0.0,0.0,28,2026-08-05T20:45:06Z,measured,20260809T230716Z,0.0,0.0,0.0
ERP,erp,tf2,ok,958635,hostile,rules,False,False,False,68.25,0.0,0.0,49,2026-08-05T20:44:26Z,measured,20260809T230716Z,0.0,0.0,0.0
ERP,erp,excel,ok,890352,permissive,rules,True,False,False,16.32,0.0,0.0,29,2026-08-05T20:44:34Z,measured,20260809T230716Z,0.0,0.5,0.0
ERP,erp,mbti,ok,605450,permissive,rules,False,True,False,26.41,0.0,0.0,30,2026-08-05T20:45:10Z,measured,20260809T230716Z,0.0,0.0,0.0
ERP,erp,sales,ok,594328,permissive,shipped,False,True,False,29.84,0.0,0.0,32,2026-08-04T17:54:39Z,shipped,20260809T230716Z,0.0,0.5,0.0
ERP,erp,starcitizen,ok,523496,permissive,rules,False,True,False,589.51,0.0,0.0,23,2026-08-05T20:45:14Z,measured,20260809T230716Z,0.02,0.0,0.0
ERP,erp,Unity3D,ok,472605,hostile,rules,True,False,False,26.44,0.0,0.0,36,2026-08-05T20:37:27Z,measured,20260809T230716Z,0.0,0.5,0.0
ERP,erp,southafrica,ok,407592,permissive,rules,False,True,False,12.7,0.0,0.0,27,2026-08-05T20:45:18Z,measured,20260809T230716Z,0.0,0.0,0.0
ERP,erp,SapphoAndHerFriend,ok,401961,permissive,rules,False,True,False,0.83,0.0,0.0,8,2026-08-05T20:45:22Z,measured,20260809T230716Z,0.02,0.0,0.0
ERP,erp,shopify,ok,368707,capped,shipped,True,False,False,9.93,0.0,0.0,48,2026-08-04T17:59:34Z,shipped,20260809T230716Z,0.03,0.5,0.0
ERP,erp,FifaCareers,ok,357716,hostile,rules,False,False,False,74.78,0.0,0.0,28,2026-08-05T20:45:26Z,measured,20260809T230716Z,0.02,0.0,0.0
ERP,erp,traditionaltattoos,ok,357338,permissive,rules,False,True,False,29.64,0.0,0.0,24,2026-08-05T20:45:30Z,measured,20260809T230716Z,0.0,0.0,0.0
ERP,erp,OCD,ok,337238,hostile,rules,False,False,False,18.32,0.0,0.0,50,2026-08-05T20:45:34Z,measured,20260809T230716Z,0.0,0.0,0.0
ERP,erp,Rainmeter,ok,322323,permissive,sidebar,False,True,False,0.0,0.0,0.0,31,2026-08-05T20:45:38Z,measured,20260809T230716Z,0.01,0.0,0.0
Business Intelligence and Analytics,business-intelligence,BusinessIntelligence,ok,239166,hostile,shipped,False,False,False,0.28,0.1,0.028,62,2026-08-04T18:07:41Z,shipped,20260809T230716Z,0.01,1.0,0.028
Business Intelligence and Analytics,business-intelligence,dataengineering,ok,470587,permissive,shipped,False,True,True,10.11,0.0,0.0,20,2026-08-04T18:07:49Z,shipped,20260809T230716Z,0.0,1.0,0.0
Business Intelligence and Analytics,business-intelligence,datascience,ok,2761030,capped,shipped,False,True,True,1.93,0.0,0.0,23,2026-08-04T18:07:57Z,shipped,20260809T230716Z,0.01,1.0,0.0
Business Intelligence and Analytics,business-intelligence,analytics,ok,277313,permissive,shipped,False,True,True,12.76,0.02,0.2552,17,2026-08-04T18:08:07Z,shipped,20260809T230716Z,0.06,1.0,0.2552
Business Intelligence and Analytics,business-intelligence,PowerBI,ok,208597,permissive,shipped,True,False,False,5.34,0.12,0.6408,37,2026-08-04T18:08:16Z,shipped,20260809T230716Z,0.17,1.0,0.6408
Business Intelligence and Analytics,business-intelligence,tableau,ok,93897,permissive,shipped,True,False,False,0.59,0.05,0.0295,16,2026-08-04T18:08:24Z,shipped,20260809T230716Z,0.31,1.0,0.0295
Business Intelligence and Analytics,business-intelligence,SQL,ok,286778,permissive,shipped,False,True,True,1.86,0.0,0.0,26,2026-08-04T18:08:33Z,shipped,20260809T230716Z,0.0,0.5,0.0
Business Intelligence and Analytics,business-intelligence,dataanalysis,ok,224773,permissive,shipped,False,True,True,1.84,0.02,0.0368,45,2026-08-04T18:08:42Z,shipped,20260809T230716Z,0.03,1.0,0.0368
Business Intelligence and Analytics,business-intelligence,MicrosoftFabric,ok,26394,permissive,shipped,True,False,False,4.49,0.08,0.3592,43,2026-08-04T18:08:50Z,shipped,20260809T230716Z,0.06,1.0,0.3592
Business Intelligence and Analytics,business-intelligence,aww,ok,37846716,permissive,rules,False,True,False,130.65,0.0,0.0,18,2026-08-05T20:34:41Z,measured,20260809T230716Z,0.0,0.0,0.0
Business Intelligence and Analytics,business-intelligence,pics,ok,33499498,hostile,rules,False,False,False,109.63,0.0,0.0,28,2026-08-05T20:39:27Z,measured,20260809T230716Z,0.0,0.0,0.0
Business Intelligence and Analytics,business-intelligence,dataisbeautiful,ok,21793645,permissive,rules,False,True,True,37.14,0.0,0.0,21,2026-08-05T20:46:10Z,measured,20260809T230716Z,0.0,1.0,0.0
Business Intelligence and Analytics,business-intelligence,Futurology,ok,21691007,permissive,rules,False,True,False,77.71,0.0,0.0,13,2026-08-05T20:46:13Z,measured,20260809T230716Z,0.0,0.0,0.0
Business Intelligence and Analytics,business-intelligence,OldSchoolCool,ok,19607583,permissive,rules,False,True,False,100.99,0.0,0.0,27,2026-08-05T20:46:17Z,measured,20260809T230716Z,0.0,0.0,0.0
Business Intelligence and Analytics,business-intelligence,nba,ok,17200763,permissive,rules,False,True,False,431.88,0.0,0.0,33,2026-08-05T20:37:58Z,measured,20260809T230716Z,0.0,0.0,0.0
Business Intelligence and Analytics,business-intelligence,pcmasterrace,ok,16223685,permissive,rules,False,True,False,519.99,0.0,0.0,50,2026-08-05T20:43:35Z,measured,20260809T230716Z,0.0,0.0,0.0
Business Intelligence and Analytics,business-intelligence,nfl,ok,12793602,permissive,rules,False,True,False,411.42,0.0,0.0,33,2026-08-05T20:38:03Z,measured,20260809T230716Z,0.0,0.0,0.0
Business Intelligence and Analytics,business-intelligence,cats,ok,9341127,hostile,rules,False,False,False,897.19,0.0,0.0,23,2026-08-05T20:46:22Z,measured,20260809T230716Z,0.0,0.0,0.0
Business Intelligence and Analytics,business-intelligence,boardgames,ok,5441848,hostile,rules,False,False,False,108.0,0.0,0.0,31,2026-08-05T20:46:26Z,measured,20260809T230716Z,0.0,0.0,0.0
Business Intelligence and Analytics,business-intelligence,Entrepreneur,ok,5249043,hostile,shipped,False,False,False,24.81,0.0,0.0,25,2026-08-04T17:55:37Z,shipped,20260809T230716Z,0.0,0.5,0.0
Business Intelligence and Analytics,business-intelligence,pokemon,ok,4904029,hostile,rules,False,False,False,91.34,0.0,0.0,41,2026-08-05T20:46:30Z,measured,20260809T230716Z,0.0,0.0,0.0
Business Intelligence and Analytics,business-intelligence,Baking,ok,4547048,hostile,rules,False,False,False,87.59,0.0,0.0,41,2026-08-05T20:46:34Z,measured,20260809T230716Z,0.0,0.0,0.0
Business Intelligence and Analytics,business-intelligence,singularity,ok,3948481,permissive,rules,True,False,False,138.46,0.0,0.0,18,2026-08-05T20:46:37Z,measured,20260809T230716Z,0.0,0.0,0.0
Business Intelligence and Analytics,business-intelligence,Watches,ok,3457054,permissive,rules,False,True,False,107.14,0.0,0.0,35,2026-08-05T20:46:42Z,measured,20260809T230716Z,0.0,0.0,0.0
Business Intelligence and Analytics,business-intelligence,hockey,ok,3111192,permissive,rules,False,True,False,303.16,0.0,0.0,17,2026-08-05T20:46:47Z,measured,20260809T230716Z,0.0,0.0,0.0
Business Intelligence and Analytics,business-intelligence,france,ok,2589952,permissive,rules,False,True,False,111.69,0.0,0.0,37,2026-08-05T20:46:52Z,measured,20260809T230716Z,0.0,0.0,0.0
Business Intelligence and Analytics,business-intelligence,business,ok,2583459,permissive,rules,False,False,False,11.89,0.0,0.0,15,2026-08-05T20:46:56Z,measured,20260809T230716Z,0.0,0.5,0.0
Business Intelligence and Analytics,business-intelligence,smallbusiness,ok,2515817,hostile,shipped,False,False,False,65.93,0.0,0.0,54,2026-08-04T17:55:28Z,shipped,20260809T230716Z,0.01,0.5,0.0
Business Intelligence and Analytics,business-intelligence,conspiracy,ok,2408472,permissive,rules,False,True,False,442.86,0.0,0.0,33,2026-08-05T20:36:19Z,measured,20260809T230716Z,0.0,0.0,0.0
Business Intelligence and Analytics,business-intelligence,ArtificialInteligence,ok,1894137,permissive,rules,False,True,True,46.01,0.0,0.0,36,2026-08-05T20:47:00Z,measured,20260809T230716Z,0.0,0.5,0.0
Business Intelligence and Analytics,business-intelligence,microsoft,ok,1516517,hostile,rules,True,False,False,3.34,0.0,0.0,21,2026-08-05T20:47:04Z,measured,20260809T230716Z,0.0,0.5,0.0
Business Intelligence and Analytics,business-intelligence,artificial,ok,1319126,permissive,rules,False,True,False,33.89,0.0,0.0,18,2026-08-05T20:47:08Z,measured,20260809T230716Z,0.0,0.0,0.0
Business Intelligence and Analytics,business-intelligence,Accounting,ok,1272896,hostile,shipped,False,False,False,76.58,0.0,0.0,37,2026-08-04T17:57:34Z,shipped,20260809T230716Z,0.01,0.5,0.0
Business Intelligence and Analytics,business-intelligence,excel,ok,890352,permissive,rules,True,False,False,16.32,0.0,0.0,29,2026-08-05T20:44:34Z,measured,20260809T230716Z,0.0,1.0,0.0
eCommerce Platforms,ecommerce,ecommerce,ok,664240,hostile,shipped,False,False,False,13.77,0.04,0.5508,54,2026-08-04T17:59:26Z,shipped,20260809T230716Z,0.0,1.0,0.5508
eCommerce Platforms,ecommerce,shopify,ok,368707,capped,shipped,True,False,False,9.93,0.51,5.0643,48,2026-08-04T17:59:34Z,shipped,20260809T230716Z,0.03,1.0,5.0643
eCommerce Platforms,ecommerce,woocommerce,ok,50157,hostile,shipped,True,False,False,1.11,0.04,0.0444,36,2026-08-04T18:08:59Z,shipped,20260809T230716Z,0.3,1.0,0.0444
eCommerce Platforms,ecommerce,BigCommerce,ok,4973,permissive,shipped,True,False,False,0.19,0.27,0.0513,25,2026-08-04T18:09:07Z,shipped,20260809T230716Z,0.31,1.0,0.0513
eCommerce Platforms,ecommerce,squarespace,ok,21139,permissive,shipped,True,False,False,0.85,0.3,0.255,31,2026-08-04T18:09:15Z,shipped,20260809T230716Z,0.32,1.0,0.255
eCommerce Platforms,ecommerce,Wix,ok,18127,hostile,shipped,True,False,False,1.31,0.6,0.786,21,2026-08-04T18:09:22Z,shipped,20260809T230716Z,0.49,1.0,0.786
eCommerce Platforms,ecommerce,dropship,ok,356752,hostile,shipped,False,False,False,0.6,0.04,0.024,31,2026-08-04T18:09:31Z,shipped,20260809T230716Z,0.03,1.0,0.024
eCommerce Platforms,ecommerce,FulfillmentByAmazon,ok,142372,permissive,shipped,False,True,True,4.29,0.0,0.0,29,2026-08-04T18:09:39Z,shipped,20260809T230716Z,0.0,1.0,0.0
eCommerce Platforms,ecommerce,smallbusiness,ok,2515817,hostile,shipped,False,False,False,65.93,0.07,4.6151,54,2026-08-04T17:55:28Z,shipped,20260809T230716Z,0.01,0.5,2.30755
eCommerce Platforms,ecommerce,Entrepreneur,ok,5249043,hostile,shipped,False,False,False,24.81,0.01,0.2481,25,2026-08-04T17:55:37Z,shipped,20260809T230716Z,0.0,0.5,0.12405
eCommerce Platforms,ecommerce,agency,ok,96594,permissive,shipped,False,True,True,4.38,0.0,0.0,47,2026-08-05T17:43:09Z,shipped,20260809T230716Z,0.0,0.5,0.0
eCommerce Platforms,ecommerce,webdev,ok,3291935,hostile,shipped,False,False,False,28.14,0.01,0.2814,49,2026-08-04T18:04:28Z,shipped,20260809T230716Z,0.0,0.5,0.1407
eCommerce Platforms,ecommerce,startups,ok,2107067,capped,shipped,False,True,True,16.76,0.01,0.1676,31,2026-08-05T17:43:02Z,shipped,20260809T230716Z,0.0,0.5,0.0838
eCommerce Platforms,ecommerce,wallstreetbets,ok,20204188,hostile,rules,False,False,False,2566.46,0.0,0.0,9,2026-08-05T20:30:52Z,measured,20260809T230716Z,0.0,0.0,0.0
eCommerce Platforms,ecommerce,stocks,ok,9338222,permissive,rules,False,True,False,325.82,0.0,0.0,13,2026-08-05T20:30:55Z,measured,20260809T230716Z,0.01,0.0,0.0
eCommerce Platforms,ecommerce,politics,ok,9230904,permissive,rules,False,True,False,1200.88,0.0,0.0,48,2026-08-05T20:32:07Z,measured,20260809T230716Z,0.0,0.0,0.0
eCommerce Platforms,ecommerce,Bitcoin,ok,8156861,permissive,rules,False,True,False,120.66,0.0,0.0,40,2026-08-05T20:33:13Z,measured,20260809T230716Z,0.01,0.0,0.0
eCommerce Platforms,ecommerce,photography,ok,5638290,permissive,rules,False,True,False,36.72,0.01,0.3672,24,2026-08-05T20:47:40Z,measured,20260809T230716Z,0.01,0.0,0.0
eCommerce Platforms,ecommerce,podcasts,ok,3907959,permissive,rules,False,True,False,7.45,0.0,0.0,29,2026-08-05T20:47:44Z,measured,20260809T230716Z,0.0,0.0,0.0
eCommerce Platforms,ecommerce,india,ok,3472451,capped,rules,False,True,False,53.22,0.0,0.0,36,2026-08-05T20:30:59Z,measured,20260809T230716Z,0.0,0.0,0.0
eCommerce Platforms,ecommerce,dogecoin,ok,2565122,permissive,rules,False,True,False,2.35,0.0,0.0,13,2026-08-05T20:47:48Z,measured,20260809T230716Z,0.0,0.0,0.0
eCommerce Platforms,ecommerce,conspiracy,ok,2408472,permissive,rules,False,True,False,442.86,0.0,0.0,33,2026-08-05T20:36:19Z,measured,20260809T230716Z,0.0,0.0,0.0
eCommerce Platforms,ecommerce,CryptoMoonShots,ok,2293889,capped,rules,False,True,False,0.55,0.0,0.0,69,2026-08-05T20:36:23Z,measured,20260809T230716Z,0.0,0.0,0.0
eCommerce Platforms,ecommerce,singapore,ok,1810683,permissive,rules,False,True,False,23.42,0.0,0.0,27,2026-08-05T20:35:51Z,measured,20260809T230716Z,0.0,0.0,0.0
eCommerce Platforms,ecommerce,btc,ok,1222415,permissive,rules,False,True,False,22.66,0.0,0.0,17,2026-08-05T20:47:52Z,measured,20260809T230716Z,0.0,0.0,0.0
eCommerce Platforms,ecommerce,web_design,ok,974167,hostile,shipped,False,False,False,1.08,0.02,0.0216,31,2026-08-04T18:04:19Z,shipped,20260809T230716Z,0.03,0.5,0.0108
eCommerce Platforms,ecommerce,selfhosted,ok,813099,hostile,shipped,False,False,False,66.7,0.0,0.0,33,2026-08-04T18:02:09Z,shipped,20260809T230716Z,0.01,0.5,0.0
eCommerce Platforms,ecommerce,forhire,ok,660133,permissive,shipped,False,True,False,33.95,0.0,0.0,56,2026-08-05T17:45:22Z,shipped,20260809T230716Z,0.0,0.0,0.0
eCommerce Platforms,ecommerce,Libertarian,ok,513100,permissive,rules,False,True,False,3.11,0.0,0.0,23,2026-08-05T20:36:35Z,measured,20260809T230716Z,0.0,0.0,0.0
eCommerce Platforms,ecommerce,SEO,ok,501629,hostile,shipped,False,False,False,29.66,0.0,0.0,32,2026-08-04T18:00:36Z,shipped,20260809T230716Z,0.0,0.5,0.0
eCommerce Platforms,ecommerce,ValorantCompetitive,ok,353657,permissive,rules,False,True,False,72.48,0.0,0.0,11,2026-08-05T20:47:56Z,measured,20260809T230716Z,0.0,0.0,0.0
eCommerce Platforms,ecommerce,Wordpress,ok,312222,hostile,shipped,False,False,False,27.2,0.02,0.544,27,2026-08-05T18:53:01Z,shipped,20260809T230716Z,0.04,0.5,0.272
eCommerce Platforms,ecommerce,dropshipping,ok,277869,permissive,shipped,False,True,True,11.51,0.02,0.2302,38,2026-08-05T18:53:10Z,shipped,20260809T230716Z,0.01,1.0,0.2302
eCommerce Platforms,ecommerce,Blogging,ok,202146,hostile,rules,False,False,False,2.43,0.0,0.0,28,2026-08-05T20:48:00Z,measured,20260809T230716Z,0.0,0.5,0.0
Applicant Tracking and Recruiting,recruiting,recruiting,ok,210055,hostile,shipped,False,False,False,2.35,0.0,0.0,44,2026-08-04T17:58:55Z,shipped,20260809T230716Z,0.0,1.0,0.0
Applicant Tracking and Recruiting,recruiting,humanresources,ok,234804,hostile,shipped,False,False,False,19.33,0.0,0.0,26,2026-08-04T17:58:40Z,shipped,20260809T230716Z,0.02,1.0,0.0
Applicant Tracking and Recruiting,recruiting,AskHR,ok,1845125,permissive,shipped,False,True,True,40.08,0.0,0.0,18,2026-08-04T17:58:47Z,shipped,20260809T230716Z,0.0,1.0,0.0
Applicant Tracking and Recruiting,recruiting,recruitinghell,ok,1437876,permissive,shipped,False,True,True,171.99,0.0,0.0,29,2026-08-04T18:09:48Z,shipped,20260809T230716Z,0.0,1.0,0.0
Applicant Tracking and Recruiting,recruiting,cscareerquestions,ok,2374167,permissive,shipped,False,True,True,64.4,0.0,0.0,29,2026-08-04T18:09:56Z,shipped,20260809T230716Z,0.0,1.0,0.0
Applicant Tracking and Recruiting,recruiting,talentacquisition,ok,760,unknown,none,False,True,True,0.0,0.0417,0.0,1,2026-08-05T20:48:22Z,measured,20260809T230716Z,0.0,1.0,0.0
Applicant Tracking and Recruiting,recruiting,Entrepreneur,ok,5249043,hostile,shipped,False,False,False,24.81,0.0,0.0,25,2026-08-04T17:55:37Z,shipped,20260809T230716Z,0.0,0.5,0.0
Applicant Tracking and Recruiting,recruiting,ExperiencedDevs,ok,408386,permissive,shipped,False,True,True,13.87,0.0,0.0,15,2026-08-04T17:57:26Z,shipped,20260809T230716Z,0.01,0.5,0.0
Applicant Tracking and Recruiting,recruiting,startups,ok,2107067,capped,shipped,False,True,True,16.76,0.0,0.0,31,2026-08-05T17:43:02Z,shipped,20260809T230716Z,0.0,0.5,0.0
Applicant Tracking and Recruiting,recruiting,consulting,ok,378485,permissive,shipped,False,True,True,5.46,0.0,0.0,20,2026-08-05T17:42:53Z,shipped,20260809T230716Z,0.0,0.5,0.0
Applicant Tracking and Recruiting,recruiting,agency,ok,96594,permissive,shipped,False,True,True,4.38,0.0,0.0,47,2026-08-05T17:43:09Z,shipped,20260809T230716Z,0.0,0.5,0.0
Applicant Tracking and Recruiting,recruiting,worldnews,ok,47508421,permissive,rules,False,True,False,735.82,0.0,0.0,23,2026-08-05T20:37:49Z,measured,20260809T230716Z,0.0,0.0,0.0
Applicant Tracking and Recruiting,recruiting,science,ok,34486351,permissive,rules,False,True,False,113.87,0.0,0.0,18,2026-08-05T20:34:49Z,measured,20260809T230716Z,0.0,0.0,0.0
Applicant Tracking and Recruiting,recruiting,Futurology,ok,21691007,permissive,rules,False,True,False,77.71,0.0,0.0,13,2026-08-05T20:46:13Z,measured,20260809T230716Z,0.0,0.0,0.0
Applicant Tracking and Recruiting,recruiting,nba,ok,17200763,permissive,rules,False,True,False,431.88,0.0,0.0,33,2026-08-05T20:37:58Z,measured,20260809T230716Z,0.0,0.0,0.0
Applicant Tracking and Recruiting,recruiting,CryptoCurrency,ok,10134642,permissive,rules,False,True,False,38.93,0.0,0.0,20,2026-08-05T20:36:11Z,measured,20260809T230716Z,0.0,0.0,0.0
Applicant Tracking and Recruiting,recruiting,politics,ok,9230904,permissive,rules,False,True,False,1200.88,0.0,0.0,48,2026-08-05T20:32:07Z,measured,20260809T230716Z,0.0,0.0,0.0
Applicant Tracking and Recruiting,recruiting,gardening,ok,8952417,hostile,rules,False,False,False,272.28,0.0,0.0,24,2026-08-05T20:48:27Z,measured,20260809T230716Z,0.0,0.0,0.0
Applicant Tracking and Recruiting,recruiting,Minecraft,ok,8732564,permissive,rules,False,True,False,191.2,0.0,0.0,55,2026-08-05T20:32:11Z,measured,20260809T230716Z,0.0,0.0,0.0
Applicant Tracking and Recruiting,recruiting,woodworking,ok,6176682,hostile,rules,False,False,False,46.19,0.0,0.0,30,2026-08-05T20:48:31Z,measured,20260809T230716Z,0.0,0.0,0.0
Applicant Tracking and Recruiting,recruiting,bodyweightfitness,ok,4783052,hostile,rules,False,False,False,28.78,0.0,0.0,22,2026-08-05T20:48:35Z,measured,20260809T230716Z,0.01,0.0,0.0
Applicant Tracking and Recruiting,recruiting,CFB,ok,4493125,permissive,rules,False,True,False,239.58,0.0,0.0,25,2026-08-05T20:48:39Z,measured,20260809T230716Z,0.0,0.0,0.0
Applicant Tracking and Recruiting,recruiting,motorcycles,ok,4378988,permissive,rules,False,True,False,181.95,0.0,0.0,28,2026-08-05T20:43:43Z,measured,20260809T230716Z,0.0,0.0,0.0
Applicant Tracking and Recruiting,recruiting,homestead,ok,3533469,permissive,rules,False,True,False,34.74,0.0,0.0,18,2026-08-05T20:48:43Z,measured,20260809T230716Z,0.01,0.0,0.0
Applicant Tracking and Recruiting,recruiting,StardewValley,ok,3265029,capped,rules,False,True,False,135.52,0.0,0.0,31,2026-08-05T20:48:47Z,measured,20260809T230716Z,0.0,0.0,0.0
Applicant Tracking and Recruiting,recruiting,frugalmalefashion,ok,3209203,permissive,rules,False,True,False,1.96,0.0,0.0,17,2026-08-05T20:48:51Z,measured,20260809T230716Z,0.0,0.0,0.0
Applicant Tracking and Recruiting,recruiting,baseball,ok,3177197,permissive,rules,False,True,False,1141.34,0.0,0.0,25,2026-08-05T20:35:30Z,measured,20260809T230716Z,0.0,0.0,0.0
Applicant Tracking and Recruiting,recruiting,whatisthisthing,ok,3147428,permissive,rules,False,True,False,12.43,0.0,0.0,44,2026-08-05T20:48:55Z,measured,20260809T230716Z,0.0,0.0,0.0
Applicant Tracking and Recruiting,recruiting,houseplants,ok,3005556,hostile,rules,False,False,False,63.56,0.0,0.0,42,2026-08-05T20:48:59Z,measured,20260809T230716Z,0.01,0.0,0.0
Applicant Tracking and Recruiting,recruiting,australia,ok,2879254,permissive,rules,False,True,False,27.83,0.0,0.0,22,2026-08-05T20:49:04Z,measured,20260809T230716Z,0.01,0.0,0.0
Applicant Tracking and Recruiting,recruiting,jobs,ok,2750327,hostile,rules,False,False,False,112.77,0.0,0.0,37,2026-08-05T20:35:39Z,measured,20260809T230716Z,0.0,1.0,0.0
Applicant Tracking and Recruiting,recruiting,AskEngineers,ok,2739044,permissive,rules,False,True,False,41.13,0.0,0.0,14,2026-08-05T20:49:08Z,measured,20260809T230716Z,0.0,0.5,0.0
Applicant Tracking and Recruiting,recruiting,crochet,ok,1953912,hostile,rules,False,False,False,52.64,0.0,0.0,39,2026-08-05T20:35:47Z,measured,20260809T230716Z,0.0,0.0,0.0
Applicant Tracking and Recruiting,recruiting,MemeEconomy,ok,1860226,permissive,rules,False,True,False,0.35,0.0,0.0,51,2026-08-05T20:49:12Z,measured,20260809T230716Z,0.0,0.0,0.0
Payroll,payroll,Payroll,ok,34154,permissive,shipped,False,True,True,1.35,0.02,0.027,32,2026-08-04T17:59:02Z,shipped,20260809T230716Z,0.05,1.0,0.027
Payroll,payroll,Accounting,ok,1272896,hostile,shipped,False,False,False,76.58,0.0,0.0,37,2026-08-04T17:57:34Z,shipped,20260809T230716Z,0.01,1.0,0.0
Payroll,payroll,humanresources,ok,234804,hostile,shipped,False,False,False,19.33,0.0,0.0,26,2026-08-04T17:58:40Z,shipped,20260809T230716Z,0.02,1.0,0.0
Payroll,payroll,smallbusiness,ok,2515817,hostile,shipped,False,False,False,65.93,0.0,0.0,54,2026-08-04T17:55:28Z,shipped,20260809T230716Z,0.01,0.5,0.0
Payroll,payroll,Bookkeeping,ok,82709,hostile,shipped,False,False,False,1.04,0.0,0.0,41,2026-08-04T17:57:53Z,shipped,20260809T230716Z,0.3,1.0,0.0
Payroll,payroll,Entrepreneur,ok,5249043,hostile,shipped,False,False,False,24.81,0.0,0.0,25,2026-08-04T17:55:37Z,shipped,20260809T230716Z,0.0,0.5,0.0
Payroll,payroll,tax,ok,471666,permissive,shipped,False,True,True,26.61,0.0,0.0,31,2026-08-04T17:58:01Z,shipped,20260809T230716Z,0.0,0.5,0.0
Payroll,payroll,AskHR,ok,1845125,permissive,shipped,False,True,True,40.08,0.0,0.0,18,2026-08-04T17:58:47Z,shipped,20260809T230716Z,0.0,1.0,0.0
Payroll,payroll,recruiting,ok,210055,hostile,shipped,False,False,False,2.35,0.0,0.0,44,2026-08-04T17:58:55Z,shipped,20260809T230716Z,0.0,0.5,0.0
Payroll,payroll,consulting,ok,378485,permissive,shipped,False,True,True,5.46,0.0,0.0,20,2026-08-05T17:42:53Z,shipped,20260809T230716Z,0.0,0.5,0.0
Payroll,payroll,science,ok,34486351,permissive,rules,False,True,False,113.87,0.0,0.0,18,2026-08-05T20:34:49Z,measured,20260809T230716Z,0.0,0.0,0.0
Payroll,payroll,personalfinance,ok,21793986,permissive,rules,False,True,True,195.63,0.0,0.0,36,2026-08-05T20:49:31Z,measured,20260809T230716Z,0.0,0.5,0.0
Payroll,payroll,nba,ok,17200763,permissive,rules,False,True,False,431.88,0.0,0.0,33,2026-08-05T20:37:58Z,measured,20260809T230716Z,0.0,0.0,0.0
Payroll,payroll,interestingasfuck,ok,16665271,hostile,rules,False,False,False,358.9,0.0,0.0,34,2026-08-05T20:34:55Z,measured,20260809T230716Z,0.0,0.0,0.0
Payroll,payroll,oddlysatisfying,ok,12656281,permissive,rules,False,True,False,171.58,0.0,0.0,22,2026-08-05T20:34:59Z,measured,20260809T230716Z,0.0,0.0,0.0
Payroll,payroll,politics,ok,9230904,permissive,rules,False,True,False,1200.88,0.0,0.0,48,2026-08-05T20:32:07Z,measured,20260809T230716Z,0.0,0.0,0.0
Payroll,payroll,Economics,ok,5748386,permissive,rules,False,True,True,144.79,0.0,0.0,14,2026-08-05T20:49:35Z,measured,20260809T230716Z,0.0,0.5,0.0
Payroll,payroll,woahdude,ok,4311572,permissive,rules,False,True,False,12.64,0.0,0.0,10,2026-08-05T20:35:03Z,measured,20260809T230716Z,0.0,0.0,0.0
Payroll,payroll,spaceporn,ok,4297151,permissive,rules,False,True,False,18.9,0.0,0.0,13,2026-08-05T20:35:07Z,measured,20260809T230716Z,0.0,0.0,0.0
Payroll,payroll,Philippines,ok,3602045,permissive,rules,False,True,False,47.84,0.0,0.0,31,2026-08-05T20:35:14Z,measured,20260809T230716Z,0.03,0.0,0.0
Payroll,payroll,legaladvice,ok,3528500,permissive,rules,False,True,False,120.35,0.0,0.0,41,2026-08-05T20:49:39Z,measured,20260809T230716Z,0.0,0.0,0.0
Payroll,payroll,fantasyfootball,ok,3418715,permissive,rules,False,True,False,176.86,0.0,0.0,29,2026-08-05T20:38:25Z,measured,20260809T230716Z,0.0,0.0,0.0
Payroll,payroll,3Dprinting,ok,3403862,permissive,rules,False,True,False,250.54,0.0,0.0,38,2026-08-05T20:35:18Z,measured,20260809T230716Z,0.0,0.0,0.0
Payroll,payroll,mexico,ok,3199711,permissive,rules,False,True,False,215.01,0.0,0.0,30,2026-08-05T20:35:26Z,measured,20260809T230716Z,0.0,0.0,0.0
Payroll,payroll,baseball,ok,3177197,permissive,rules,False,True,False,1141.34,0.0,0.0,25,2026-08-05T20:35:30Z,measured,20260809T230716Z,0.0,0.0,0.0
Payroll,payroll,antiwork,ok,2991911,permissive,shipped,False,True,False,153.78,0.0,0.0,18,2026-08-04T17:59:10Z,shipped,20260809T230716Z,0.0,0.0,0.0
Payroll,payroll,france,ok,2589952,permissive,rules,False,True,False,111.69,0.0,0.0,37,2026-08-05T20:46:52Z,measured,20260809T230716Z,0.0,0.0,0.0
Payroll,payroll,sewing,ok,2242316,permissive,rules,False,True,False,35.39,0.0,0.0,35,2026-08-05T20:35:43Z,measured,20260809T230716Z,0.0,0.0,0.0
Payroll,payroll,crochet,ok,1953912,hostile,rules,False,False,False,52.64,0.0,0.0,39,2026-08-05T20:35:47Z,measured,20260809T230716Z,0.0,0.0,0.0
Payroll,payroll,RedditPregunta,ok,1643252,permissive,rules,True,False,False,77.36,0.0,0.0,39,2026-08-05T20:35:56Z,measured,20260809T230716Z,0.0,0.0,0.0
Payroll,payroll,argentina,ok,1540620,permissive,rules,False,True,False,186.63,0.0,0.0,27,2026-08-05T20:36:00Z,measured,20260809T230716Z,0.0,0.0,0.0
Payroll,payroll,economy,ok,1077646,permissive,rules,False,True,False,132.29,0.0,0.0,34,2026-08-05T20:49:43Z,measured,20260809T230716Z,0.0,0.0,0.0
Payroll,payroll,pathofexile,ok,1077488,permissive,rules,False,True,False,223.83,0.0,0.0,33,2026-08-05T20:49:47Z,measured,20260809T230716Z,0.0,0.0,0.0
Payroll,payroll,OffMyChestPH,ok,1077437,permissive,rules,False,True,False,23.5,0.0,0.0,18,2026-08-05T20:49:51Z,measured,20260809T230716Z,0.09,0.0,0.0
Cloud Hosting and Infrastructure,cloud-hosting,webdev,ok,3291935,hostile,shipped,False,False,False,28.14,0.02,0.5628,49,2026-08-04T18:04:28Z,shipped,20260809T230716Z,0.0,1.0,0.5628
Cloud Hosting and Infrastructure,cloud-hosting,devops,ok,505353,permissive,shipped,False,True,True,10.84,0.01,0.1084,29,2026-08-04T18:10:10Z,shipped,20260809T230716Z,0.0,1.0,0.1084
Cloud Hosting and Infrastructure,cloud-hosting,selfhosted,ok,813099,hostile,shipped,False,False,False,66.7,0.01,0.667,33,2026-08-04T18:02:09Z,shipped,20260809T230716Z,0.01,0.5,0.3335
Cloud Hosting and Infrastructure,cloud-hosting,aws,ok,390926,permissive,sidebar,False,True,True,5.7,0.0,0.0,15,2026-08-05T20:50:46Z,measured,20260809T230716Z,0.0,1.0,0.0
Cloud Hosting and Infrastructure,cloud-hosting,nextjs,ok,172408,permissive,shipped,False,True,True,2.19,0.14,0.3066,29,2026-08-04T18:10:30Z,shipped,20260809T230716Z,0.02,0.5,0.1533
Cloud Hosting and Infrastructure,cloud-hosting,reactjs,ok,510388,permissive,shipped,False,True,True,3.01,0.05,0.1505,22,2026-08-04T18:10:39Z,shipped,20260809T230716Z,0.0,0.5,0.07525
Cloud Hosting and Infrastructure,cloud-hosting,sysadmin,ok,1307123,permissive,shipped,False,True,True,111.96,0.0,0.0,24,2026-08-04T18:02:01Z,shipped,20260809T230716Z,0.0,1.0,0.0
Cloud Hosting and Infrastructure,cloud-hosting,homelab,ok,1064059,capped,shipped,False,True,True,59.72,0.0,0.0,26,2026-08-04T18:10:45Z,shipped,20260809T230716Z,0.0,0.5,0.0
Cloud Hosting and Infrastructure,cloud-hosting,kubernetes,ok,208463,capped,shipped,False,True,False,2.12,0.0,0.0,28,2026-08-04T18:10:52Z,shipped,20260809T230716Z,0.0,0.5,0.0
Cloud Hosting and Infrastructure,cloud-hosting,node,ok,347784,permissive,sidebar,False,True,True,0.83,0.01,0.0083,26,2026-08-05T20:50:54Z,measured,20260809T230716Z,0.0,0.5,0.00415
Cloud Hosting and Infrastructure,cloud-hosting,ExperiencedDevs,ok,408386,permissive,shipped,False,True,False,13.87,0.0,0.0,15,2026-08-04T17:57:26Z,shipped,20260809T230716Z,0.01,1.0,0.0
Cloud Hosting and Infrastructure,cloud-hosting,startups,ok,2107067,capped,shipped,False,True,False,16.76,0.0,0.0,31,2026-08-05T17:43:02Z,shipped,20260809T230716Z,0.0,1.0,0.0
Cloud Hosting and Infrastructure,cloud-hosting,worldnews,ok,47508421,permissive,rules,False,True,False,735.82,0.0,0.0,23,2026-08-05T20:37:49Z,measured,20260809T230716Z,0.0,0.0,0.0
Cloud Hosting and Infrastructure,cloud-hosting,Art,ok,22493099,capped,rules,True,False,False,35.46,0.0,0.0,42,2026-08-05T20:40:13Z,measured,20260809T230716Z,0.05,0.0,0.0
Cloud Hosting and Infrastructure,cloud-hosting,CryptoCurrency,ok,10134642,permissive,rules,False,True,False,38.93,0.0,0.0,20,2026-08-05T20:36:11Z,measured,20260809T230716Z,0.0,0.5,0.0
Cloud Hosting and Infrastructure,cloud-hosting,politics,ok,9230904,permissive,rules,False,True,False,1200.88,0.0,0.0,48,2026-08-05T20:32:07Z,measured,20260809T230716Z,0.0,0.0,0.0
Cloud Hosting and Infrastructure,cloud-hosting,programming,ok,6908004,permissive,rules,False,True,False,14.8,0.0,0.0,27,2026-08-05T20:32:15Z,measured,20260809T230716Z,0.0,0.5,0.0
Cloud Hosting and Infrastructure,cloud-hosting,learnprogramming,ok,4395765,permissive,rules,False,True,False,29.79,0.0,0.0,30,2026-08-05T20:50:15Z,measured,20260809T230716Z,0.0,0.5,0.0
Cloud Hosting and Infrastructure,cloud-hosting,javascript,ok,2446781,permissive,rules,False,True,False,1.83,0.0,0.0,37,2026-08-05T20:41:01Z,measured,20260809T230716Z,0.01,0.5,0.0
Cloud Hosting and Infrastructure,cloud-hosting,conspiracy,ok,2408472,permissive,rules,False,True,False,442.86,0.0,0.0,33,2026-08-05T20:36:19Z,measured,20260809T230716Z,0.0,0.0,0.0
Cloud Hosting and Infrastructure,cloud-hosting,Python,ok,1502437,permissive,rules,False,True,False,12.12,0.0,0.0,15,2026-08-05T20:45:02Z,measured,20260809T230716Z,0.0,0.5,0.0
Cloud Hosting and Infrastructure,cloud-hosting,Simulated,ok,1400310,permissive,rules,False,True,False,0.86,0.0,0.0,11,2026-08-05T20:50:18Z,measured,20260809T230716Z,0.0,0.0,0.0
Cloud Hosting and Infrastructure,cloud-hosting,Conservative,ok,1376046,permissive,rules,False,True,False,32.22,0.0,0.0,30,2026-08-05T20:50:23Z,measured,20260809T230716Z,0.0,0.0,0.0
Cloud Hosting and Infrastructure,cloud-hosting,learnpython,ok,1046160,hostile,rules,False,False,False,10.07,0.0,0.0,29,2026-08-05T20:50:27Z,measured,20260809T230716Z,0.0,0.5,0.0
Cloud Hosting and Infrastructure,cloud-hosting,ukraine,ok,952299,permissive,rules,False,True,False,67.34,0.0,0.0,28,2026-08-05T20:50:31Z,measured,20260809T230716Z,0.0,0.0,0.0
Cloud Hosting and Infrastructure,cloud-hosting,SideProject,ok,799708,permissive,sidebar,False,True,True,53.63,0.01,0.5363,41,2026-08-05T20:32:58Z,measured,20260809T230716Z,0.0,0.5,0.26815
Cloud Hosting and Infrastructure,cloud-hosting,SaaS,ok,771500,hostile,shipped,False,False,False,78.73,0.0,0.0,49,2026-08-04T17:55:55Z,shipped,20260809T230716Z,0.0,0.5,0.0
Cloud Hosting and Infrastructure,cloud-hosting,InfrastructurePorn,ok,761865,permissive,rules,False,True,False,0.79,0.0,0.0,11,2026-08-05T20:50:34Z,measured,20260809T230716Z,0.0,0.0,0.0
Cloud Hosting and Infrastructure,cloud-hosting,CitiesSkylines,ok,630279,permissive,rules,False,True,False,28.22,0.0,0.0,34,2026-08-05T20:50:38Z,measured,20260809T230716Z,0.0,0.0,0.0
Cloud Hosting and Infrastructure,cloud-hosting,fuckcars,ok,500669,permissive,rules,False,True,False,8.9,0.0,0.0,36,2026-08-05T20:50:42Z,measured,20260809T230716Z,0.0,0.0,0.0
Cloud Hosting and Infrastructure,cloud-hosting,UkrainianConflict,ok,486840,permissive,shipped,False,True,False,50.43,0.0,0.0,30,2026-08-05T18:53:51Z,shipped,20260809T230716Z,0.12,0.0,0.0
Cloud Hosting and Infrastructure,cloud-hosting,golang,ok,372101,permissive,rules,False,True,False,15.38,0.0,0.0,16,2026-08-05T20:50:50Z,measured,20260809T230716Z,0.0,0.5,0.0
Cloud Hosting and Infrastructure,cloud-hosting,CATpreparation,ok,347246,hostile,rules,False,False,False,50.25,0.0,0.0,46,2026-08-05T20:50:58Z,measured,20260809T230716Z,0.0,0.0,0.0
Cloud Hosting and Infrastructure,cloud-hosting,NFTsMarketplace,ok,318755,permissive,rules,False,True,False,0.08,0.0,0.0,43,2026-08-05T20:51:02Z,measured,20260809T230716Z,0.0,0.0,0.0
Team Collaboration and Chat,team-chat,sysadmin,ok,1307123,permissive,shipped,False,True,True,111.96,0.01,1.1196,24,2026-08-04T18:02:01Z,shipped,20260809T230716Z,0.0,1.0,1.1196
Team Collaboration and Chat,team-chat,ITManagers,ok,77193,permissive,shipped,False,True,True,6.51,0.0,0.0,12,2026-08-04T18:02:16Z,shipped,20260809T230716Z,0.0,0.5,0.0
Team Collaboration and Chat,team-chat,msp,ok,245261,capped,shipped,False,True,True,5.27,0.0,0.0,25,2026-08-04T18:06:20Z,shipped,20260809T230716Z,0.0,1.0,0.0
Team Collaboration and Chat,team-chat,productivity,ok,4231867,hostile,shipped,False,False,False,9.37,0.0,0.0,38,2026-08-04T17:57:18Z,shipped,20260809T230716Z,0.0,0.5,0.0
Team Collaboration and Chat,team-chat,remotework,ok,593610,permissive,shipped,False,True,True,9.55,0.0,0.0,53,2026-08-04T18:11:10Z,shipped,20260809T230716Z,0.0,1.0,0.0
Team Collaboration and Chat,team-chat,ExperiencedDevs,ok,408386,permissive,shipped,False,True,True,13.87,0.0,0.0,15,2026-08-04T17:57:26Z,shipped,20260809T230716Z,0.01,0.5,0.0
Team Collaboration and Chat,team-chat,Slack,ok,36311,hostile,shipped,True,False,False,0.75,0.02,0.015,32,2026-08-04T18:11:19Z,shipped,20260809T230716Z,0.48,1.0,0.015
Team Collaboration and Chat,team-chat,MicrosoftTeams,ok,89758,hostile,shipped,True,False,False,1.1,0.01,0.011,22,2026-08-04T18:11:27Z,shipped,20260809T230716Z,0.09,1.0,0.011
Team Collaboration and Chat,team-chat,funny,ok,67544446,hostile,rules,False,False,False,261.43,0.0,0.0,15,2026-08-05T20:39:24Z,measured,20260809T230716Z,0.0,0.0,0.0
Team Collaboration and Chat,team-chat,aww,ok,37846716,permissive,rules,False,True,False,130.65,0.0,0.0,18,2026-08-05T20:34:41Z,measured,20260809T230716Z,0.0,0.0,0.0
Team Collaboration and Chat,team-chat,memes,ok,35945324,permissive,rules,False,True,False,543.38,0.0,0.0,25,2026-08-05T20:34:45Z,measured,20260809T230716Z,0.0,0.0,0.0
Team Collaboration and Chat,team-chat,pics,ok,33499498,hostile,rules,False,False,False,109.63,0.0,0.0,28,2026-08-05T20:39:27Z,measured,20260809T230716Z,0.0,0.0,0.0
Team Collaboration and Chat,team-chat,technology,ok,20452155,permissive,rules,False,True,True,810.1,0.0,0.0,23,2026-08-05T20:30:48Z,measured,20260809T230716Z,0.0,0.5,0.0
Team Collaboration and Chat,team-chat,wallstreetbets,ok,20204188,hostile,rules,False,False,False,2566.46,0.0,0.0,9,2026-08-05T20:30:52Z,measured,20260809T230716Z,0.0,0.0,0.0
Team Collaboration and Chat,team-chat,interestingasfuck,ok,16665271,hostile,rules,False,False,False,358.9,0.0,0.0,34,2026-08-05T20:34:55Z,measured,20260809T230716Z,0.0,0.0,0.0
Team Collaboration and Chat,team-chat,ChatGPT,ok,11588013,permissive,rules,True,False,False,137.0,0.05,6.85,34,2026-08-05T20:51:16Z,measured,20260809T230716Z,0.05,0.0,0.0
Team Collaboration and Chat,team-chat,CryptoCurrency,ok,10134642,permissive,rules,False,True,False,38.93,0.0,0.0,20,2026-08-05T20:36:11Z,measured,20260809T230716Z,0.0,0.0,0.0
Team Collaboration and Chat,team-chat,soccer,ok,8767181,permissive,rules,False,True,False,560.98,0.0,0.0,32,2026-08-05T20:51:20Z,measured,20260809T230716Z,0.0,0.0,0.0
Team Collaboration and Chat,team-chat,programming,ok,6908004,permissive,rules,False,True,True,14.8,0.0,0.0,27,2026-08-05T20:32:15Z,measured,20260809T230716Z,0.0,0.5,0.0
Team Collaboration and Chat,team-chat,formula1,ok,6769521,hostile,rules,False,False,False,83.74,0.0,0.0,20,2026-08-05T20:51:24Z,measured,20260809T230716Z,0.0,0.0,0.0
Team Collaboration and Chat,team-chat,malefashionadvice,ok,6447054,permissive,rules,False,True,False,51.5,0.0,0.0,27,2026-08-05T20:51:29Z,measured,20260809T230716Z,0.0,0.0,0.0
Team Collaboration and Chat,team-chat,FortniteBR,ok,5694650,hostile,rules,False,False,False,737.03,0.0,0.0,28,2026-08-05T20:38:12Z,measured,20260809T230716Z,0.0,0.0,0.0
Team Collaboration and Chat,team-chat,Sneakers,ok,5555854,hostile,rules,False,False,False,33.67,0.0,0.0,34,2026-08-05T20:39:35Z,measured,20260809T230716Z,0.0,0.0,0.0
Team Collaboration and Chat,team-chat,ProgrammerHumor,ok,4744181,permissive,rules,False,True,False,77.21,0.0,0.0,20,2026-08-05T20:32:23Z,measured,20260809T230716Z,0.0,0.0,0.0
Team Collaboration and Chat,team-chat,kpop,ok,3885592,permissive,rules,False,True,False,32.99,0.0,0.0,28,2026-08-05T20:51:33Z,measured,20260809T230716Z,0.0,0.0,0.0
Team Collaboration and Chat,team-chat,comics,ok,3831426,permissive,rules,False,True,False,310.31,0.01,3.1031,23,2026-08-05T20:51:37Z,measured,20260809T230716Z,0.01,0.0,0.0
Team Collaboration and Chat,team-chat,MMA,ok,3655622,capped,rules,False,True,False,72.61,0.0,0.0,20,2026-08-05T20:51:41Z,measured,20260809T230716Z,0.0,0.0,0.0
Team Collaboration and Chat,team-chat,teenagers,ok,3640703,hostile,rules,False,False,False,1532.95,0.0,0.0,50,2026-08-05T20:35:10Z,measured,20260809T230716Z,0.0,0.0,0.0
Team Collaboration and Chat,team-chat,webdev,ok,3291935,hostile,shipped,False,False,False,28.14,0.0,0.0,49,2026-08-04T18:04:28Z,shipped,20260809T230716Z,0.0,0.5,0.0
Team Collaboration and Chat,team-chat,baseball,ok,3177197,permissive,rules,False,True,False,1141.34,0.0,0.0,25,2026-08-05T20:35:30Z,measured,20260809T230716Z,0.0,0.0,0.0
Team Collaboration and Chat,team-chat,MachineLearning,ok,3064209,hostile,rules,True,False,False,7.29,0.0,0.0,21,2026-08-05T20:51:44Z,measured,20260809T230716Z,0.0,0.5,0.0
Team Collaboration and Chat,team-chat,antiwork,ok,2991911,permissive,shipped,False,True,False,153.78,0.0,0.0,18,2026-08-04T17:59:10Z,shipped,20260809T230716Z,0.0,0.0,0.0
Team Collaboration and Chat,team-chat,Twitch,ok,2884454,permissive,rules,True,False,False,9.83,0.02,0.1966,35,2026-08-05T20:51:49Z,measured,20260809T230716Z,0.07,0.0,0.0
Team Collaboration and Chat,team-chat,OpenAI,ok,2829361,permissive,rules,True,False,False,34.67,0.0,0.0,31,2026-08-05T20:51:53Z,measured,20260809T230716Z,0.0,0.0,0.0
Backup and Storage,backup-storage,DataHoarder,ok,986173,permissive,shipped,False,True,True,26.99,0.01,0.2699,32,2026-08-04T18:11:36Z,shipped,20260809T230716Z,0.02,1.0,0.2699
Backup and Storage,backup-storage,selfhosted,ok,813099,hostile,shipped,False,False,False,66.7,0.04,2.668,33,2026-08-04T18:02:09Z,shipped,20260809T230716Z,0.01,1.0,2.668
Backup and Storage,backup-storage,sysadmin,ok,1307123,permissive,shipped,False,True,True,111.96,0.0,0.0,24,2026-08-04T18:02:01Z,shipped,20260809T230716Z,0.0,1.0,0.0
Backup and Storage,backup-storage,homelab,ok,1064059,capped,shipped,False,True,True,59.72,0.0,0.0,26,2026-08-04T18:10:45Z,shipped,20260809T230716Z,0.0,1.0,0.0
Backup and Storage,backup-storage,backblaze,ok,13471,permissive,sidebar,True,False,False,0.22,0.34,0.0748,32,2026-08-05T22:21:55Z,measured,20260809T230716Z,0.34,1.0,0.0748
Backup and Storage,backup-storage,synology,ok,199249,permissive,shipped,True,False,False,6.43,0.22,1.4146,25,2026-08-04T18:11:53Z,shipped,20260809T230716Z,0.22,1.0,1.4146
Backup and Storage,backup-storage,msp,ok,245261,capped,shipped,False,True,True,5.27,0.01,0.0527,25,2026-08-04T18:06:20Z,shipped,20260809T230716Z,0.0,1.0,0.0527
Backup and Storage,backup-storage,ITManagers,ok,77193,permissive,shipped,False,True,True,6.51,0.0,0.0,12,2026-08-04T18:02:16Z,shipped,20260809T230716Z,0.0,1.0,0.0
Backup and Storage,backup-storage,NAS,ok,42194,permissive,sidebar,False,True,True,1.34,0.0,0.0,24,2026-08-05T20:52:17Z,measured,20260809T230716Z,0.0,1.0,0.0
Backup and Storage,backup-storage,technology,ok,20452155,permissive,rules,False,True,True,810.1,0.0,0.0,23,2026-08-05T20:30:48Z,measured,20260809T230716Z,0.0,0.5,0.0
Backup and Storage,backup-storage,pcmasterrace,ok,16223685,permissive,rules,False,True,True,519.99,0.0,0.0,50,2026-08-05T20:43:35Z,measured,20260809T230716Z,0.0,0.5,0.0
Backup and Storage,backup-storage,nfl,ok,12793602,permissive,rules,False,True,False,411.42,0.0,0.0,33,2026-08-05T20:38:03Z,measured,20260809T230716Z,0.0,0.0,0.0
Backup and Storage,backup-storage,Minecraft,ok,8732564,permissive,rules,False,True,False,191.2,0.0,0.0,55,2026-08-05T20:32:11Z,measured,20260809T230716Z,0.0,0.0,0.0
Backup and Storage,backup-storage,Bitcoin,ok,8156861,permissive,rules,False,True,False,120.66,0.0,0.0,40,2026-08-05T20:33:13Z,measured,20260809T230716Z,0.01,0.5,0.0
Backup and Storage,backup-storage,programming,ok,6908004,permissive,rules,False,True,False,14.8,0.0,0.0,27,2026-08-05T20:32:15Z,measured,20260809T230716Z,0.0,0.5,0.0
Backup and Storage,backup-storage,apple,ok,6409592,permissive,rules,True,False,False,42.96,0.0,0.0,31,2026-08-05T20:38:08Z,measured,20260809T230716Z,0.0,0.5,0.0
Backup and Storage,backup-storage,woodworking,ok,6176682,hostile,rules,False,False,False,46.19,0.0,0.0,30,2026-08-05T20:48:31Z,measured,20260809T230716Z,0.0,0.0,0.0
Backup and Storage,backup-storage,photography,ok,5638290,permissive,rules,False,True,False,36.72,0.0,0.0,24,2026-08-05T20:47:40Z,measured,20260809T230716Z,0.01,0.5,0.0
Backup and Storage,backup-storage,boardgames,ok,5441848,hostile,rules,False,False,False,108.0,0.0,0.0,31,2026-08-05T20:46:26Z,measured,20260809T230716Z,0.0,0.0,0.0
Backup and Storage,backup-storage,iphone,ok,4622754,permissive,rules,False,True,False,63.18,0.0,0.0,33,2026-08-05T20:38:20Z,measured,20260809T230716Z,0.0,0.5,0.0
Backup and Storage,backup-storage,hardware,ok,4366640,permissive,rules,False,True,False,37.2,0.0,0.0,18,2026-08-05T20:52:21Z,measured,20260809T230716Z,0.0,0.5,0.0
Backup and Storage,backup-storage,google,ok,3506218,permissive,rules,True,False,False,25.47,0.0,0.0,22,2026-08-05T20:52:25Z,measured,20260809T230716Z,0.0,0.0,0.0
Backup and Storage,backup-storage,fantasyfootball,ok,3418715,permissive,rules,False,True,False,176.86,0.0,0.0,29,2026-08-05T20:38:25Z,measured,20260809T230716Z,0.0,0.0,0.0
Backup and Storage,backup-storage,techsupport,ok,3409767,hostile,shipped,False,False,False,62.83,0.0,0.0,38,2026-08-05T17:44:18Z,shipped,20260809T230716Z,0.0,0.0,0.0
Backup and Storage,backup-storage,webdev,ok,3291935,hostile,shipped,False,False,False,28.14,0.0,0.0,49,2026-08-04T18:04:28Z,shipped,20260809T230716Z,0.0,0.5,0.0
Backup and Storage,backup-storage,Android,ok,3179436,hostile,rules,True,False,False,50.4,0.0,0.0,21,2026-08-05T20:38:29Z,measured,20260809T230716Z,0.0,0.5,0.0
Backup and Storage,backup-storage,hockey,ok,3111192,permissive,rules,False,True,False,303.16,0.0,0.0,17,2026-08-05T20:46:47Z,measured,20260809T230716Z,0.0,0.0,0.0
Backup and Storage,backup-storage,linux,ok,1899530,permissive,rules,False,True,False,73.77,0.0,0.0,15,2026-08-05T20:38:46Z,measured,20260809T230716Z,0.0,0.5,0.0
Backup and Storage,backup-storage,privacy,ok,1652332,hostile,shipped,False,False,False,42.96,0.0,0.0,15,2026-08-04T18:01:36Z,shipped,20260809T230716Z,0.0,0.5,0.0
Backup and Storage,backup-storage,GooglePixel,ok,1235412,hostile,rules,True,False,False,90.05,0.0,0.0,22,2026-08-05T20:52:29Z,measured,20260809T230716Z,0.0,0.5,0.0
Backup and Storage,backup-storage,vagabond,ok,1234412,permissive,rules,False,True,False,17.14,0.0,0.0,30,2026-08-05T20:52:33Z,measured,20260809T230716Z,0.0,0.0,0.0
Backup and Storage,backup-storage,ios,ok,990139,permissive,rules,False,True,False,26.39,0.0,0.0,38,2026-08-05T20:38:50Z,measured,20260809T230716Z,0.0,0.5,0.0
Backup and Storage,backup-storage,phinvest,ok,805150,capped,rules,False,True,False,16.74,0.0,0.0,30,2026-08-05T20:52:37Z,measured,20260809T230716Z,0.0,0.0,0.0
Backup and Storage,backup-storage,jailbreak,ok,772640,permissive,rules,False,True,False,15.06,0.0,0.0,39,2026-08-05T20:38:58Z,measured,20260809T230716Z,0.0,0.0,0.0
Payment Processing,payment-processing,stripe,ok,27240,permissive,shipped,True,False,False,1.96,0.03,0.0588,24,2026-08-04T18:12:07Z,shipped,20260809T230716Z,0.36,1.0,0.0588
Payment Processing,payment-processing,smallbusiness,ok,2515817,hostile,shipped,False,False,False,65.93,0.0,0.0,54,2026-08-04T17:55:28Z,shipped,20260809T230716Z,0.01,1.0,0.0
Payment Processing,payment-processing,Entrepreneur,ok,5249043,hostile,shipped,False,False,False,24.81,0.0,0.0,25,2026-08-04T17:55:37Z,shipped,20260809T230716Z,0.0,0.5,0.0
Payment Processing,payment-processing,ecommerce,ok,664240,hostile,shipped,False,False,False,13.77,0.0,0.0,54,2026-08-04T17:59:26Z,shipped,20260809T230716Z,0.0,1.0,0.0
Payment Processing,payment-processing,shopify,ok,368707,capped,shipped,True,False,False,9.93,0.01,0.0993,48,2026-08-04T17:59:34Z,shipped,20260809T230716Z,0.03,1.0,0.0993
Payment Processing,payment-processing,SaaS,ok,771500,hostile,shipped,False,False,False,78.73,0.0,0.0,49,2026-08-04T17:55:55Z,shipped,20260809T230716Z,0.0,0.5,0.0
Payment Processing,payment-processing,webdev,ok,3291935,hostile,shipped,False,False,False,28.14,0.0,0.0,49,2026-08-04T18:04:28Z,shipped,20260809T230716Z,0.0,0.5,0.0
Payment Processing,payment-processing,paypal,ok,103008,hostile,shipped,True,False,False,6.43,0.37,2.3791,37,2026-08-04T18:12:16Z,shipped,20260809T230716Z,0.5,1.0,2.3791
Payment Processing,payment-processing,Payments,ok,1010,unknown,none,False,True,True,0.05,0.02,0.001,40,2026-08-05T20:53:00Z,measured,20260809T230716Z,0.06,1.0,0.001
Payment Processing,payment-processing,startups,ok,2107067,capped,shipped,False,True,True,16.76,0.0,0.0,31,2026-08-05T17:43:02Z,shipped,20260809T230716Z,0.0,1.0,0.0
Payment Processing,payment-processing,agency,ok,96594,permissive,shipped,False,True,True,4.38,0.0,0.0,47,2026-08-05T17:43:09Z,shipped,20260809T230716Z,0.0,1.0,0.0
Payment Processing,payment-processing,todayilearned,ok,41573230,permissive,rules,False,True,False,353.92,0.0,0.0,21,2026-08-05T20:31:42Z,measured,20260809T230716Z,0.0,0.0,0.0
Payment Processing,payment-processing,pics,ok,33499498,hostile,rules,False,False,False,109.63,0.0,0.0,28,2026-08-05T20:39:27Z,measured,20260809T230716Z,0.0,0.0,0.0
Payment Processing,payment-processing,mildlyinteresting,ok,25317303,permissive,rules,False,True,False,476.83,0.0,0.0,28,2026-08-05T20:39:31Z,measured,20260809T230716Z,0.0,0.0,0.0
Payment Processing,payment-processing,CryptoCurrency,ok,10134642,permissive,rules,False,True,True,38.93,0.0,0.0,20,2026-08-05T20:36:11Z,measured,20260809T230716Z,0.0,0.5,0.0
Payment Processing,payment-processing,stocks,ok,9338222,permissive,rules,False,True,False,325.82,0.0,0.0,13,2026-08-05T20:30:55Z,measured,20260809T230716Z,0.01,0.0,0.0
Payment Processing,payment-processing,Bitcoin,ok,8156861,permissive,rules,False,True,True,120.66,0.0,0.0,40,2026-08-05T20:33:13Z,measured,20260809T230716Z,0.01,0.5,0.0
Payment Processing,payment-processing,Sneakers,ok,5555854,hostile,rules,False,False,False,33.67,0.0,0.0,34,2026-08-05T20:39:35Z,measured,20260809T230716Z,0.0,0.0,0.0
Payment Processing,payment-processing,FashionReps,ok,2360639,hostile,rules,False,False,False,38.6,0.0,0.0,74,2026-08-05T20:39:44Z,measured,20260809T230716Z,0.0,0.0,0.0
Payment Processing,payment-processing,crochet,ok,1953912,hostile,rules,False,False,False,52.64,0.0,0.0,39,2026-08-05T20:35:47Z,measured,20260809T230716Z,0.0,0.0,0.0
Payment Processing,payment-processing,CreditCards,ok,1549628,hostile,rules,False,False,False,40.01,0.03,1.2003,43,2026-08-05T20:53:04Z,measured,20260809T230716Z,0.01,0.0,0.0
Payment Processing,payment-processing,Shitty_Car_Mods,ok,1346817,hostile,rules,False,False,False,4.69,0.0,0.0,11,2026-08-05T20:53:08Z,measured,20260809T230716Z,0.0,0.0,0.0
Payment Processing,payment-processing,SquaredCircle,ok,1342243,permissive,rules,True,False,False,415.23,0.0,0.0,24,2026-08-05T20:53:11Z,measured,20260809T230716Z,0.01,0.0,0.0
Payment Processing,payment-processing,btc,ok,1222415,permissive,rules,False,True,False,22.66,0.0,0.0,17,2026-08-05T20:47:52Z,measured,20260809T230716Z,0.0,0.0,0.0
Payment Processing,payment-processing,vexillology,ok,1013927,permissive,rules,False,True,False,88.51,0.0,0.0,38,2026-08-05T20:41:45Z,measured,20260809T230716Z,0.0,0.0,0.0
Payment Processing,payment-processing,RedditLaqueristas,ok,1000552,hostile,rules,True,False,False,84.91,0.0,0.0,38,2026-08-05T20:53:15Z,measured,20260809T230716Z,0.0,0.0,0.0
Payment Processing,payment-processing,nyc,ok,993803,permissive,rules,False,True,False,122.29,0.0,0.0,20,2026-08-05T20:53:19Z,measured,20260809T230716Z,0.0,0.0,0.0
Payment Processing,payment-processing,lawncare,ok,951489,permissive,rules,False,True,False,87.34,0.0,0.0,20,2026-08-05T20:53:23Z,measured,20260809T230716Z,0.0,0.0,0.0
Payment Processing,payment-processing,bjj,ok,927594,permissive,rules,False,True,False,81.4,0.0,0.0,22,2026-08-05T20:53:27Z,measured,20260809T230716Z,0.02,0.0,0.0
Payment Processing,payment-processing,boston,ok,790369,permissive,rules,False,True,False,135.32,0.0,0.0,23,2026-08-05T20:53:31Z,measured,20260809T230716Z,0.0,0.0,0.0
Payment Processing,payment-processing,ValueInvesting,ok,784179,hostile,rules,False,False,False,51.1,0.0,0.0,22,2026-08-05T20:53:35Z,measured,20260809T230716Z,0.0,0.0,0.0
Payment Processing,payment-processing,StudentLoans,ok,707230,permissive,rules,False,True,False,55.43,0.01,0.5543,33,2026-08-05T20:53:39Z,measured,20260809T230716Z,0.01,0.0,0.0
Payment Processing,payment-processing,knitting,ok,609802,hostile,rules,False,False,False,47.11,0.0,0.0,39,2026-08-05T20:53:43Z,measured,20260809T230716Z,0.0,0.0,0.0
Payment Processing,payment-processing,hardwareswap,ok,466076,permissive,rules,False,True,False,65.4,0.02,1.308,61,2026-08-05T20:53:47Z,measured,20260809T230716Z,0.03,0.0,0.0
VPN Services,vpn,worldnews,ok,47508421,permissive,rules,False,True,False,735.82,0.0,0.0,23,2026-08-05T20:37:49Z,measured,20260809T230716Z,0.0,0.0,0.0
VPN Services,vpn,technology,ok,20452155,permissive,rules,False,True,True,810.1,0.0,0.0,23,2026-08-05T20:30:48Z,measured,20260809T230716Z,0.0,0.5,0.0
VPN Services,vpn,Bitcoin,ok,8156861,permissive,rules,False,True,False,120.66,0.0,0.0,40,2026-08-05T20:33:13Z,measured,20260809T230716Z,0.01,0.0,0.0
VPN Services,vpn,india,ok,3472451,capped,rules,False,True,False,53.22,0.0,0.0,36,2026-08-05T20:30:59Z,measured,20260809T230716Z,0.0,0.0,0.0
VPN Services,vpn,Piracy,ok,2955272,hostile,rules,False,False,False,97.96,0.03,2.9388,35,2026-08-09T23:07:27Z,measured,20260809T230716Z,0.0,0.5,1.4694
VPN Services,vpn,privacy,ok,1652332,hostile,shipped,False,False,False,42.96,0.0,0.0,15,2026-08-04T18:01:36Z,shipped,20260809T230716Z,0.0,0.5,0.0
VPN Services,vpn,sysadmin,ok,1307123,permissive,shipped,False,True,True,111.96,0.0,0.0,24,2026-08-04T18:02:01Z,shipped,20260809T230716Z,0.0,0.5,0.0
VPN Services,vpn,btc,ok,1222415,permissive,rules,False,True,False,22.66,0.0,0.0,17,2026-08-05T20:47:52Z,measured,20260809T230716Z,0.0,0.0,0.0
VPN Services,vpn,selfhosted,ok,813099,hostile,shipped,False,False,False,66.7,0.0,0.0,33,2026-08-04T18:02:09Z,shipped,20260809T230716Z,0.01,0.5,0.0
VPN Services,vpn,China,ok,671603,permissive,rules,False,True,False,18.58,0.0,0.0,24,2026-08-09T23:07:32Z,measured,20260809T230716Z,0.0,0.0,0.0
VPN Services,vpn,TOR,ok,383154,permissive,rules,False,True,True,2.56,0.02,0.0512,21,2026-08-09T23:07:36Z,measured,20260809T230716Z,0.0,0.5,0.0256
VPN Services,vpn,VPN,ok,302534,hostile,rules,True,False,False,1.39,0.0,0.0,29,2026-08-09T23:07:40Z,measured,20260809T230716Z,0.0,1.0,0.0
VPN Services,vpn,eFreebies,ok,200126,permissive,rules,False,True,False,0.39,0.0,0.0,26,2026-08-09T23:07:44Z,measured,20260809T230716Z,0.0,0.0,0.0
VPN Services,vpn,ApksApps,ok,154302,permissive,rules,False,True,False,1.73,0.0,0.0,40,2026-08-09T23:07:48Z,measured,20260809T230716Z,0.0,0.0,0.0
VPN Services,vpn,vpnreviews,ok,151785,permissive,rules,False,True,True,0.21,0.14,0.0294,40,2026-08-09T23:07:52Z,measured,20260809T230716Z,0.01,1.0,0.0294
VPN Services,vpn,ProtonVPN,ok,146799,permissive,rules,True,False,False,10.13,0.11,1.1143,11,2026-08-09T23:07:56Z,measured,20260809T230716Z,0.01,1.0,1.1143
VPN Services,vpn,shanghai,ok,122927,permissive,rules,False,True,False,3.0,0.0,0.0,26,2026-08-09T23:08:00Z,measured,20260809T230716Z,0.0,0.0,0.0
VPN Services,vpn,nordvpn,ok,101170,permissive,rules,True,False,False,0.84,0.34,0.2856,34,2026-08-09T23:08:04Z,measured,20260809T230716Z,0.0,1.0,0.2856
VPN Services,vpn,qBittorrent,ok,91705,permissive,rules,False,True,True,1.85,0.06,0.111,35,2026-08-09T23:08:07Z,measured,20260809T230716Z,0.02,0.5,0.0555
VPN Services,vpn,WireGuard,ok,58574,hostile,rules,False,False,False,0.75,0.02,0.015,24,2026-08-09T23:08:11Z,measured,20260809T230716Z,0.0,1.0,0.015
VPN Services,vpn,mullvadvpn,ok,47726,hostile,rules,False,False,False,1.11,0.16,0.1776,15,2026-08-09T23:08:15Z,measured,20260809T230716Z,0.0,1.0,0.1776
VPN Services,vpn,Adguard,ok,46283,permissive,rules,True,False,False,0.96,0.02,0.0192,26,2026-08-09T23:08:19Z,measured,20260809T230716Z,0.02,0.5,0.0096
VPN Services,vpn,ProtonPass,ok,35227,permissive,shipped,True,False,False,1.45,0.02,0.029,23,2026-08-04T18:01:20Z,shipped,20260809T230716Z,0.21,0.5,0.0145
VPN Services,vpn,Express_VPN,ok,20577,hostile,rules,True,False,False,0.23,0.22,0.0506,26,2026-08-09T23:08:22Z,measured,20260809T230716Z,0.16,1.0,0.0506
VPN Services,vpn,vpnscore,ok,18331,permissive,rules,False,True,True,0.01,0.44,0.0044,23,2026-08-09T23:08:26Z,measured,20260809T230716Z,0.02,1.0,0.0044
VPN Services,vpn,DeeperNetwork,ok,9508,hostile,rules,True,False,False,0.16,0.0,0.0,27,2026-08-09T23:08:30Z,measured,20260809T230716Z,0.0,1.0,0.0
VPN Services,vpn,IVPN,ok,3935,permissive,rules,True,False,False,0.17,0.36,0.0612,26,2026-08-09T23:08:36Z,measured,20260809T230716Z,0.0,1.0,0.0612
VPN Services,vpn,torguard,ok,2178,permissive,sidebar,True,False,False,0.03,0.23,0.0069,25,2026-08-09T23:08:39Z,measured,20260809T230716Z,0.0,1.0,0.0069
VPN Services,vpn,gluetun,ok,2082,permissive,rules,False,True,True,0.34,0.16,0.0544,10,2026-08-09T23:08:43Z,measured,20260809T230716Z,0.03,1.0,0.0544
VPN Services,vpn,AirVPN,ok,2025,permissive,rules,True,False,False,0.11,0.41,0.0451,15,2026-08-09T23:08:47Z,measured,20260809T230716Z,0.31,1.0,0.0451
VPN Services,vpn,CyberGhost,ok,1805,permissive,rules,True,False,False,0.03,0.29,0.0087,40,2026-08-09T23:08:51Z,measured,20260809T230716Z,0.0,1.0,0.0087
Antivirus and Endpoint Security,antivirus,funny,ok,67544446,hostile,rules,False,False,False,261.43,0.0,0.0,15,2026-08-05T20:39:24Z,measured,20260809T230716Z,0.0,0.0,0.0
Antivirus and Endpoint Security,antivirus,AskReddit,ok,59332757,hostile,rules,True,False,False,5616.43,0.04,224.6572,57,2026-08-05T20:31:38Z,measured,20260809T230716Z,0.0,0.0,0.0
Antivirus and Endpoint Security,antivirus,memes,ok,35945324,permissive,rules,False,True,False,543.38,0.0,0.0,25,2026-08-05T20:34:45Z,measured,20260809T230716Z,0.0,0.0,0.0
Antivirus and Endpoint Security,antivirus,Showerthoughts,ok,34176852,permissive,rules,False,True,False,26.77,0.02,0.5354,35,2026-08-05T20:31:45Z,measured,20260809T230716Z,0.0,0.0,0.0
Antivirus and Endpoint Security,antivirus,technology,ok,20452155,permissive,rules,False,True,True,810.1,0.02,16.202,23,2026-08-05T20:30:48Z,measured,20260809T230716Z,0.0,0.5,8.101
Antivirus and Endpoint Security,antivirus,pcmasterrace,ok,16223685,permissive,rules,False,True,True,519.99,0.04,20.7996,50,2026-08-05T20:43:35Z,measured,20260809T230716Z,0.0,0.5,10.3998
Antivirus and Endpoint Security,antivirus,buildapc,ok,8508764,hostile,shipped,False,False,False,146.24,0.05,7.312,39,2026-08-05T18:54:09Z,shipped,20260809T230716Z,0.01,0.5,3.656
Antivirus and Endpoint Security,antivirus,homeautomation,ok,4585229,permissive,rules,False,True,False,12.01,0.01,0.1201,27,2026-08-05T20:43:39Z,measured,20260809T230716Z,0.0,0.5,0.06005
Antivirus and Endpoint Security,antivirus,techsupport,ok,3409767,hostile,shipped,False,False,False,62.83,0.02,1.2566,38,2026-08-05T17:44:18Z,shipped,20260809T230716Z,0.0,0.5,0.6283
Antivirus and Endpoint Security,antivirus,assholedesign,ok,3122950,permissive,rules,False,True,False,11.79,0.02,0.2358,11,2026-08-05T20:32:31Z,measured,20260809T230716Z,0.0,0.0,0.0
Antivirus and Endpoint Security,antivirus,softwaregore,ok,1959835,permissive,rules,False,True,False,12.92,0.0,0.0,37,2026-08-05T20:38:42Z,measured,20260809T230716Z,0.0,0.0,0.0
Antivirus and Endpoint Security,antivirus,cybersecurity,ok,1499373,hostile,shipped,False,False,False,54.05,0.03,1.6215,31,2026-08-04T18:01:44Z,shipped,20260809T230716Z,0.02,0.5,0.81075
Antivirus and Endpoint Security,antivirus,sysadmin,ok,1307123,permissive,shipped,False,True,True,111.96,0.05,5.598,24,2026-08-04T18:02:01Z,shipped,20260809T230716Z,0.0,0.5,2.799
Antivirus and Endpoint Security,antivirus,netsec,ok,568429,permissive,shipped,False,True,False,0.65,0.08,0.052,29,2026-08-04T18:01:51Z,shipped,20260809T230716Z,0.0,0.5,0.026
Antivirus and Endpoint Security,antivirus,Windows10,ok,499856,permissive,rules,False,True,False,0.69,0.07,0.0483,19,2026-08-09T23:09:04Z,measured,20260809T230716Z,0.0,0.5,0.02415
Antivirus and Endpoint Security,antivirus,windows,ok,377983,permissive,rules,False,True,False,2.7,0.02,0.054,17,2026-08-09T23:09:08Z,measured,20260809T230716Z,0.0,0.5,0.027
Antivirus and Endpoint Security,antivirus,software,ok,368967,capped,shipped,False,True,True,14.84,0.01,0.1484,24,2026-08-05T18:51:08Z,shipped,20260809T230716Z,0.01,0.5,0.0742
Antivirus and Endpoint Security,antivirus,AskNetsec,ok,260085,permissive,shipped,False,True,True,1.92,0.09,0.1728,41,2026-08-05T17:44:10Z,shipped,20260809T230716Z,0.0,0.5,0.0864
Antivirus and Endpoint Security,antivirus,msp,ok,245261,capped,shipped,False,True,True,5.27,0.11,0.5797,25,2026-08-04T18:06:20Z,shipped,20260809T230716Z,0.0,0.5,0.28985
Antivirus and Endpoint Security,antivirus,eFreebies,ok,200126,permissive,rules,False,True,False,0.39,0.05,0.0195,26,2026-08-09T23:07:44Z,measured,20260809T230716Z,0.0,0.0,0.0
Antivirus and Endpoint Security,antivirus,antivirus,ok,150517,permissive,rules,False,True,True,11.09,0.11,1.2199,33,2026-08-09T23:09:13Z,measured,20260809T230716Z,0.0,1.0,1.2199
Antivirus and Endpoint Security,antivirus,PrivateInternetAccess,ok,150199,hostile,rules,True,False,False,1.08,0.08,0.0864,17,2026-08-09T23:09:17Z,measured,20260809T230716Z,0.0,0.5,0.0432
Antivirus and Endpoint Security,antivirus,Tronix,ok,139601,permissive,rules,False,True,False,0.15,0.0,0.0,29,2026-08-09T23:09:21Z,measured,20260809T230716Z,0.0,0.0,0.0
Antivirus and Endpoint Security,antivirus,nordvpn,ok,101170,permissive,rules,True,False,False,0.84,0.03,0.0252,34,2026-08-09T23:08:04Z,measured,20260809T230716Z,0.0,0.5,0.0126
Antivirus and Endpoint Security,antivirus,Malware,ok,100808,permissive,rules,True,False,False,0.14,0.01,0.0014,52,2026-08-09T23:09:25Z,measured,20260809T230716Z,0.0,0.5,0.0007
Antivirus and Endpoint Security,antivirus,uklaw,ok,86314,hostile,rules,False,False,False,14.14,0.03,0.4242,26,2026-08-09T23:09:29Z,measured,20260809T230716Z,0.0,0.0,0.0
Antivirus and Endpoint Security,antivirus,Intune,ok,83549,permissive,rules,True,False,False,10.02,0.03,0.3006,20,2026-08-09T23:09:33Z,measured,20260809T230716Z,0.0,1.0,0.3006
Antivirus and Endpoint Security,antivirus,SCCM,ok,80468,permissive,sidebar,False,True,True,1.95,0.12,0.234,13,2026-08-09T23:09:36Z,measured,20260809T230716Z,0.0,0.5,0.117
Antivirus and Endpoint Security,antivirus,opsec,ok,78849,permissive,rules,False,True,False,0.45,0.01,0.0045,14,2026-08-09T23:09:40Z,measured,20260809T230716Z,0.0,0.5,0.00225
Antivirus and Endpoint Security,antivirus,CoveredCalls,ok,60814,permissive,sidebar,False,True,False,2.05,0.0,0.0,14,2026-08-09T23:09:44Z,measured,20260809T230716Z,0.0,0.0,0.0
Antivirus and Endpoint Security,antivirus,darknetplan,ok,60259,permissive,sidebar,False,True,False,0.04,0.02,0.0008,24,2026-08-09T23:09:48Z,measured,20260809T230716Z,0.0,0.0,0.0
Antivirus and Endpoint Security,antivirus,1Password,ok,56818,permissive,shipped,True,False,False,2.07,0.11,0.2277,22,2026-08-04T18:01:11Z,shipped,20260809T230716Z,0.3,0.5,0.11385
Antivirus and Endpoint Security,antivirus,macsysadmin,ok,52768,permissive,rules,False,True,False,0.99,0.06,0.0594,29,2026-08-09T23:09:51Z,measured,20260809T230716Z,0.0,1.0,0.0594
Antivirus and Endpoint Security,antivirus,ComputerSecurity,ok,51737,permissive,sidebar,True,False,False,0.06,0.07,0.0042,20,2026-08-09T23:09:56Z,measured,20260809T230716Z,0.0,0.5,0.0021
Web Hosting,web-hosting,technology,ok,20452155,permissive,rules,False,True,True,810.1,0.0,0.0,23,2026-08-05T20:30:48Z,measured,20260809T230716Z,0.0,0.5,0.0
Web Hosting,web-hosting,politics,ok,9230904,permissive,rules,False,True,False,1200.88,0.0,0.0,48,2026-08-05T20:32:07Z,measured,20260809T230716Z,0.0,0.0,0.0
Web Hosting,web-hosting,Bitcoin,ok,8156861,permissive,rules,False,True,False,120.66,0.0,0.0,40,2026-08-05T20:33:13Z,measured,20260809T230716Z,0.01,0.0,0.0
Web Hosting,web-hosting,Entrepreneur,ok,5249043,hostile,shipped,False,False,False,24.81,0.0,0.0,25,2026-08-04T17:55:37Z,shipped,20260809T230716Z,0.0,0.5,0.0
Web Hosting,web-hosting,kpop,ok,3885592,permissive,rules,False,True,False,32.99,0.0,0.0,28,2026-08-05T20:51:33Z,measured,20260809T230716Z,0.0,0.0,0.0
Web Hosting,web-hosting,webdev,ok,3291935,hostile,shipped,False,False,False,28.14,0.02,0.5628,49,2026-08-04T18:04:28Z,shipped,20260809T230716Z,0.0,1.0,0.5628
Web Hosting,web-hosting,GlobalOffensive,ok,2904329,permissive,rules,True,False,False,94.17,0.0,0.0,26,2026-08-09T23:10:07Z,measured,20260809T230716Z,0.0,0.0,0.0
Web Hosting,web-hosting,MechanicalKeyboards,ok,1382668,permissive,rules,False,True,False,25.43,0.0,0.0,31,2026-08-05T20:41:29Z,measured,20260809T230716Z,0.0,0.0,0.0
Web Hosting,web-hosting,sysadmin,ok,1307123,permissive,shipped,False,True,True,111.96,0.0,0.0,24,2026-08-04T18:02:01Z,shipped,20260809T230716Z,0.0,1.0,0.0
Web Hosting,web-hosting,LiveFromNewYork,ok,1079941,permissive,rules,True,False,False,29.81,0.0,0.0,20,2026-08-05T20:41:36Z,measured,20260809T230716Z,0.1,0.0,0.0
Web Hosting,web-hosting,homelab,ok,1064059,capped,shipped,False,True,True,59.72,0.0,0.0,26,2026-08-04T18:10:45Z,shipped,20260809T230716Z,0.0,0.5,0.0
Web Hosting,web-hosting,asoiaf,ok,1030497,hostile,rules,False,False,False,58.34,0.0,0.0,29,2026-08-09T23:10:12Z,measured,20260809T230716Z,0.0,0.0,0.0
Web Hosting,web-hosting,web_design,ok,974167,hostile,shipped,False,False,False,1.08,0.0,0.0,31,2026-08-04T18:04:19Z,shipped,20260809T230716Z,0.03,0.5,0.0
Web Hosting,web-hosting,selfhosted,ok,813099,hostile,shipped,False,False,False,66.7,0.01,0.667,33,2026-08-04T18:02:09Z,shipped,20260809T230716Z,0.01,0.5,0.3335
Web Hosting,web-hosting,sailormoon,ok,727509,permissive,rules,False,True,False,14.92,0.0,0.0,26,2026-08-09T23:10:15Z,measured,20260809T230716Z,0.0,0.0,0.0
Web Hosting,web-hosting,RepTime,ok,669843,hostile,rules,True,False,False,131.82,0.0,0.0,33,2026-08-09T23:10:19Z,measured,20260809T230716Z,0.0,0.0,0.0
Web Hosting,web-hosting,Dreams,ok,600742,permissive,rules,False,True,False,34.11,0.0,0.0,43,2026-08-09T23:10:23Z,measured,20260809T230716Z,0.0,0.0,0.0
Web Hosting,web-hosting,bloodborne,ok,557869,hostile,rules,False,False,False,27.12,0.0,0.0,25,2026-08-09T23:10:27Z,measured,20260809T230716Z,0.0,0.0,0.0
Web Hosting,web-hosting,onions,ok,514163,permissive,rules,False,True,True,0.91,0.0,0.0,31,2026-08-09T23:10:31Z,measured,20260809T230716Z,0.0,0.5,0.0
Web Hosting,web-hosting,starcraft,ok,321731,permissive,rules,False,True,False,19.97,0.0,0.0,25,2026-08-09T23:10:35Z,measured,20260809T230716Z,0.0,0.0,0.0
Web Hosting,web-hosting,Wordpress,ok,312222,hostile,shipped,False,False,False,27.2,0.01,0.272,27,2026-08-05T18:53:01Z,shipped,20260809T230716Z,0.04,0.5,0.136
Web Hosting,web-hosting,thomastheplankengine,ok,308255,permissive,rules,False,True,False,31.51,0.0,0.0,30,2026-08-09T23:10:39Z,measured,20260809T230716Z,0.0,0.0,0.0
Web Hosting,web-hosting,mechmarket,ok,304694,permissive,rules,False,True,False,19.76,0.0,0.0,38,2026-08-09T23:10:43Z,measured,20260809T230716Z,0.0,0.0,0.0
Web Hosting,web-hosting,HomeServer,ok,296654,permissive,shipped,False,True,True,14.17,0.0,0.0,17,2026-08-05T18:47:35Z,shipped,20260809T230716Z,0.0,0.5,0.0
Web Hosting,web-hosting,Insurance,ok,233581,permissive,rules,False,True,False,26.01,0.0,0.0,24,2026-08-09T23:10:47Z,measured,20260809T230716Z,0.0,0.0,0.0
Web Hosting,web-hosting,Blogging,ok,202146,hostile,rules,False,False,False,2.43,0.0,0.0,28,2026-08-05T20:48:00Z,measured,20260809T230716Z,0.0,0.5,0.0
Web Hosting,web-hosting,SwagBucks,ok,194672,permissive,rules,False,True,False,1.94,0.0,0.0,38,2026-08-09T23:10:51Z,measured,20260809T230716Z,0.0,0.0,0.0
Web Hosting,web-hosting,juststart,ok,179893,hostile,rules,False,False,False,0.23,0.0,0.0,26,2026-08-09T23:10:54Z,measured,20260809T230716Z,0.0,0.5,0.0
Web Hosting,web-hosting,greenday,ok,154898,hostile,rules,False,False,False,7.89,0.0,0.0,19,2026-08-09T23:10:59Z,measured,20260809T230716Z,0.0,0.0,0.0
Web Hosting,web-hosting,webhosting,ok,126767,permissive,rules,False,True,True,2.05,0.13,0.2665,25,2026-08-09T23:11:02Z,measured,20260809T230716Z,0.01,1.0,0.2665
Web Hosting,web-hosting,webdevelopment,ok,79593,hostile,rules,False,False,False,0.88,0.0,0.0,32,2026-08-09T23:11:06Z,measured,20260809T230716Z,0.0,0.5,0.0
Web Hosting,web-hosting,BanGDream,ok,79429,hostile,rules,False,False,False,8.65,0.0,0.0,29,2026-08-09T23:11:11Z,measured,20260809T230716Z,0.0,0.0,0.0
Web Hosting,web-hosting,90sAlternative,ok,74204,hostile,rules,False,False,False,1.92,0.0,0.0,22,2026-08-09T23:11:15Z,measured,20260809T230716Z,0.0,0.0,0.0
Web Hosting,web-hosting,lancaster,ok,69695,hostile,rules,False,False,False,18.15,0.0,0.0,23,2026-08-09T23:11:19Z,measured,20260809T230716Z,0.0,0.0,0.0
Domain Registrars,domain-registrars,technology,ok,20452155,permissive,rules,False,True,True,810.1,0.01,8.101,23,2026-08-05T20:30:48Z,measured,20260809T230716Z,0.0,0.5,4.0505
Domain Registrars,domain-registrars,Bitcoin,ok,8156861,permissive,rules,False,True,False,120.66,0.01,1.2066,40,2026-08-05T20:33:13Z,measured,20260809T230716Z,0.01,0.0,0.0
Domain Registrars,domain-registrars,unitedkingdom,ok,5526786,permissive,rules,False,True,False,130.2,0.01,1.302,32,2026-08-09T23:11:30Z,measured,20260809T230716Z,0.0,0.0,0.0
Domain Registrars,domain-registrars,Entrepreneur,ok,5249043,hostile,shipped,False,False,False,24.81,0.01,0.2481,25,2026-08-04T17:55:37Z,shipped,20260809T230716Z,0.0,0.5,0.12405
Domain Registrars,domain-registrars,DnD,ok,4283973,permissive,rules,False,True,False,272.34,0.0,0.0,31,2026-08-05T20:36:15Z,measured,20260809T230716Z,0.0,0.0,0.0
Domain Registrars,domain-registrars,webdev,ok,3291935,hostile,shipped,False,False,False,28.14,0.03,0.8442,49,2026-08-04T18:04:28Z,shipped,20260809T230716Z,0.0,0.5,0.4221
Domain Registrars,domain-registrars,privacy,ok,1652332,hostile,shipped,False,False,False,42.96,0.03,1.2888,15,2026-08-04T18:01:36Z,shipped,20260809T230716Z,0.0,0.5,0.6444
Domain Registrars,domain-registrars,rpg,ok,1595752,permissive,rules,True,False,False,125.96,0.0,0.0,20,2026-08-09T23:11:33Z,measured,20260809T230716Z,0.0,0.0,0.0
Domain Registrars,domain-registrars,sysadmin,ok,1307123,permissive,shipped,False,True,True,111.96,0.0,0.0,24,2026-08-04T18:02:01Z,shipped,20260809T230716Z,0.0,0.5,0.0
Domain Registrars,domain-registrars,btc,ok,1222415,permissive,rules,False,True,False,22.66,0.0,0.0,17,2026-08-05T20:47:52Z,measured,20260809T230716Z,0.0,0.0,0.0
Domain Registrars,domain-registrars,dndmemes,ok,1215479,hostile,rules,False,False,False,21.16,0.0,0.0,23,2026-08-09T23:11:37Z,measured,20260809T230716Z,0.0,0.0,0.0
Domain Registrars,domain-registrars,web_design,ok,974167,hostile,shipped,False,False,False,1.08,0.0,0.0,31,2026-08-04T18:04:19Z,shipped,20260809T230716Z,0.03,0.5,0.0
Domain Registrars,domain-registrars,dndnext,ok,825327,capped,rules,False,True,False,22.91,0.0,0.0,18,2026-08-09T23:11:41Z,measured,20260809T230716Z,0.0,0.0,0.0
Domain Registrars,domain-registrars,selfhosted,ok,813099,hostile,shipped,False,False,False,66.7,0.01,0.667,33,2026-08-04T18:02:09Z,shipped,20260809T230716Z,0.01,0.5,0.3335
Domain Registrars,domain-registrars,DungeonsAndDragons,ok,671879,permissive,rules,False,True,False,13.89,0.01,0.1389,15,2026-08-09T23:11:45Z,measured,20260809T230716Z,0.0,0.0,0.0
Domain Registrars,domain-registrars,civ,ok,661054,permissive,rules,False,True,False,24.76,0.01,0.2476,17,2026-08-09T23:11:49Z,measured,20260809T230716Z,0.0,0.0,0.0
Domain Registrars,domain-registrars,degoogle,ok,521635,permissive,shipped,False,True,False,54.97,0.02,1.0994,24,2026-08-05T18:47:27Z,shipped,20260809T230716Z,0.01,0.0,0.0
Domain Registrars,domain-registrars,onions,ok,514163,permissive,rules,False,True,False,0.91,0.0,0.0,31,2026-08-09T23:10:31Z,measured,20260809T230716Z,0.0,0.0,0.0
Domain Registrars,domain-registrars,BuyCanadian,ok,396481,hostile,rules,False,False,False,18.77,0.0,0.0,17,2026-08-09T23:11:53Z,measured,20260809T230716Z,0.0,0.0,0.0
Domain Registrars,domain-registrars,aws,ok,390926,permissive,sidebar,False,True,True,5.7,0.23,1.311,15,2026-08-05T20:50:46Z,measured,20260809T230716Z,0.0,0.5,0.6555
Domain Registrars,domain-registrars,TOR,ok,383154,permissive,rules,False,True,False,2.56,0.01,0.0256,21,2026-08-09T23:07:36Z,measured,20260809T230716Z,0.0,0.0,0.0
Domain Registrars,domain-registrars,DnB,ok,304092,hostile,rules,False,False,False,18.14,0.0,0.0,17,2026-08-09T23:11:58Z,measured,20260809T230716Z,0.0,0.0,0.0
Domain Registrars,domain-registrars,riddles,ok,262771,hostile,rules,False,False,False,2.08,0.0,0.0,18,2026-08-09T23:12:01Z,measured,20260809T230716Z,0.0,0.0,0.0
Domain Registrars,domain-registrars,DnDHomebrew,ok,262531,permissive,rules,False,True,False,3.72,0.01,0.0372,30,2026-08-09T23:12:05Z,measured,20260809T230716Z,0.0,0.0,0.0
Domain Registrars,domain-registrars,msp,ok,245261,capped,shipped,False,True,True,5.27,0.0,0.0,25,2026-08-04T18:06:20Z,shipped,20260809T230716Z,0.0,0.5,0.0
Domain Registrars,domain-registrars,pihole,ok,240479,permissive,rules,False,True,False,1.65,0.0,0.0,20,2026-08-09T23:12:09Z,measured,20260809T230716Z,0.0,0.0,0.0
Domain Registrars,domain-registrars,ProtonMail,ok,205928,permissive,rules,True,False,False,3.52,0.01,0.0352,33,2026-08-09T23:12:13Z,measured,20260809T230716Z,0.0,0.0,0.0
Domain Registrars,domain-registrars,KotakuInAction,ok,166183,permissive,rules,True,False,False,20.64,0.02,0.4128,22,2026-08-09T23:12:17Z,measured,20260809T230716Z,0.0,0.0,0.0
Domain Registrars,domain-registrars,webhosting,ok,126767,permissive,rules,False,True,True,2.05,0.12,0.246,25,2026-08-09T23:11:02Z,measured,20260809T230716Z,0.01,0.5,0.123
Domain Registrars,domain-registrars,mazda3,ok,120520,permissive,rules,False,True,False,19.92,0.0,0.0,38,2026-08-09T23:12:21Z,measured,20260809T230716Z,0.0,0.0,0.0
Domain Registrars,domain-registrars,whatsinthebag,ok,89964,permissive,rules,False,True,False,3.12,0.0,0.0,24,2026-08-09T23:12:25Z,measured,20260809T230716Z,0.0,0.0,0.0
Domain Registrars,domain-registrars,DCAU,ok,82151,permissive,rules,False,True,False,4.24,0.0,0.0,15,2026-08-09T23:12:29Z,measured,20260809T230716Z,0.0,0.0,0.0
Domain Registrars,domain-registrars,CloudFlare,ok,70256,permissive,sidebar,True,False,False,3.52,0.0,0.0,26,2026-08-09T23:12:33Z,measured,20260809T230716Z,0.0,0.5,0.0
Domain Registrars,domain-registrars,emotionalabuse,ok,54498,permissive,rules,False,True,False,2.32,0.0,0.0,37,2026-08-09T23:12:37Z,measured,20260809T230716Z,0.0,0.0,0.0
Website Builders,website-builders,funny,ok,67544446,hostile,rules,False,False,False,261.43,0.0,0.0,15,2026-08-05T20:39:24Z,measured,20260809T230716Z,0.0,0.0,0.0
Website Builders,website-builders,memes,ok,35945324,permissive,rules,False,True,False,543.38,0.0,0.0,25,2026-08-05T20:34:45Z,measured,20260809T230716Z,0.0,0.0,0.0
Website Builders,website-builders,pics,ok,33499498,hostile,rules,False,False,False,109.63,0.0,0.0,28,2026-08-05T20:39:27Z,measured,20260809T230716Z,0.0,0.0,0.0
Website Builders,website-builders,Jokes,ok,30419214,permissive,rules,False,True,False,28.43,0.0,0.0,31,2026-08-09T23:12:49Z,measured,20260809T230716Z,0.0,0.0,0.0
Website Builders,website-builders,videos,ok,26861899,hostile,rules,False,False,False,276.2,0.0,0.0,18,2026-08-05T20:42:07Z,measured,20260809T230716Z,0.0,0.0,0.0
Website Builders,website-builders,mildlyinteresting,ok,25317303,permissive,rules,False,True,False,476.83,0.0,0.0,28,2026-08-05T20:39:31Z,measured,20260809T230716Z,0.0,0.0,0.0
Website Builders,website-builders,gifs,ok,21510119,permissive,rules,False,True,False,2.59,0.0,0.0,19,2026-08-09T23:12:53Z,measured,20260809T230716Z,0.02,0.0,0.0
Website Builders,website-builders,MadeMeSmile,ok,12543432,hostile,rules,False,False,False,223.41,0.0,0.0,33,2026-08-05T20:31:59Z,measured,20260809T230716Z,0.0,0.0,0.0
Website Builders,website-builders,nextfuckinglevel,ok,10374852,hostile,rules,False,False,False,250.18,0.0,0.0,18,2026-08-09T23:12:56Z,measured,20260809T230716Z,0.0,0.0,0.0
Website Builders,website-builders,Minecraft,ok,8732564,permissive,rules,False,True,False,191.2,0.0,0.0,55,2026-08-05T20:32:11Z,measured,20260809T230716Z,0.0,0.0,0.0
Website Builders,website-builders,Entrepreneur,ok,5249043,hostile,shipped,False,False,False,24.81,0.0,0.0,25,2026-08-04T17:55:37Z,shipped,20260809T230716Z,0.0,0.5,0.0
Website Builders,website-builders,HomeImprovement,ok,4816935,permissive,sidebar,True,False,False,38.46,0.0,0.0,30,2026-08-09T23:13:00Z,measured,20260809T230716Z,0.02,0.0,0.0
Website Builders,website-builders,teenagers,ok,3640703,hostile,rules,False,False,False,1532.95,0.0,0.0,50,2026-08-05T20:35:10Z,measured,20260809T230716Z,0.0,0.0,0.0
Website Builders,website-builders,webdev,ok,3291935,hostile,shipped,False,False,False,28.14,0.0,0.0,49,2026-08-04T18:04:28Z,shipped,20260809T230716Z,0.0,0.5,0.0
Website Builders,website-builders,GamePhysics,ok,2802589,permissive,rules,True,False,False,1.02,0.0,0.0,21,2026-08-09T23:13:04Z,measured,20260809T230716Z,0.0,0.0,0.0
Website Builders,website-builders,lego,ok,2756959,permissive,rules,False,True,False,93.82,0.0,0.0,31,2026-08-09T23:13:09Z,measured,20260809T230716Z,0.03,0.0,0.0
Website Builders,website-builders,smallbusiness,ok,2515817,hostile,shipped,False,False,False,65.93,0.04,2.6372,54,2026-08-04T17:55:28Z,shipped,20260809T230716Z,0.01,0.5,1.3186
Website Builders,website-builders,Rainbow6,ok,2150648,permissive,rules,False,True,False,65.74,0.0,0.0,32,2026-08-09T23:13:13Z,measured,20260809T230716Z,0.01,0.0,0.0
Website Builders,website-builders,RocketLeague,ok,1876938,permissive,rules,True,False,False,83.36,0.0,0.0,31,2026-08-09T23:13:17Z,measured,20260809T230716Z,0.01,0.0,0.0
Website Builders,website-builders,Superstonk,ok,1199123,capped,shipped,False,True,False,168.83,0.0,0.0,19,2026-08-05T18:54:21Z,shipped,20260809T230716Z,0.02,0.0,0.0
Website Builders,website-builders,web_design,ok,974167,hostile,shipped,False,False,False,1.08,0.0,0.0,31,2026-08-04T18:04:19Z,shipped,20260809T230716Z,0.03,1.0,0.0
Website Builders,website-builders,DIYUK,ok,912729,permissive,rules,False,True,False,108.48,0.0,0.0,24,2026-08-09T23:13:21Z,measured,20260809T230716Z,0.0,0.0,0.0
Website Builders,website-builders,SideProject,ok,799708,permissive,sidebar,False,True,True,53.63,0.0,0.0,41,2026-08-05T20:32:58Z,measured,20260809T230716Z,0.0,0.5,0.0
Website Builders,website-builders,AnarchyChess,ok,603591,hostile,rules,False,False,False,22.34,0.0,0.0,27,2026-08-09T23:13:25Z,measured,20260809T230716Z,0.0,0.0,0.0
Website Builders,website-builders,furry,ok,530614,permissive,rules,False,True,False,37.27,0.0,0.0,52,2026-08-09T23:13:29Z,measured,20260809T230716Z,0.01,0.0,0.0
Website Builders,website-builders,IndieGaming,ok,511833,permissive,rules,False,True,False,35.39,0.0,0.0,40,2026-08-09T23:13:33Z,measured,20260809T230716Z,0.01,0.0,0.0
Website Builders,website-builders,legostarwars,ok,499328,hostile,rules,False,False,False,15.06,0.0,0.0,33,2026-08-09T23:13:37Z,measured,20260809T230716Z,0.07,0.0,0.0
Website Builders,website-builders,forhonor,ok,452986,permissive,rules,False,True,False,52.62,0.0,0.0,30,2026-08-09T23:13:41Z,measured,20260809T230716Z,0.0,0.0,0.0
Website Builders,website-builders,minecraftsuggestions,ok,451715,permissive,rules,False,True,False,45.85,0.0,0.0,12,2026-08-09T23:13:45Z,measured,20260809T230716Z,0.0,0.0,0.0
Website Builders,website-builders,IndieDev,ok,429344,permissive,rules,False,True,True,53.35,0.0,0.0,41,2026-08-09T23:13:49Z,measured,20260809T230716Z,0.0,0.5,0.0
Website Builders,website-builders,indiegames,ok,325717,hostile,rules,False,False,False,15.76,0.0,0.0,41,2026-08-09T23:13:53Z,measured,20260809T230716Z,0.0,0.0,0.0
Website Builders,website-builders,Wordpress,ok,312222,hostile,shipped,False,False,False,27.2,0.07,1.904,27,2026-08-05T18:53:01Z,shipped,20260809T230716Z,0.04,1.0,1.904
Website Builders,website-builders,fakedisordercringe,ok,308305,permissive,rules,False,True,False,5.72,0.0,0.0,18,2026-08-09T23:13:57Z,measured,20260809T230716Z,0.03,0.0,0.0
Website Builders,website-builders,HungryArtists,ok,296265,permissive,rules,False,True,True,27.91,0.22,6.1402,41,2026-08-09T23:14:02Z,measured,20260809T230716Z,0.11,0.5,3.0701
SEO Tools,seo-tools,AskReddit,ok,59332757,hostile,rules,True,False,False,5616.43,0.01,56.1643,57,2026-08-05T20:31:38Z,measured,20260809T230716Z,0.0,0.0,0.0
SEO Tools,seo-tools,science,ok,34486351,permissive,rules,False,True,False,113.87,0.0,0.0,18,2026-08-05T20:34:49Z,measured,20260809T230716Z,0.0,0.0,0.0
SEO Tools,seo-tools,politics,ok,9230904,permissive,rules,False,True,False,1200.88,0.0,0.0,48,2026-08-05T20:32:07Z,measured,20260809T230716Z,0.0,0.0,0.0
SEO Tools,seo-tools,OnePiece,ok,5314457,permissive,rules,False,True,False,172.02,0.0,0.0,23,2026-08-09T23:14:13Z,measured,20260809T230716Z,0.0,0.0,0.0
SEO Tools,seo-tools,UFOs,ok,4178421,permissive,rules,False,True,False,34.19,0.0,0.0,33,2026-08-09T23:14:17Z,measured,20260809T230716Z,0.0,0.0,0.0
SEO Tools,seo-tools,legaladvice,ok,3528500,permissive,rules,False,True,False,120.35,0.0,0.0,41,2026-08-05T20:49:39Z,measured,20260809T230716Z,0.0,0.0,0.0
SEO Tools,seo-tools,popheads,ok,3183180,hostile,rules,False,False,False,50.11,0.0,0.0,20,2026-08-09T23:14:22Z,measured,20260809T230716Z,0.0,0.0,0.0
SEO Tools,seo-tools,xxfitness,ok,3091229,capped,rules,False,True,False,11.65,0.0,0.0,22,2026-08-09T23:14:26Z,measured,20260809T230716Z,0.0,0.0,0.0
SEO Tools,seo-tools,tipofmytongue,ok,2707948,hostile,rules,False,False,False,73.52,0.0,0.0,31,2026-08-09T23:14:30Z,measured,20260809T230716Z,0.0,0.0,0.0
SEO Tools,seo-tools,conspiracy,ok,2408472,permissive,rules,False,True,False,442.86,0.0,0.0,33,2026-08-05T20:36:19Z,measured,20260809T230716Z,0.0,0.0,0.0
SEO Tools,seo-tools,marketing,ok,1958693,hostile,shipped,False,False,False,3.46,0.01,0.0346,37,2026-08-04T17:59:50Z,shipped,20260809T230716Z,0.0,0.5,0.0173
SEO Tools,seo-tools,Conservative,ok,1376046,permissive,rules,False,True,False,32.22,0.0,0.0,30,2026-08-05T20:50:23Z,measured,20260809T230716Z,0.0,0.0,0.0
SEO Tools,seo-tools,SideProject,ok,799708,permissive,sidebar,False,True,True,53.63,0.01,0.5363,41,2026-08-05T20:32:58Z,measured,20260809T230716Z,0.0,0.5,0.26815
SEO Tools,seo-tools,SaaS,ok,771500,hostile,shipped,False,False,False,78.73,0.01,0.7873,49,2026-08-04T17:55:55Z,shipped,20260809T230716Z,0.0,0.5,0.39365
SEO Tools,seo-tools,CrackWatch,ok,713911,capped,rules,False,True,False,2.4,0.0,0.0,22,2026-08-09T23:14:34Z,measured,20260809T230716Z,0.0,0.0,0.0
SEO Tools,seo-tools,LiverpoolFC,ok,652550,hostile,rules,False,False,False,125.45,0.0,0.0,11,2026-08-09T23:14:38Z,measured,20260809T230716Z,0.0,0.0,0.0
SEO Tools,seo-tools,DojaCat,ok,646148,permissive,rules,False,True,False,2.84,0.0,0.0,12,2026-08-09T23:14:42Z,measured,20260809T230716Z,0.0,0.0,0.0
SEO Tools,seo-tools,NeutralPolitics,ok,632102,permissive,rules,False,True,False,0.25,0.0,0.0,42,2026-08-09T23:14:46Z,measured,20260809T230716Z,0.0,0.0,0.0
SEO Tools,seo-tools,Austin,ok,624527,permissive,rules,False,True,False,89.73,0.01,0.8973,36,2026-08-09T23:14:50Z,measured,20260809T230716Z,0.0,0.0,0.0
SEO Tools,seo-tools,BabyBumps,ok,566453,permissive,rules,False,True,False,63.19,0.0,0.0,38,2026-08-09T23:14:54Z,measured,20260809T230716Z,0.0,0.0,0.0
SEO Tools,seo-tools,ukpolitics,ok,563378,permissive,rules,False,True,False,147.54,0.0,0.0,27,2026-08-09T23:14:58Z,measured,20260809T230716Z,0.0,0.0,0.0
SEO Tools,seo-tools,SEO,ok,501629,hostile,shipped,False,False,False,29.66,0.01,0.2966,32,2026-08-04T18:00:36Z,shipped,20260809T230716Z,0.0,1.0,0.2966
SEO Tools,seo-tools,AskTheWorld,ok,494749,permissive,rules,False,True,False,532.92,0.0,0.0,26,2026-08-09T23:15:04Z,measured,20260809T230716Z,0.0,0.0,0.0
SEO Tools,seo-tools,Notion,ok,466690,hostile,shipped,True,False,False,8.19,0.0,0.0,31,2026-08-04T17:57:10Z,shipped,20260809T230716Z,0.33,0.0,0.0
SEO Tools,seo-tools,DigitalMarketing,ok,444371,hostile,shipped,False,False,False,23.37,0.0,0.0,39,2026-08-04T17:59:42Z,shipped,20260809T230716Z,0.0,0.5,0.0
SEO Tools,seo-tools,digital_marketing,ok,367679,permissive,rules,True,False,False,7.49,0.02,0.1498,30,2026-08-05T20:36:42Z,measured,20260809T230716Z,0.0,0.5,0.0749
SEO Tools,seo-tools,Wordpress,ok,312222,hostile,shipped,False,False,False,27.2,0.0,0.0,27,2026-08-05T18:53:01Z,shipped,20260809T230716Z,0.04,0.5,0.0
SEO Tools,seo-tools,StremioAddons,ok,276123,hostile,rules,False,False,False,11.89,0.0,0.0,36,2026-08-09T23:15:08Z,measured,20260809T230716Z,0.0,0.0,0.0
SEO Tools,seo-tools,Blogging,ok,202146,hostile,rules,False,False,False,2.43,0.02,0.0486,28,2026-08-05T20:48:00Z,measured,20260809T230716Z,0.0,0.5,0.0243
SEO Tools,seo-tools,juststart,ok,179893,hostile,rules,False,False,False,0.23,0.02,0.0046,26,2026-08-09T23:10:54Z,measured,20260809T230716Z,0.0,1.0,0.0046
SEO Tools,seo-tools,mtgfinance,ok,167358,permissive,rules,False,True,False,72.3,0.0,0.0,15,2026-08-09T23:15:12Z,measured,20260809T230716Z,0.0,0.0,0.0
SEO Tools,seo-tools,AllCryptoBets,ok,166151,permissive,rules,True,False,False,0.07,0.0,0.0,25,2026-08-09T23:15:16Z,measured,20260809T230716Z,0.0,0.0,0.0
SEO Tools,seo-tools,Ulta,ok,160601,capped,rules,False,True,False,62.46,0.0,0.0,15,2026-08-09T23:15:20Z,measured,20260809T230716Z,0.0,0.0,0.0
SEO Tools,seo-tools,rep,ok,160203,permissive,rules,False,True,False,12.21,0.0,0.0,36,2026-08-09T23:15:24Z,measured,20260809T230716Z,0.0,0.0,0.0
Social Media Management,social-media-management,worldnews,ok,47508421,permissive,rules,False,True,False,735.82,0.0,0.0,23,2026-08-05T20:37:49Z,measured,20260809T230716Z,0.0,0.0,0.0
Social Media Management,social-media-management,todayilearned,ok,41573230,permissive,rules,False,True,False,353.92,0.0,0.0,21,2026-08-05T20:31:42Z,measured,20260809T230716Z,0.0,0.0,0.0
Social Media Management,social-media-management,movies,ok,37560788,permissive,rules,False,True,False,696.25,0.0,0.0,33,2026-08-05T20:42:03Z,measured,20260809T230716Z,0.0,0.0,0.0
Social Media Management,social-media-management,technology,ok,20452155,permissive,rules,False,True,True,810.1,0.0,0.0,23,2026-08-05T20:30:48Z,measured,20260809T230716Z,0.0,0.5,0.0
Social Media Management,social-media-management,television,ok,18095765,permissive,rules,False,True,False,142.99,0.0,0.0,20,2026-08-05T20:42:11Z,measured,20260809T230716Z,0.0,0.0,0.0
Social Media Management,social-media-management,programming,ok,6908004,permissive,rules,False,True,False,14.8,0.0,0.0,27,2026-08-05T20:32:15Z,measured,20260809T230716Z,0.0,0.0,0.0
Social Media Management,social-media-management,Entrepreneur,ok,5249043,hostile,shipped,False,False,False,24.81,0.0,0.0,25,2026-08-04T17:55:37Z,shipped,20260809T230716Z,0.0,0.5,0.0
Social Media Management,social-media-management,marvelstudios,ok,4836863,permissive,rules,False,True,False,405.78,0.0,0.0,40,2026-08-05T20:42:28Z,measured,20260809T230716Z,0.0,0.0,0.0
Social Media Management,social-media-management,pcgaming,ok,3997822,hostile,rules,False,False,False,34.4,0.0,0.0,32,2026-08-09T23:15:35Z,measured,20260809T230716Z,0.0,0.0,0.0
Social Media Management,social-media-management,MMA,ok,3655622,capped,rules,False,True,False,72.61,0.0,0.0,20,2026-08-05T20:51:41Z,measured,20260809T230716Z,0.0,0.0,0.0
Social Media Management,social-media-management,Games,ok,3563588,permissive,rules,False,True,False,72.2,0.0,0.0,28,2026-08-09T23:15:39Z,measured,20260809T230716Z,0.01,0.0,0.0
Social Media Management,social-media-management,ufc,ok,3162831,permissive,rules,False,True,False,384.39,0.0,0.0,32,2026-08-09T23:15:43Z,measured,20260809T230716Z,0.0,0.0,0.0
Social Media Management,social-media-management,TheLastAirbender,ok,2297459,permissive,rules,False,True,False,138.06,0.0,0.0,30,2026-08-09T23:15:47Z,measured,20260809T230716Z,0.01,0.0,0.0
Social Media Management,social-media-management,socialmedia,ok,2115458,permissive,rules,False,True,True,3.52,0.0,0.0,49,2026-08-09T23:15:51Z,measured,20260809T230716Z,0.05,1.0,0.0
Social Media Management,social-media-management,insanepeoplefacebook,ok,2040644,permissive,rules,False,True,False,138.08,0.0,0.0,14,2026-08-09T23:15:55Z,measured,20260809T230716Z,0.01,0.0,0.0
Social Media Management,social-media-management,marketing,ok,1958693,hostile,shipped,False,False,False,3.46,0.0,0.0,37,2026-08-04T17:59:50Z,shipped,20260809T230716Z,0.0,0.5,0.0
Social Media Management,social-media-management,boxoffice,ok,1231976,hostile,rules,False,False,False,192.17,0.0,0.0,30,2026-08-09T23:15:59Z,measured,20260809T230716Z,0.01,0.0,0.0
Social Media Management,social-media-management,ghibli,ok,837142,permissive,rules,False,True,False,13.02,0.0,0.0,26,2026-08-09T23:16:03Z,measured,20260809T230716Z,0.0,0.0,0.0
Social Media Management,social-media-management,labrats,ok,721605,permissive,rules,False,True,False,17.57,0.0,0.0,25,2026-08-09T23:16:07Z,measured,20260809T230716Z,0.0,0.0,0.0
Social Media Management,social-media-management,forhire,ok,660133,permissive,shipped,False,True,False,33.95,0.0,0.0,56,2026-08-05T17:45:22Z,shipped,20260809T230716Z,0.0,0.0,0.0
Social Media Management,social-media-management,gundeals,ok,628415,permissive,rules,False,True,False,36.01,0.0,0.0,18,2026-08-05T20:34:26Z,measured,20260809T230716Z,0.05,0.0,0.0
Social Media Management,social-media-management,oculus,ok,567836,permissive,rules,False,True,False,2.27,0.0,0.0,49,2026-08-09T23:16:11Z,measured,20260809T230716Z,0.03,0.0,0.0
Social Media Management,social-media-management,Stellaris,ok,520550,permissive,rules,False,True,False,31.32,0.0,0.0,34,2026-08-09T23:16:15Z,measured,20260809T230716Z,0.01,0.0,0.0
Social Media Management,social-media-management,hoi4,ok,499806,permissive,rules,False,True,False,29.85,0.0,0.0,32,2026-08-09T23:16:19Z,measured,20260809T230716Z,0.01,0.0,0.0
Social Media Management,social-media-management,factorio,ok,493893,hostile,rules,False,False,False,50.52,0.0,0.0,34,2026-08-09T23:16:23Z,measured,20260809T230716Z,0.04,0.0,0.0
Social Media Management,social-media-management,slavelabour,ok,482924,permissive,shipped,False,True,False,5.59,0.0,0.0,50,2026-08-05T18:49:34Z,shipped,20260809T230716Z,0.02,0.0,0.0
Social Media Management,social-media-management,airsoft,ok,470455,permissive,rules,False,True,False,62.12,0.0,0.0,31,2026-08-09T23:16:27Z,measured,20260809T230716Z,0.0,0.0,0.0
Social Media Management,social-media-management,DigitalMarketing,ok,444371,hostile,shipped,False,False,False,23.37,0.0,0.0,39,2026-08-04T17:59:42Z,shipped,20260809T230716Z,0.0,0.5,0.0
Social Media Management,social-media-management,SatisfactoryGame,ok,445804,permissive,rules,True,False,False,49.28,0.0,0.0,24,2026-08-09T23:16:31Z,measured,20260809T230716Z,0.06,0.0,0.0
Social Media Management,social-media-management,rust,ok,416783,permissive,shipped,False,True,False,23.67,0.0,0.0,24,2026-08-05T18:53:37Z,shipped,20260809T230716Z,0.0,0.0,0.0
Social Media Management,social-media-management,ar15,ok,394390,permissive,rules,False,True,False,103.69,0.0,0.0,31,2026-08-09T23:16:35Z,measured,20260809T230716Z,0.01,0.0,0.0
Social Media Management,social-media-management,eu4,ok,394067,permissive,rules,False,True,False,20.42,0.0,0.0,24,2026-08-09T23:16:39Z,measured,20260809T230716Z,0.0,0.0,0.0
Social Media Management,social-media-management,digital_marketing,ok,367679,permissive,rules,True,False,False,7.49,0.0,0.0,30,2026-08-05T20:36:42Z,measured,20260809T230716Z,0.0,0.5,0.0
Social Media Management,social-media-management,guitarpedals,ok,331953,permissive,rules,False,True,False,46.6,0.0,0.0,29,2026-08-09T23:16:43Z,measured,20260809T230716Z,0.0,0.0,0.0
Live Chat and Chatbots,live-chat,Futurology,ok,21691007,permissive,rules,False,True,False,77.71,0.0,0.0,13,2026-08-05T20:46:13Z,measured,20260809T230716Z,0.0,0.0,0.0
Live Chat and Chatbots,live-chat,technology,ok,20452155,permissive,rules,False,True,True,810.1,0.0,0.0,23,2026-08-05T20:30:48Z,measured,20260809T230716Z,0.0,0.5,0.0
Live Chat and Chatbots,live-chat,ChatGPT,ok,11588013,permissive,rules,True,False,False,137.0,0.0,0.0,34,2026-08-05T20:51:16Z,measured,20260809T230716Z,0.05,1.0,0.0
Live Chat and Chatbots,live-chat,CryptoCurrency,ok,10134642,permissive,rules,False,True,False,38.93,0.0,0.0,20,2026-08-05T20:36:11Z,measured,20260809T230716Z,0.0,0.0,0.0
Live Chat and Chatbots,live-chat,singularity,ok,3948481,permissive,rules,True,False,False,138.46,0.0,0.0,18,2026-08-05T20:46:37Z,measured,20260809T230716Z,0.0,0.5,0.0
Live Chat and Chatbots,live-chat,MMA,ok,3655622,capped,rules,False,True,False,72.61,0.0,0.0,20,2026-08-05T20:51:41Z,measured,20260809T230716Z,0.0,0.0,0.0
Live Chat and Chatbots,live-chat,DestinyTheGame,ok,3373336,hostile,rules,True,False,False,58.94,0.0,0.0,23,2026-08-09T23:16:57Z,measured,20260809T230716Z,0.03,0.0,0.0
Live Chat and Chatbots,live-chat,OpenAI,ok,2829361,permissive,rules,True,False,False,34.67,0.0,0.0,31,2026-08-05T20:51:53Z,measured,20260809T230716Z,0.0,1.0,0.0
Live Chat and Chatbots,live-chat,CharacterAI,ok,2624572,hostile,rules,True,False,False,118.03,0.0,0.0,16,2026-08-05T20:38:37Z,measured,20260809T230716Z,0.0,1.0,0.0
Live Chat and Chatbots,live-chat,CryptoMoonShots,ok,2293889,capped,rules,False,True,False,0.55,0.0,0.0,69,2026-08-05T20:36:23Z,measured,20260809T230716Z,0.0,0.0,0.0
Live Chat and Chatbots,live-chat,tennis,ok,2106427,hostile,rules,False,False,False,521.44,0.0,0.0,12,2026-08-09T23:17:01Z,measured,20260809T230716Z,0.03,0.0,0.0
Live Chat and Chatbots,live-chat,ArtificialInteligence,ok,1894137,permissive,rules,False,True,True,46.01,0.0,0.0,36,2026-08-05T20:47:00Z,measured,20260809T230716Z,0.0,0.5,0.0
Live Chat and Chatbots,live-chat,4chan,ok,1351049,permissive,rules,False,True,False,45.94,0.0,0.0,11,2026-08-09T23:17:05Z,measured,20260809T230716Z,0.0,0.0,0.0
Live Chat and Chatbots,live-chat,artificial,ok,1319126,permissive,rules,False,True,True,33.89,0.0,0.0,18,2026-08-05T20:47:08Z,measured,20260809T230716Z,0.0,0.5,0.0
Live Chat and Chatbots,live-chat,MakeNewFriendsHere,ok,1118536,hostile,rules,True,False,False,212.79,0.0,0.0,58,2026-08-09T23:17:09Z,measured,20260809T230716Z,0.0,0.0,0.0
Live Chat and Chatbots,live-chat,residentevil,ok,1108732,permissive,rules,False,True,False,132.31,0.0,0.0,24,2026-08-09T23:17:13Z,measured,20260809T230716Z,0.03,0.0,0.0
Live Chat and Chatbots,live-chat,technews,ok,1096455,permissive,rules,False,True,False,19.92,0.0,0.0,5,2026-08-09T23:17:17Z,measured,20260809T230716Z,0.0,0.0,0.0
Live Chat and Chatbots,live-chat,indonesia,ok,969591,hostile,rules,False,False,False,61.08,0.0,0.0,24,2026-08-09T23:17:21Z,measured,20260809T230716Z,0.2,0.0,0.0
Live Chat and Chatbots,live-chat,destiny2,ok,954360,hostile,rules,False,False,False,95.26,0.0,0.0,33,2026-08-09T23:17:26Z,measured,20260809T230716Z,0.0,0.0,0.0
Live Chat and Chatbots,live-chat,streetwearstartup,ok,851635,capped,rules,False,True,False,12.1,0.0,0.0,23,2026-08-09T23:17:30Z,measured,20260809T230716Z,0.0,0.0,0.0
Live Chat and Chatbots,live-chat,LocalLLaMA,ok,795419,permissive,rules,False,True,True,53.71,0.0,0.0,39,2026-08-09T23:17:34Z,measured,20260809T230716Z,0.01,0.5,0.0
Live Chat and Chatbots,live-chat,SatoshiStreetBets,ok,759241,permissive,sidebar,False,True,False,0.02,0.0,0.0,28,2026-08-09T23:17:38Z,measured,20260809T230716Z,0.03,0.0,0.0
Live Chat and Chatbots,live-chat,cardano,ok,733507,hostile,rules,False,False,False,0.96,0.0,0.0,18,2026-08-09T23:17:42Z,measured,20260809T230716Z,0.26,0.0,0.0
Live Chat and Chatbots,live-chat,GoCommitDie,ok,611737,permissive,rules,False,True,False,1.59,0.0,0.0,29,2026-08-09T23:17:46Z,measured,20260809T230716Z,0.01,0.0,0.0
Live Chat and Chatbots,live-chat,amcstock,ok,523633,permissive,rules,False,True,False,1.48,0.0,0.0,7,2026-08-09T23:17:50Z,measured,20260809T230716Z,0.02,0.0,0.0
Live Chat and Chatbots,live-chat,PlantedTank,ok,431096,hostile,rules,False,False,False,18.59,0.0,0.0,37,2026-08-09T23:17:54Z,measured,20260809T230716Z,0.03,0.0,0.0
Live Chat and Chatbots,live-chat,Dexter,ok,373294,permissive,rules,False,True,False,7.3,0.0,0.0,24,2026-08-09T23:17:58Z,measured,20260809T230716Z,0.01,0.0,0.0
Live Chat and Chatbots,live-chat,antiai,ok,276738,permissive,rules,False,True,True,304.68,0.0,0.0,43,2026-08-09T23:18:02Z,measured,20260809T230716Z,0.02,0.5,0.0
Live Chat and Chatbots,live-chat,longboarding,ok,273345,permissive,rules,False,True,False,2.84,0.0,0.0,22,2026-08-09T23:18:06Z,measured,20260809T230716Z,0.03,0.0,0.0
Live Chat and Chatbots,live-chat,obs,ok,210523,hostile,rules,True,False,False,5.42,0.0,0.0,44,2026-08-09T23:18:10Z,measured,20260809T230716Z,0.04,0.0,0.0
Live Chat and Chatbots,live-chat,Brawlhalla,ok,191637,permissive,rules,False,True,False,20.74,0.0,0.0,25,2026-08-09T23:18:14Z,measured,20260809T230716Z,0.01,0.0,0.0
Live Chat and Chatbots,live-chat,Bolehland,ok,189803,permissive,sidebar,False,True,False,37.99,0.0,0.0,25,2026-08-09T23:18:17Z,measured,20260809T230716Z,0.03,0.0,0.0
Live Chat and Chatbots,live-chat,AIAssisted,ok,174670,permissive,rules,False,True,True,0.62,0.0,0.0,45,2026-08-09T23:18:21Z,measured,20260809T230716Z,0.0,1.0,0.0
Live Chat and Chatbots,live-chat,trucksim,ok,157230,permissive,rules,False,True,False,8.49,0.0,0.0,29,2026-08-09T23:18:25Z,measured,20260809T230716Z,0.02,0.0,0.0
VoIP and Business Phone,voip,Showerthoughts,ok,34176852,permissive,rules,False,True,False,26.77,0.0,0.0,35,2026-08-05T20:31:45Z,measured,20260809T230716Z,0.0,0.0,0.0
VoIP and Business Phone,voip,books,ok,27224884,permissive,rules,False,True,False,71.26,0.0,0.0,34,2026-08-05T20:33:09Z,measured,20260809T230716Z,0.05,0.0,0.0
VoIP and Business Phone,voip,mildlyinteresting,ok,25317303,permissive,rules,False,True,False,476.83,0.0,0.0,28,2026-08-05T20:39:31Z,measured,20260809T230716Z,0.0,0.0,0.0
VoIP and Business Phone,voip,LifeProTips,ok,23081480,hostile,rules,False,False,False,20.35,0.0,0.0,28,2026-08-05T20:31:49Z,measured,20260809T230716Z,0.0,0.0,0.0
VoIP and Business Phone,voip,technology,ok,20452155,permissive,rules,False,True,True,810.1,0.01,8.101,23,2026-08-05T20:30:48Z,measured,20260809T230716Z,0.0,0.5,4.0505
VoIP and Business Phone,voip,WritingPrompts,ok,18869574,permissive,rules,False,True,False,15.64,0.02,0.3128,49,2026-08-05T20:31:53Z,measured,20260809T230716Z,0.0,0.0,0.0
VoIP and Business Phone,voip,Minecraft,ok,8732564,permissive,rules,False,True,False,191.2,0.0,0.0,55,2026-08-05T20:32:11Z,measured,20260809T230716Z,0.0,0.0,0.0
VoIP and Business Phone,voip,leagueoflegends,ok,8439238,permissive,rules,False,True,False,233.23,0.01,2.3323,38,2026-08-05T20:44:58Z,measured,20260809T230716Z,0.0,0.0,0.0
VoIP and Business Phone,voip,apple,ok,6409592,permissive,rules,True,False,False,42.96,0.0,0.0,31,2026-08-05T20:38:08Z,measured,20260809T230716Z,0.0,0.0,0.0
VoIP and Business Phone,voip,Entrepreneur,ok,5249043,hostile,shipped,False,False,False,24.81,0.0,0.0,25,2026-08-04T17:55:37Z,shipped,20260809T230716Z,0.0,0.5,0.0
VoIP and Business Phone,voip,iphone,ok,4622754,permissive,rules,False,True,False,63.18,0.01,0.6318,33,2026-08-05T20:38:20Z,measured,20260809T230716Z,0.0,0.0,0.0
VoIP and Business Phone,voip,harrypotter,ok,3778840,permissive,rules,False,True,False,120.22,0.0,0.0,20,2026-08-05T20:33:29Z,measured,20260809T230716Z,0.01,0.0,0.0
VoIP and Business Phone,voip,Games,ok,3563588,permissive,rules,False,True,False,72.2,0.0,0.0,28,2026-08-09T23:15:39Z,measured,20260809T230716Z,0.01,0.0,0.0
VoIP and Business Phone,voip,legaladvice,ok,3528500,permissive,rules,False,True,False,120.35,0.0,0.0,41,2026-08-05T20:49:39Z,measured,20260809T230716Z,0.0,0.0,0.0
VoIP and Business Phone,voip,sidehustle,ok,3302318,hostile,rules,False,False,False,1.67,0.0,0.0,34,2026-08-09T23:18:39Z,measured,20260809T230716Z,0.0,0.5,0.0
VoIP and Business Phone,voip,Android,ok,3179436,hostile,rules,True,False,False,50.4,0.0,0.0,21,2026-08-05T20:38:29Z,measured,20260809T230716Z,0.0,0.0,0.0
VoIP and Business Phone,voip,hockey,ok,3111192,permissive,rules,False,True,False,303.16,0.0,0.0,17,2026-08-05T20:46:47Z,measured,20260809T230716Z,0.0,0.0,0.0
VoIP and Business Phone,voip,AnimalCrossing,ok,2870086,permissive,rules,False,True,False,80.17,0.0,0.0,19,2026-08-05T20:40:57Z,measured,20260809T230716Z,0.0,0.0,0.0
VoIP and Business Phone,voip,electronicmusic,ok,2655414,permissive,rules,False,True,False,23.08,0.0,0.0,13,2026-08-09T23:18:44Z,measured,20260809T230716Z,0.0,0.0,0.0
VoIP and Business Phone,voip,business,ok,2583459,permissive,rules,False,False,False,11.89,0.0,0.0,15,2026-08-05T20:46:56Z,measured,20260809T230716Z,0.0,0.5,0.0
VoIP and Business Phone,voip,smallbusiness,ok,2515817,hostile,shipped,False,False,False,65.93,0.0,0.0,54,2026-08-04T17:55:28Z,shipped,20260809T230716Z,0.01,0.5,0.0
VoIP and Business Phone,voip,privacy,ok,1652332,hostile,shipped,False,False,False,42.96,0.0,0.0,15,2026-08-04T18:01:36Z,shipped,20260809T230716Z,0.0,0.5,0.0
VoIP and Business Phone,voip,cybersecurity,ok,1499373,hostile,shipped,False,False,False,54.05,0.01,0.5405,31,2026-08-04T18:01:44Z,shipped,20260809T230716Z,0.02,0.5,0.27025
VoIP and Business Phone,voip,sysadmin,ok,1307123,permissive,shipped,False,True,True,111.96,0.01,1.1196,24,2026-08-04T18:02:01Z,shipped,20260809T230716Z,0.0,1.0,1.1196
VoIP and Business Phone,voip,EscapefromTarkov,ok,1148174,permissive,rules,False,True,False,158.94,0.0,0.0,48,2026-08-09T23:18:47Z,measured,20260809T230716Z,0.0,0.0,0.0
VoIP and Business Phone,voip,FinalFantasy,ok,913660,permissive,rules,True,False,False,75.79,0.0,0.0,20,2026-08-09T23:18:51Z,measured,20260809T230716Z,0.0,0.0,0.0
VoIP and Business Phone,voip,AmericanHorrorStory,ok,856431,hostile,rules,False,False,False,29.82,0.0,0.0,15,2026-08-09T23:18:55Z,measured,20260809T230716Z,0.0,0.0,0.0
VoIP and Business Phone,voip,arduino,ok,778009,permissive,rules,False,True,False,15.11,0.01,0.1511,28,2026-08-09T23:18:59Z,measured,20260809T230716Z,0.0,0.0,0.0
VoIP and Business Phone,voip,stopdrinking,ok,705207,hostile,rules,False,False,False,100.37,0.0,0.0,34,2026-08-09T23:19:03Z,measured,20260809T230716Z,0.0,0.0,0.0
VoIP and Business Phone,voip,Berserk,ok,682015,permissive,rules,False,True,False,11.61,0.05,0.5805,38,2026-08-09T23:19:07Z,measured,20260809T230716Z,0.0,0.0,0.0
VoIP and Business Phone,voip,HomeworkHelp,ok,675628,hostile,rules,True,False,False,2.23,0.0,0.0,22,2026-08-09T23:19:12Z,measured,20260809T230716Z,0.0,0.0,0.0
VoIP and Business Phone,voip,LetsTalkMusic,ok,583734,hostile,rules,True,False,False,0.0,0.0,0.0,0,2026-08-09T23:19:33Z,measured,20260809T230716Z,0.0,0.0,0.0
VoIP and Business Phone,voip,netsec,ok,568429,permissive,shipped,False,True,False,0.65,0.0,0.0,29,2026-08-04T18:01:51Z,shipped,20260809T230716Z,0.0,0.0,0.0
VoIP and Business Phone,voip,starcitizen,ok,523496,permissive,rules,False,True,False,589.51,0.0,0.0,23,2026-08-05T20:45:14Z,measured,20260809T230716Z,0.02,0.0,0.0
Video Conferencing,video-conferencing,CryptoCurrency,ok,10134642,permissive,rules,False,True,False,38.93,0.0,0.0,20,2026-08-05T20:36:11Z,measured,20260809T230716Z,0.0,0.0,0.0
Video Conferencing,video-conferencing,kpop,ok,3885592,permissive,rules,False,True,False,32.99,0.0,0.0,28,2026-08-05T20:51:33Z,measured,20260809T230716Z,0.0,0.0,0.0
Video Conferencing,video-conferencing,baseball,ok,3177197,permissive,rules,False,True,False,1141.34,0.0,0.0,25,2026-08-05T20:35:30Z,measured,20260809T230716Z,0.0,0.0,0.0
Video Conferencing,video-conferencing,assholedesign,ok,3122950,permissive,rules,False,True,False,11.79,0.0,0.0,11,2026-08-05T20:32:31Z,measured,20260809T230716Z,0.0,0.0,0.0
Video Conferencing,video-conferencing,selfhosted,ok,813099,hostile,shipped,False,False,False,66.7,0.0,0.0,33,2026-08-04T18:02:09Z,shipped,20260809T230716Z,0.01,0.5,0.0
Video Conferencing,video-conferencing,Gamingcirclejerk,ok,815372,hostile,rules,False,False,False,48.03,0.0,0.0,23,2026-08-09T23:20:10Z,measured,20260809T230716Z,0.0,0.0,0.0
Video Conferencing,video-conferencing,phillies,ok,224652,hostile,rules,False,False,False,82.51,0.0,0.0,16,2026-08-09T23:20:14Z,measured,20260809T230716Z,0.0,0.0,0.0
Video Conferencing,video-conferencing,FireEmblemHeroes,ok,202973,permissive,rules,False,True,False,39.96,0.0,0.0,22,2026-08-09T23:20:19Z,measured,20260809T230716Z,0.0,0.0,0.0
Video Conferencing,video-conferencing,Braves,ok,152150,permissive,rules,False,True,False,45.38,0.0,0.0,6,2026-08-09T23:20:23Z,measured,20260809T230716Z,0.0,0.0,0.0
Video Conferencing,video-conferencing,brave_browser,ok,137398,permissive,sidebar,True,False,False,8.32,0.0,0.0,20,2026-08-09T23:20:27Z,measured,20260809T230716Z,0.0,0.0,0.0
Video Conferencing,video-conferencing,teentitans,ok,118842,permissive,rules,False,True,False,12.83,0.0,0.0,26,2026-08-09T23:20:30Z,measured,20260809T230716Z,0.0,0.0,0.0
Video Conferencing,video-conferencing,ZeldaMemes,ok,103219,permissive,rules,False,True,False,0.22,0.0,0.0,30,2026-08-09T23:20:34Z,measured,20260809T230716Z,0.0,0.0,0.0
Video Conferencing,video-conferencing,BATProject,ok,86374,permissive,rules,False,True,False,0.09,0.01,0.0009,33,2026-08-09T23:20:38Z,measured,20260809T230716Z,0.0,0.0,0.0
Video Conferencing,video-conferencing,R36S,ok,86172,permissive,rules,False,True,False,27.86,0.0,0.0,33,2026-08-09T23:20:42Z,measured,20260809T230716Z,0.0,0.0,0.0
Video Conferencing,video-conferencing,Arcade1Up,ok,61036,hostile,rules,False,False,False,2.01,0.0,0.0,19,2026-08-09T23:20:46Z,measured,20260809T230716Z,0.0,0.0,0.0
Video Conferencing,video-conferencing,ConspiracyII,ok,48688,permissive,rules,False,True,False,0.24,0.0,0.0,28,2026-08-09T23:20:50Z,measured,20260809T230716Z,0.0,0.0,0.0
Video Conferencing,video-conferencing,bravefrontier,ok,48637,permissive,rules,False,True,False,0.26,0.01,0.0026,31,2026-08-09T23:20:54Z,measured,20260809T230716Z,0.0,0.0,0.0
Video Conferencing,video-conferencing,AtlantaBraves,ok,23438,permissive,rules,False,True,False,4.04,0.0,0.0,12,2026-08-09T23:20:58Z,measured,20260809T230716Z,0.0,0.0,0.0
Video Conferencing,video-conferencing,enviroaction,ok,15743,permissive,sidebar,False,True,False,0.46,0.0,0.0,16,2026-08-09T23:21:02Z,measured,20260809T230716Z,0.0,0.0,0.0
Video Conferencing,video-conferencing,XboxThemes,ok,13165,permissive,sidebar,False,True,False,0.01,0.0,0.0,59,2026-08-09T23:21:06Z,measured,20260809T230716Z,0.0,0.0,0.0
Video Conferencing,video-conferencing,privatelife,ok,13006,permissive,rules,False,True,False,0.13,0.0,0.0,15,2026-08-09T23:21:10Z,measured,20260809T230716Z,0.0,0.0,0.0
Video Conferencing,video-conferencing,Bravenewbies,ok,6436,permissive,sidebar,False,True,False,0.0,0.0,0.0,15,2026-08-09T23:21:13Z,measured,20260809T230716Z,0.0,0.0,0.0
Video Conferencing,video-conferencing,Unobtanium,ok,4399,permissive,sidebar,False,True,False,0.0,0.0,0.0,60,2026-08-09T23:21:17Z,measured,20260809T230716Z,0.0,0.0,0.0
Video Conferencing,video-conferencing,bravegirls,ok,3171,hostile,rules,False,False,False,0.13,0.0,0.0,25,2026-08-09T23:21:21Z,measured,20260809T230716Z,0.0,0.0,0.0
Video Conferencing,video-conferencing,IratusLOTD,ok,1562,permissive,sidebar,False,True,False,0.01,0.0,0.0,39,2026-08-09T23:21:25Z,measured,20260809T230716Z,0.0,0.0,0.0
Webinar Platforms,webinars,todayilearned,ok,41573230,permissive,rules,False,True,False,353.92,0.0,0.0,21,2026-08-05T20:31:42Z,measured,20260809T230716Z,0.0,0.0,0.0
Webinar Platforms,webinars,science,ok,34486351,permissive,rules,False,True,False,113.87,0.0,0.0,18,2026-08-05T20:34:49Z,measured,20260809T230716Z,0.0,0.0,0.0
Webinar Platforms,webinars,pics,ok,33499498,hostile,rules,False,False,False,109.63,0.0,0.0,28,2026-08-05T20:39:27Z,measured,20260809T230716Z,0.0,0.0,0.0
Webinar Platforms,webinars,Art,ok,22493099,capped,rules,True,False,False,35.46,0.0,0.0,42,2026-08-05T20:40:13Z,measured,20260809T230716Z,0.05,0.0,0.0
Webinar Platforms,webinars,politics,ok,9230904,permissive,rules,False,True,False,1200.88,0.0,0.0,48,2026-08-05T20:32:07Z,measured,20260809T230716Z,0.0,0.0,0.0
Webinar Platforms,webinars,drawing,ok,5779481,hostile,rules,False,False,False,22.81,0.0,0.0,49,2026-08-05T20:40:21Z,measured,20260809T230716Z,0.06,0.0,0.0
Webinar Platforms,webinars,whatisthisthing,ok,3147428,permissive,rules,False,True,False,12.43,0.0,0.0,44,2026-08-05T20:48:55Z,measured,20260809T230716Z,0.0,0.0,0.0
Webinar Platforms,webinars,realestateinvesting,ok,1967743,hostile,rules,False,False,False,5.67,0.0,0.0,13,2026-08-05T20:39:51Z,measured,20260809T230716Z,0.0,0.0,0.0
Webinar Platforms,webinars,crochet,ok,1953912,hostile,rules,False,False,False,52.64,0.0,0.0,39,2026-08-05T20:35:47Z,measured,20260809T230716Z,0.0,0.0,0.0
Webinar Platforms,webinars,golf,ok,1787580,permissive,rules,False,True,False,398.88,0.0,0.0,30,2026-08-09T23:21:36Z,measured,20260809T230716Z,0.0,0.0,0.0
Webinar Platforms,webinars,photocritique,ok,1747800,hostile,rules,False,False,False,30.76,0.0,0.0,29,2026-08-09T23:21:40Z,measured,20260809T230716Z,0.07,0.0,0.0
Webinar Platforms,webinars,Warhammer40k,ok,1573436,permissive,rules,False,True,False,90.78,0.0,0.0,36,2026-08-09T23:21:44Z,measured,20260809T230716Z,0.01,0.0,0.0
Webinar Platforms,webinars,minipainting,ok,1265095,permissive,rules,False,True,False,33.9,0.0,0.0,33,2026-08-09T23:21:48Z,measured,20260809T230716Z,0.04,0.0,0.0
Webinar Platforms,webinars,Superstonk,ok,1199123,capped,shipped,False,True,False,168.83,0.0,0.0,19,2026-08-05T18:54:21Z,shipped,20260809T230716Z,0.02,0.0,0.0
Webinar Platforms,webinars,Illustration,ok,957166,hostile,rules,False,False,False,4.6,0.0,0.0,34,2026-08-05T20:41:49Z,measured,20260809T230716Z,0.01,0.0,0.0
Webinar Platforms,webinars,bisexual,ok,706191,hostile,rules,False,False,False,38.11,0.0,0.0,35,2026-08-05T20:47:12Z,measured,20260809T230716Z,0.0,0.0,0.0
Webinar Platforms,webinars,stopdrinking,ok,705207,hostile,rules,False,False,False,100.37,0.0,0.0,34,2026-08-09T23:19:03Z,measured,20260809T230716Z,0.0,0.0,0.0
Webinar Platforms,webinars,Austin,ok,624527,permissive,rules,False,True,False,89.73,0.0,0.0,36,2026-08-09T23:14:50Z,measured,20260809T230716Z,0.0,0.0,0.0
Webinar Platforms,webinars,knitting,ok,609802,hostile,rules,False,False,False,47.11,0.0,0.0,39,2026-08-05T20:53:43Z,measured,20260809T230716Z,0.0,0.0,0.0
Webinar Platforms,webinars,Warhammer,ok,470188,permissive,rules,False,True,False,37.16,0.0,0.0,19,2026-08-09T23:21:53Z,measured,20260809T230716Z,0.0,0.0,0.0
Webinar Platforms,webinars,Gunpla,ok,381211,permissive,rules,False,True,False,36.98,0.0,0.0,45,2026-08-05T20:47:29Z,measured,20260809T230716Z,0.0,0.0,0.0
Webinar Platforms,webinars,CemeteryPorn,ok,359800,permissive,rules,False,True,False,4.78,0.0,0.0,25,2026-08-09T23:21:56Z,measured,20260809T230716Z,0.0,0.0,0.0
Webinar Platforms,webinars,exmormon,ok,347252,permissive,rules,False,True,False,93.39,0.0,0.0,33,2026-08-09T23:22:00Z,measured,20260809T230716Z,0.0,0.0,0.0
Webinar Platforms,webinars,Amoledbackgrounds,ok,346194,permissive,rules,False,True,False,0.51,0.01,0.0051,36,2026-08-09T23:22:05Z,measured,20260809T230716Z,0.0,0.0,0.0
Webinar Platforms,webinars,ftm,ok,318607,permissive,rules,False,True,False,88.17,0.0,0.0,39,2026-08-09T23:22:08Z,measured,20260809T230716Z,0.0,0.0,0.0
Webinar Platforms,webinars,NonBinary,ok,307035,hostile,rules,False,False,False,19.79,0.0,0.0,31,2026-08-09T23:22:12Z,measured,20260809T230716Z,0.0,0.0,0.0
Webinar Platforms,webinars,DnB,ok,304092,hostile,rules,False,False,False,18.14,0.0,0.0,17,2026-08-09T23:11:58Z,measured,20260809T230716Z,0.0,0.0,0.0
Webinar Platforms,webinars,ageofsigmar,ok,261618,permissive,rules,False,True,False,17.59,0.0,0.0,20,2026-08-09T23:22:16Z,measured,20260809T230716Z,0.0,0.0,0.0
Webinar Platforms,webinars,Miata,ok,247758,permissive,rules,False,True,False,53.99,0.0,0.0,26,2026-08-09T23:22:20Z,measured,20260809T230716Z,0.0,0.0,0.0
Webinar Platforms,webinars,Radiology,ok,235685,hostile,rules,False,False,False,9.4,0.0,0.0,21,2026-08-09T23:22:24Z,measured,20260809T230716Z,0.03,0.0,0.0
Webinar Platforms,webinars,tall,ok,224811,hostile,rules,False,False,False,47.09,0.0,0.0,9,2026-08-09T23:22:28Z,measured,20260809T230716Z,0.0,0.0,0.0
Webinar Platforms,webinars,Random_Acts_Of_Amazon,ok,218715,permissive,rules,True,False,False,38.67,0.0,0.0,15,2026-08-09T23:22:32Z,measured,20260809T230716Z,0.0,0.0,0.0
Webinar Platforms,webinars,USMC,ok,165561,permissive,rules,False,True,False,61.34,0.0,0.0,24,2026-08-09T23:22:35Z,measured,20260809T230716Z,0.0,0.0,0.0
Webinar Platforms,webinars,Coloring,ok,160077,hostile,rules,False,False,False,7.65,0.0,0.0,32,2026-08-09T23:22:39Z,measured,20260809T230716Z,0.0,0.0,0.0
Learning Management Systems,lms,Teachers,ok,2368335,permissive,rules,False,True,True,254.09,0.0,0.0,25,2026-08-09T23:22:49Z,measured,20260809T230716Z,0.0,0.5,0.0
Learning Management Systems,lms,algotrading,ok,1881103,hostile,rules,False,False,False,13.02,0.0,0.0,17,2026-08-09T23:22:53Z,measured,20260809T230716Z,0.0,0.0,0.0
Learning Management Systems,lms,French,ok,376997,hostile,rules,False,False,False,11.0,0.0,0.0,35,2026-08-09T23:22:58Z,measured,20260809T230716Z,0.0,0.0,0.0
Learning Management Systems,lms,msp,ok,245261,capped,shipped,False,True,False,5.27,0.0,0.0,25,2026-08-04T18:06:20Z,shipped,20260809T230716Z,0.0,0.0,0.0
Learning Management Systems,lms,Professors,ok,196014,permissive,rules,False,True,True,39.36,0.0,0.0,23,2026-08-09T23:23:02Z,measured,20260809T230716Z,0.0,0.5,0.0
Learning Management Systems,lms,django,ok,164930,permissive,rules,False,True,False,1.79,0.0,0.0,16,2026-08-09T23:23:05Z,measured,20260809T230716Z,0.0,0.0,0.0
Learning Management Systems,lms,algorithms,ok,131225,permissive,rules,False,True,False,0.07,0.0,0.0,30,2026-08-09T23:23:09Z,measured,20260809T230716Z,0.0,0.0,0.0
Learning Management Systems,lms,PKMS,ok,76439,hostile,shipped,False,False,False,3.59,0.0,0.0,26,2026-08-04T18:02:43Z,shipped,20260809T230716Z,0.09,0.5,0.0
Learning Management Systems,lms,instructionaldesign,ok,60318,permissive,shipped,False,True,True,4.51,0.01,0.0451,18,2026-08-05T18:49:01Z,shipped,20260809T230716Z,0.03,1.0,0.0451
Learning Management Systems,lms,unimelb,ok,59843,permissive,rules,False,True,False,6.21,0.0,0.0,27,2026-08-09T23:23:13Z,measured,20260809T230716Z,0.0,0.0,0.0
Learning Management Systems,lms,edtech,ok,40419,permissive,rules,False,True,True,1.1,0.0,0.0,30,2026-08-09T23:23:17Z,measured,20260809T230716Z,0.0,0.5,0.0
Learning Management Systems,lms,elearning,ok,25640,permissive,rules,False,True,True,0.65,0.06,0.039,31,2026-08-09T23:23:21Z,measured,20260809T230716Z,0.01,1.0,0.039
Learning Management Systems,lms,Restaurant_Managers,ok,21857,hostile,rules,True,False,False,1.88,0.0,0.0,15,2026-08-09T23:23:24Z,measured,20260809T230716Z,0.0,0.0,0.0
Learning Management Systems,lms,HowToAIAgent,ok,21473,permissive,rules,False,True,False,0.07,0.0,0.0,58,2026-08-09T23:23:28Z,measured,20260809T230716Z,0.0,0.0,0.0
Learning Management Systems,lms,BuildingAutomation,ok,17452,permissive,rules,True,False,False,2.01,0.0,0.0,19,2026-08-09T23:23:32Z,measured,20260809T230716Z,0.0,0.0,0.0
Learning Management Systems,lms,swissborg,ok,12418,permissive,rules,False,True,False,0.01,0.0,0.0,60,2026-08-09T23:23:36Z,measured,20260809T230716Z,0.0,0.0,0.0
Learning Management Systems,lms,canvas,ok,8607,permissive,rules,True,False,False,0.54,0.03,0.0162,22,2026-08-09T23:23:40Z,measured,20260809T230716Z,0.0,1.0,0.0162
Learning Management Systems,lms,systems,ok,7938,permissive,sidebar,True,False,False,0.01,0.0,0.0,43,2026-08-09T23:23:44Z,measured,20260809T230716Z,0.0,0.0,0.0
Learning Management Systems,lms,cms,ok,4819,permissive,sidebar,False,True,False,0.35,0.01,0.0035,25,2026-08-09T23:23:48Z,measured,20260809T230716Z,0.01,0.0,0.0
Online Course Platforms,course-platforms,Entrepreneur,ok,5249043,hostile,shipped,False,False,False,24.81,0.13,3.2253,25,2026-08-04T17:55:37Z,shipped,20260809T230716Z,0.0,0.5,1.61265
Online Course Platforms,course-platforms,careerguidance,ok,4979841,hostile,rules,False,False,False,66.85,0.03,2.0055,30,2026-08-09T23:23:58Z,measured,20260809T230716Z,0.0,0.0,0.0
Online Course Platforms,course-platforms,learnprogramming,ok,4395765,permissive,rules,False,True,True,29.79,0.07,2.0853,30,2026-08-05T20:50:15Z,measured,20260809T230716Z,0.0,0.5,1.04265
Online Course Platforms,course-platforms,MachineLearning,ok,3064209,hostile,rules,True,False,False,7.29,0.12,0.8748,21,2026-08-05T20:51:44Z,measured,20260809T230716Z,0.0,0.5,0.4374
Online Course Platforms,course-platforms,datascience,ok,2761030,capped,shipped,False,True,True,1.93,0.51,0.9843,23,2026-08-04T18:07:57Z,shipped,20260809T230716Z,0.01,0.5,0.49215
Online Course Platforms,course-platforms,cscareerquestions,ok,2374167,permissive,shipped,False,True,True,64.4,0.06,3.864,29,2026-08-04T18:09:56Z,shipped,20260809T230716Z,0.0,0.5,1.932
Online Course Platforms,course-platforms,virtualreality,ok,2096582,permissive,rules,False,True,True,30.96,0.13,4.0248,23,2026-08-09T23:24:03Z,measured,20260809T230716Z,0.0,0.5,2.0124
Online Course Platforms,course-platforms,golf,ok,1787580,permissive,rules,False,True,False,398.88,0.03,11.9664,30,2026-08-09T23:21:36Z,measured,20260809T230716Z,0.0,0.0,0.0
Online Course Platforms,course-platforms,learnpython,ok,1046160,hostile,rules,False,False,False,10.07,0.07,0.7049,29,2026-08-05T20:50:27Z,measured,20260809T230716Z,0.0,0.5,0.35245
Online Course Platforms,course-platforms,learnmachinelearning,ok,668008,permissive,rules,False,True,True,12.35,0.13,1.6055,30,2026-08-09T23:24:07Z,measured,20260809T230716Z,0.01,0.5,0.80275
Online Course Platforms,course-platforms,CanadianInvestor,ok,662166,hostile,rules,False,False,False,3.73,0.06,0.2238,19,2026-08-09T23:24:11Z,measured,20260809T230716Z,0.0,0.0,0.0
Online Course Platforms,course-platforms,ITCareerQuestions,ok,565561,permissive,rules,False,True,True,20.31,0.12,2.4372,18,2026-08-09T23:24:14Z,measured,20260809T230716Z,0.0,0.5,1.2186
Online Course Platforms,course-platforms,FundieSnarkUncensored,ok,235997,permissive,rules,False,True,False,251.44,0.03,7.5432,18,2026-08-09T23:24:18Z,measured,20260809T230716Z,0.0,0.0,0.0
Online Course Platforms,course-platforms,dataanalysis,ok,224773,permissive,shipped,False,True,False,1.84,0.1,0.184,45,2026-08-04T18:08:42Z,shipped,20260809T230716Z,0.03,0.5,0.092
Online Course Platforms,course-platforms,PowerBI,ok,208597,permissive,shipped,True,False,False,5.34,0.13,0.6942,37,2026-08-04T18:08:16Z,shipped,20260809T230716Z,0.17,0.5,0.3471
Online Course Platforms,course-platforms,bioinformatics,ok,163425,hostile,rules,False,False,False,2.41,0.06,0.1446,23,2026-08-09T23:24:22Z,measured,20260809T230716Z,0.01,0.5,0.0723
Online Course Platforms,course-platforms,ThreadsApp,ok,143222,hostile,rules,False,False,False,1.55,0.12,0.186,38,2026-08-09T23:24:26Z,measured,20260809T230716Z,0.0,0.0,0.0
Online Course Platforms,course-platforms,SolidWorks,ok,128012,hostile,rules,True,False,False,3.96,0.14,0.5544,29,2026-08-09T23:24:31Z,measured,20260809T230716Z,0.0,0.5,0.2772
Online Course Platforms,course-platforms,DhGateReps,ok,121226,hostile,rules,False,False,False,0.44,0.1,0.044,43,2026-08-09T23:24:35Z,measured,20260809T230716Z,0.0,0.0,0.0
Online Course Platforms,course-platforms,holofractal,ok,119530,permissive,rules,False,True,False,0.79,0.02,0.0158,16,2026-08-09T23:24:39Z,measured,20260809T230716Z,0.0,0.0,0.0
Online Course Platforms,course-platforms,farmingthebestgreens,ok,88086,permissive,sidebar,False,True,False,57.16,0.03,1.7148,38,2026-08-09T23:24:43Z,measured,20260809T230716Z,0.0,0.0,0.0
Online Course Platforms,course-platforms,SEO_Digital_Marketing,ok,75561,hostile,rules,True,False,False,0.13,0.09,0.0117,55,2026-08-09T23:24:47Z,measured,20260809T230716Z,0.0,0.0,0.0
Online Course Platforms,course-platforms,Sugargoo,ok,65869,hostile,rules,False,False,False,3.22,0.04,0.1288,44,2026-08-09T23:24:50Z,measured,20260809T230716Z,0.0,0.0,0.0
Online Course Platforms,course-platforms,SwiftUI,ok,62798,permissive,rules,False,True,False,0.65,0.11,0.0715,25,2026-08-09T23:24:54Z,measured,20260809T230716Z,0.0,0.0,0.0
Online Course Platforms,course-platforms,instructionaldesign,ok,60318,permissive,shipped,False,True,True,4.51,0.08,0.3608,18,2026-08-05T18:49:01Z,shipped,20260809T230716Z,0.03,1.0,0.3608
Online Course Platforms,course-platforms,OMSCS,ok,57686,permissive,rules,False,True,False,3.94,0.08,0.3152,18,2026-08-09T23:24:58Z,measured,20260809T230716Z,0.0,0.0,0.0
Online Course Platforms,course-platforms,coursera,ok,40797,permissive,rules,True,False,False,0.38,0.24,0.0912,27,2026-08-09T23:25:02Z,measured,20260809T230716Z,0.2,1.0,0.0912
Online Course Platforms,course-platforms,turkishlearning,ok,36417,permissive,rules,False,True,False,0.9,0.03,0.027,29,2026-08-09T23:25:06Z,measured,20260809T230716Z,0.0,0.5,0.0135
Online Course Platforms,course-platforms,rhino,ok,34122,permissive,rules,True,False,False,1.83,0.08,0.1464,14,2026-08-09T23:25:10Z,measured,20260809T230716Z,0.0,0.0,0.0
Online Course Platforms,course-platforms,MvC3,ok,26582,permissive,rules,False,True,False,0.38,0.05,0.019,26,2026-08-09T23:25:13Z,measured,20260809T230716Z,0.0,0.0,0.0
Online Course Platforms,course-platforms,elearning,ok,25640,permissive,rules,False,True,True,0.65,0.2,0.13,31,2026-08-09T23:23:21Z,measured,20260809T230716Z,0.01,1.0,0.13
Online Course Platforms,course-platforms,OnlineEducation,ok,20817,permissive,sidebar,True,False,False,0.05,0.13,0.0065,43,2026-08-09T23:25:17Z,measured,20260809T230716Z,0.01,0.5,0.00325
Online Course Platforms,course-platforms,learncybersecurity,ok,19675,permissive,sidebar,False,True,False,1.48,0.02,0.0296,21,2026-08-09T23:25:21Z,measured,20260809T230716Z,0.0,0.5,0.0148
Online Course Platforms,course-platforms,UoPeople,ok,17512,permissive,rules,False,True,False,1.76,0.06,0.1056,35,2026-08-09T23:25:25Z,measured,20260809T230716Z,0.02,0.5,0.0528
Form Builders,form-builders,aww,ok,37846716,permissive,rules,False,True,False,130.65,0.0,0.0,18,2026-08-05T20:34:41Z,measured,20260809T230716Z,0.0,0.0,0.0
Form Builders,form-builders,pics,ok,33499498,hostile,rules,False,False,False,109.63,0.0,0.0,28,2026-08-05T20:39:27Z,measured,20260809T230716Z,0.0,0.0,0.0
Form Builders,form-builders,mildlyinteresting,ok,25317303,permissive,rules,False,True,False,476.83,0.0,0.0,28,2026-08-05T20:39:31Z,measured,20260809T230716Z,0.0,0.0,0.0
Form Builders,form-builders,Awwducational,ok,6018545,hostile,rules,False,False,False,0.25,0.0,0.0,49,2026-08-09T23:25:37Z,measured,20260809T230716Z,0.0,0.0,0.0
Form Builders,form-builders,productivity,ok,4231867,hostile,shipped,False,False,False,9.37,0.0,0.0,38,2026-08-04T17:57:18Z,shipped,20260809T230716Z,0.0,0.5,0.0
Form Builders,form-builders,Nails,ok,4149642,hostile,rules,False,False,False,28.31,0.0,0.0,41,2026-08-09T23:25:41Z,measured,20260809T230716Z,0.0,0.0,0.0
Form Builders,form-builders,webdev,ok,3291935,hostile,shipped,False,False,False,28.14,0.0,0.0,49,2026-08-04T18:04:28Z,shipped,20260809T230716Z,0.0,0.5,0.0
Form Builders,form-builders,whatsthisplant,ok,1798090,permissive,rules,False,True,False,49.43,0.0,0.0,28,2026-08-05T20:49:15Z,measured,20260809T230716Z,0.0,0.0,0.0
Form Builders,form-builders,parrots,ok,1397982,permissive,rules,False,True,False,20.02,0.0,0.0,27,2026-08-09T23:25:45Z,measured,20260809T230716Z,0.0,0.0,0.0
Form Builders,form-builders,whatsthisbug,ok,1245718,permissive,rules,False,True,False,40.94,0.0,0.0,39,2026-08-09T23:25:49Z,measured,20260809T230716Z,0.0,0.0,0.0
Form Builders,form-builders,CatsWithDogs,ok,1098045,permissive,rules,False,True,False,2.0,0.0,0.0,30,2026-08-09T23:25:54Z,measured,20260809T230716Z,0.0,0.0,0.0
Form Builders,form-builders,tattoo,ok,1036238,permissive,rules,False,True,False,9.44,0.0,0.0,36,2026-08-09T23:25:58Z,measured,20260809T230716Z,0.0,0.0,0.0
Form Builders,form-builders,BackYardChickens,ok,1022430,permissive,rules,False,True,False,32.8,0.0,0.0,29,2026-08-09T23:26:02Z,measured,20260809T230716Z,0.0,0.0,0.0
Form Builders,form-builders,RedditLaqueristas,ok,1000552,hostile,rules,True,False,False,84.91,0.0,0.0,38,2026-08-05T20:53:15Z,measured,20260809T230716Z,0.0,0.0,0.0
Form Builders,form-builders,mycology,ok,920023,permissive,rules,False,True,False,34.45,0.0,0.0,41,2026-08-09T23:26:06Z,measured,20260809T230716Z,0.0,0.0,0.0
Form Builders,form-builders,selfhosted,ok,813099,hostile,shipped,False,False,False,66.7,0.0,0.0,33,2026-08-04T18:02:09Z,shipped,20260809T230716Z,0.01,0.5,0.0
Form Builders,form-builders,SideProject,ok,799708,permissive,sidebar,False,True,True,53.63,0.0,0.0,41,2026-08-05T20:32:58Z,measured,20260809T230716Z,0.0,0.5,0.0
Form Builders,form-builders,SaaS,ok,771500,hostile,shipped,False,False,False,78.73,0.0,0.0,49,2026-08-04T17:55:55Z,shipped,20260809T230716Z,0.0,0.5,0.0
Form Builders,form-builders,AnimalsOnReddit,ok,755328,permissive,rules,True,False,False,1.21,0.0,0.0,44,2026-08-09T23:26:10Z,measured,20260809T230716Z,0.0,0.0,0.0
Form Builders,form-builders,whatsthisbird,ok,551760,permissive,rules,False,True,False,42.99,0.0,0.0,37,2026-08-09T23:26:15Z,measured,20260809T230716Z,0.0,0.0,0.0
Form Builders,form-builders,furry,ok,530614,permissive,rules,False,True,False,37.27,0.0,0.0,52,2026-08-09T23:13:29Z,measured,20260809T230716Z,0.01,0.0,0.0
Form Builders,form-builders,reactjs,ok,510388,permissive,shipped,False,True,True,3.01,0.0,0.0,22,2026-08-04T18:10:39Z,shipped,20260809T230716Z,0.0,0.5,0.0
Form Builders,form-builders,Pets,ok,415105,permissive,rules,False,True,False,43.7,0.0,0.0,14,2026-08-09T23:26:19Z,measured,20260809T230716Z,0.0,0.0,0.0
Form Builders,form-builders,Dinosaurs,ok,413358,permissive,rules,False,True,False,20.83,0.0,0.0,21,2026-08-09T23:26:23Z,measured,20260809T230716Z,0.0,0.0,0.0
Form Builders,form-builders,sffpc,ok,354989,permissive,rules,False,True,False,22.36,0.0,0.0,29,2026-08-09T23:26:28Z,measured,20260809T230716Z,0.0,0.0,0.0
Form Builders,form-builders,phtravel,ok,353062,permissive,rules,False,True,False,4.07,0.0,0.0,32,2026-08-09T23:26:32Z,measured,20260809T230716Z,0.0,0.0,0.0
Form Builders,form-builders,modelmakers,ok,331155,permissive,rules,False,True,False,52.72,0.0,0.0,23,2026-08-09T23:26:36Z,measured,20260809T230716Z,0.0,0.0,0.0
Form Builders,form-builders,Wordpress,ok,312222,hostile,shipped,False,False,False,27.2,0.01,0.272,27,2026-08-05T18:53:01Z,shipped,20260809T230716Z,0.04,0.5,0.136
Form Builders,form-builders,Homebuilding,ok,304496,hostile,rules,False,False,False,24.88,0.0,0.0,26,2026-08-09T23:26:40Z,measured,20260809T230716Z,0.0,0.0,0.0
Form Builders,form-builders,buildapcforme,ok,285962,hostile,rules,False,False,False,2.04,0.0,0.0,34,2026-08-09T23:26:44Z,measured,20260809T230716Z,0.0,0.0,0.0
Form Builders,form-builders,NFA,ok,276922,permissive,rules,False,True,False,48.33,0.0,0.0,31,2026-08-09T23:26:48Z,measured,20260809T230716Z,0.0,0.0,0.0
Form Builders,form-builders,PUBG,ok,267160,permissive,rules,False,True,False,1.09,0.0,0.0,23,2026-08-09T23:26:52Z,measured,20260809T230716Z,0.0,0.0,0.0
Form Builders,form-builders,CLOUDS,ok,234528,permissive,rules,False,True,False,12.32,0.0,0.0,51,2026-08-09T23:27:10Z,measured,20260809T230716Z,0.0,0.0,0.0
Form Builders,form-builders,7daystodie,ok,231239,permissive,rules,False,True,False,28.93,0.0,0.0,18,2026-08-09T23:27:13Z,measured,20260809T230716Z,0.0,0.0,0.0
Survey Tools,survey-tools,funny,ok,67544446,hostile,rules,False,False,False,261.43,0.0,0.0,15,2026-08-05T20:39:24Z,measured,20260809T230716Z,0.0,0.0,0.0
Survey Tools,survey-tools,AskReddit,ok,59332757,hostile,rules,True,False,False,5616.43,0.0,0.0,57,2026-08-05T20:31:38Z,measured,20260809T230716Z,0.0,0.0,0.0
Survey Tools,survey-tools,aww,ok,37846716,permissive,rules,False,True,False,130.65,0.0,0.0,18,2026-08-05T20:34:41Z,measured,20260809T230716Z,0.0,0.0,0.0
Survey Tools,survey-tools,memes,ok,35945324,permissive,rules,False,True,False,543.38,0.0,0.0,25,2026-08-05T20:34:45Z,measured,20260809T230716Z,0.0,0.0,0.0
Survey Tools,survey-tools,science,ok,34486351,permissive,rules,False,True,True,113.87,0.0,0.0,18,2026-08-05T20:34:49Z,measured,20260809T230716Z,0.0,0.5,0.0
Survey Tools,survey-tools,pics,ok,33499498,hostile,rules,False,False,False,109.63,0.0,0.0,28,2026-08-05T20:39:27Z,measured,20260809T230716Z,0.0,0.0,0.0
Survey Tools,survey-tools,LifeProTips,ok,23081480,hostile,rules,False,False,False,20.35,0.0,0.0,28,2026-08-05T20:31:49Z,measured,20260809T230716Z,0.0,0.0,0.0
Survey Tools,survey-tools,technology,ok,20452155,permissive,rules,False,True,False,810.1,0.0,0.0,23,2026-08-05T20:30:48Z,measured,20260809T230716Z,0.0,0.0,0.0
Survey Tools,survey-tools,relationship_advice,ok,15827542,hostile,rules,False,False,False,507.34,0.0,0.0,40,2026-08-09T23:27:24Z,measured,20260809T230716Z,0.0,0.0,0.0
Survey Tools,survey-tools,cats,ok,9341127,hostile,rules,False,False,False,897.19,0.0,0.0,23,2026-08-05T20:46:22Z,measured,20260809T230716Z,0.0,0.0,0.0
Survey Tools,survey-tools,politics,ok,9230904,permissive,rules,False,True,False,1200.88,0.0,0.0,48,2026-08-05T20:32:07Z,measured,20260809T230716Z,0.0,0.0,0.0
Survey Tools,survey-tools,dankmemes,ok,5894560,permissive,rules,False,True,False,28.17,0.0,0.0,27,2026-08-09T23:27:28Z,measured,20260809T230716Z,0.0,0.0,0.0
Survey Tools,survey-tools,Entrepreneur,ok,5249043,hostile,shipped,False,False,False,24.81,0.0,0.0,25,2026-08-04T17:55:37Z,shipped,20260809T230716Z,0.0,0.5,0.0
Survey Tools,survey-tools,relationships,ok,3737853,permissive,rules,False,True,False,97.65,0.0,0.0,26,2026-08-09T23:27:32Z,measured,20260809T230716Z,0.0,0.0,0.0
Survey Tools,survey-tools,teenagers,ok,3640703,hostile,rules,False,False,False,1532.95,0.0,0.0,50,2026-08-05T20:35:10Z,measured,20260809T230716Z,0.0,0.0,0.0
Survey Tools,survey-tools,PewdiepieSubmissions,ok,3425669,hostile,rules,False,False,False,2.7,0.0,0.0,7,2026-08-09T23:27:36Z,measured,20260809T230716Z,0.0,0.0,0.0
Survey Tools,survey-tools,atheism,ok,2965460,permissive,rules,False,True,False,158.01,0.0,0.0,19,2026-08-05T20:32:35Z,measured,20260809T230716Z,0.0,0.0,0.0
Survey Tools,survey-tools,Twitch,ok,2884454,permissive,rules,True,False,False,9.83,0.0,0.0,35,2026-08-05T20:51:49Z,measured,20260809T230716Z,0.07,0.0,0.0
Survey Tools,survey-tools,financialindependence,ok,2451959,hostile,rules,False,False,False,14.07,0.0,0.0,9,2026-08-09T23:27:40Z,measured,20260809T230716Z,0.0,0.0,0.0
Survey Tools,survey-tools,cscareerquestions,ok,2374167,permissive,shipped,False,True,False,64.4,0.01,0.644,29,2026-08-04T18:09:56Z,shipped,20260809T230716Z,0.0,0.0,0.0
Survey Tools,survey-tools,TheSimpsons,ok,1646029,permissive,rules,False,True,False,55.0,0.0,0.0,26,2026-08-09T23:27:44Z,measured,20260809T230716Z,0.0,0.0,0.0
Survey Tools,survey-tools,networking,ok,447394,hostile,rules,False,False,False,12.18,0.01,0.1218,20,2026-08-09T23:27:48Z,measured,20260809T230716Z,0.0,0.0,0.0
Survey Tools,survey-tools,runescape,ok,400999,permissive,rules,False,True,False,140.95,0.0,0.0,29,2026-08-09T23:27:53Z,measured,20260809T230716Z,0.0,0.0,0.0
Survey Tools,survey-tools,Machinists,ok,278545,permissive,rules,False,True,False,43.08,0.0,0.0,18,2026-08-09T23:27:57Z,measured,20260809T230716Z,0.0,0.0,0.0
Survey Tools,survey-tools,SampleSize,ok,266093,permissive,rules,False,True,True,8.36,0.67,5.6012,70,2026-08-09T23:28:01Z,measured,20260809T230716Z,0.0,1.0,5.6012
Survey Tools,survey-tools,ToolBand,ok,257883,permissive,rules,False,True,False,24.04,0.0,0.0,21,2026-08-09T23:28:04Z,measured,20260809T230716Z,0.0,0.0,0.0
Survey Tools,survey-tools,MtvChallenge,ok,162427,permissive,rules,False,True,False,30.28,0.0,0.0,17,2026-08-09T23:28:09Z,measured,20260809T230716Z,0.0,0.0,0.0
Survey Tools,survey-tools,gis,ok,149072,permissive,rules,False,True,True,4.24,0.0,0.0,18,2026-08-09T23:28:12Z,measured,20260809T230716Z,0.0,0.5,0.0
Survey Tools,survey-tools,userexperience,ok,147503,hostile,shipped,False,False,False,0.4,0.0,0.0,36,2026-08-04T18:04:01Z,shipped,20260809T230716Z,0.1,0.5,0.0
Survey Tools,survey-tools,computer,ok,133768,permissive,sidebar,False,True,False,5.88,0.0,0.0,29,2026-08-09T23:28:16Z,measured,20260809T230716Z,0.0,0.0,0.0
Survey Tools,survey-tools,mturk,ok,90155,permissive,rules,False,True,True,0.35,0.0,0.0,25,2026-08-09T23:28:20Z,measured,20260809T230716Z,0.0,0.5,0.0
Survey Tools,survey-tools,classicalguitar,ok,84556,permissive,rules,False,True,False,3.5,0.0,0.0,32,2026-08-09T23:28:24Z,measured,20260809T230716Z,0.0,0.0,0.0
Survey Tools,survey-tools,Surveying,ok,67870,hostile,rules,False,False,False,5.86,0.0,0.0,23,2026-08-09T23:28:28Z,measured,20260809T230716Z,0.0,0.5,0.0
Survey Tools,survey-tools,UXResearch,ok,67665,permissive,rules,False,True,True,1.2,0.0,0.0,23,2026-08-09T23:28:32Z,measured,20260809T230716Z,0.0,1.0,0.0
Scheduling and Appointments,scheduling,AmItheAsshole,ok,24527514,permissive,rules,False,True,False,416.72,0.0,0.0,38,2026-08-09T23:28:46Z,measured,20260809T230716Z,0.0,0.0,0.0
Scheduling and Appointments,scheduling,nba,ok,17200763,permissive,rules,False,True,False,431.88,0.0,0.0,33,2026-08-05T20:37:58Z,measured,20260809T230716Z,0.0,0.0,0.0
Scheduling and Appointments,scheduling,nfl,ok,12793602,permissive,rules,False,True,False,411.42,0.0,0.0,33,2026-08-05T20:38:03Z,measured,20260809T230716Z,0.0,0.0,0.0
Scheduling and Appointments,scheduling,mildlyinfuriating,ok,12391722,hostile,rules,False,False,False,1616.36,0.01,16.1636,39,2026-08-05T20:32:03Z,measured,20260809T230716Z,0.0,0.0,0.0
Scheduling and Appointments,scheduling,cats,ok,9341127,hostile,rules,False,False,False,897.19,0.0,0.0,23,2026-08-05T20:46:22Z,measured,20260809T230716Z,0.0,0.0,0.0
Scheduling and Appointments,scheduling,politics,ok,9230904,permissive,rules,False,True,False,1200.88,0.01,12.0088,48,2026-08-05T20:32:07Z,measured,20260809T230716Z,0.0,0.0,0.0
Scheduling and Appointments,scheduling,soccer,ok,8767181,permissive,rules,False,True,False,560.98,0.0,0.0,32,2026-08-05T20:51:20Z,measured,20260809T230716Z,0.0,0.0,0.0
Scheduling and Appointments,scheduling,CFB,ok,4493125,permissive,rules,False,True,False,239.58,0.0,0.0,25,2026-08-05T20:48:39Z,measured,20260809T230716Z,0.0,0.0,0.0
Scheduling and Appointments,scheduling,antiwork,ok,2991911,permissive,shipped,False,True,False,153.78,0.0,0.0,18,2026-08-04T17:59:10Z,shipped,20260809T230716Z,0.0,0.0,0.0
Scheduling and Appointments,scheduling,smallbusiness,ok,2515817,hostile,shipped,False,False,False,65.93,0.0,0.0,54,2026-08-04T17:55:28Z,shipped,20260809T230716Z,0.01,0.5,0.0
Scheduling and Appointments,scheduling,ADHD,ok,2268932,hostile,shipped,False,False,False,101.64,0.0,0.0,42,2026-08-05T17:45:05Z,shipped,20260809T230716Z,0.0,0.5,0.0
Scheduling and Appointments,scheduling,crochet,ok,1953912,hostile,rules,False,False,False,52.64,0.0,0.0,39,2026-08-05T20:35:47Z,measured,20260809T230716Z,0.0,0.0,0.0
Scheduling and Appointments,scheduling,pregnant,ok,1725376,permissive,rules,False,True,False,171.37,0.0,0.0,35,2026-08-09T23:28:50Z,measured,20260809T230716Z,0.0,0.0,0.0
Scheduling and Appointments,scheduling,childfree,ok,1600247,permissive,rules,False,True,False,78.47,0.0,0.0,26,2026-08-09T23:28:54Z,measured,20260809T230716Z,0.0,0.0,0.0
Scheduling and Appointments,scheduling,weddingplanning,ok,1581340,permissive,rules,False,True,True,45.62,0.0,0.0,36,2026-08-09T23:28:58Z,measured,20260809T230716Z,0.0,0.5,0.0
Scheduling and Appointments,scheduling,ClashRoyale,ok,1492192,permissive,rules,False,True,False,79.86,0.0,0.0,45,2026-08-09T23:29:02Z,measured,20260809T230716Z,0.0,0.0,0.0
Scheduling and Appointments,scheduling,dndmemes,ok,1215479,hostile,rules,False,False,False,21.16,0.0,0.0,23,2026-08-09T23:11:37Z,measured,20260809T230716Z,0.0,0.0,0.0
Scheduling and Appointments,scheduling,LosAngeles,ok,940375,permissive,rules,False,True,False,167.21,0.0,0.0,19,2026-08-09T23:29:06Z,measured,20260809T230716Z,0.0,0.0,0.0
Scheduling and Appointments,scheduling,guns,ok,937646,hostile,rules,False,False,False,59.59,0.0,0.0,24,2026-08-09T23:29:11Z,measured,20260809T230716Z,0.0,0.0,0.0
Scheduling and Appointments,scheduling,britishproblems,ok,886477,permissive,shipped,False,True,False,17.0,0.0,0.0,13,2026-08-05T18:51:33Z,shipped,20260809T230716Z,0.01,0.0,0.0
Scheduling and Appointments,scheduling,Anxiety,ok,882579,hostile,rules,False,False,False,32.56,0.0,0.0,43,2026-08-09T23:29:15Z,measured,20260809T230716Z,0.0,0.0,0.0
Scheduling and Appointments,scheduling,TrollXChromosomes,ok,838523,permissive,rules,False,True,False,1.86,0.0,0.0,13,2026-08-09T23:29:19Z,measured,20260809T230716Z,0.0,0.0,0.0
Scheduling and Appointments,scheduling,selfhosted,ok,813099,hostile,shipped,False,False,False,66.7,0.0,0.0,33,2026-08-04T18:02:09Z,shipped,20260809T230716Z,0.01,0.0,0.0
Scheduling and Appointments,scheduling,trans,ok,702065,hostile,rules,False,False,False,46.95,0.0,0.0,36,2026-08-09T23:29:23Z,measured,20260809T230716Z,0.0,0.0,0.0
Scheduling and Appointments,scheduling,1200isplenty,ok,655565,permissive,rules,False,True,False,56.75,0.0,0.0,13,2026-08-09T23:29:27Z,measured,20260809T230716Z,0.0,0.0,0.0
Scheduling and Appointments,scheduling,CitiesSkylines,ok,630279,permissive,rules,False,True,False,28.22,0.0,0.0,34,2026-08-05T20:50:38Z,measured,20260809T230716Z,0.0,0.0,0.0
Scheduling and Appointments,scheduling,Austin,ok,624527,permissive,rules,False,True,False,89.73,0.0,0.0,36,2026-08-09T23:14:50Z,measured,20260809T230716Z,0.0,0.0,0.0
Scheduling and Appointments,scheduling,adhdwomen,ok,605240,permissive,rules,False,True,False,135.71,0.0,0.0,35,2026-08-09T23:29:31Z,measured,20260809T230716Z,0.0,0.0,0.0
Scheduling and Appointments,scheduling,philadelphia,ok,598028,hostile,rules,False,False,False,8.23,0.0,0.0,25,2026-08-09T23:29:35Z,measured,20260809T230716Z,0.0,0.0,0.0
Scheduling and Appointments,scheduling,BabyBumps,ok,566453,permissive,rules,False,True,False,63.19,0.0,0.0,38,2026-08-09T23:14:54Z,measured,20260809T230716Z,0.0,0.0,0.0
Scheduling and Appointments,scheduling,Atlanta,ok,553060,capped,rules,False,True,False,100.36,0.0,0.0,13,2026-08-09T23:29:39Z,measured,20260809T230716Z,0.0,0.0,0.0
Scheduling and Appointments,scheduling,Broadway,ok,533957,permissive,rules,False,True,False,98.71,0.0,0.0,17,2026-08-09T23:29:43Z,measured,20260809T230716Z,0.0,0.0,0.0
Scheduling and Appointments,scheduling,DOG,ok,516886,hostile,rules,False,False,False,22.09,0.0,0.0,28,2026-08-09T23:29:47Z,measured,20260809T230716Z,0.0,0.0,0.0
Scheduling and Appointments,scheduling,Denver,ok,516069,hostile,rules,False,False,False,126.77,0.0,0.0,27,2026-08-09T23:29:51Z,measured,20260809T230716Z,0.0,0.0,0.0
Time Tracking,time-tracking,funny,ok,67544446,hostile,rules,False,False,False,261.43,0.0,0.0,15,2026-08-05T20:39:24Z,measured,20260809T230716Z,0.0,0.0,0.0
Time Tracking,time-tracking,AskReddit,ok,59332757,hostile,rules,True,False,False,5616.43,0.0,0.0,57,2026-08-05T20:31:38Z,measured,20260809T230716Z,0.0,0.0,0.0
Time Tracking,time-tracking,aww,ok,37846716,permissive,rules,False,True,False,130.65,0.0,0.0,18,2026-08-05T20:34:41Z,measured,20260809T230716Z,0.0,0.0,0.0
Time Tracking,time-tracking,pics,ok,33499498,hostile,rules,False,False,False,109.63,0.0,0.0,28,2026-08-05T20:39:27Z,measured,20260809T230716Z,0.0,0.0,0.0
Time Tracking,time-tracking,technology,ok,20452155,permissive,rules,False,True,True,810.1,0.0,0.0,23,2026-08-05T20:30:48Z,measured,20260809T230716Z,0.0,0.5,0.0
Time Tracking,time-tracking,WritingPrompts,ok,18869574,permissive,rules,False,True,False,15.64,0.0,0.0,49,2026-08-05T20:31:53Z,measured,20260809T230716Z,0.0,0.0,0.0
Time Tracking,time-tracking,pcmasterrace,ok,16223685,permissive,rules,False,True,False,519.99,0.0,0.0,50,2026-08-05T20:43:35Z,measured,20260809T230716Z,0.0,0.0,0.0
Time Tracking,time-tracking,apple,ok,6409592,permissive,rules,True,False,False,42.96,0.01,0.4296,31,2026-08-05T20:38:08Z,measured,20260809T230716Z,0.0,0.0,0.0
Time Tracking,time-tracking,woodworking,ok,6176682,hostile,rules,False,False,False,46.19,0.0,0.0,30,2026-08-05T20:48:31Z,measured,20260809T230716Z,0.0,0.0,0.0
Time Tracking,time-tracking,battlestations,ok,5245887,permissive,shipped,False,True,False,21.01,0.0,0.0,18,2026-08-05T18:54:37Z,shipped,20260809T230716Z,0.01,0.0,0.0
Time Tracking,time-tracking,productivity,ok,4231867,hostile,shipped,False,False,False,9.37,0.01,0.0937,38,2026-08-04T17:57:18Z,shipped,20260809T230716Z,0.0,0.5,0.04685
Time Tracking,time-tracking,Watches,ok,3457054,permissive,rules,False,True,False,107.14,0.0,0.0,35,2026-08-05T20:46:42Z,measured,20260809T230716Z,0.0,0.0,0.0
Time Tracking,time-tracking,privacy,ok,1652332,hostile,shipped,False,False,False,42.96,0.0,0.0,15,2026-08-04T18:01:36Z,shipped,20260809T230716Z,0.0,0.0,0.0
Time Tracking,time-tracking,MechanicalKeyboards,ok,1382668,permissive,rules,False,True,False,25.43,0.0,0.0,31,2026-08-05T20:41:29Z,measured,20260809T230716Z,0.0,0.0,0.0
Time Tracking,time-tracking,AppleWatch,ok,1060123,hostile,rules,True,False,False,47.59,0.0,0.0,22,2026-08-09T23:30:03Z,measured,20260809T230716Z,0.0,0.0,0.0
Time Tracking,time-tracking,TalesFromTheFrontDesk,ok,1047799,permissive,rules,True,False,False,18.89,0.0,0.0,13,2026-08-05T20:44:14Z,measured,20260809T230716Z,0.0,0.0,0.0
Time Tracking,time-tracking,selfhosted,ok,813099,hostile,shipped,False,False,False,66.7,0.0,0.0,33,2026-08-04T18:02:09Z,shipped,20260809T230716Z,0.01,0.5,0.0
Time Tracking,time-tracking,jailbreak,ok,772640,permissive,rules,False,True,False,15.06,0.0,0.0,39,2026-08-05T20:38:58Z,measured,20260809T230716Z,0.0,0.0,0.0
Time Tracking,time-tracking,freelance,ok,690144,hostile,shipped,False,False,False,0.32,0.0,0.0,15,2026-08-05T17:45:49Z,shipped,20260809T230716Z,0.0,0.5,0.0
Time Tracking,time-tracking,Garmin,ok,686933,hostile,rules,False,False,False,28.55,0.0,0.0,40,2026-08-09T23:30:07Z,measured,20260809T230716Z,0.0,0.0,0.0
Time Tracking,time-tracking,androidapps,ok,568182,hostile,shipped,False,False,False,7.78,0.02,0.1556,40,2026-08-05T18:54:46Z,shipped,20260809T230716Z,0.01,0.5,0.0778
Time Tracking,time-tracking,oculus,ok,567836,permissive,rules,False,True,False,2.27,0.01,0.0227,49,2026-08-09T23:16:11Z,measured,20260809T230716Z,0.03,0.0,0.0
Time Tracking,time-tracking,ITCareerQuestions,ok,565561,permissive,rules,False,True,False,20.31,0.0,0.0,18,2026-08-09T23:24:14Z,measured,20260809T230716Z,0.0,0.0,0.0
Time Tracking,time-tracking,Notion,ok,466690,hostile,shipped,True,False,False,8.19,0.02,0.1638,31,2026-08-04T17:57:10Z,shipped,20260809T230716Z,0.33,0.5,0.0819
Time Tracking,time-tracking,fountainpens,ok,459484,permissive,rules,False,True,False,117.83,0.0,0.0,35,2026-08-09T23:30:11Z,measured,20260809T230716Z,0.0,0.0,0.0
Time Tracking,time-tracking,flightradar24,ok,308436,hostile,rules,False,False,False,13.47,0.0,0.0,28,2026-08-09T23:30:15Z,measured,20260809T230716Z,0.0,0.0,0.0
Time Tracking,time-tracking,GalaxyWatch,ok,251918,hostile,rules,True,False,False,32.37,0.0,0.0,34,2026-08-09T23:30:18Z,measured,20260809T230716Z,0.0,0.0,0.0
Time Tracking,time-tracking,macapps,ok,243340,capped,rules,False,True,True,22.6,0.01,0.226,22,2026-08-09T23:30:22Z,measured,20260809T230716Z,0.0,0.5,0.113
Time Tracking,time-tracking,desksetup,ok,219074,permissive,rules,False,True,False,6.22,0.0,0.0,33,2026-08-09T23:30:26Z,measured,20260809T230716Z,0.0,0.0,0.0
Time Tracking,time-tracking,Random_Acts_Of_Amazon,ok,218715,permissive,rules,True,False,False,38.67,0.0,0.0,15,2026-08-09T23:22:32Z,measured,20260809T230716Z,0.0,0.0,0.0
Time Tracking,time-tracking,FloridaCoronavirus,ok,212299,permissive,rules,False,True,False,0.02,0.0,0.0,15,2026-08-09T23:30:30Z,measured,20260809T230716Z,0.0,0.0,0.0
Time Tracking,time-tracking,Strava,ok,206245,permissive,rules,False,True,False,10.29,0.0,0.0,19,2026-08-09T23:30:34Z,measured,20260809T230716Z,0.0,0.0,0.0
Time Tracking,time-tracking,Fedora,ok,202147,permissive,rules,False,True,False,28.53,0.0,0.0,28,2026-08-09T23:30:38Z,measured,20260809T230716Z,0.0,0.0,0.0
Time Tracking,time-tracking,ProductivityApps,ok,186575,capped,shipped,False,True,True,15.06,0.0,0.0,44,2026-08-05T18:48:15Z,shipped,20260809T230716Z,0.01,1.0,0.0
Invoicing and Billing,invoicing,funny,ok,67544446,hostile,rules,False,False,False,261.43,0.0,0.0,15,2026-08-05T20:39:24Z,measured,20260809T230716Z,0.0,0.0,0.0
Invoicing and Billing,invoicing,todayilearned,ok,41573230,permissive,rules,False,True,False,353.92,0.0,0.0,21,2026-08-05T20:31:42Z,measured,20260809T230716Z,0.0,0.0,0.0
Invoicing and Billing,invoicing,pics,ok,33499498,hostile,rules,False,False,False,109.63,0.0,0.0,28,2026-08-05T20:39:27Z,measured,20260809T230716Z,0.0,0.0,0.0
Invoicing and Billing,invoicing,books,ok,27224884,permissive,rules,False,True,False,71.26,0.0,0.0,34,2026-08-05T20:33:09Z,measured,20260809T230716Z,0.05,0.0,0.0
Invoicing and Billing,invoicing,personalfinance,ok,21793986,permissive,rules,False,True,True,195.63,0.0,0.0,36,2026-08-05T20:49:31Z,measured,20260809T230716Z,0.0,0.5,0.0
Invoicing and Billing,invoicing,nba,ok,17200763,permissive,rules,False,True,False,431.88,0.0,0.0,33,2026-08-05T20:37:58Z,measured,20260809T230716Z,0.0,0.0,0.0
Invoicing and Billing,invoicing,interestingasfuck,ok,16665271,hostile,rules,False,False,False,358.9,0.0,0.0,34,2026-08-05T20:34:55Z,measured,20260809T230716Z,0.0,0.0,0.0
Invoicing and Billing,invoicing,nfl,ok,12793602,permissive,rules,False,True,False,411.42,0.01,4.1142,33,2026-08-05T20:38:03Z,measured,20260809T230716Z,0.0,0.0,0.0
Invoicing and Billing,invoicing,politics,ok,9230904,permissive,rules,False,True,False,1200.88,0.0,0.0,48,2026-08-05T20:32:07Z,measured,20260809T230716Z,0.0,0.0,0.0
Invoicing and Billing,invoicing,gardening,ok,8952417,hostile,rules,False,False,False,272.28,0.0,0.0,24,2026-08-05T20:48:27Z,measured,20260809T230716Z,0.0,0.0,0.0
Invoicing and Billing,invoicing,soccer,ok,8767181,permissive,rules,False,True,False,560.98,0.0,0.0,32,2026-08-05T20:51:20Z,measured,20260809T230716Z,0.0,0.0,0.0
Invoicing and Billing,invoicing,Entrepreneur,ok,5249043,hostile,shipped,False,False,False,24.81,0.0,0.0,25,2026-08-04T17:55:37Z,shipped,20260809T230716Z,0.0,0.5,0.0
Invoicing and Billing,invoicing,canada,ok,4323417,permissive,rules,False,True,False,132.69,0.0,0.0,22,2026-08-09T23:30:54Z,measured,20260809T230716Z,0.0,0.0,0.0
Invoicing and Billing,invoicing,Fantasy,ok,3939201,permissive,rules,False,True,False,76.49,0.0,0.0,23,2026-08-05T20:33:21Z,measured,20260809T230716Z,0.01,0.0,0.0
Invoicing and Billing,invoicing,homestead,ok,3533469,permissive,rules,False,True,False,34.74,0.0,0.0,18,2026-08-05T20:48:43Z,measured,20260809T230716Z,0.01,0.0,0.0
Invoicing and Billing,invoicing,legaladvice,ok,3528500,permissive,rules,False,True,False,120.35,0.0,0.0,41,2026-08-05T20:49:39Z,measured,20260809T230716Z,0.0,0.0,0.0
Invoicing and Billing,invoicing,fantasyfootball,ok,3418715,permissive,rules,False,True,False,176.86,0.0,0.0,29,2026-08-05T20:38:25Z,measured,20260809T230716Z,0.0,0.0,0.0
Invoicing and Billing,invoicing,suggestmeabook,ok,3380473,hostile,rules,False,False,False,132.01,0.0,0.0,41,2026-08-05T20:33:42Z,measured,20260809T230716Z,0.0,0.0,0.0
Invoicing and Billing,invoicing,StardewValley,ok,3265029,capped,rules,False,True,False,135.52,0.0,0.0,31,2026-08-05T20:48:47Z,measured,20260809T230716Z,0.0,0.0,0.0
Invoicing and Billing,invoicing,baseball,ok,3177197,permissive,rules,False,True,False,1141.34,0.0,0.0,25,2026-08-05T20:35:30Z,measured,20260809T230716Z,0.0,0.0,0.0
Invoicing and Billing,invoicing,hockey,ok,3111192,permissive,rules,False,True,False,303.16,0.0,0.0,17,2026-08-05T20:46:47Z,measured,20260809T230716Z,0.0,0.0,0.0
Invoicing and Billing,invoicing,houseplants,ok,3005556,hostile,rules,False,False,False,63.56,0.0,0.0,42,2026-08-05T20:48:59Z,measured,20260809T230716Z,0.01,0.0,0.0
Invoicing and Billing,invoicing,lego,ok,2756959,permissive,rules,False,True,False,93.82,0.0,0.0,31,2026-08-09T23:13:09Z,measured,20260809T230716Z,0.03,0.0,0.0
Invoicing and Billing,invoicing,skyrim,ok,2607150,permissive,rules,False,True,False,157.97,0.0,0.0,31,2026-08-09T23:30:57Z,measured,20260809T230716Z,0.0,0.0,0.0
Invoicing and Billing,invoicing,smallbusiness,ok,2515817,hostile,shipped,False,False,False,65.93,0.0,0.0,54,2026-08-04T17:55:28Z,shipped,20260809T230716Z,0.01,1.0,0.0
Invoicing and Billing,invoicing,whatsthisplant,ok,1798090,permissive,rules,False,True,False,49.43,0.0,0.0,28,2026-08-05T20:49:15Z,measured,20260809T230716Z,0.0,0.0,0.0
Invoicing and Billing,invoicing,lakers,ok,1654229,permissive,rules,False,True,False,27.61,0.0,0.0,21,2026-08-09T23:31:01Z,measured,20260809T230716Z,0.0,0.0,0.0
Invoicing and Billing,invoicing,pathofexile,ok,1077488,permissive,rules,False,True,False,223.83,0.0,0.0,33,2026-08-05T20:49:47Z,measured,20260809T230716Z,0.0,0.0,0.0
Invoicing and Billing,invoicing,web_design,ok,974167,hostile,shipped,False,False,False,1.08,0.0,0.0,31,2026-08-04T18:04:19Z,shipped,20260809T230716Z,0.03,0.5,0.0
Invoicing and Billing,invoicing,bostonceltics,ok,925076,hostile,rules,False,False,False,8.43,0.0,0.0,16,2026-08-09T23:31:05Z,measured,20260809T230716Z,0.0,0.0,0.0
Invoicing and Billing,invoicing,mycology,ok,920023,permissive,rules,False,True,False,34.45,0.0,0.0,41,2026-08-09T23:26:06Z,measured,20260809T230716Z,0.0,0.0,0.0
Invoicing and Billing,invoicing,Patriots,ok,896981,hostile,rules,False,False,False,69.6,0.0,0.0,7,2026-08-09T23:31:09Z,measured,20260809T230716Z,0.0,0.0,0.0
Invoicing and Billing,invoicing,plantclinic,ok,889730,permissive,rules,False,True,False,32.55,0.0,0.0,37,2026-08-09T23:31:13Z,measured,20260809T230716Z,0.0,0.0,0.0
Invoicing and Billing,invoicing,vegetablegardening,ok,832391,permissive,rules,False,True,False,38.5,0.0,0.0,44,2026-08-09T23:31:17Z,measured,20260809T230716Z,0.05,0.0,0.0
Expense Management,expense-management,worldnews,ok,47508421,permissive,rules,False,True,False,735.82,0.0,0.0,23,2026-08-05T20:37:49Z,measured,20260809T230716Z,0.0,0.0,0.0
Expense Management,expense-management,todayilearned,ok,41573230,permissive,rules,False,True,False,353.92,0.0,0.0,21,2026-08-05T20:31:42Z,measured,20260809T230716Z,0.0,0.0,0.0
Expense Management,expense-management,personalfinance,ok,21793986,permissive,rules,False,True,True,195.63,0.0,0.0,36,2026-08-05T20:49:31Z,measured,20260809T230716Z,0.0,0.5,0.0
Expense Management,expense-management,europe,ok,11642130,permissive,rules,False,True,False,102.23,0.0,0.0,25,2026-08-09T23:31:28Z,measured,20260809T230716Z,0.0,0.0,0.0
Expense Management,expense-management,politics,ok,9230904,permissive,rules,False,True,False,1200.88,0.0,0.0,48,2026-08-05T20:32:07Z,measured,20260809T230716Z,0.0,0.0,0.0
Expense Management,expense-management,Entrepreneur,ok,5249043,hostile,shipped,False,False,False,24.81,0.0,0.0,25,2026-08-04T17:55:37Z,shipped,20260809T230716Z,0.0,0.5,0.0
Expense Management,expense-management,investing,ok,3439578,hostile,rules,False,False,False,72.72,0.0,0.0,14,2026-08-09T23:31:32Z,measured,20260809T230716Z,0.0,0.0,0.0
Expense Management,expense-management,Android,ok,3179436,hostile,rules,True,False,False,50.4,0.0,0.0,21,2026-08-05T20:38:29Z,measured,20260809T230716Z,0.0,0.0,0.0
Expense Management,expense-management,apexlegends,ok,3045965,permissive,rules,False,True,False,111.36,0.0,0.0,29,2026-08-09T23:31:36Z,measured,20260809T230716Z,0.0,0.0,0.0
Expense Management,expense-management,aviation,ok,2779623,permissive,rules,False,True,False,105.45,0.0,0.0,16,2026-08-09T23:31:40Z,measured,20260809T230716Z,0.0,0.0,0.0
Expense Management,expense-management,smallbusiness,ok,2515817,hostile,shipped,False,False,False,65.93,0.0,0.0,54,2026-08-04T17:55:28Z,shipped,20260809T230716Z,0.01,0.5,0.0
Expense Management,expense-management,conspiracy,ok,2408472,permissive,rules,False,True,False,442.86,0.0,0.0,33,2026-08-05T20:36:19Z,measured,20260809T230716Z,0.0,0.0,0.0
Expense Management,expense-management,CryptoMoonShots,ok,2293889,capped,rules,False,True,False,0.55,0.0,0.0,69,2026-08-05T20:36:23Z,measured,20260809T230716Z,0.0,0.0,0.0
Expense Management,expense-management,PersonalFinanceCanada,ok,1870254,permissive,shipped,False,True,True,68.12,0.0,0.0,28,2026-08-05T18:55:18Z,shipped,20260809T230716Z,0.04,0.5,0.0
Expense Management,expense-management,Accounting,ok,1272896,hostile,shipped,False,False,False,76.58,0.0,0.0,37,2026-08-04T17:57:34Z,shipped,20260809T230716Z,0.01,1.0,0.0
Expense Management,expense-management,IndiaSpeaks,ok,1131975,hostile,rules,False,False,False,22.57,0.0,0.0,24,2026-08-05T20:31:07Z,measured,20260809T230716Z,0.0,0.0,0.0
Expense Management,expense-management,ukraine,ok,952299,permissive,rules,False,True,False,67.34,0.0,0.0,28,2026-08-05T20:50:31Z,measured,20260809T230716Z,0.0,0.0,0.0
Expense Management,expense-management,selfhosted,ok,813099,hostile,shipped,False,False,False,66.7,0.0,0.0,33,2026-08-04T18:02:09Z,shipped,20260809T230716Z,0.01,0.5,0.0
Expense Management,expense-management,MilitaryPorn,ok,666869,permissive,rules,False,True,False,3.62,0.0,0.0,22,2026-08-09T23:31:45Z,measured,20260809T230716Z,0.0,0.0,0.0
Expense Management,expense-management,CanadianInvestor,ok,662166,hostile,rules,False,False,False,3.73,0.01,0.0373,19,2026-08-09T23:24:11Z,measured,20260809T230716Z,0.0,0.5,0.01865
Expense Management,expense-management,Warthunder,ok,559518,permissive,rules,False,True,False,84.32,0.0,0.0,37,2026-08-09T23:31:49Z,measured,20260809T230716Z,0.0,0.0,0.0
Expense Management,expense-management,Military,ok,554028,permissive,rules,False,True,False,29.54,0.0,0.0,13,2026-08-09T23:31:53Z,measured,20260809T230716Z,0.0,0.0,0.0
Expense Management,expense-management,hoi4,ok,499806,permissive,rules,False,True,False,29.85,0.0,0.0,32,2026-08-09T23:16:19Z,measured,20260809T230716Z,0.01,0.0,0.0
Expense Management,expense-management,UkrainianConflict,ok,486840,permissive,shipped,False,True,False,50.43,0.0,0.0,30,2026-08-05T18:53:51Z,shipped,20260809T230716Z,0.12,0.0,0.0
Expense Management,expense-management,Dexter,ok,373294,permissive,rules,False,True,False,7.3,0.0,0.0,24,2026-08-09T23:17:58Z,measured,20260809T230716Z,0.01,0.0,0.0
Expense Management,expense-management,ZZZ_Official,ok,314603,permissive,rules,False,True,False,101.38,0.0,0.0,27,2026-08-09T23:31:57Z,measured,20260809T230716Z,0.0,0.0,0.0
Expense Management,expense-management,WarplanePorn,ok,249750,permissive,rules,False,True,False,3.87,0.0,0.0,22,2026-08-09T23:32:01Z,measured,20260809T230716Z,0.0,0.0,0.0
Expense Management,expense-management,CryptoCurrencyTrading,ok,196711,permissive,rules,False,True,False,0.07,0.0,0.0,39,2026-08-09T23:32:06Z,measured,20260809T230716Z,0.0,0.0,0.0
Expense Management,expense-management,CryptocurrencyICO,ok,195470,permissive,rules,False,True,False,0.01,0.0,0.0,42,2026-08-09T23:32:11Z,measured,20260809T230716Z,0.01,0.0,0.0
Expense Management,expense-management,arma,ok,191592,permissive,rules,False,True,False,4.03,0.0,0.0,26,2026-08-09T23:32:15Z,measured,20260809T230716Z,0.0,0.0,0.0
Expense Management,expense-management,CryptoMars,ok,184109,permissive,rules,False,True,False,0.05,0.0,0.0,31,2026-08-09T23:32:19Z,measured,20260809T230716Z,0.0,0.0,0.0
Expense Management,expense-management,AllCryptoBets,ok,166151,permissive,rules,True,False,False,0.07,0.0,0.0,25,2026-08-09T23:15:16Z,measured,20260809T230716Z,0.0,0.0,0.0
Expense Management,expense-management,shitcoinmoonshots,ok,162727,hostile,rules,False,False,False,0.05,0.0,0.0,77,2026-08-09T23:32:23Z,measured,20260809T230716Z,0.0,0.0,0.0
Expense Management,expense-management,BSCMoonShots,ok,120648,hostile,rules,False,False,False,0.04,0.0,0.0,23,2026-08-09T23:32:27Z,measured,20260809T230716Z,0.0,0.0,0.0
E-signature,esignature,mildlyinfuriating,ok,12391722,hostile,rules,False,False,False,1616.36,0.0,0.0,39,2026-08-05T20:32:03Z,measured,20260809T230716Z,0.0,0.0,0.0
E-signature,esignature,canada,ok,4323417,permissive,rules,False,True,False,132.69,0.0,0.0,22,2026-08-09T23:30:54Z,measured,20260809T230716Z,0.0,0.0,0.0
E-signature,esignature,ThriftStoreHauls,ok,4135750,hostile,rules,False,False,False,92.54,0.0,0.0,26,2026-08-09T23:32:39Z,measured,20260809T230716Z,0.0,0.0,0.0
E-signature,esignature,Piracy,ok,2955272,hostile,rules,False,False,False,97.96,0.0,0.0,35,2026-08-09T23:07:27Z,measured,20260809T230716Z,0.0,0.0,0.0
E-signature,esignature,CreditCards,ok,1549628,hostile,rules,False,False,False,40.01,0.0,0.0,43,2026-08-05T20:53:04Z,measured,20260809T230716Z,0.01,0.0,0.0
E-signature,esignature,MechanicalKeyboards,ok,1382668,permissive,rules,False,True,False,25.43,0.0,0.0,31,2026-08-05T20:41:29Z,measured,20260809T230716Z,0.0,0.0,0.0
E-signature,esignature,SquaredCircle,ok,1342243,permissive,rules,True,False,False,415.23,0.0,0.0,24,2026-08-05T20:53:11Z,measured,20260809T230716Z,0.01,0.0,0.0
E-signature,esignature,sysadmin,ok,1307123,permissive,shipped,False,True,True,111.96,0.0,0.0,24,2026-08-04T18:02:01Z,shipped,20260809T230716Z,0.0,0.5,0.0
E-signature,esignature,MLS,ok,984540,permissive,rules,False,True,False,47.47,0.0,0.0,6,2026-08-09T23:32:43Z,measured,20260809T230716Z,0.0,0.0,0.0
E-signature,esignature,PenmanshipPorn,ok,926464,permissive,rules,False,True,False,2.19,0.0,0.0,13,2026-08-09T23:32:47Z,measured,20260809T230716Z,0.0,0.0,0.0
E-signature,esignature,britishproblems,ok,886477,permissive,shipped,False,True,False,17.0,0.0,0.0,13,2026-08-05T18:51:33Z,shipped,20260809T230716Z,0.01,0.0,0.0
E-signature,esignature,selfhosted,ok,813099,hostile,shipped,False,False,False,66.7,0.0,0.0,33,2026-08-04T18:02:09Z,shipped,20260809T230716Z,0.01,0.5,0.0
E-signature,esignature,musictheory,ok,711640,permissive,rules,False,True,False,5.3,0.0,0.0,23,2026-08-09T23:32:51Z,measured,20260809T230716Z,0.0,0.0,0.0
E-signature,esignature,WhatIsThisPainting,ok,546638,permissive,rules,False,True,False,20.35,0.0,0.0,32,2026-08-09T23:32:55Z,measured,20260809T230716Z,0.0,0.0,0.0
E-signature,esignature,DC_Cinematic,ok,534419,permissive,rules,False,True,False,168.18,0.0,0.0,22,2026-08-09T23:32:59Z,measured,20260809T230716Z,0.0,0.0,0.0
E-signature,esignature,knives,ok,384153,permissive,rules,False,True,False,49.28,0.0,0.0,29,2026-08-09T23:33:03Z,measured,20260809T230716Z,0.0,0.0,0.0
E-signature,esignature,msp,ok,245261,capped,shipped,False,True,True,5.27,0.0,0.0,25,2026-08-04T18:06:20Z,shipped,20260809T230716Z,0.0,0.5,0.0
E-signature,esignature,DiscoElysium,ok,233023,permissive,rules,False,True,False,44.6,0.0,0.0,19,2026-08-09T23:33:08Z,measured,20260809T230716Z,0.0,0.0,0.0
E-signature,esignature,baseballcards,ok,204108,permissive,rules,False,True,False,124.43,0.0,0.0,34,2026-08-09T23:33:12Z,measured,20260809T230716Z,0.0,0.0,0.0
E-signature,esignature,comicbookcollecting,ok,120370,hostile,rules,False,False,False,27.26,0.0,0.0,25,2026-08-09T23:33:16Z,measured,20260809T230716Z,0.0,0.0,0.0
E-signature,esignature,Knife_Swap,ok,119039,permissive,rules,False,True,False,84.8,0.0,0.0,33,2026-08-09T23:33:20Z,measured,20260809T230716Z,0.0,0.0,0.0
E-signature,esignature,canadaguns,ok,85625,permissive,rules,False,True,False,11.51,0.0,0.0,31,2026-08-09T23:33:23Z,measured,20260809T230716Z,0.0,0.0,0.0
E-signature,esignature,NWSL,ok,55716,permissive,rules,False,True,False,342.88,0.0,0.0,4,2026-08-09T23:33:27Z,measured,20260809T230716Z,0.0,0.0,0.0
E-signature,esignature,USLPRO,ok,22941,permissive,sidebar,False,True,False,8.52,0.0,0.0,17,2026-08-09T23:33:31Z,measured,20260809T230716Z,0.0,0.0,0.0
E-signature,esignature,Autographs,ok,17930,hostile,rules,False,False,False,3.29,0.0,0.0,30,2026-08-09T23:33:35Z,measured,20260809T230716Z,0.0,0.0,0.0
E-signature,esignature,microtech,ok,15335,permissive,rules,False,True,False,2.37,0.0,0.0,21,2026-08-09T23:33:39Z,measured,20260809T230716Z,0.0,0.0,0.0
E-signature,esignature,TaylorSwiftAutographs,ok,11021,permissive,rules,False,True,False,2.09,0.0,0.0,19,2026-08-09T23:33:43Z,measured,20260809T230716Z,0.0,0.0,0.0
E-signature,esignature,BNBSIGN,ok,4700,permissive,sidebar,False,True,True,0.0,0.01,0.0,22,2026-08-09T23:33:49Z,measured,20260809T230716Z,0.01,1.0,0.0
Document Management,document-management,FoodPorn,ok,8604889,permissive,rules,False,True,False,5.37,0.04,0.2148,45,2026-08-09T23:33:59Z,measured,20260809T230716Z,0.0,0.0,0.0
Document Management,document-management,Disneyland,ok,1540995,permissive,rules,False,True,False,69.4,0.03,2.082,14,2026-08-09T23:34:03Z,measured,20260809T230716Z,0.0,0.0,0.0
Document Management,document-management,sysadmin,ok,1307123,permissive,shipped,False,True,True,111.96,0.16,17.9136,24,2026-08-04T18:02:01Z,shipped,20260809T230716Z,0.0,0.5,8.9568
Document Management,document-management,homelab,ok,1064059,capped,shipped,False,True,True,59.72,0.04,2.3888,26,2026-08-04T18:10:45Z,shipped,20260809T230716Z,0.0,0.5,1.1944
Document Management,document-management,melbourne,ok,1059173,permissive,rules,False,True,False,60.41,0.05,3.0205,26,2026-08-09T23:34:07Z,measured,20260809T230716Z,0.0,0.0,0.0
Document Management,document-management,DataHoarder,ok,986173,permissive,shipped,False,True,True,26.99,0.09,2.4291,32,2026-08-04T18:11:36Z,shipped,20260809T230716Z,0.02,0.5,1.21455
Document Management,document-management,selfhosted,ok,813099,hostile,shipped,False,False,False,66.7,0.17,11.339,33,2026-08-04T18:02:09Z,shipped,20260809T230716Z,0.01,0.5,5.6695
Document Management,document-management,Notion,ok,466690,hostile,shipped,True,False,False,8.19,0.07,0.5733,31,2026-08-04T17:57:10Z,shipped,20260809T230716Z,0.33,1.0,0.5733
Document Management,document-management,opensource,ok,374254,permissive,rules,False,True,True,7.7,0.57,4.389,64,2026-08-09T23:34:11Z,measured,20260809T230716Z,0.0,0.5,2.1945
Document Management,document-management,software,ok,368967,capped,shipped,False,True,True,14.84,0.07,1.0388,24,2026-08-05T18:51:08Z,shipped,20260809T230716Z,0.01,0.5,0.5194
Document Management,document-management,ProductManagement,ok,277068,hostile,rules,True,False,False,11.77,0.16,1.8832,11,2026-08-09T23:34:15Z,measured,20260809T230716Z,0.0,0.5,0.9416
Document Management,document-management,Adelaide,ok,267613,permissive,rules,False,True,False,13.71,0.1,1.371,29,2026-08-09T23:34:19Z,measured,20260809T230716Z,0.0,0.0,0.0
Document Management,document-management,msp,ok,245261,capped,shipped,False,True,True,5.27,0.27,1.4229,25,2026-08-04T18:06:20Z,shipped,20260809T230716Z,0.0,0.5,0.71145
Document Management,document-management,macapps,ok,243340,capped,rules,False,True,True,22.6,0.04,0.904,22,2026-08-09T23:30:22Z,measured,20260809T230716Z,0.0,0.5,0.452
Document Management,document-management,projectmanagement,ok,235429,hostile,shipped,False,False,False,7.75,0.17,1.3175,14,2026-08-04T17:56:05Z,shipped,20260809T230716Z,0.07,0.5,0.65875
Document Management,document-management,AusRenovation,ok,172109,hostile,rules,False,False,False,54.04,0.1,5.404,27,2026-08-09T23:34:23Z,measured,20260809T230716Z,0.0,0.0,0.0
Document Management,document-management,xbiking,ok,142643,permissive,rules,False,True,False,26.6,0.02,0.532,31,2026-08-09T23:34:27Z,measured,20260809T230716Z,0.0,0.0,0.0
Document Management,document-management,LawFirm,ok,105932,permissive,rules,False,True,True,3.33,0.11,0.3663,27,2026-08-09T23:34:31Z,measured,20260809T230716Z,0.0,1.0,0.3663
Document Management,document-management,Endo,ok,104471,hostile,rules,False,False,False,8.58,0.15,1.287,43,2026-08-09T23:34:35Z,measured,20260809T230716Z,0.0,0.0,0.0
Document Management,document-management,PKMS,ok,76439,hostile,shipped,False,False,False,3.59,0.33,1.1847,26,2026-08-04T18:02:43Z,shipped,20260809T230716Z,0.09,1.0,1.1847
Document Management,document-management,Gotham,ok,68856,permissive,rules,False,True,False,0.51,0.08,0.0408,34,2026-08-09T23:34:39Z,measured,20260809T230716Z,0.0,0.0,0.0
Document Management,document-management,technicalwriting,ok,49977,permissive,rules,False,True,False,0.88,0.18,0.1584,24,2026-08-09T23:34:43Z,measured,20260809T230716Z,0.0,0.5,0.0792
Document Management,document-management,sharepoint,ok,46502,permissive,rules,True,False,False,1.06,0.42,0.4452,23,2026-08-09T23:34:46Z,measured,20260809T230716Z,0.0,1.0,0.4452
Document Management,document-management,Evernote,ok,27160,hostile,shipped,True,False,False,0.52,0.07,0.0364,23,2026-08-04T18:03:01Z,shipped,20260809T230716Z,0.43,1.0,0.0364
Document Management,document-management,TheBlock,ok,26231,permissive,rules,True,False,False,11.13,0.07,0.7791,14,2026-08-09T23:34:50Z,measured,20260809T230716Z,0.0,0.0,0.0
Document Management,document-management,NISTControls,ok,13366,permissive,rules,False,True,False,0.09,0.36,0.0324,17,2026-08-09T23:34:54Z,measured,20260809T230716Z,0.0,0.5,0.0162
Document Management,document-management,devonthink,ok,3249,permissive,rules,True,False,False,0.02,0.37,0.0074,18,2026-08-09T23:34:58Z,measured,20260809T230716Z,0.26,1.0,0.0074
Document Management,document-management,documentAutomation,ok,2022,permissive,rules,True,False,False,0.14,0.1,0.014,29,2026-08-09T23:35:02Z,measured,20260809T230716Z,0.0,1.0,0.014
PDF Tools,pdf-tools,funny,ok,67544446,hostile,rules,False,False,False,261.43,0.0,0.0,15,2026-08-05T20:39:24Z,measured,20260809T230716Z,0.0,0.0,0.0
PDF Tools,pdf-tools,technology,ok,20452155,permissive,rules,False,True,True,810.1,0.0,0.0,23,2026-08-05T20:30:48Z,measured,20260809T230716Z,0.0,0.5,0.0
PDF Tools,pdf-tools,mildlyinfuriating,ok,12391722,hostile,rules,False,False,False,1616.36,0.0,0.0,39,2026-08-05T20:32:03Z,measured,20260809T230716Z,0.0,0.0,0.0
PDF Tools,pdf-tools,techsupport,ok,3409767,hostile,shipped,False,False,False,62.83,0.0,0.0,38,2026-08-05T17:44:18Z,shipped,20260809T230716Z,0.0,0.5,0.0
PDF Tools,pdf-tools,webdev,ok,3291935,hostile,shipped,False,False,False,28.14,0.0,0.0,49,2026-08-04T18:04:28Z,shipped,20260809T230716Z,0.0,0.5,0.0
PDF Tools,pdf-tools,assholedesign,ok,3122950,permissive,rules,False,True,False,11.79,0.0,0.0,11,2026-08-05T20:32:31Z,measured,20260809T230716Z,0.0,0.0,0.0
PDF Tools,pdf-tools,mac,ok,3046481,hostile,rules,False,False,False,48.7,0.0,0.0,30,2026-08-05T20:33:45Z,measured,20260809T230716Z,0.0,0.5,0.0
PDF Tools,pdf-tools,Piracy,ok,2955272,hostile,rules,False,False,False,97.96,0.0,0.0,35,2026-08-09T23:07:27Z,measured,20260809T230716Z,0.0,0.0,0.0
PDF Tools,pdf-tools,graphic_design,ok,2915762,permissive,shipped,False,True,True,55.21,0.0,0.0,22,2026-08-04T18:04:10Z,shipped,20260809T230716Z,0.0,0.5,0.0
PDF Tools,pdf-tools,softwaregore,ok,1959835,permissive,rules,False,True,False,12.92,0.0,0.0,37,2026-08-05T20:38:42Z,measured,20260809T230716Z,0.0,0.0,0.0
PDF Tools,pdf-tools,linux,ok,1899530,permissive,rules,False,True,True,73.77,0.0,0.0,15,2026-08-05T20:38:46Z,measured,20260809T230716Z,0.0,0.5,0.0
PDF Tools,pdf-tools,developersIndia,ok,1579180,permissive,shipped,False,True,True,89.12,0.0,0.0,38,2026-08-05T18:52:36Z,shipped,20260809T230716Z,0.01,0.5,0.0
PDF Tools,pdf-tools,Python,ok,1502437,permissive,rules,False,True,True,12.12,0.0,0.0,15,2026-08-05T20:45:02Z,measured,20260809T230716Z,0.0,0.5,0.0
PDF Tools,pdf-tools,sysadmin,ok,1307123,permissive,shipped,False,True,True,111.96,0.0,0.0,24,2026-08-04T18:02:01Z,shipped,20260809T230716Z,0.0,0.5,0.0
PDF Tools,pdf-tools,vexillology,ok,1013927,permissive,rules,False,True,False,88.51,0.0,0.0,38,2026-08-05T20:41:45Z,measured,20260809T230716Z,0.0,0.0,0.0
PDF Tools,pdf-tools,lawncare,ok,951489,permissive,rules,False,True,False,87.34,0.0,0.0,20,2026-08-05T20:53:23Z,measured,20260809T230716Z,0.0,0.0,0.0
PDF Tools,pdf-tools,SideProject,ok,799708,permissive,sidebar,False,True,True,53.63,0.0,0.0,41,2026-08-05T20:32:58Z,measured,20260809T230716Z,0.0,0.5,0.0
PDF Tools,pdf-tools,LocalLLaMA,ok,795419,permissive,rules,False,True,False,53.71,0.0,0.0,39,2026-08-09T23:17:34Z,measured,20260809T230716Z,0.01,0.0,0.0
PDF Tools,pdf-tools,MacOS,ok,614919,capped,rules,False,True,True,24.37,0.0,0.0,41,2026-08-09T23:35:13Z,measured,20260809T230716Z,0.0,0.5,0.0
PDF Tools,pdf-tools,netsec,ok,568429,permissive,shipped,False,True,False,0.65,0.0,0.0,29,2026-08-04T18:01:51Z,shipped,20260809T230716Z,0.0,0.5,0.0
PDF Tools,pdf-tools,opensource,ok,374254,permissive,rules,False,True,False,7.7,0.0,0.0,64,2026-08-09T23:34:11Z,measured,20260809T230716Z,0.0,0.5,0.0
PDF Tools,pdf-tools,software,ok,368967,capped,shipped,False,True,False,14.84,0.0,0.0,24,2026-08-05T18:51:08Z,shipped,20260809T230716Z,0.01,1.0,0.0
PDF Tools,pdf-tools,ObsidianMD,ok,350730,permissive,shipped,True,False,False,63.03,0.0,0.0,14,2026-08-04T18:02:34Z,shipped,20260809T230716Z,0.21,0.5,0.0
PDF Tools,pdf-tools,msp,ok,245261,capped,shipped,False,True,False,5.27,0.0,0.0,25,2026-08-04T18:06:20Z,shipped,20260809T230716Z,0.0,0.5,0.0
PDF Tools,pdf-tools,macapps,ok,243340,capped,rules,False,True,False,22.6,0.0,0.0,22,2026-08-09T23:30:22Z,measured,20260809T230716Z,0.0,1.0,0.0
PDF Tools,pdf-tools,MilwaukeeTool,ok,204097,hostile,rules,False,False,False,42.25,0.0,0.0,14,2026-08-09T23:35:17Z,measured,20260809T230716Z,0.0,0.0,0.0
PDF Tools,pdf-tools,PrintedCircuitBoard,ok,100721,hostile,rules,False,False,False,3.19,0.0,0.0,17,2026-08-09T23:35:21Z,measured,20260809T230716Z,0.0,0.0,0.0
PDF Tools,pdf-tools,emacs,ok,88941,permissive,rules,True,False,False,9.64,0.0,0.0,17,2026-08-09T23:35:25Z,measured,20260809T230716Z,0.0,0.0,0.0
PDF Tools,pdf-tools,Intune,ok,83549,permissive,rules,True,False,False,10.02,0.0,0.0,20,2026-08-09T23:09:33Z,measured,20260809T230716Z,0.0,0.0,0.0
PDF Tools,pdf-tools,SCCM,ok,80468,permissive,sidebar,False,True,False,1.95,0.0,0.0,13,2026-08-09T23:09:36Z,measured,20260809T230716Z,0.0,0.0,0.0
PDF Tools,pdf-tools,Rag,ok,75421,permissive,rules,False,True,False,1.82,0.0,0.0,41,2026-08-09T23:35:28Z,measured,20260809T230716Z,0.0,0.0,0.0
PDF Tools,pdf-tools,conspiracyNOPOL,ok,70080,permissive,rules,False,True,False,0.17,0.0,0.0,22,2026-08-09T23:35:32Z,measured,20260809T230716Z,0.0,0.0,0.0
PDF Tools,pdf-tools,AdvancedProduction,ok,67340,hostile,rules,False,False,False,0.28,0.0,0.0,24,2026-08-09T23:35:36Z,measured,20260809T230716Z,0.0,0.0,0.0
PDF Tools,pdf-tools,boatbuilding,ok,55936,hostile,rules,False,False,False,3.33,0.0,0.0,17,2026-08-09T23:35:40Z,measured,20260809T230716Z,0.0,0.0,0.0
Cloud Storage and File Sharing,cloud-storage,worldnews,ok,47508421,permissive,rules,False,True,False,735.82,0.0,0.0,23,2026-08-05T20:37:49Z,measured,20260809T230716Z,0.0,0.0,0.0
Cloud Storage and File Sharing,cloud-storage,todayilearned,ok,41573230,permissive,rules,False,True,False,353.92,0.0,0.0,21,2026-08-05T20:31:42Z,measured,20260809T230716Z,0.0,0.0,0.0
Cloud Storage and File Sharing,cloud-storage,aww,ok,37846716,permissive,rules,False,True,False,130.65,0.0,0.0,18,2026-08-05T20:34:41Z,measured,20260809T230716Z,0.0,0.0,0.0
Cloud Storage and File Sharing,cloud-storage,mildlyinteresting,ok,25317303,permissive,rules,False,True,False,476.83,0.0,0.0,28,2026-08-05T20:39:31Z,measured,20260809T230716Z,0.0,0.0,0.0
Cloud Storage and File Sharing,cloud-storage,technology,ok,20452155,permissive,rules,False,True,True,810.1,0.0,0.0,23,2026-08-05T20:30:48Z,measured,20260809T230716Z,0.0,0.5,0.0
Cloud Storage and File Sharing,cloud-storage,mildlyinfuriating,ok,12391722,hostile,rules,False,False,False,1616.36,0.0,0.0,39,2026-08-05T20:32:03Z,measured,20260809T230716Z,0.0,0.0,0.0
Cloud Storage and File Sharing,cloud-storage,cats,ok,9341127,hostile,rules,False,False,False,897.19,0.0,0.0,23,2026-08-05T20:46:22Z,measured,20260809T230716Z,0.0,0.0,0.0
Cloud Storage and File Sharing,cloud-storage,apple,ok,6409592,permissive,rules,True,False,False,42.96,0.0,0.0,31,2026-08-05T20:38:08Z,measured,20260809T230716Z,0.0,0.5,0.0
Cloud Storage and File Sharing,cloud-storage,woodworking,ok,6176682,hostile,rules,False,False,False,46.19,0.0,0.0,30,2026-08-05T20:48:31Z,measured,20260809T230716Z,0.0,0.0,0.0
Cloud Storage and File Sharing,cloud-storage,iphone,ok,4622754,permissive,rules,False,True,True,63.18,0.03,1.8954,33,2026-08-05T20:38:20Z,measured,20260809T230716Z,0.0,0.5,0.9477
Cloud Storage and File Sharing,cloud-storage,3Dprinting,ok,3403862,permissive,rules,False,True,False,250.54,0.0,0.0,38,2026-08-05T20:35:18Z,measured,20260809T230716Z,0.0,0.0,0.0
Cloud Storage and File Sharing,cloud-storage,whatisthisthing,ok,3147428,permissive,rules,False,True,False,12.43,0.0,0.0,44,2026-08-05T20:48:55Z,measured,20260809T230716Z,0.0,0.0,0.0
Cloud Storage and File Sharing,cloud-storage,Boxing,ok,3145695,permissive,rules,False,True,False,107.34,0.0,0.0,17,2026-08-09T23:35:54Z,measured,20260809T230716Z,0.2,0.0,0.0
Cloud Storage and File Sharing,cloud-storage,mac,ok,3046481,hostile,rules,False,False,False,48.7,0.01,0.487,30,2026-08-05T20:33:45Z,measured,20260809T230716Z,0.0,0.5,0.2435
Cloud Storage and File Sharing,cloud-storage,Piracy,ok,2955272,hostile,rules,False,False,False,97.96,0.01,0.9796,35,2026-08-09T23:07:27Z,measured,20260809T230716Z,0.0,0.5,0.4898
Cloud Storage and File Sharing,cloud-storage,linux,ok,1899530,permissive,rules,False,True,True,73.77,0.0,0.0,15,2026-08-05T20:38:46Z,measured,20260809T230716Z,0.0,0.5,0.0
Cloud Storage and File Sharing,cloud-storage,privacy,ok,1652332,hostile,shipped,False,False,False,42.96,0.0,0.0,15,2026-08-04T18:01:36Z,shipped,20260809T230716Z,0.0,0.5,0.0
Cloud Storage and File Sharing,cloud-storage,PokemonTCG,ok,1389341,capped,rules,False,True,False,137.21,0.0,0.0,36,2026-08-09T23:35:59Z,measured,20260809T230716Z,0.02,0.0,0.0
Cloud Storage and File Sharing,cloud-storage,sysadmin,ok,1307123,permissive,shipped,False,True,True,111.96,0.01,1.1196,24,2026-08-04T18:02:01Z,shipped,20260809T230716Z,0.0,1.0,1.1196
Cloud Storage and File Sharing,cloud-storage,boxoffice,ok,1231976,hostile,rules,False,False,False,192.17,0.0,0.0,30,2026-08-09T23:15:59Z,measured,20260809T230716Z,0.01,0.0,0.0
Cloud Storage and File Sharing,cloud-storage,sweden,ok,1041148,hostile,rules,False,False,False,195.79,0.0,0.0,28,2026-08-09T23:36:03Z,measured,20260809T230716Z,0.0,0.0,0.0
Cloud Storage and File Sharing,cloud-storage,ios,ok,990139,permissive,rules,False,True,True,26.39,0.06,1.5834,38,2026-08-05T20:38:50Z,measured,20260809T230716Z,0.0,0.5,0.7917
Cloud Storage and File Sharing,cloud-storage,DataHoarder,ok,986173,permissive,shipped,False,True,True,26.99,0.02,0.5398,32,2026-08-04T18:11:36Z,shipped,20260809T230716Z,0.02,1.0,0.5398
Cloud Storage and File Sharing,cloud-storage,selfhosted,ok,813099,hostile,shipped,False,False,False,66.7,0.02,1.334,33,2026-08-04T18:02:09Z,shipped,20260809T230716Z,0.01,1.0,1.334
Cloud Storage and File Sharing,cloud-storage,ipad,ok,634133,permissive,rules,False,True,False,11.4,0.0,0.0,42,2026-08-09T23:36:07Z,measured,20260809T230716Z,0.0,0.5,0.0
Cloud Storage and File Sharing,cloud-storage,MacOS,ok,614919,capped,rules,False,True,False,24.37,0.0,0.0,41,2026-08-09T23:35:13Z,measured,20260809T230716Z,0.0,0.5,0.0
Cloud Storage and File Sharing,cloud-storage,androidapps,ok,568182,hostile,shipped,False,False,False,7.78,0.0,0.0,40,2026-08-05T18:54:46Z,shipped,20260809T230716Z,0.01,0.5,0.0
Cloud Storage and File Sharing,cloud-storage,shortcuts,ok,564159,permissive,rules,False,True,True,3.59,0.08,0.2872,36,2026-08-09T23:36:12Z,measured,20260809T230716Z,0.01,0.5,0.1436
Cloud Storage and File Sharing,cloud-storage,Watchexchange,ok,548887,permissive,rules,False,True,False,306.54,0.0,0.0,44,2026-08-09T23:36:16Z,measured,20260809T230716Z,0.25,0.0,0.0
Cloud Storage and File Sharing,cloud-storage,BeautyBoxes,ok,524040,hostile,rules,False,False,False,2.15,0.0,0.0,29,2026-08-09T23:36:20Z,measured,20260809T230716Z,0.31,0.0,0.0
Cloud Storage and File Sharing,cloud-storage,degoogle,ok,521635,permissive,shipped,False,True,True,54.97,0.04,2.1988,24,2026-08-05T18:47:27Z,shipped,20260809T230716Z,0.01,0.5,1.0994
Cloud Storage and File Sharing,cloud-storage,minecraftsuggestions,ok,451715,permissive,rules,False,True,False,45.85,0.0,0.0,12,2026-08-09T23:13:45Z,measured,20260809T230716Z,0.0,0.0,0.0
Cloud Storage and File Sharing,cloud-storage,trapproduction,ok,397383,hostile,rules,False,False,False,2.13,0.0,0.0,16,2026-08-09T23:36:24Z,measured,20260809T230716Z,0.01,0.0,0.0
Cloud Storage and File Sharing,cloud-storage,BuyFromEU,ok,360598,hostile,rules,False,False,False,10.14,0.0,0.0,28,2026-08-09T23:36:28Z,measured,20260809T230716Z,0.01,0.0,0.0
Photo Editing,photo-editing,memes,ok,35945324,permissive,rules,False,True,False,543.38,0.33,179.3154,25,2026-08-05T20:34:45Z,measured,20260809T230716Z,0.0,0.0,0.0
Photo Editing,photo-editing,pics,ok,33499498,hostile,rules,False,False,False,109.63,0.33,36.1779,28,2026-08-05T20:39:27Z,measured,20260809T230716Z,0.0,0.0,0.0
Photo Editing,photo-editing,Art,ok,22493099,capped,rules,True,False,False,35.46,0.31,10.9926,42,2026-08-05T20:40:13Z,measured,20260809T230716Z,0.05,0.5,5.4963
Photo Editing,photo-editing,technology,ok,20452155,permissive,rules,False,True,True,810.1,0.38,307.838,23,2026-08-05T20:30:48Z,measured,20260809T230716Z,0.0,0.5,153.919
Photo Editing,photo-editing,buildapc,ok,8508764,hostile,shipped,False,False,False,146.24,0.43,62.8832,39,2026-08-05T18:54:09Z,shipped,20260809T230716Z,0.01,0.5,31.4416
Photo Editing,photo-editing,apple,ok,6409592,permissive,rules,True,False,False,42.96,0.41,17.6136,31,2026-08-05T20:38:08Z,measured,20260809T230716Z,0.0,0.5,8.8068
Photo Editing,photo-editing,drawing,ok,5779481,hostile,rules,False,False,False,22.81,0.55,12.5455,49,2026-08-05T20:40:21Z,measured,20260809T230716Z,0.06,0.5,6.27275
Photo Editing,photo-editing,photography,ok,5638290,permissive,rules,False,True,True,36.72,0.54,19.8288,24,2026-08-05T20:47:40Z,measured,20260809T230716Z,0.01,1.0,19.8288
Photo Editing,photo-editing,battlestations,ok,5245887,permissive,shipped,False,True,False,21.01,0.15,3.1515,18,2026-08-05T18:54:37Z,shipped,20260809T230716Z,0.01,0.0,0.0
Photo Editing,photo-editing,Design,ok,4454716,hostile,rules,True,False,False,6.82,0.33,2.2506,38,2026-08-05T20:40:29Z,measured,20260809T230716Z,0.02,0.5,1.1253
Photo Editing,photo-editing,Guitar,ok,3386578,hostile,rules,False,False,False,260.47,0.35,91.1645,23,2026-08-05T20:40:37Z,measured,20260809T230716Z,0.0,0.0,0.0
Photo Editing,photo-editing,graphic_design,ok,2915762,permissive,shipped,False,True,True,55.21,0.39,21.5319,22,2026-08-04T18:04:10Z,shipped,20260809T230716Z,0.0,1.0,21.5319
Photo Editing,photo-editing,PhotoshopRequest,ok,2318417,hostile,rules,True,False,False,82.53,0.58,47.8674,26,2026-08-09T23:36:38Z,measured,20260809T230716Z,0.0,1.0,47.8674
Photo Editing,photo-editing,photocritique,ok,1747800,hostile,rules,False,False,False,30.76,0.46,14.1496,29,2026-08-09T23:21:40Z,measured,20260809T230716Z,0.07,0.5,7.0748
Photo Editing,photo-editing,photoshop,ok,1208084,permissive,rules,True,False,False,3.31,0.47,1.5557,24,2026-08-09T23:36:42Z,measured,20260809T230716Z,0.02,1.0,1.5557
Photo Editing,photo-editing,Instagramreality,ok,1152839,hostile,rules,False,False,False,15.4,0.21,3.234,14,2026-08-09T23:36:46Z,measured,20260809T230716Z,0.0,0.0,0.0
Photo Editing,photo-editing,Warframe,ok,1012942,permissive,rules,False,True,False,287.31,0.34,97.6854,29,2026-08-05T20:44:19Z,measured,20260809T230716Z,0.0,0.0,0.0
Photo Editing,photo-editing,Illustration,ok,957166,hostile,rules,False,False,False,4.6,0.19,0.874,34,2026-08-05T20:41:49Z,measured,20260809T230716Z,0.01,0.5,0.437
Photo Editing,photo-editing,DigitalArt,ok,817609,hostile,rules,True,False,False,27.35,0.29,7.9315,39,2026-08-09T23:36:50Z,measured,20260809T230716Z,0.0,0.5,3.96575
Photo Editing,photo-editing,AskPhotography,ok,747766,permissive,rules,False,True,True,30.44,0.35,10.654,45,2026-08-09T23:36:54Z,measured,20260809T230716Z,0.0,1.0,10.654
Photo Editing,photo-editing,fo4,ok,747011,permissive,rules,False,True,False,54.57,0.35,19.0995,31,2026-08-09T23:36:58Z,measured,20260809T230716Z,0.0,0.0,0.0
Photo Editing,photo-editing,MonsterHunterWorld,ok,592937,permissive,rules,False,True,False,11.04,0.43,4.7472,23,2026-08-09T23:37:02Z,measured,20260809T230716Z,0.0,0.0,0.0
Photo Editing,photo-editing,androidapps,ok,568182,hostile,shipped,False,False,False,7.78,0.42,3.2676,40,2026-08-05T18:54:46Z,shipped,20260809T230716Z,0.01,0.0,0.0
Photo Editing,photo-editing,ForzaHorizon,ok,557987,permissive,rules,False,True,False,64.72,0.36,23.2992,23,2026-08-09T23:37:06Z,measured,20260809T230716Z,0.0,0.0,0.0
Photo Editing,photo-editing,furry,ok,530614,permissive,rules,False,True,False,37.27,0.39,14.5353,52,2026-08-09T23:13:29Z,measured,20260809T230716Z,0.01,0.0,0.0
Photo Editing,photo-editing,logodesign,ok,479566,hostile,rules,False,False,False,17.41,0.27,4.7007,22,2026-08-09T23:37:10Z,measured,20260809T230716Z,0.0,0.5,2.35035
Photo Editing,photo-editing,postprocessing,ok,439266,permissive,sidebar,False,True,True,10.29,0.16,1.6464,21,2026-08-09T23:37:14Z,measured,20260809T230716Z,0.0,1.0,1.6464
Photo Editing,photo-editing,RaidShadowLegends,ok,413841,hostile,rules,False,False,False,62.09,0.41,25.4569,37,2026-08-09T23:37:18Z,measured,20260809T230716Z,0.0,0.0,0.0
Photo Editing,photo-editing,youdontsurf,ok,378920,permissive,rules,False,True,False,0.05,0.16,0.008,29,2026-08-09T23:37:22Z,measured,20260809T230716Z,0.0,0.0,0.0
Photo Editing,photo-editing,PhotoshopTutorials,ok,376492,permissive,rules,True,False,False,0.37,0.5,0.185,35,2026-08-09T23:37:25Z,measured,20260809T230716Z,0.02,1.0,0.185
Photo Editing,photo-editing,AfterEffects,ok,344708,permissive,shipped,False,True,True,14.18,0.5,7.09,25,2026-08-04T18:05:46Z,shipped,20260809T230716Z,0.05,0.5,3.545
Photo Editing,photo-editing,buildapcforme,ok,285962,hostile,rules,False,False,False,2.04,0.62,1.2648,34,2026-08-09T23:26:44Z,measured,20260809T230716Z,0.0,0.0,0.0
Photo Editing,photo-editing,MLBTheShow,ok,272542,permissive,rules,True,False,False,19.86,0.44,8.7384,28,2026-08-09T23:37:30Z,measured,20260809T230716Z,0.02,0.0,0.0
Photo Editing,photo-editing,AdobeIllustrator,ok,241848,permissive,shipped,False,True,True,3.63,0.45,1.6335,26,2026-08-05T18:48:24Z,shipped,20260809T230716Z,0.01,1.0,1.6335
3D and CAD,cad,gaming,ok,47217173,permissive,rules,False,True,False,573.55,0.4,229.42,23,2026-08-05T20:43:26Z,measured,20260809T230716Z,0.0,0.0,0.0
3D and CAD,cad,Art,ok,22493099,capped,rules,True,False,False,35.46,0.31,10.9926,42,2026-08-05T20:40:13Z,measured,20260809T230716Z,0.05,0.5,5.4963
3D and CAD,cad,pcmasterrace,ok,16223685,permissive,rules,False,True,True,519.99,0.41,213.1959,50,2026-08-05T20:43:35Z,measured,20260809T230716Z,0.0,0.5,106.59795
3D and CAD,cad,buildapc,ok,8508764,hostile,shipped,False,False,False,146.24,0.54,78.9696,39,2026-08-05T18:54:09Z,shipped,20260809T230716Z,0.01,0.5,39.4848
3D and CAD,cad,pokemon,ok,4904029,hostile,rules,False,False,False,91.34,0.36,32.8824,41,2026-08-05T20:46:30Z,measured,20260809T230716Z,0.0,0.0,0.0
3D and CAD,cad,ThriftStoreHauls,ok,4135750,hostile,rules,False,False,False,92.54,0.37,34.2398,26,2026-08-09T23:32:39Z,measured,20260809T230716Z,0.0,0.0,0.0
3D and CAD,cad,3Dprinting,ok,3403862,permissive,rules,False,True,True,250.54,0.62,155.3348,38,2026-08-05T20:35:18Z,measured,20260809T230716Z,0.0,1.0,155.3348
3D and CAD,cad,AskEngineers,ok,2739044,permissive,rules,False,True,True,41.13,0.6,24.678,14,2026-08-05T20:49:08Z,measured,20260809T230716Z,0.0,1.0,24.678
3D and CAD,cad,nintendo,ok,2369483,permissive,rules,False,True,False,4.51,0.65,2.9315,25,2026-08-09T23:37:47Z,measured,20260809T230716Z,0.0,0.0,0.0
3D and CAD,cad,architecture,ok,2038184,permissive,rules,False,True,True,10.99,0.53,5.8247,31,2026-08-09T23:37:51Z,measured,20260809T230716Z,0.0,1.0,5.8247
3D and CAD,cad,PersonalFinanceCanada,ok,1870254,permissive,shipped,False,True,False,68.12,0.57,38.8284,28,2026-08-05T18:55:18Z,shipped,20260809T230716Z,0.04,0.0,0.0
3D and CAD,cad,Hololive,ok,1514478,hostile,rules,False,False,False,47.62,0.43,20.4766,37,2026-08-05T20:41:13Z,measured,20260809T230716Z,0.0,0.0,0.0
3D and CAD,cad,3Dmodeling,ok,1483992,hostile,rules,False,False,False,8.87,0.53,4.7011,45,2026-08-09T23:37:55Z,measured,20260809T230716Z,0.01,1.0,4.7011
3D and CAD,cad,blender,ok,1434237,permissive,rules,True,False,False,51.2,0.4,20.48,44,2026-08-05T20:42:35Z,measured,20260809T230716Z,0.0,1.0,20.48
3D and CAD,cad,Simulated,ok,1400310,permissive,rules,False,True,False,0.86,0.5,0.43,11,2026-08-05T20:50:18Z,measured,20260809T230716Z,0.0,0.5,0.215
3D and CAD,cad,3DS,ok,1173346,permissive,rules,True,False,False,49.29,0.5,24.645,23,2026-08-09T23:37:59Z,measured,20260809T230716Z,0.0,0.0,0.0
3D and CAD,cad,EngineeringStudents,ok,1011514,permissive,shipped,False,True,True,30.8,0.58,17.864,27,2026-08-05T18:47:48Z,shipped,20260809T230716Z,0.01,0.5,8.932
3D and CAD,cad,engineering,ok,743092,hostile,rules,False,False,False,0.33,0.54,0.1782,51,2026-08-09T23:38:03Z,measured,20260809T230716Z,0.0,0.5,0.0891
3D and CAD,cad,fivenightsatfreddys,ok,724657,permissive,rules,False,True,False,199.17,0.28,55.7676,23,2026-08-05T20:39:02Z,measured,20260809T230716Z,0.0,0.0,0.0
3D and CAD,cad,functionalprint,ok,619429,permissive,rules,False,True,True,4.63,0.42,1.9446,22,2026-08-09T23:38:07Z,measured,20260809T230716Z,0.0,1.0,1.9446
3D and CAD,cad,slavelabour,ok,482924,permissive,shipped,False,True,False,5.59,0.67,3.7453,50,2026-08-05T18:49:34Z,shipped,20260809T230716Z,0.02,0.0,0.0
3D and CAD,cad,Unity3D,ok,472605,hostile,rules,True,False,False,26.44,0.62,16.3928,36,2026-08-05T20:37:27Z,measured,20260809T230716Z,0.0,0.5,8.1964
3D and CAD,cad,BambuLab,ok,447753,hostile,rules,False,False,False,49.48,0.43,21.2764,45,2026-08-09T23:38:11Z,measured,20260809T230716Z,0.0,0.5,10.6382
3D and CAD,cad,gamecollecting,ok,383860,permissive,rules,False,True,False,44.58,0.43,19.1694,22,2026-08-09T23:38:15Z,measured,20260809T230716Z,0.0,0.0,0.0
3D and CAD,cad,borrow,ok,311948,permissive,sidebar,False,True,False,22.29,0.68,15.1572,48,2026-08-09T23:38:19Z,measured,20260809T230716Z,0.0,0.0,0.0
3D and CAD,cad,buildapcforme,ok,285962,hostile,rules,False,False,False,2.04,0.65,1.326,34,2026-08-09T23:26:44Z,measured,20260809T230716Z,0.0,0.0,0.0
3D and CAD,cad,MechanicalEngineering,ok,278987,hostile,rules,False,False,False,15.71,0.66,10.3686,34,2026-08-09T23:38:23Z,measured,20260809T230716Z,0.01,0.5,5.1843
3D and CAD,cad,ender3,ok,254526,permissive,rules,False,True,True,3.45,0.42,1.449,30,2026-08-09T23:38:27Z,measured,20260809T230716Z,0.0,0.5,0.7245
3D and CAD,cad,civilengineering,ok,226727,hostile,rules,False,False,False,18.91,0.63,11.9133,25,2026-08-09T23:38:31Z,measured,20260809T230716Z,0.0,0.5,5.95665
3D and CAD,cad,3d6,ok,217576,permissive,rules,False,True,False,12.9,0.61,7.869,19,2026-08-09T23:38:35Z,measured,20260809T230716Z,0.0,0.0,0.0
3D and CAD,cad,3dspiracy,ok,198230,permissive,rules,False,True,False,12.54,0.56,7.0224,44,2026-08-09T23:38:39Z,measured,20260809T230716Z,0.0,0.0,0.0
3D and CAD,cad,PrintedMinis,ok,158766,permissive,rules,False,True,True,2.06,0.36,0.7416,34,2026-08-09T23:38:43Z,measured,20260809T230716Z,0.0,0.5,0.3708
3D and CAD,cad,3dshacks,ok,152370,permissive,rules,False,True,False,0.69,0.51,0.3519,20,2026-08-09T23:38:47Z,measured,20260809T230716Z,0.0,0.0,0.0
3D and CAD,cad,Moissanite,ok,151873,hostile,rules,False,False,False,4.44,0.35,1.554,36,2026-08-09T23:38:51Z,measured,20260809T230716Z,0.0,1.0,1.554
Game Engines,game-engines,gaming,ok,47217173,permissive,rules,False,True,False,573.55,0.19,108.9745,23,2026-08-05T20:43:26Z,measured,20260809T230716Z,0.0,0.0,0.0
Game Engines,game-engines,todayilearned,ok,41573230,permissive,rules,False,True,False,353.92,0.3,106.176,21,2026-08-05T20:31:42Z,measured,20260809T230716Z,0.0,0.0,0.0
Game Engines,game-engines,nba,ok,17200763,permissive,rules,False,True,False,431.88,0.28,120.9264,33,2026-08-05T20:37:58Z,measured,20260809T230716Z,0.0,0.0,0.0
Game Engines,game-engines,nfl,ok,12793602,permissive,rules,False,True,False,411.42,0.28,115.1976,33,2026-08-05T20:38:03Z,measured,20260809T230716Z,0.0,0.0,0.0
Game Engines,game-engines,programming,ok,6908004,permissive,rules,False,True,True,14.8,0.45,6.66,27,2026-08-05T20:32:15Z,measured,20260809T230716Z,0.0,0.5,3.33
Game Engines,game-engines,pcgaming,ok,3997822,hostile,rules,False,False,False,34.4,0.35,12.04,32,2026-08-09T23:15:35Z,measured,20260809T230716Z,0.0,0.0,0.0
Game Engines,game-engines,Games,ok,3563588,permissive,rules,False,True,False,72.2,0.55,39.71,28,2026-08-09T23:15:39Z,measured,20260809T230716Z,0.01,0.0,0.0
Game Engines,game-engines,GamePhysics,ok,2802589,permissive,rules,True,False,False,1.02,0.29,0.2958,21,2026-08-09T23:13:04Z,measured,20260809T230716Z,0.0,0.0,0.0
Game Engines,game-engines,javascript,ok,2446781,permissive,rules,False,True,False,1.83,0.53,0.9699,37,2026-08-05T20:41:01Z,measured,20260809T230716Z,0.01,0.0,0.0
Game Engines,game-engines,gamedev,ok,2047614,hostile,rules,False,False,False,78.03,0.33,25.7499,18,2026-08-05T20:37:07Z,measured,20260809T230716Z,0.0,1.0,25.7499
Game Engines,game-engines,Hololive,ok,1514478,hostile,rules,False,False,False,47.62,0.22,10.4764,37,2026-08-05T20:41:13Z,measured,20260809T230716Z,0.0,0.0,0.0
Game Engines,game-engines,fivenightsatfreddys,ok,724657,permissive,rules,False,True,False,199.17,0.1,19.917,23,2026-08-05T20:39:02Z,measured,20260809T230716Z,0.0,0.0,0.0
Game Engines,game-engines,Undertale,ok,652043,hostile,rules,False,False,False,84.39,0.22,18.5658,35,2026-08-09T23:39:02Z,measured,20260809T230716Z,0.0,0.0,0.0
Game Engines,game-engines,amex,ok,573858,hostile,rules,False,False,False,12.71,0.29,3.6859,26,2026-08-09T23:39:06Z,measured,20260809T230716Z,0.01,0.0,0.0
Game Engines,game-engines,Unity3D,ok,472605,hostile,rules,True,False,False,26.44,0.45,11.898,36,2026-08-05T20:37:27Z,measured,20260809T230716Z,0.0,1.0,11.898
Game Engines,game-engines,tipofmyjoystick,ok,457485,permissive,rules,False,True,False,24.23,0.28,6.7844,44,2026-08-09T23:39:10Z,measured,20260809T230716Z,0.0,0.0,0.0
Game Engines,game-engines,linux_gaming,ok,433607,permissive,rules,False,True,False,52.15,0.32,16.688,35,2026-08-09T23:39:14Z,measured,20260809T230716Z,0.0,0.0,0.0
Game Engines,game-engines,GameDevelopment,ok,430501,hostile,rules,True,False,False,7.84,0.49,3.8416,25,2026-08-09T23:39:18Z,measured,20260809T230716Z,0.01,1.0,3.8416
Game Engines,game-engines,IndieDev,ok,429344,permissive,rules,False,True,True,53.35,0.38,20.273,41,2026-08-09T23:13:49Z,measured,20260809T230716Z,0.0,0.5,10.1365
Game Engines,game-engines,rust,ok,416783,permissive,shipped,False,True,False,23.67,0.29,6.8643,24,2026-08-05T18:53:37Z,shipped,20260809T230716Z,0.0,0.0,0.0
Game Engines,game-engines,godot,ok,362165,permissive,rules,True,False,False,36.65,0.3,10.995,45,2026-08-09T23:39:22Z,measured,20260809T230716Z,0.0,1.0,10.995
Game Engines,game-engines,gamedesign,ok,299203,permissive,rules,False,True,True,13.99,0.56,7.8344,17,2026-08-09T23:39:26Z,measured,20260809T230716Z,0.0,0.5,3.9172
Game Engines,game-engines,unrealengine,ok,290722,permissive,rules,False,True,True,3.44,0.46,1.5824,24,2026-08-09T23:39:30Z,measured,20260809T230716Z,0.0,1.0,1.5824
Game Engines,game-engines,badMovies,ok,221446,permissive,rules,False,True,False,13.39,0.21,2.8119,13,2026-08-09T23:39:34Z,measured,20260809T230716Z,0.0,0.0,0.0
Game Engines,game-engines,Random_Acts_Of_Amazon,ok,218715,permissive,rules,True,False,False,38.67,0.22,8.5074,15,2026-08-09T23:22:32Z,measured,20260809T230716Z,0.0,0.0,0.0
Game Engines,game-engines,GiftofGames,ok,179660,permissive,rules,False,True,False,15.69,0.58,9.1002,43,2026-08-09T23:39:39Z,measured,20260809T230716Z,0.0,0.0,0.0
Game Engines,game-engines,marriott,ok,145862,permissive,rules,False,True,False,30.13,0.36,10.8468,19,2026-08-09T23:39:43Z,measured,20260809T230716Z,0.0,0.0,0.0
Game Engines,game-engines,Jigsawpuzzles,ok,129329,permissive,rules,False,True,False,13.28,0.34,4.5152,36,2026-08-09T23:39:49Z,measured,20260809T230716Z,0.0,0.0,0.0
Game Engines,game-engines,custommagic,ok,108402,permissive,rules,False,True,False,100.1,0.4,40.04,20,2026-08-09T23:39:53Z,measured,20260809T230716Z,0.0,0.0,0.0
Game Engines,game-engines,citypop,ok,93330,permissive,rules,False,True,False,2.06,0.37,0.7622,30,2026-08-09T23:39:57Z,measured,20260809T230716Z,0.0,0.0,0.0
Game Engines,game-engines,GraphicsProgramming,ok,93122,permissive,rules,False,True,True,3.6,0.45,1.62,18,2026-08-09T23:40:01Z,measured,20260809T230716Z,0.0,0.5,0.81
Game Engines,game-engines,Pen_Swap,ok,82718,permissive,rules,False,True,False,36.56,0.17,6.2152,33,2026-08-09T23:40:04Z,measured,20260809T230716Z,0.0,0.0,0.0
Game Engines,game-engines,aigamedev,ok,57143,hostile,rules,False,False,False,46.07,0.24,11.0568,21,2026-08-09T23:40:09Z,measured,20260809T230716Z,0.0,0.5,5.5284
Game Engines,game-engines,learnrust,ok,53316,permissive,rules,False,True,False,0.79,0.42,0.3318,16,2026-08-09T23:40:12Z,measured,20260809T230716Z,0.0,0.0,0.0
Code Editors and IDEs,ides,programming,ok,6908004,permissive,rules,False,True,True,14.8,0.01,0.148,27,2026-08-05T20:32:15Z,measured,20260809T230716Z,0.0,0.5,0.074
Code Editors and IDEs,ides,ProgrammerHumor,ok,4744181,permissive,rules,False,True,False,77.21,0.0,0.0,20,2026-08-05T20:32:23Z,measured,20260809T230716Z,0.0,0.0,0.0
Code Editors and IDEs,ides,learnprogramming,ok,4395765,permissive,rules,False,True,True,29.79,0.01,0.2979,30,2026-08-05T20:50:15Z,measured,20260809T230716Z,0.0,0.5,0.14895
Code Editors and IDEs,ides,PeopleFuckingDying,ok,3325054,permissive,rules,False,True,False,4.66,0.0,0.0,10,2026-08-05T20:35:22Z,measured,20260809T230716Z,0.0,0.0,0.0
Code Editors and IDEs,ides,webdev,ok,3291935,hostile,shipped,False,False,False,28.14,0.01,0.2814,49,2026-08-04T18:04:28Z,shipped,20260809T230716Z,0.0,0.5,0.1407
Code Editors and IDEs,ides,Android,ok,3179436,hostile,rules,True,False,False,50.4,0.01,0.504,21,2026-08-05T20:38:29Z,measured,20260809T230716Z,0.0,0.0,0.0
Code Editors and IDEs,ides,mac,ok,3046481,hostile,rules,False,False,False,48.7,0.0,0.0,30,2026-08-05T20:33:45Z,measured,20260809T230716Z,0.0,0.0,0.0
Code Editors and IDEs,ides,javascript,ok,2446781,permissive,rules,False,True,False,1.83,0.0,0.0,37,2026-08-05T20:41:01Z,measured,20260809T230716Z,0.01,0.5,0.0
Code Editors and IDEs,ides,Python,ok,1502437,permissive,rules,False,True,True,12.12,0.01,0.1212,15,2026-08-05T20:45:02Z,measured,20260809T230716Z,0.0,0.5,0.0606
Code Editors and IDEs,ides,ClaudeAI,ok,1068447,permissive,rules,True,False,False,78.83,0.0,0.0,45,2026-08-09T23:40:26Z,measured,20260809T230716Z,0.0,1.0,0.0
Code Editors and IDEs,ides,learnpython,ok,1046160,hostile,rules,False,False,False,10.07,0.04,0.4028,29,2026-08-05T20:50:27Z,measured,20260809T230716Z,0.0,0.5,0.2014
Code Editors and IDEs,ides,arduino,ok,778009,permissive,rules,False,True,False,15.11,0.0,0.0,28,2026-08-09T23:18:59Z,measured,20260809T230716Z,0.0,0.5,0.0
Code Editors and IDEs,ides,hungary,ok,722445,permissive,rules,False,True,False,76.01,0.0,0.0,35,2026-08-09T23:40:31Z,measured,20260809T230716Z,0.0,0.0,0.0
Code Editors and IDEs,ides,AmongUs,ok,612291,permissive,rules,False,True,False,79.98,0.0,0.0,23,2026-08-09T23:40:34Z,measured,20260809T230716Z,0.0,0.0,0.0
Code Editors and IDEs,ides,androidapps,ok,568182,hostile,shipped,False,False,False,7.78,0.0,0.0,40,2026-08-05T18:54:46Z,shipped,20260809T230716Z,0.01,0.0,0.0
Code Editors and IDEs,ides,FL_Studio,ok,559944,hostile,rules,True,False,False,15.88,0.0,0.0,23,2026-08-09T23:40:39Z,measured,20260809T230716Z,0.0,0.0,0.0
Code Editors and IDEs,ides,Unity3D,ok,472605,hostile,rules,True,False,False,26.44,0.0,0.0,36,2026-08-05T20:37:27Z,measured,20260809T230716Z,0.0,0.5,0.0
Code Editors and IDEs,ides,serbia,ok,472322,permissive,rules,False,True,False,63.85,0.0,0.0,30,2026-08-09T23:40:43Z,measured,20260809T230716Z,0.0,0.0,0.0
Code Editors and IDEs,ides,croatia,ok,437454,hostile,rules,False,False,False,36.08,0.0,0.0,30,2026-08-09T23:40:47Z,measured,20260809T230716Z,0.0,0.0,0.0
Code Editors and IDEs,ides,AndroidGaming,ok,418620,permissive,rules,True,False,False,11.48,0.0,0.0,32,2026-08-09T23:40:50Z,measured,20260809T230716Z,0.0,0.0,0.0
Code Editors and IDEs,ides,rust,ok,416783,permissive,shipped,False,True,False,23.67,0.0,0.0,24,2026-08-05T18:53:37Z,shipped,20260809T230716Z,0.0,0.5,0.0
Code Editors and IDEs,ides,java,ok,403583,permissive,rules,False,True,False,1.87,0.02,0.0374,16,2026-08-09T23:40:54Z,measured,20260809T230716Z,0.01,0.5,0.0187
Code Editors and IDEs,ides,godot,ok,362165,permissive,rules,True,False,False,36.65,0.0,0.0,45,2026-08-09T23:39:22Z,measured,20260809T230716Z,0.0,0.5,0.0
Code Editors and IDEs,ides,cpp,ok,361660,permissive,rules,False,True,False,7.9,0.0,0.0,13,2026-08-09T23:40:58Z,measured,20260809T230716Z,0.0,0.5,0.0
Code Editors and IDEs,ides,Slovakia,ok,333676,permissive,rules,False,True,False,42.21,0.0,0.0,37,2026-08-09T23:41:02Z,measured,20260809T230716Z,0.0,0.0,0.0
Code Editors and IDEs,ides,csharp,ok,326148,permissive,rules,False,True,True,5.24,0.02,0.1048,16,2026-08-09T23:41:06Z,measured,20260809T230716Z,0.0,0.5,0.0524
Code Editors and IDEs,ides,unrealengine,ok,290722,permissive,rules,False,True,False,3.44,0.0,0.0,24,2026-08-09T23:39:30Z,measured,20260809T230716Z,0.0,0.5,0.0
Code Editors and IDEs,ides,androiddev,ok,290684,permissive,rules,False,True,True,6.21,0.09,0.5589,20,2026-08-09T23:41:10Z,measured,20260809T230716Z,0.05,0.5,0.27945
Code Editors and IDEs,ides,embedded,ok,279531,hostile,rules,False,False,False,6.1,0.01,0.061,34,2026-08-09T23:41:14Z,measured,20260809T230716Z,0.0,0.5,0.0305
Code Editors and IDEs,ides,macapps,ok,243340,capped,rules,False,True,True,22.6,0.02,0.452,22,2026-08-09T23:30:22Z,measured,20260809T230716Z,0.0,0.5,0.226
Code Editors and IDEs,ides,C_Programming,ok,235265,permissive,rules,False,True,True,12.61,0.07,0.8827,13,2026-08-09T23:41:18Z,measured,20260809T230716Z,0.0,0.5,0.44135
Code Editors and IDEs,ides,vscode,ok,221490,permissive,rules,False,True,True,1.84,0.2,0.368,33,2026-08-09T23:41:22Z,measured,20260809T230716Z,0.0,1.0,0.368
Code Editors and IDEs,ides,esp32,ok,206409,permissive,rules,False,True,False,14.11,0.0,0.0,31,2026-08-09T23:41:26Z,measured,20260809T230716Z,0.0,0.5,0.0
Code Editors and IDEs,ides,FlutterDev,ok,181029,hostile,rules,False,False,False,1.77,0.05,0.0885,29,2026-08-09T23:41:30Z,measured,20260809T230716Z,0.01,0.5,0.04425
Git and Code Hosting,code-hosting,programming,ok,6908004,permissive,rules,False,True,False,14.8,0.27,3.996,27,2026-08-05T20:32:15Z,measured,20260809T230716Z,0.0,0.5,1.998
Git and Code Hosting,code-hosting,ProgrammerHumor,ok,4744181,permissive,rules,False,True,False,77.21,0.15,11.5815,20,2026-08-05T20:32:23Z,measured,20260809T230716Z,0.0,0.0,0.0
Git and Code Hosting,code-hosting,learnprogramming,ok,4395765,permissive,rules,False,True,True,29.79,0.34,10.1286,30,2026-08-05T20:50:15Z,measured,20260809T230716Z,0.0,0.5,5.0643
Git and Code Hosting,code-hosting,webdev,ok,3291935,hostile,shipped,False,False,False,28.14,0.46,12.9444,49,2026-08-04T18:04:28Z,shipped,20260809T230716Z,0.0,0.5,6.4722
Git and Code Hosting,code-hosting,linux,ok,1899530,permissive,rules,False,True,False,73.77,0.19,14.0163,15,2026-08-05T20:38:46Z,measured,20260809T230716Z,0.0,0.0,0.0
Git and Code Hosting,code-hosting,ArtificialInteligence,ok,1894137,permissive,rules,False,True,True,46.01,0.19,8.7419,36,2026-08-05T20:47:00Z,measured,20260809T230716Z,0.0,0.5,4.37095
Git and Code Hosting,code-hosting,developersIndia,ok,1579180,permissive,shipped,False,True,True,89.12,0.23,20.4976,38,2026-08-05T18:52:36Z,shipped,20260809T230716Z,0.01,0.5,10.2488
Git and Code Hosting,code-hosting,sysadmin,ok,1307123,permissive,shipped,False,True,True,111.96,0.23,25.7508,24,2026-08-04T18:02:01Z,shipped,20260809T230716Z,0.0,0.5,12.8754
Git and Code Hosting,code-hosting,excel,ok,890352,permissive,rules,True,False,False,16.32,0.19,3.1008,29,2026-08-05T20:44:34Z,measured,20260809T230716Z,0.0,0.0,0.0
Git and Code Hosting,code-hosting,selfhosted,ok,813099,hostile,shipped,False,False,False,66.7,0.28,18.676,33,2026-08-04T18:02:09Z,shipped,20260809T230716Z,0.01,0.5,9.338
Git and Code Hosting,code-hosting,PokemonSwordAndShield,ok,689983,permissive,rules,True,False,False,13.8,0.29,4.002,26,2026-08-09T23:41:45Z,measured,20260809T230716Z,0.04,0.0,0.0
Git and Code Hosting,code-hosting,devops,ok,505353,permissive,shipped,False,True,True,10.84,0.19,2.0596,29,2026-08-04T18:10:10Z,shipped,20260809T230716Z,0.0,1.0,2.0596
Git and Code Hosting,code-hosting,Unity3D,ok,472605,hostile,rules,True,False,False,26.44,0.21,5.5524,36,2026-08-05T20:37:27Z,measured,20260809T230716Z,0.0,0.5,2.7762
Git and Code Hosting,code-hosting,AnimalCrossingNewHor,ok,427589,hostile,rules,True,False,False,17.05,0.12,2.046,26,2026-08-09T23:41:49Z,measured,20260809T230716Z,0.0,0.0,0.0
Git and Code Hosting,code-hosting,PokemonGoRaids,ok,418059,hostile,rules,False,False,False,61.8,0.08,4.944,57,2026-08-09T23:41:53Z,measured,20260809T230716Z,0.0,0.0,0.0
Git and Code Hosting,code-hosting,rust,ok,416783,permissive,shipped,False,True,True,23.67,0.32,7.5744,24,2026-08-05T18:53:37Z,shipped,20260809T230716Z,0.0,0.5,3.7872
Git and Code Hosting,code-hosting,java,ok,403583,permissive,rules,False,True,False,1.87,0.18,0.3366,16,2026-08-09T23:40:54Z,measured,20260809T230716Z,0.01,0.5,0.1683
Git and Code Hosting,code-hosting,aws,ok,390926,permissive,sidebar,False,True,False,5.7,0.2,1.14,15,2026-08-05T20:50:46Z,measured,20260809T230716Z,0.0,0.5,0.57
Git and Code Hosting,code-hosting,opensource,ok,374254,permissive,rules,False,True,True,7.7,0.6,4.62,64,2026-08-09T23:34:11Z,measured,20260809T230716Z,0.0,1.0,4.62
Git and Code Hosting,code-hosting,golang,ok,372101,permissive,rules,False,True,True,15.38,0.26,3.9988,16,2026-08-05T20:50:50Z,measured,20260809T230716Z,0.0,0.5,1.9994
Git and Code Hosting,code-hosting,godot,ok,362165,permissive,rules,True,False,False,36.65,0.12,4.398,45,2026-08-09T23:39:22Z,measured,20260809T230716Z,0.0,0.5,2.199
Git and Code Hosting,code-hosting,BuyFromEU,ok,360598,hostile,rules,False,False,False,10.14,0.14,1.4196,28,2026-08-09T23:36:28Z,measured,20260809T230716Z,0.01,0.0,0.0
Git and Code Hosting,code-hosting,csharp,ok,326148,permissive,rules,False,True,False,5.24,0.28,1.4672,16,2026-08-09T23:41:06Z,measured,20260809T230716Z,0.0,0.5,0.7336
Git and Code Hosting,code-hosting,brdev,ok,313347,permissive,rules,False,True,False,49.6,0.03,1.488,22,2026-08-09T23:41:58Z,measured,20260809T230716Z,0.0,0.5,0.744
Git and Code Hosting,code-hosting,PowerShell,ok,306897,hostile,rules,True,False,False,1.87,0.28,0.5236,13,2026-08-09T23:42:01Z,measured,20260809T230716Z,0.08,0.5,0.2618
Git and Code Hosting,code-hosting,HollowKnightMemes,ok,275284,permissive,rules,False,True,False,24.48,0.24,5.8752,9,2026-08-09T23:42:05Z,measured,20260809T230716Z,0.0,0.0,0.0
Git and Code Hosting,code-hosting,dotnet,ok,242181,permissive,rules,False,True,False,8.05,0.24,1.932,20,2026-08-09T23:42:09Z,measured,20260809T230716Z,0.05,0.5,0.966
Git and Code Hosting,code-hosting,AZURE,ok,212511,hostile,rules,True,False,False,2.0,0.27,0.54,29,2026-08-09T23:42:13Z,measured,20260809T230716Z,0.01,0.5,0.27
Git and Code Hosting,code-hosting,github,ok,207119,permissive,rules,True,False,False,6.99,0.41,2.8659,13,2026-08-09T23:42:16Z,measured,20260809T230716Z,0.26,1.0,2.8659
Git and Code Hosting,code-hosting,learnjava,ok,194331,hostile,rules,False,False,False,1.67,0.31,0.5177,22,2026-08-09T23:42:20Z,measured,20260809T230716Z,0.14,0.5,0.25885
Git and Code Hosting,code-hosting,kde,ok,183198,permissive,rules,False,True,False,12.32,0.14,1.7248,30,2026-08-09T23:42:24Z,measured,20260809T230716Z,0.0,0.5,0.8624
Git and Code Hosting,code-hosting,NoFeeAC,ok,153500,hostile,rules,False,False,False,0.24,0.04,0.0096,13,2026-08-09T23:42:28Z,measured,20260809T230716Z,0.0,0.0,0.0
Git and Code Hosting,code-hosting,Dodocodes,ok,141742,hostile,rules,False,False,False,21.16,0.02,0.4232,16,2026-08-09T23:42:32Z,measured,20260809T230716Z,0.0,0.0,0.0
Git and Code Hosting,code-hosting,TurnipExchange,ok,141481,permissive,rules,False,True,False,1.8,0.04,0.072,9,2026-08-09T23:42:36Z,measured,20260809T230716Z,0.0,0.0,0.0
CI/CD,ci-cd,todayilearned,ok,41573230,permissive,rules,False,True,False,353.92,0.0,0.0,21,2026-08-05T20:31:42Z,measured,20260809T230716Z,0.0,0.0,0.0
CI/CD,ci-cd,pics,ok,33499498,hostile,rules,False,False,False,109.63,0.0,0.0,28,2026-08-05T20:39:27Z,measured,20260809T230716Z,0.0,0.0,0.0
CI/CD,ci-cd,mildlyinteresting,ok,25317303,permissive,rules,False,True,False,476.83,0.0,0.0,28,2026-08-05T20:39:31Z,measured,20260809T230716Z,0.0,0.0,0.0
CI/CD,ci-cd,gardening,ok,8952417,hostile,rules,False,False,False,272.28,0.0,0.0,24,2026-08-05T20:48:27Z,measured,20260809T230716Z,0.0,0.0,0.0
CI/CD,ci-cd,Minecraft,ok,8732564,permissive,rules,False,True,False,191.2,0.0,0.0,55,2026-08-05T20:32:11Z,measured,20260809T230716Z,0.0,0.0,0.0
CI/CD,ci-cd,programming,ok,6908004,permissive,rules,False,True,True,14.8,0.02,0.296,27,2026-08-05T20:32:15Z,measured,20260809T230716Z,0.0,0.5,0.148
CI/CD,ci-cd,woodworking,ok,6176682,hostile,rules,False,False,False,46.19,0.0,0.0,30,2026-08-05T20:48:31Z,measured,20260809T230716Z,0.0,0.0,0.0
CI/CD,ci-cd,houseplants,ok,3005556,hostile,rules,False,False,False,63.56,0.0,0.0,42,2026-08-05T20:48:59Z,measured,20260809T230716Z,0.01,0.0,0.0
CI/CD,ci-cd,AnimalCrossing,ok,2870086,permissive,rules,False,True,False,80.17,0.0,0.0,19,2026-08-05T20:40:57Z,measured,20260809T230716Z,0.0,0.0,0.0
CI/CD,ci-cd,Aquariums,ok,1537158,hostile,rules,False,False,False,78.17,0.0,0.0,48,2026-08-09T23:42:47Z,measured,20260809T230716Z,0.02,0.0,0.0
CI/CD,ci-cd,MechanicalKeyboards,ok,1382668,permissive,rules,False,True,False,25.43,0.0,0.0,31,2026-08-05T20:41:29Z,measured,20260809T230716Z,0.0,0.0,0.0
CI/CD,ci-cd,ZeroWaste,ok,1216310,hostile,rules,False,False,False,3.49,0.0,0.0,35,2026-08-09T23:42:51Z,measured,20260809T230716Z,0.0,0.0,0.0
CI/CD,ci-cd,homelab,ok,1064059,capped,shipped,False,True,True,59.72,0.01,0.5972,26,2026-08-04T18:10:45Z,shipped,20260809T230716Z,0.0,0.5,0.2986
CI/CD,ci-cd,plantclinic,ok,889730,permissive,rules,False,True,False,32.55,0.0,0.0,37,2026-08-09T23:31:13Z,measured,20260809T230716Z,0.0,0.0,0.0
CI/CD,ci-cd,selfhosted,ok,813099,hostile,shipped,False,False,False,66.7,0.02,1.334,33,2026-08-04T18:02:09Z,shipped,20260809T230716Z,0.01,0.5,0.667
CI/CD,ci-cd,knitting,ok,609802,hostile,rules,False,False,False,47.11,0.0,0.0,39,2026-08-05T20:53:43Z,measured,20260809T230716Z,0.0,0.0,0.0
CI/CD,ci-cd,devops,ok,505353,permissive,shipped,False,True,True,10.84,0.03,0.3252,29,2026-08-04T18:10:10Z,shipped,20260809T230716Z,0.0,1.0,0.3252
CI/CD,ci-cd,dataengineering,ok,470587,permissive,shipped,False,True,False,10.11,0.0,0.0,20,2026-08-04T18:07:49Z,shipped,20260809T230716Z,0.0,0.5,0.0
CI/CD,ci-cd,minecraftsuggestions,ok,451715,permissive,rules,False,True,False,45.85,0.0,0.0,12,2026-08-09T23:13:45Z,measured,20260809T230716Z,0.0,0.0,0.0
CI/CD,ci-cd,minecraftseeds,ok,435463,permissive,rules,False,True,False,4.64,0.0,0.0,55,2026-08-09T23:42:55Z,measured,20260809T230716Z,0.0,0.0,0.0
CI/CD,ci-cd,rust,ok,416783,permissive,shipped,False,True,True,23.67,0.07,1.6569,24,2026-08-05T18:53:37Z,shipped,20260809T230716Z,0.0,0.5,0.82845
CI/CD,ci-cd,aws,ok,390926,permissive,sidebar,False,True,True,5.7,0.04,0.228,15,2026-08-05T20:50:46Z,measured,20260809T230716Z,0.0,0.5,0.114
CI/CD,ci-cd,csharp,ok,326148,permissive,rules,False,True,True,5.24,0.05,0.262,16,2026-08-09T23:41:06Z,measured,20260809T230716Z,0.0,0.5,0.131
CI/CD,ci-cd,docker,ok,318511,permissive,rules,True,False,False,1.23,0.03,0.0369,21,2026-08-09T23:42:59Z,measured,20260809T230716Z,0.0,0.5,0.01845
CI/CD,ci-cd,PowerShell,ok,306897,hostile,rules,True,False,False,1.87,0.03,0.0561,13,2026-08-09T23:42:01Z,measured,20260809T230716Z,0.08,0.5,0.02805
CI/CD,ci-cd,androiddev,ok,290684,permissive,rules,False,True,False,6.21,0.01,0.0621,20,2026-08-09T23:41:10Z,measured,20260809T230716Z,0.05,0.5,0.03105
CI/CD,ci-cd,embedded,ok,279531,hostile,rules,False,False,False,6.1,0.01,0.061,34,2026-08-09T23:41:14Z,measured,20260809T230716Z,0.0,0.5,0.0305
CI/CD,ci-cd,shrimptank,ok,263118,permissive,rules,False,True,False,21.9,0.0,0.0,38,2026-08-09T23:43:03Z,measured,20260809T230716Z,0.0,0.0,0.0
CI/CD,ci-cd,dotnet,ok,242181,permissive,rules,False,True,True,8.05,0.04,0.322,20,2026-08-09T23:42:09Z,measured,20260809T230716Z,0.05,0.5,0.161
CI/CD,ci-cd,AZURE,ok,212511,hostile,rules,True,False,False,2.0,0.01,0.02,29,2026-08-09T23:42:13Z,measured,20260809T230716Z,0.01,0.5,0.01
CI/CD,ci-cd,kubernetes,ok,208463,capped,shipped,False,True,True,2.12,0.13,0.2756,28,2026-08-04T18:10:52Z,shipped,20260809T230716Z,0.0,0.5,0.1378
CI/CD,ci-cd,reactnative,ok,187053,hostile,rules,False,False,False,1.95,0.05,0.0975,38,2026-08-09T23:43:07Z,measured,20260809T230716Z,0.0,0.5,0.04875
CI/CD,ci-cd,FlutterDev,ok,181029,hostile,rules,False,False,False,1.77,0.03,0.0531,29,2026-08-09T23:41:30Z,measured,20260809T230716Z,0.01,0.5,0.02655
CI/CD,ci-cd,django,ok,164930,permissive,rules,False,True,False,1.79,0.01,0.0179,16,2026-08-09T23:23:05Z,measured,20260809T230716Z,0.0,0.5,0.00895
Containers and Orchestration,containers,mildlyinteresting,ok,25317303,permissive,rules,False,True,False,476.83,0.05,23.8415,28,2026-08-05T20:39:31Z,measured,20260809T230716Z,0.0,0.0,0.0
Containers and Orchestration,containers,mildlyinfuriating,ok,12391722,hostile,rules,False,False,False,1616.36,0.02,32.3272,39,2026-08-05T20:32:03Z,measured,20260809T230716Z,0.0,0.0,0.0
Containers and Orchestration,containers,gardening,ok,8952417,hostile,rules,False,False,False,272.28,0.06,16.3368,24,2026-08-05T20:48:27Z,measured,20260809T230716Z,0.0,0.0,0.0
Containers and Orchestration,containers,MealPrepSunday,ok,5737243,hostile,rules,False,False,False,3.47,0.06,0.2082,48,2026-08-09T23:43:20Z,measured,20260809T230716Z,0.0,0.0,0.0
Containers and Orchestration,containers,whatisthisthing,ok,3147428,permissive,rules,False,True,False,12.43,0.28,3.4804,44,2026-08-05T20:48:55Z,measured,20260809T230716Z,0.0,0.0,0.0
Containers and Orchestration,containers,classicalmusic,ok,2453053,hostile,rules,False,False,False,16.06,0.02,0.3212,43,2026-08-09T23:43:24Z,measured,20260809T230716Z,0.0,0.0,0.0
Containers and Orchestration,containers,ZeroWaste,ok,1216310,hostile,rules,False,False,False,3.49,0.03,0.1047,35,2026-08-09T23:42:51Z,measured,20260809T230716Z,0.0,0.0,0.0
Containers and Orchestration,containers,Kanye,ok,1163890,hostile,rules,False,False,False,35.75,0.01,0.3575,27,2026-08-09T23:43:28Z,measured,20260809T230716Z,0.0,0.0,0.0
Containers and Orchestration,containers,EscapefromTarkov,ok,1148174,permissive,rules,False,True,False,158.94,0.03,4.7682,48,2026-08-09T23:18:47Z,measured,20260809T230716Z,0.0,0.0,0.0
Containers and Orchestration,containers,ClaudeAI,ok,1068447,permissive,rules,True,False,False,78.83,0.08,6.3064,45,2026-08-09T23:40:26Z,measured,20260809T230716Z,0.0,0.0,0.0
Containers and Orchestration,containers,selfhosted,ok,813099,hostile,shipped,False,False,False,66.7,0.01,0.667,33,2026-08-04T18:02:09Z,shipped,20260809T230716Z,0.01,0.5,0.3335
Containers and Orchestration,containers,LocalLLaMA,ok,795419,permissive,rules,False,True,True,53.71,0.06,3.2226,39,2026-08-09T23:17:34Z,measured,20260809T230716Z,0.01,0.5,1.6113
Containers and Orchestration,containers,musictheory,ok,711640,permissive,rules,False,True,False,5.3,0.01,0.053,23,2026-08-09T23:32:51Z,measured,20260809T230716Z,0.0,0.0,0.0
Containers and Orchestration,containers,devops,ok,505353,permissive,shipped,False,True,True,10.84,0.1,1.084,29,2026-08-04T18:10:10Z,shipped,20260809T230716Z,0.0,0.5,0.542
Containers and Orchestration,containers,dataengineering,ok,470587,permissive,shipped,False,True,True,10.11,0.05,0.5055,20,2026-08-04T18:07:49Z,shipped,20260809T230716Z,0.0,0.5,0.25275
Containers and Orchestration,containers,AI_Agents,ok,415520,permissive,rules,False,True,True,35.16,0.05,1.758,48,2026-08-05T20:37:31Z,measured,20260809T230716Z,0.0,0.5,0.879
Containers and Orchestration,containers,aws,ok,390926,permissive,sidebar,False,True,True,5.7,0.13,0.741,15,2026-08-05T20:50:46Z,measured,20260809T230716Z,0.0,0.5,0.3705
Containers and Orchestration,containers,docker,ok,318511,permissive,rules,True,False,False,1.23,0.11,0.1353,21,2026-08-09T23:42:59Z,measured,20260809T230716Z,0.0,1.0,0.1353
Containers and Orchestration,containers,AZURE,ok,212511,hostile,rules,True,False,False,2.0,0.05,0.1,29,2026-08-09T23:42:13Z,measured,20260809T230716Z,0.01,0.5,0.05
Containers and Orchestration,containers,Proxmox,ok,210274,hostile,rules,False,False,False,4.69,0.03,0.1407,23,2026-08-09T23:43:32Z,measured,20260809T230716Z,0.0,0.5,0.07035
Containers and Orchestration,containers,kubernetes,ok,208463,capped,shipped,False,True,True,2.12,0.38,0.8056,28,2026-08-04T18:10:52Z,shipped,20260809T230716Z,0.0,1.0,0.8056
Containers and Orchestration,containers,GoodAssSub,ok,189826,hostile,rules,False,False,False,57.67,0.0,0.0,34,2026-08-09T23:43:36Z,measured,20260809T230716Z,0.0,0.0,0.0
Containers and Orchestration,containers,WorldOfWarships,ok,152493,permissive,rules,False,True,False,33.38,0.06,2.0028,28,2026-08-09T23:43:40Z,measured,20260809T230716Z,0.0,0.0,0.0
Containers and Orchestration,containers,unRAID,ok,118916,permissive,shipped,True,False,False,27.03,0.02,0.5406,14,2026-08-05T18:55:11Z,shipped,20260809T230716Z,0.01,0.5,0.2703
Containers and Orchestration,containers,composer,ok,116517,permissive,rules,False,True,False,10.62,0.05,0.531,19,2026-08-09T23:43:44Z,measured,20260809T230716Z,0.0,0.0,0.0
Containers and Orchestration,containers,containergardening,ok,106389,permissive,sidebar,False,True,False,3.01,0.01,0.0301,19,2026-08-09T23:43:48Z,measured,20260809T230716Z,0.0,0.0,0.0
Containers and Orchestration,containers,ansible,ok,79795,permissive,rules,True,False,False,1.28,0.12,0.1536,18,2026-08-09T23:43:52Z,measured,20260809T230716Z,0.0,0.5,0.0768
Containers and Orchestration,containers,containerhomes,ok,67683,unknown,none,False,True,False,0.35,0.03,0.0105,16,2026-08-09T23:43:56Z,measured,20260809T230716Z,0.0,0.0,0.0
Containers and Orchestration,containers,container_homes,ok,54848,permissive,sidebar,True,False,False,0.05,0.02,0.001,23,2026-08-09T23:43:59Z,measured,20260809T230716Z,0.0,0.0,0.0
Containers and Orchestration,containers,LegoStorage,ok,53031,permissive,rules,False,True,False,0.47,0.07,0.0329,20,2026-08-09T23:44:03Z,measured,20260809T230716Z,0.0,0.0,0.0
Containers and Orchestration,containers,WorldOfTanksBlitz,ok,44373,permissive,rules,False,True,False,4.79,0.02,0.0958,28,2026-08-09T23:44:07Z,measured,20260809T230716Z,0.0,0.0,0.0
Containers and Orchestration,containers,cloudcomputing,ok,43398,permissive,sidebar,False,True,True,0.11,0.11,0.0121,37,2026-08-09T23:44:11Z,measured,20260809T230716Z,0.0,0.5,0.00605
Containers and Orchestration,containers,cloudygamer,ok,40994,permissive,sidebar,False,True,False,0.31,0.04,0.0124,35,2026-08-09T23:44:15Z,measured,20260809T230716Z,0.0,0.0,0.0
Containers and Orchestration,containers,Crostini,ok,34097,permissive,rules,False,True,True,0.13,0.05,0.0065,27,2026-08-09T23:44:19Z,measured,20260809T230716Z,0.0,1.0,0.0065
Infrastructure as Code,iac,programming,ok,6908004,permissive,rules,False,True,True,14.8,0.42,6.216,27,2026-08-05T20:32:15Z,measured,20260809T230716Z,0.0,0.5,3.108
Infrastructure as Code,iac,sysadmin,ok,1307123,permissive,shipped,False,True,True,111.96,0.49,54.8604,24,2026-08-04T18:02:01Z,shipped,20260809T230716Z,0.0,0.5,27.4302
Infrastructure as Code,iac,homelab,ok,1064059,capped,shipped,False,True,True,59.72,0.28,16.7216,26,2026-08-04T18:10:45Z,shipped,20260809T230716Z,0.0,0.5,8.3608
Infrastructure as Code,iac,Warframe,ok,1012942,permissive,rules,False,True,False,287.31,0.3,86.193,29,2026-08-05T20:44:19Z,measured,20260809T230716Z,0.0,0.0,0.0
Infrastructure as Code,iac,selfhosted,ok,813099,hostile,shipped,False,False,False,66.7,0.33,22.011,33,2026-08-04T18:02:09Z,shipped,20260809T230716Z,0.01,0.5,11.0055
Infrastructure as Code,iac,InfrastructurePorn,ok,761865,permissive,rules,False,True,False,0.79,0.28,0.2212,11,2026-08-05T20:50:34Z,measured,20260809T230716Z,0.0,0.0,0.0
Infrastructure as Code,iac,devops,ok,505353,permissive,shipped,False,True,True,10.84,0.44,4.7696,29,2026-08-04T18:10:10Z,shipped,20260809T230716Z,0.0,1.0,4.7696
Infrastructure as Code,iac,dataengineering,ok,470587,permissive,shipped,False,True,True,10.11,0.39,3.9429,20,2026-08-04T18:07:49Z,shipped,20260809T230716Z,0.0,0.5,1.97145
Infrastructure as Code,iac,wicked,ok,463309,permissive,rules,False,True,False,0.99,0.27,0.2673,21,2026-08-09T23:44:30Z,measured,20260809T230716Z,0.0,0.0,0.0
Infrastructure as Code,iac,networking,ok,447394,hostile,rules,False,False,False,12.18,0.4,4.872,20,2026-08-09T23:27:48Z,measured,20260809T230716Z,0.0,0.5,2.436
Infrastructure as Code,iac,programminghorror,ok,392500,hostile,rules,False,False,False,0.78,0.23,0.1794,14,2026-08-09T23:44:33Z,measured,20260809T230716Z,0.0,0.0,0.0
Infrastructure as Code,iac,aws,ok,390926,permissive,sidebar,False,True,True,5.7,0.53,3.021,15,2026-08-05T20:50:46Z,measured,20260809T230716Z,0.0,1.0,3.021
Infrastructure as Code,iac,vibecoding,ok,334458,permissive,rules,False,True,False,76.47,0.24,18.3528,41,2026-08-09T23:44:37Z,measured,20260809T230716Z,0.0,0.0,0.0
Infrastructure as Code,iac,CodeGeass,ok,295460,permissive,rules,True,False,False,4.01,0.19,0.7619,29,2026-08-09T23:44:41Z,measured,20260809T230716Z,0.0,0.0,0.0
Infrastructure as Code,iac,badUIbattles,ok,270390,permissive,rules,False,True,False,0.89,0.28,0.2492,14,2026-08-09T23:44:45Z,measured,20260809T230716Z,0.0,0.0,0.0
Infrastructure as Code,iac,AZURE,ok,212511,hostile,rules,True,False,False,2.0,0.46,0.92,29,2026-08-09T23:42:13Z,measured,20260809T230716Z,0.01,1.0,0.92
Infrastructure as Code,iac,kubernetes,ok,208463,capped,shipped,False,True,True,2.12,0.42,0.8904,28,2026-08-04T18:10:52Z,shipped,20260809T230716Z,0.0,1.0,0.8904
Infrastructure as Code,iac,48lawsofpower,ok,136470,hostile,rules,False,False,False,1.59,0.43,0.6837,21,2026-08-09T23:44:49Z,measured,20260809T230716Z,0.0,0.0,0.0
Infrastructure as Code,iac,nocode,ok,135608,permissive,rules,False,True,True,2.35,0.45,1.0575,28,2026-08-09T23:44:52Z,measured,20260809T230716Z,0.0,0.5,0.52875
Infrastructure as Code,iac,googlecloud,ok,96761,permissive,rules,False,True,False,1.09,0.35,0.3815,38,2026-08-09T23:44:56Z,measured,20260809T230716Z,0.0,0.5,0.19075
Infrastructure as Code,iac,Terraform,ok,83703,permissive,sidebar,True,False,False,0.97,0.5,0.485,22,2026-08-09T23:45:00Z,measured,20260809T230716Z,0.04,1.0,0.485
Infrastructure as Code,iac,ansible,ok,79795,permissive,rules,True,False,False,1.28,0.58,0.7424,18,2026-08-09T23:43:52Z,measured,20260809T230716Z,0.0,1.0,0.7424
Infrastructure as Code,iac,programmingcirclejerk,ok,66980,permissive,rules,False,True,False,2.61,0.22,0.5742,12,2026-08-09T23:45:04Z,measured,20260809T230716Z,0.0,0.0,0.0
Infrastructure as Code,iac,rustyrails,ok,63465,permissive,rules,False,True,False,1.11,0.19,0.2109,14,2026-08-09T23:45:09Z,measured,20260809T230716Z,0.0,0.0,0.0
Infrastructure as Code,iac,sre,ok,55731,hostile,rules,False,False,False,1.52,0.55,0.836,24,2026-08-09T23:45:12Z,measured,20260809T230716Z,0.0,1.0,0.836
Infrastructure as Code,iac,webmarketing,ok,42682,permissive,rules,False,True,False,0.08,0.71,0.0568,64,2026-08-09T23:45:16Z,measured,20260809T230716Z,0.0,0.0,0.0
Infrastructure as Code,iac,lua,ok,32025,permissive,rules,False,True,False,0.44,0.46,0.2024,25,2026-08-09T23:45:20Z,measured,20260809T230716Z,0.0,0.0,0.0
Infrastructure as Code,iac,volunteer,ok,28117,permissive,rules,False,True,False,0.72,0.3,0.216,28,2026-08-09T23:45:24Z,measured,20260809T230716Z,0.0,0.0,0.0
Infrastructure as Code,iac,serverless,ok,14375,permissive,sidebar,True,False,False,0.03,0.49,0.0147,28,2026-08-09T23:45:28Z,measured,20260809T230716Z,0.0,0.5,0.00735
Infrastructure as Code,iac,openshift,ok,11603,permissive,rules,True,False,False,0.1,0.46,0.046,21,2026-08-09T23:45:32Z,measured,20260809T230716Z,0.0,0.5,0.023
Infrastructure as Code,iac,aws_cdk,ok,2070,permissive,sidebar,True,False,False,0.01,0.73,0.0073,27,2026-08-09T23:45:36Z,measured,20260809T230716Z,0.0,1.0,0.0073
Infrastructure as Code,iac,AWSCloudFormation,ok,1644,permissive,sidebar,False,True,False,0.0,0.62,0.0,31,2026-08-09T23:45:39Z,measured,20260809T230716Z,0.01,1.0,0.0
Monitoring and Observability,observability,worldnews,ok,47508421,permissive,rules,False,True,False,735.82,0.07,51.5074,23,2026-08-05T20:37:49Z,measured,20260809T230716Z,0.0,0.0,0.0
Monitoring and Observability,observability,technology,ok,20452155,permissive,rules,False,True,False,810.1,0.11,89.111,23,2026-08-05T20:30:48Z,measured,20260809T230716Z,0.0,0.0,0.0
Monitoring and Observability,observability,politics,ok,9230904,permissive,rules,False,True,False,1200.88,0.06,72.0528,48,2026-08-05T20:32:07Z,measured,20260809T230716Z,0.0,0.0,0.0
Monitoring and Observability,observability,soccer,ok,8767181,permissive,rules,False,True,False,560.98,0.06,33.6588,32,2026-08-05T20:51:20Z,measured,20260809T230716Z,0.0,0.0,0.0
Monitoring and Observability,observability,leagueoflegends,ok,8439238,permissive,rules,False,True,False,233.23,0.05,11.6615,38,2026-08-05T20:44:58Z,measured,20260809T230716Z,0.0,0.0,0.0
Monitoring and Observability,observability,apple,ok,6409592,permissive,rules,True,False,False,42.96,0.14,6.0144,31,2026-08-05T20:38:08Z,measured,20260809T230716Z,0.0,0.0,0.0
Monitoring and Observability,observability,iphone,ok,4622754,permissive,rules,False,True,False,63.18,0.18,11.3724,33,2026-08-05T20:38:20Z,measured,20260809T230716Z,0.0,0.0,0.0
Monitoring and Observability,observability,learnprogramming,ok,4395765,permissive,rules,False,True,False,29.79,0.11,3.2769,30,2026-08-05T20:50:15Z,measured,20260809T230716Z,0.0,0.0,0.0
Monitoring and Observability,observability,compsci,ok,3992725,permissive,rules,False,True,False,0.38,0.14,0.0532,38,2026-08-09T23:45:53Z,measured,20260809T230716Z,0.0,0.0,0.0
Monitoring and Observability,observability,DestinyTheGame,ok,3373336,hostile,rules,True,False,False,58.94,0.08,4.7152,23,2026-08-09T23:16:57Z,measured,20260809T230716Z,0.03,0.0,0.0
Monitoring and Observability,observability,webdev,ok,3291935,hostile,shipped,False,False,False,28.14,0.38,10.6932,49,2026-08-04T18:04:28Z,shipped,20260809T230716Z,0.0,0.5,5.3466
Monitoring and Observability,observability,Android,ok,3179436,hostile,rules,True,False,False,50.4,0.04,2.016,21,2026-08-05T20:38:29Z,measured,20260809T230716Z,0.0,0.0,0.0
Monitoring and Observability,observability,conspiracy,ok,2408472,permissive,rules,False,True,False,442.86,0.09,39.8574,33,2026-08-05T20:36:19Z,measured,20260809T230716Z,0.0,0.0,0.0
Monitoring and Observability,observability,cscareerquestions,ok,2374167,permissive,shipped,False,True,True,64.4,0.06,3.864,29,2026-08-04T18:09:56Z,shipped,20260809T230716Z,0.0,0.5,1.932
Monitoring and Observability,observability,developersIndia,ok,1579180,permissive,shipped,False,True,True,89.12,0.11,9.8032,38,2026-08-05T18:52:36Z,shipped,20260809T230716Z,0.01,0.5,4.9016
Monitoring and Observability,observability,headphones,ok,1543151,permissive,rules,False,True,False,28.99,0.07,2.0293,31,2026-08-05T20:44:02Z,measured,20260809T230716Z,0.0,0.0,0.0
Monitoring and Observability,observability,sysadmin,ok,1307123,permissive,shipped,False,True,True,111.96,0.08,8.9568,24,2026-08-04T18:02:01Z,shipped,20260809T230716Z,0.0,1.0,8.9568
Monitoring and Observability,observability,homelab,ok,1064059,capped,shipped,False,True,True,59.72,0.06,3.5832,26,2026-08-04T18:10:45Z,shipped,20260809T230716Z,0.0,1.0,3.5832
Monitoring and Observability,observability,ios,ok,990139,permissive,rules,False,True,False,26.39,0.15,3.9585,38,2026-08-05T20:38:50Z,measured,20260809T230716Z,0.0,0.0,0.0
Monitoring and Observability,observability,selfhosted,ok,813099,hostile,shipped,False,False,False,66.7,0.11,7.337,33,2026-08-04T18:02:09Z,shipped,20260809T230716Z,0.01,1.0,7.337
Monitoring and Observability,observability,jailbreak,ok,772640,permissive,rules,False,True,False,15.06,0.08,1.2048,39,2026-08-05T20:38:58Z,measured,20260809T230716Z,0.0,0.0,0.0
Monitoring and Observability,observability,Supplements,ok,601349,hostile,rules,False,False,False,41.36,0.08,3.3088,48,2026-08-09T23:45:58Z,measured,20260809T230716Z,0.0,0.0,0.0
Monitoring and Observability,observability,appletv,ok,590789,permissive,rules,False,True,False,10.41,0.12,1.2492,34,2026-08-09T23:46:01Z,measured,20260809T230716Z,0.0,0.0,0.0
Monitoring and Observability,observability,homeassistant,ok,579319,permissive,rules,False,True,True,31.33,0.13,4.0729,40,2026-08-09T23:46:05Z,measured,20260809T230716Z,0.0,0.5,2.03645
Monitoring and Observability,observability,androidapps,ok,568182,hostile,shipped,False,False,False,7.78,0.18,1.4004,40,2026-08-05T18:54:46Z,shipped,20260809T230716Z,0.01,0.0,0.0
Monitoring and Observability,observability,degoogle,ok,521635,permissive,shipped,False,True,False,54.97,0.04,2.1988,24,2026-08-05T18:47:27Z,shipped,20260809T230716Z,0.01,0.0,0.0
Monitoring and Observability,observability,reactjs,ok,510388,permissive,shipped,False,True,False,3.01,0.1,0.301,22,2026-08-04T18:10:39Z,shipped,20260809T230716Z,0.0,0.5,0.1505
Monitoring and Observability,observability,devops,ok,505353,permissive,shipped,False,True,True,10.84,0.11,1.1924,29,2026-08-04T18:10:10Z,shipped,20260809T230716Z,0.0,1.0,1.1924
Monitoring and Observability,observability,dataengineering,ok,470587,permissive,shipped,False,True,True,10.11,0.11,1.1121,20,2026-08-04T18:07:49Z,shipped,20260809T230716Z,0.0,0.5,0.55605
Monitoring and Observability,observability,stevenuniverse,ok,454963,permissive,rules,False,True,False,73.85,0.01,0.7385,21,2026-08-09T23:46:09Z,measured,20260809T230716Z,0.0,0.0,0.0
Monitoring and Observability,observability,networking,ok,447394,hostile,rules,False,False,False,12.18,0.13,1.5834,20,2026-08-09T23:27:48Z,measured,20260809T230716Z,0.0,0.5,0.7917
Monitoring and Observability,observability,AI_Agents,ok,415520,permissive,rules,False,True,True,35.16,0.2,7.032,48,2026-08-05T20:37:31Z,measured,20260809T230716Z,0.0,0.5,3.516
Monitoring and Observability,observability,Gold,ok,415831,hostile,rules,False,False,False,35.35,0.03,1.0605,32,2026-08-09T23:46:13Z,measured,20260809T230716Z,0.0,0.0,0.0
Monitoring and Observability,observability,aws,ok,390926,permissive,sidebar,False,True,False,5.7,0.16,0.912,15,2026-08-05T20:50:46Z,measured,20260809T230716Z,0.0,0.5,0.456
Error Tracking,error-tracking,worldnews,ok,47508421,permissive,rules,False,True,False,735.82,0.0,0.0,23,2026-08-05T20:37:49Z,measured,20260809T230716Z,0.0,0.0,0.0
Error Tracking,error-tracking,technology,ok,20452155,permissive,rules,False,True,False,810.1,0.0,0.0,23,2026-08-05T20:30:48Z,measured,20260809T230716Z,0.0,0.0,0.0
Error Tracking,error-tracking,europe,ok,11642130,permissive,rules,False,True,False,102.23,0.0,0.0,25,2026-08-09T23:31:28Z,measured,20260809T230716Z,0.0,0.0,0.0
Error Tracking,error-tracking,politics,ok,9230904,permissive,rules,False,True,False,1200.88,0.0,0.0,48,2026-08-05T20:32:07Z,measured,20260809T230716Z,0.0,0.0,0.0
Error Tracking,error-tracking,india,ok,3472451,capped,rules,False,True,False,53.22,0.0,0.0,36,2026-08-05T20:30:59Z,measured,20260809T230716Z,0.0,0.0,0.0
Error Tracking,error-tracking,webdev,ok,3291935,hostile,shipped,False,False,False,28.14,0.0,0.0,49,2026-08-04T18:04:28Z,shipped,20260809T230716Z,0.0,1.0,0.0
Error Tracking,error-tracking,Android,ok,3179436,hostile,rules,True,False,False,50.4,0.0,0.0,21,2026-08-05T20:38:29Z,measured,20260809T230716Z,0.0,0.0,0.0
Error Tracking,error-tracking,aviation,ok,2779623,permissive,rules,False,True,False,105.45,0.0,0.0,16,2026-08-09T23:31:40Z,measured,20260809T230716Z,0.0,0.0,0.0
Error Tracking,error-tracking,france,ok,2589952,permissive,rules,False,True,False,111.69,0.0,0.0,37,2026-08-05T20:46:52Z,measured,20260809T230716Z,0.0,0.0,0.0
Error Tracking,error-tracking,javascript,ok,2446781,permissive,rules,False,True,True,1.83,0.0,0.0,37,2026-08-05T20:41:01Z,measured,20260809T230716Z,0.01,1.0,0.0
Error Tracking,error-tracking,conspiracy,ok,2408472,permissive,rules,False,True,False,442.86,0.0,0.0,33,2026-08-05T20:36:19Z,measured,20260809T230716Z,0.0,0.0,0.0
Error Tracking,error-tracking,privacy,ok,1652332,hostile,shipped,False,False,False,42.96,0.0,0.0,15,2026-08-04T18:01:36Z,shipped,20260809T230716Z,0.0,0.0,0.0
Error Tracking,error-tracking,KerbalSpaceProgram,ok,1525418,permissive,rules,False,True,False,23.95,0.0,0.0,33,2026-08-09T23:46:24Z,measured,20260809T230716Z,0.0,0.0,0.0
Error Tracking,error-tracking,blender,ok,1434237,permissive,rules,True,False,False,51.2,0.0,0.0,44,2026-08-05T20:42:35Z,measured,20260809T230716Z,0.0,0.0,0.0
Error Tracking,error-tracking,technews,ok,1096455,permissive,rules,False,True,False,19.92,0.0,0.0,5,2026-08-09T23:17:17Z,measured,20260809T230716Z,0.0,0.0,0.0
Error Tracking,error-tracking,IndiaInvestments,ok,953173,permissive,rules,False,True,False,0.41,0.0,0.0,54,2026-08-09T23:46:28Z,measured,20260809T230716Z,0.0,0.0,0.0
Error Tracking,error-tracking,IndiaTech,ok,785068,hostile,rules,False,False,False,15.97,0.0,0.0,22,2026-08-09T23:46:32Z,measured,20260809T230716Z,0.0,0.0,0.0
Error Tracking,error-tracking,OculusQuest,ok,669928,permissive,rules,False,True,False,84.93,0.0,0.0,15,2026-08-09T23:46:36Z,measured,20260809T230716Z,0.0,0.0,0.0
Error Tracking,error-tracking,MilitaryPorn,ok,666869,permissive,rules,False,True,False,3.62,0.0,0.0,22,2026-08-09T23:31:45Z,measured,20260809T230716Z,0.0,0.0,0.0
Error Tracking,error-tracking,IndianStreetBets,ok,570127,hostile,rules,False,False,False,6.53,0.0,0.0,24,2026-08-09T23:46:40Z,measured,20260809T230716Z,0.0,0.0,0.0
Error Tracking,error-tracking,androidapps,ok,568182,hostile,shipped,False,False,False,7.78,0.0,0.0,40,2026-08-05T18:54:46Z,shipped,20260809T230716Z,0.01,0.5,0.0
Error Tracking,error-tracking,oculus,ok,567836,permissive,rules,False,True,False,2.27,0.0,0.0,49,2026-08-09T23:16:11Z,measured,20260809T230716Z,0.03,0.0,0.0
Error Tracking,error-tracking,Warthunder,ok,559518,permissive,rules,False,True,False,84.32,0.0,0.0,37,2026-08-09T23:31:49Z,measured,20260809T230716Z,0.0,0.0,0.0
Error Tracking,error-tracking,rust,ok,416783,permissive,shipped,False,True,True,23.67,0.0,0.0,24,2026-08-05T18:53:37Z,shipped,20260809T230716Z,0.0,1.0,0.0
Error Tracking,error-tracking,masterhacker,ok,319386,hostile,rules,False,False,False,14.35,0.0,0.0,27,2026-08-09T23:46:44Z,measured,20260809T230716Z,0.0,0.5,0.0
Error Tracking,error-tracking,flightradar24,ok,308436,hostile,rules,False,False,False,13.47,0.0,0.0,28,2026-08-09T23:30:15Z,measured,20260809T230716Z,0.0,0.0,0.0
Error Tracking,error-tracking,funkopop,ok,289620,hostile,rules,False,False,False,10.32,0.0,0.0,38,2026-08-09T23:46:48Z,measured,20260809T230716Z,0.0,0.0,0.0
Error Tracking,error-tracking,PSVR,ok,282331,permissive,rules,False,True,False,28.63,0.0,0.0,20,2026-08-09T23:46:52Z,measured,20260809T230716Z,0.0,0.0,0.0
Error Tracking,error-tracking,WarplanePorn,ok,249750,permissive,rules,False,True,False,3.87,0.0,0.0,22,2026-08-09T23:32:01Z,measured,20260809T230716Z,0.0,0.0,0.0
Error Tracking,error-tracking,flightsim,ok,248381,permissive,rules,False,True,False,25.78,0.0,0.0,27,2026-08-09T23:46:56Z,measured,20260809T230716Z,0.0,0.0,0.0
Error Tracking,error-tracking,MicrosoftFlightSim,ok,217443,permissive,rules,True,False,False,19.86,0.0,0.0,31,2026-08-09T23:47:00Z,measured,20260809T230716Z,0.0,0.0,0.0
Error Tracking,error-tracking,spaceengineers,ok,209954,permissive,rules,False,True,False,17.46,0.0,0.0,19,2026-08-09T23:47:04Z,measured,20260809T230716Z,0.0,0.0,0.0
Error Tracking,error-tracking,whatsapp,ok,206830,permissive,rules,False,True,False,16.89,0.0,0.0,43,2026-08-09T23:47:08Z,measured,20260809T230716Z,0.0,0.0,0.0
Error Tracking,error-tracking,Vive,ok,172098,permissive,rules,False,True,False,0.26,0.0,0.0,14,2026-08-09T23:47:12Z,measured,20260809T230716Z,0.0,0.0,0.0
Feature Flags and A/B Testing,feature-flags,todayilearned,ok,41573230,permissive,rules,False,True,False,353.92,0.17,60.1664,21,2026-08-05T20:31:42Z,measured,20260809T230716Z,0.0,0.0,0.0
Feature Flags and A/B Testing,feature-flags,programming,ok,6908004,permissive,rules,False,True,True,14.8,0.27,3.996,27,2026-08-05T20:32:15Z,measured,20260809T230716Z,0.0,0.5,1.998
Feature Flags and A/B Testing,feature-flags,Awwducational,ok,6018545,hostile,rules,False,False,False,0.25,0.14,0.035,49,2026-08-09T23:25:37Z,measured,20260809T230716Z,0.0,0.0,0.0
Feature Flags and A/B Testing,feature-flags,AsianBeauty,ok,3772262,permissive,rules,False,True,False,11.71,0.23,2.6933,48,2026-08-09T23:47:25Z,measured,20260809T230716Z,0.0,0.0,0.0
Feature Flags and A/B Testing,feature-flags,youtube,ok,3439969,permissive,rules,True,False,False,134.2,0.12,16.104,25,2026-08-09T23:47:29Z,measured,20260809T230716Z,0.0,0.0,0.0
Feature Flags and A/B Testing,feature-flags,webdev,ok,3291935,hostile,shipped,False,False,False,28.14,0.46,12.9444,49,2026-08-04T18:04:28Z,shipped,20260809T230716Z,0.0,0.5,6.4722
Feature Flags and A/B Testing,feature-flags,atheism,ok,2965460,permissive,rules,False,True,False,158.01,0.19,30.0219,19,2026-08-05T20:32:35Z,measured,20260809T230716Z,0.0,0.0,0.0
Feature Flags and A/B Testing,feature-flags,datascience,ok,2761030,capped,shipped,False,True,True,1.93,0.11,0.2123,23,2026-08-04T18:07:57Z,shipped,20260809T230716Z,0.01,0.5,0.10615
Feature Flags and A/B Testing,feature-flags,javascript,ok,2446781,permissive,rules,False,True,True,1.83,0.32,0.5856,37,2026-08-05T20:41:01Z,measured,20260809T230716Z,0.01,0.5,0.2928
Feature Flags and A/B Testing,feature-flags,vinyl,ok,2293745,permissive,rules,False,True,False,69.01,0.2,13.802,38,2026-08-09T23:47:33Z,measured,20260809T230716Z,0.0,0.0,0.0
Feature Flags and A/B Testing,feature-flags,audiophile,ok,2178150,permissive,rules,False,True,False,37.99,0.2,7.598,19,2026-08-05T20:43:53Z,measured,20260809T230716Z,0.0,0.0,0.0
Feature Flags and A/B Testing,feature-flags,marketing,ok,1958693,hostile,shipped,False,False,False,3.46,0.47,1.6262,37,2026-08-04T17:59:50Z,shipped,20260809T230716Z,0.0,0.5,0.8131
Feature Flags and A/B Testing,feature-flags,StardustCrusaders,ok,1832535,permissive,rules,False,True,False,33.22,0.15,4.983,25,2026-08-09T23:47:37Z,measured,20260809T230716Z,0.0,0.0,0.0
Feature Flags and A/B Testing,feature-flags,headphones,ok,1543151,permissive,rules,False,True,False,28.99,0.15,4.3485,31,2026-08-05T20:44:02Z,measured,20260809T230716Z,0.0,0.0,0.0
Feature Flags and A/B Testing,feature-flags,ffxiv,ok,1357716,permissive,rules,False,True,False,112.69,0.2,22.538,33,2026-08-09T23:47:41Z,measured,20260809T230716Z,0.0,0.0,0.0
Feature Flags and A/B Testing,feature-flags,copypasta,ok,1198858,permissive,rules,False,True,False,4.14,0.12,0.4968,36,2026-08-09T23:47:45Z,measured,20260809T230716Z,0.0,0.0,0.0
Feature Flags and A/B Testing,feature-flags,TheSilphRoad,ok,1015685,permissive,rules,False,True,False,21.24,0.15,3.186,27,2026-08-09T23:47:49Z,measured,20260809T230716Z,0.0,0.0,0.0
Feature Flags and A/B Testing,feature-flags,vexillology,ok,1013927,permissive,rules,False,True,False,88.51,0.16,14.1616,38,2026-08-05T20:41:45Z,measured,20260809T230716Z,0.0,0.0,0.0
Feature Flags and A/B Testing,feature-flags,ClashOfClans,ok,992030,permissive,rules,False,True,False,99.14,0.17,16.8538,39,2026-08-09T23:47:53Z,measured,20260809T230716Z,0.0,0.0,0.0
Feature Flags and A/B Testing,feature-flags,web_design,ok,974167,hostile,shipped,False,False,False,1.08,0.24,0.2592,31,2026-08-04T18:04:19Z,shipped,20260809T230716Z,0.03,0.5,0.1296
Feature Flags and A/B Testing,feature-flags,GameDeals,ok,969671,permissive,rules,True,False,False,18.21,0.1,1.821,16,2026-08-05T20:42:51Z,measured,20260809T230716Z,0.0,0.0,0.0
Feature Flags and A/B Testing,feature-flags,assassinscreed,ok,860542,permissive,rules,False,True,False,17.31,0.18,3.1158,40,2026-08-09T23:47:57Z,measured,20260809T230716Z,0.0,0.0,0.0
Feature Flags and A/B Testing,feature-flags,Christianity,ok,703122,permissive,rules,False,True,False,286.17,0.38,108.7446,55,2026-08-09T23:48:02Z,measured,20260809T230716Z,0.0,0.0,0.0
Feature Flags and A/B Testing,feature-flags,TheGoodPlace,ok,679439,permissive,rules,False,True,False,1.09,0.24,0.2616,17,2026-08-09T23:48:05Z,measured,20260809T230716Z,0.0,0.0,0.0
Feature Flags and A/B Testing,feature-flags,statistics,ok,630492,permissive,rules,False,True,True,1.34,0.3,0.402,30,2026-08-09T23:48:09Z,measured,20260809T230716Z,0.0,0.5,0.201
Feature Flags and A/B Testing,feature-flags,CatAdvice,ok,617357,hostile,rules,False,False,False,108.86,0.2,21.772,25,2026-08-09T23:48:13Z,measured,20260809T230716Z,0.0,0.0,0.0
Feature Flags and A/B Testing,feature-flags,EDC,ok,586174,capped,rules,False,True,False,86.92,0.23,19.9916,26,2026-08-09T23:48:17Z,measured,20260809T230716Z,0.0,0.0,0.0
Feature Flags and A/B Testing,feature-flags,duolingo,ok,584050,hostile,rules,False,False,False,29.3,0.09,2.637,53,2026-08-09T23:48:22Z,measured,20260809T230716Z,0.0,0.0,0.0
Feature Flags and A/B Testing,feature-flags,devops,ok,505353,permissive,shipped,False,True,True,10.84,0.23,2.4932,29,2026-08-04T18:10:10Z,shipped,20260809T230716Z,0.0,0.5,1.2466
Feature Flags and A/B Testing,feature-flags,islam,ok,441158,hostile,rules,False,False,False,38.18,0.27,10.3086,40,2026-08-09T23:48:26Z,measured,20260809T230716Z,0.0,0.0,0.0
Feature Flags and A/B Testing,feature-flags,emulation,ok,413419,permissive,rules,False,True,False,1.63,0.27,0.4401,20,2026-08-09T23:48:31Z,measured,20260809T230716Z,0.0,0.0,0.0
Feature Flags and A/B Testing,feature-flags,golang,ok,372101,permissive,rules,False,True,True,15.38,0.23,3.5374,16,2026-08-05T20:50:50Z,measured,20260809T230716Z,0.0,0.5,1.7687
Feature Flags and A/B Testing,feature-flags,Catholicism,ok,361104,hostile,rules,False,False,False,265.04,0.28,74.2112,26,2026-08-09T23:48:35Z,measured,20260809T230716Z,0.0,0.0,0.0
Feature Flags and A/B Testing,feature-flags,CATpreparation,ok,347246,hostile,rules,False,False,False,50.25,0.17,8.5425,46,2026-08-05T20:50:58Z,measured,20260809T230716Z,0.0,0.0,0.0
Product Analytics,product-analytics,Entrepreneur,ok,5249043,hostile,shipped,False,False,False,24.81,0.11,2.7291,25,2026-08-04T17:55:37Z,shipped,20260809T230716Z,0.0,0.5,1.36455
Product Analytics,product-analytics,datascience,ok,2761030,capped,shipped,False,True,True,1.93,0.07,0.1351,23,2026-08-04T18:07:57Z,shipped,20260809T230716Z,0.01,0.5,0.06755
Product Analytics,product-analytics,VALORANT,ok,2699906,permissive,rules,False,True,False,30.27,0.18,5.4486,41,2026-08-09T23:48:46Z,measured,20260809T230716Z,0.01,0.0,0.0
Product Analytics,product-analytics,startups,ok,2107067,capped,shipped,False,True,True,16.76,0.16,2.6816,31,2026-08-05T17:43:02Z,shipped,20260809T230716Z,0.0,0.5,1.3408
Product Analytics,product-analytics,selfhosted,ok,813099,hostile,shipped,False,False,False,66.7,0.13,8.671,33,2026-08-04T18:02:09Z,shipped,20260809T230716Z,0.01,0.5,4.3355
Product Analytics,product-analytics,SaaS,ok,771500,hostile,shipped,False,False,False,78.73,0.14,11.0222,49,2026-08-04T17:55:55Z,shipped,20260809T230716Z,0.0,0.5,5.5111
Product Analytics,product-analytics,dataengineering,ok,470587,permissive,shipped,False,True,True,10.11,0.14,1.4154,20,2026-08-04T18:07:49Z,shipped,20260809T230716Z,0.0,0.5,0.7077
Product Analytics,product-analytics,leetcode,ok,449063,permissive,rules,False,True,False,13.17,0.05,0.6585,46,2026-08-09T23:48:50Z,measured,20260809T230716Z,0.0,0.0,0.0
Product Analytics,product-analytics,shopify,ok,368707,capped,shipped,True,False,False,9.93,0.11,1.0923,48,2026-08-04T17:59:34Z,shipped,20260809T230716Z,0.03,0.5,0.54615
Product Analytics,product-analytics,analytics,ok,277313,permissive,shipped,False,True,True,12.76,0.06,0.7656,17,2026-08-04T18:08:07Z,shipped,20260809T230716Z,0.06,1.0,0.7656
Product Analytics,product-analytics,ProductManagement,ok,277068,hostile,rules,True,False,False,11.77,0.1,1.177,11,2026-08-09T23:34:15Z,measured,20260809T230716Z,0.0,1.0,1.177
Product Analytics,product-analytics,userexperience,ok,147503,hostile,shipped,False,False,False,0.4,0.07,0.028,36,2026-08-04T18:04:01Z,shipped,20260809T230716Z,0.1,0.5,0.014
Product Analytics,product-analytics,MarketingHelp,ok,42471,permissive,shipped,False,True,True,1.28,0.12,0.1536,47,2026-08-05T18:47:05Z,shipped,20260809T230716Z,0.02,0.5,0.0768
Product Analytics,product-analytics,eCommerceSEO,ok,14093,permissive,sidebar,True,False,False,0.06,0.22,0.0132,52,2026-08-09T23:48:53Z,measured,20260809T230716Z,0.03,0.5,0.0066
Product Analytics,product-analytics,ProductManagement_IN,ok,11024,permissive,rules,True,False,False,0.63,0.07,0.0441,29,2026-08-09T23:48:57Z,measured,20260809T230716Z,0.0,1.0,0.0441
Product Analytics,product-analytics,growth,ok,3711,hostile,shipped,False,False,False,0.01,0.13,0.0013,44,2026-08-05T18:46:57Z,shipped,20260809T230716Z,0.06,1.0,0.0013
Product Analytics,product-analytics,Snowball_Analytics,ok,2298,permissive,sidebar,True,False,False,0.06,0.09,0.0054,42,2026-08-09T23:49:01Z,measured,20260809T230716Z,0.0,0.0,0.0
Web Analytics,web-analytics,pcmasterrace,ok,16223685,permissive,rules,False,True,False,519.99,0.0,0.0,50,2026-08-05T20:43:35Z,measured,20260809T230716Z,0.0,0.0,0.0
Web Analytics,web-analytics,programming,ok,6908004,permissive,rules,False,True,True,14.8,0.0,0.0,27,2026-08-05T20:32:15Z,measured,20260809T230716Z,0.0,0.5,0.0
Web Analytics,web-analytics,Overwatch,ok,6171643,permissive,rules,False,True,False,298.19,0.03,8.9457,40,2026-08-09T23:49:12Z,measured,20260809T230716Z,0.0,0.0,0.0
Web Analytics,web-analytics,webdev,ok,3291935,hostile,shipped,False,False,False,28.14,0.01,0.2814,49,2026-08-04T18:04:28Z,shipped,20260809T230716Z,0.0,1.0,0.2814
Web Analytics,web-analytics,GlobalOffensive,ok,2904329,permissive,rules,True,False,False,94.17,0.0,0.0,26,2026-08-09T23:10:07Z,measured,20260809T230716Z,0.0,0.0,0.0
Web Analytics,web-analytics,startups,ok,2107067,capped,shipped,False,True,True,16.76,0.02,0.3352,31,2026-08-05T17:43:02Z,shipped,20260809T230716Z,0.0,0.5,0.1676
Web Analytics,web-analytics,deadbydaylight,ok,1597112,permissive,rules,False,True,False,281.21,0.01,2.8121,31,2026-08-09T23:49:16Z,measured,20260809T230716Z,0.0,0.0,0.0
Web Analytics,web-analytics,MechanicalKeyboards,ok,1382668,permissive,rules,False,True,False,25.43,0.0,0.0,31,2026-08-05T20:41:29Z,measured,20260809T230716Z,0.0,0.0,0.0
Web Analytics,web-analytics,SteamDeck,ok,1174837,hostile,rules,False,False,False,143.5,0.0,0.0,21,2026-08-09T23:49:20Z,measured,20260809T230716Z,0.0,0.0,0.0
Web Analytics,web-analytics,buildapcsales,ok,1012511,permissive,rules,False,True,False,36.17,0.01,0.3617,14,2026-08-09T23:49:24Z,measured,20260809T230716Z,0.0,0.0,0.0
Web Analytics,web-analytics,web_design,ok,974167,hostile,shipped,False,False,False,1.08,0.0,0.0,31,2026-08-04T18:04:19Z,shipped,20260809T230716Z,0.03,0.5,0.0
Web Analytics,web-analytics,selfhosted,ok,813099,hostile,shipped,False,False,False,66.7,0.03,2.001,33,2026-08-04T18:02:09Z,shipped,20260809T230716Z,0.01,0.5,1.0005
Web Analytics,web-analytics,SideProject,ok,799708,permissive,sidebar,False,True,True,53.63,0.0,0.0,41,2026-08-05T20:32:58Z,measured,20260809T230716Z,0.0,0.5,0.0
Web Analytics,web-analytics,forhire,ok,660133,permissive,shipped,False,True,False,33.95,0.0,0.0,56,2026-08-05T17:45:22Z,shipped,20260809T230716Z,0.0,0.0,0.0
Web Analytics,web-analytics,Jujutsufolk,ok,570669,hostile,rules,False,False,False,207.31,0.06,12.4386,37,2026-08-09T23:49:28Z,measured,20260809T230716Z,0.0,0.0,0.0
Web Analytics,web-analytics,degoogle,ok,521635,permissive,shipped,False,True,False,54.97,0.0,0.0,24,2026-08-05T18:47:27Z,shipped,20260809T230716Z,0.01,0.0,0.0
Web Analytics,web-analytics,SEO,ok,501629,hostile,shipped,False,False,False,29.66,0.0,0.0,32,2026-08-04T18:00:36Z,shipped,20260809T230716Z,0.0,0.5,0.0
Web Analytics,web-analytics,DigitalMarketing,ok,444371,hostile,shipped,False,False,False,23.37,0.01,0.2337,39,2026-08-04T17:59:42Z,shipped,20260809T230716Z,0.0,1.0,0.2337
Web Analytics,web-analytics,opensource,ok,374254,permissive,rules,False,True,False,7.7,0.01,0.077,64,2026-08-09T23:34:11Z,measured,20260809T230716Z,0.0,0.0,0.0
Web Analytics,web-analytics,OverwatchUniversity,ok,372760,permissive,rules,False,True,False,16.64,0.02,0.3328,26,2026-08-09T23:49:32Z,measured,20260809T230716Z,0.0,0.0,0.0
Web Analytics,web-analytics,Competitiveoverwatch,ok,364428,permissive,rules,False,True,False,55.45,0.01,0.5545,14,2026-08-09T23:49:36Z,measured,20260809T230716Z,0.0,0.0,0.0
Web Analytics,web-analytics,Frontend,ok,347264,permissive,shipped,False,True,True,0.99,0.0,0.0,22,2026-08-05T17:45:13Z,shipped,20260809T230716Z,0.09,0.5,0.0
Web Analytics,web-analytics,asmr,ok,331517,permissive,rules,False,True,False,2.16,0.01,0.0216,54,2026-08-09T23:49:41Z,measured,20260809T230716Z,0.0,0.0,0.0
Web Analytics,web-analytics,mechmarket,ok,304694,permissive,rules,False,True,False,19.76,0.01,0.1976,38,2026-08-09T23:10:43Z,measured,20260809T230716Z,0.0,0.0,0.0
Web Analytics,web-analytics,flashlight,ok,282318,permissive,rules,False,True,False,20.17,0.02,0.4034,39,2026-08-09T23:49:45Z,measured,20260809T230716Z,0.0,0.0,0.0
Web Analytics,web-analytics,Gameboy,ok,279698,permissive,rules,False,True,False,17.79,0.08,1.4232,32,2026-08-09T23:49:48Z,measured,20260809T230716Z,0.0,0.0,0.0
Web Analytics,web-analytics,analytics,ok,277313,permissive,shipped,False,True,True,12.76,0.0,0.0,17,2026-08-04T18:08:07Z,shipped,20260809T230716Z,0.06,1.0,0.0
Web Analytics,web-analytics,razer,ok,240635,permissive,rules,False,True,False,14.49,0.14,2.0286,23,2026-08-09T23:49:52Z,measured,20260809T230716Z,0.0,0.0,0.0
Web Analytics,web-analytics,keyboards,ok,144954,permissive,rules,False,True,False,14.94,0.0,0.0,37,2026-08-09T23:49:56Z,measured,20260809T230716Z,0.0,0.0,0.0
Web Analytics,web-analytics,fightsticks,ok,105936,permissive,rules,False,True,False,18.47,0.01,0.1847,29,2026-08-09T23:50:00Z,measured,20260809T230716Z,0.0,0.0,0.0
Web Analytics,web-analytics,battletech,ok,84507,hostile,rules,False,False,False,41.9,0.0,0.0,25,2026-08-09T23:50:04Z,measured,20260809T230716Z,0.0,0.0,0.0
Web Analytics,web-analytics,TheClickOwO,ok,70010,permissive,rules,False,True,False,1.4,0.0,0.0,24,2026-08-09T23:50:08Z,measured,20260809T230716Z,0.0,0.0,0.0
Web Analytics,web-analytics,TechSEO,ok,57557,permissive,rules,True,False,False,1.26,0.01,0.0126,25,2026-08-09T23:50:12Z,measured,20260809T230716Z,0.0,0.5,0.0063
Web Analytics,web-analytics,SteamDeckModded,ok,46202,hostile,rules,False,False,False,5.86,0.0,0.0,7,2026-08-09T23:50:16Z,measured,20260809T230716Z,0.0,0.0,0.0
Session Replay and Heatmaps,session-replay,dataisbeautiful,ok,21793645,permissive,rules,False,True,False,37.14,0.03,1.1142,21,2026-08-05T20:46:10Z,measured,20260809T230716Z,0.0,0.0,0.0
Session Replay and Heatmaps,session-replay,soccer,ok,8767181,permissive,rules,False,True,False,560.98,0.02,11.2196,32,2026-08-05T20:51:20Z,measured,20260809T230716Z,0.0,0.0,0.0
Session Replay and Heatmaps,session-replay,formula1,ok,6769521,hostile,rules,False,False,False,83.74,0.0,0.0,20,2026-08-05T20:51:24Z,measured,20260809T230716Z,0.0,0.0,0.0
Session Replay and Heatmaps,session-replay,apple,ok,6409592,permissive,rules,True,False,False,42.96,0.01,0.4296,31,2026-08-05T20:38:08Z,measured,20260809T230716Z,0.0,0.0,0.0
Session Replay and Heatmaps,session-replay,MapPorn,ok,6361251,hostile,rules,False,False,False,203.47,0.0,0.0,33,2026-08-09T23:50:30Z,measured,20260809T230716Z,0.0,0.0,0.0
Session Replay and Heatmaps,session-replay,ProgrammerHumor,ok,4744181,permissive,rules,False,True,False,77.21,0.0,0.0,20,2026-08-05T20:32:23Z,measured,20260809T230716Z,0.0,0.0,0.0
Session Replay and Heatmaps,session-replay,running,ok,4250580,hostile,rules,False,False,False,12.1,0.01,0.121,36,2026-08-09T23:50:34Z,measured,20260809T230716Z,0.0,0.0,0.0
Session Replay and Heatmaps,session-replay,StockMarket,ok,4101307,hostile,rules,False,False,False,59.31,0.0,0.0,5,2026-08-09T23:50:38Z,measured,20260809T230716Z,0.0,0.0,0.0
Session Replay and Heatmaps,session-replay,fantasyfootball,ok,3418715,permissive,rules,False,True,False,176.86,0.02,3.5372,29,2026-08-05T20:38:25Z,measured,20260809T230716Z,0.0,0.0,0.0
Session Replay and Heatmaps,session-replay,webdev,ok,3291935,hostile,shipped,False,False,False,28.14,0.01,0.2814,49,2026-08-04T18:04:28Z,shipped,20260809T230716Z,0.0,0.5,0.1407
Session Replay and Heatmaps,session-replay,DotA2,ok,1774163,permissive,rules,False,True,False,175.39,0.01,1.7539,42,2026-08-05T20:52:01Z,measured,20260809T230716Z,0.0,0.0,0.0
Session Replay and Heatmaps,session-replay,SquaredCircle,ok,1342243,permissive,rules,True,False,False,415.23,0.02,8.3046,24,2026-08-05T20:53:11Z,measured,20260809T230716Z,0.01,0.0,0.0
Session Replay and Heatmaps,session-replay,bicycling,ok,1212458,permissive,rules,False,True,False,28.08,0.0,0.0,30,2026-08-05T20:37:11Z,measured,20260809T230716Z,0.0,0.0,0.0
Session Replay and Heatmaps,session-replay,Superstonk,ok,1199123,capped,shipped,False,True,False,168.83,0.06,10.1298,19,2026-08-05T18:54:21Z,shipped,20260809T230716Z,0.02,0.0,0.0
Session Replay and Heatmaps,session-replay,TheSilphRoad,ok,1015685,permissive,rules,False,True,False,21.24,0.05,1.062,27,2026-08-09T23:47:49Z,measured,20260809T230716Z,0.0,0.0,0.0
Session Replay and Heatmaps,session-replay,ios,ok,990139,permissive,rules,False,True,False,26.39,0.08,2.1112,38,2026-08-05T20:38:50Z,measured,20260809T230716Z,0.0,0.0,0.0
Session Replay and Heatmaps,session-replay,selfhosted,ok,813099,hostile,shipped,False,False,False,66.7,0.05,3.335,33,2026-08-04T18:02:09Z,shipped,20260809T230716Z,0.01,0.5,1.6675
Session Replay and Heatmaps,session-replay,Gunners,ok,564971,permissive,rules,False,True,False,115.55,0.0,0.0,12,2026-08-09T23:50:42Z,measured,20260809T230716Z,0.0,0.0,0.0
Session Replay and Heatmaps,session-replay,MTB,ok,450172,permissive,rules,False,True,False,127.38,0.01,1.2738,13,2026-08-09T23:50:46Z,measured,20260809T230716Z,0.0,0.0,0.0
Session Replay and Heatmaps,session-replay,FreeGameFindings,ok,432245,permissive,rules,True,False,False,3.85,0.06,0.231,17,2026-08-09T23:50:50Z,measured,20260809T230716Z,0.0,0.0,0.0
Session Replay and Heatmaps,session-replay,rust,ok,416783,permissive,shipped,False,True,False,23.67,0.02,0.4734,24,2026-08-05T18:53:37Z,shipped,20260809T230716Z,0.0,0.0,0.0
Session Replay and Heatmaps,session-replay,PrepperIntel,ok,391012,permissive,rules,False,True,False,47.52,0.02,0.9504,9,2026-08-09T23:50:54Z,measured,20260809T230716Z,0.0,0.0,0.0
Session Replay and Heatmaps,session-replay,iOSBeta,ok,284957,permissive,rules,False,True,False,2.17,0.04,0.0868,47,2026-08-09T23:50:58Z,measured,20260809T230716Z,0.0,0.0,0.0
Session Replay and Heatmaps,session-replay,hotsauce,ok,260709,hostile,rules,False,False,False,16.14,0.02,0.3228,13,2026-08-09T23:51:02Z,measured,20260809T230716Z,0.0,0.0,0.0
Session Replay and Heatmaps,session-replay,iRacing,ok,242569,permissive,rules,False,True,False,50.52,0.02,1.0104,24,2026-08-09T23:51:06Z,measured,20260809T230716Z,0.0,0.0,0.0
Session Replay and Heatmaps,session-replay,Strava,ok,206245,permissive,rules,False,True,False,10.29,0.02,0.2058,19,2026-08-09T23:30:34Z,measured,20260809T230716Z,0.0,0.0,0.0
Session Replay and Heatmaps,session-replay,Anki,ok,202653,permissive,rules,False,True,False,7.04,0.04,0.2816,21,2026-08-09T23:51:09Z,measured,20260809T230716Z,0.0,0.0,0.0
Session Replay and Heatmaps,session-replay,AppalachianTrail,ok,187787,permissive,rules,False,True,False,1.97,0.03,0.0591,22,2026-08-09T23:51:13Z,measured,20260809T230716Z,0.0,0.0,0.0
Session Replay and Heatmaps,session-replay,reactnative,ok,187053,hostile,rules,False,False,False,1.95,0.03,0.0585,38,2026-08-09T23:43:07Z,measured,20260809T230716Z,0.0,0.5,0.02925
Session Replay and Heatmaps,session-replay,WorldofTanks,ok,184160,capped,rules,False,True,False,38.3,0.06,2.298,26,2026-08-09T23:51:17Z,measured,20260809T230716Z,0.0,0.0,0.0
Session Replay and Heatmaps,session-replay,Padres,ok,166542,permissive,rules,False,True,False,28.67,0.04,1.1468,16,2026-08-09T23:51:21Z,measured,20260809T230716Z,0.0,0.0,0.0
Session Replay and Heatmaps,session-replay,23andme,ok,165190,hostile,rules,False,False,False,32.27,0.04,1.2908,18,2026-08-09T23:51:25Z,measured,20260809T230716Z,0.0,0.0,0.0
Session Replay and Heatmaps,session-replay,bioinformatics,ok,163425,hostile,rules,False,False,False,2.41,0.01,0.0241,23,2026-08-09T23:24:22Z,measured,20260809T230716Z,0.01,0.0,0.0
Session Replay and Heatmaps,session-replay,learndota2,ok,142800,permissive,rules,False,True,False,8.47,0.01,0.0847,25,2026-08-09T23:51:29Z,measured,20260809T230716Z,0.0,0.0,0.0
Data Warehouses,data-warehouses,politics,ok,9230904,permissive,rules,False,True,False,1200.88,0.0,0.0,48,2026-08-05T20:32:07Z,measured,20260809T230716Z,0.0,0.0,0.0
Data Warehouses,data-warehouses,programming,ok,6908004,permissive,rules,False,True,False,14.8,0.0,0.0,27,2026-08-05T20:32:15Z,measured,20260809T230716Z,0.0,0.5,0.0
Data Warehouses,data-warehouses,CFB,ok,4493125,permissive,rules,False,True,False,239.58,0.0,0.0,25,2026-08-05T20:48:39Z,measured,20260809T230716Z,0.0,0.0,0.0
Data Warehouses,data-warehouses,datascience,ok,2761030,capped,shipped,False,True,False,1.93,0.0,0.0,23,2026-08-04T18:07:57Z,shipped,20260809T230716Z,0.01,0.5,0.0
Data Warehouses,data-warehouses,dataengineering,ok,470587,permissive,shipped,False,True,True,10.11,0.03,0.3033,20,2026-08-04T18:07:49Z,shipped,20260809T230716Z,0.0,1.0,0.3033
Data Warehouses,data-warehouses,aws,ok,390926,permissive,sidebar,False,True,True,5.7,0.05,0.285,15,2026-08-05T20:50:46Z,measured,20260809T230716Z,0.0,0.5,0.1425
Data Warehouses,data-warehouses,JordanPeterson,ok,302586,permissive,rules,False,True,False,7.97,0.0,0.0,15,2026-08-09T23:51:40Z,measured,20260809T230716Z,0.0,0.0,0.0
Data Warehouses,data-warehouses,SQL,ok,286778,permissive,shipped,False,True,True,1.86,0.01,0.0186,26,2026-08-04T18:08:33Z,shipped,20260809T230716Z,0.0,0.5,0.0093
Data Warehouses,data-warehouses,analytics,ok,277313,permissive,shipped,False,True,True,12.76,0.01,0.1276,17,2026-08-04T18:08:07Z,shipped,20260809T230716Z,0.06,0.5,0.0638
Data Warehouses,data-warehouses,bigbangtheory,ok,239305,permissive,rules,False,True,False,16.41,0.0,0.0,29,2026-08-09T23:51:43Z,measured,20260809T230716Z,0.0,0.0,0.0
Data Warehouses,data-warehouses,dataanalysis,ok,224773,permissive,shipped,False,True,False,1.84,0.01,0.0184,45,2026-08-04T18:08:42Z,shipped,20260809T230716Z,0.03,0.5,0.0092
Data Warehouses,data-warehouses,datasets,ok,221505,permissive,rules,False,True,False,0.71,0.0,0.0,48,2026-08-09T23:51:47Z,measured,20260809T230716Z,0.0,0.5,0.0
Data Warehouses,data-warehouses,AZURE,ok,212511,hostile,rules,True,False,False,2.0,0.0,0.0,29,2026-08-09T23:42:13Z,measured,20260809T230716Z,0.01,0.5,0.0
Data Warehouses,data-warehouses,PowerBI,ok,208597,permissive,shipped,True,False,False,5.34,0.02,0.1068,37,2026-08-04T18:08:16Z,shipped,20260809T230716Z,0.17,0.5,0.0534
Data Warehouses,data-warehouses,googlecloud,ok,96761,permissive,rules,False,True,True,1.09,0.05,0.0545,38,2026-08-09T23:44:56Z,measured,20260809T230716Z,0.0,0.5,0.02725
Data Warehouses,data-warehouses,tableau,ok,93897,permissive,shipped,True,False,False,0.59,0.0,0.0,16,2026-08-04T18:08:24Z,shipped,20260809T230716Z,0.31,0.5,0.0
Data Warehouses,data-warehouses,Database,ok,88293,permissive,rules,True,False,False,0.62,0.02,0.0124,17,2026-08-09T23:51:51Z,measured,20260809T230716Z,0.02,0.5,0.0062
Data Warehouses,data-warehouses,PostgreSQL,ok,86497,permissive,rules,True,False,False,1.2,0.01,0.012,17,2026-08-09T23:51:55Z,measured,20260809T230716Z,0.01,0.5,0.006
Data Warehouses,data-warehouses,bigdata,ok,75531,permissive,rules,False,True,False,0.02,0.01,0.0002,53,2026-08-09T23:52:01Z,measured,20260809T230716Z,0.0,0.5,0.0001
Data Warehouses,data-warehouses,learnSQL,ok,67064,unknown,none,True,False,False,1.55,0.03,0.0465,17,2026-08-09T23:52:05Z,measured,20260809T230716Z,0.03,0.5,0.02325
Data Warehouses,data-warehouses,SQLServer,ok,66254,permissive,rules,False,True,True,0.96,0.04,0.0384,18,2026-08-09T23:52:09Z,measured,20260809T230716Z,0.0,0.5,0.0192
Data Warehouses,data-warehouses,learndatascience,ok,55033,permissive,rules,False,True,False,0.61,0.0,0.0,32,2026-08-09T23:52:14Z,measured,20260809T230716Z,0.0,0.5,0.0
Data Warehouses,data-warehouses,GoogleAnalytics,ok,40033,permissive,shipped,False,True,True,1.76,0.08,0.1408,26,2026-08-05T18:52:12Z,shipped,20260809T230716Z,0.03,0.5,0.0704
Data Warehouses,data-warehouses,databricks,ok,32217,permissive,rules,True,False,False,1.44,0.0,0.0,45,2026-08-09T23:52:18Z,measured,20260809T230716Z,0.0,1.0,0.0
Data Warehouses,data-warehouses,Netsuite,ok,26759,permissive,shipped,True,False,False,2.12,0.01,0.0212,45,2026-08-04T17:58:17Z,shipped,20260809T230716Z,0.35,0.5,0.0106
Data Warehouses,data-warehouses,MicrosoftFabric,ok,26394,permissive,shipped,True,False,False,4.49,0.02,0.0898,43,2026-08-04T18:08:50Z,shipped,20260809T230716Z,0.06,1.0,0.0898
Data Warehouses,data-warehouses,snowflake,ok,25399,hostile,rules,True,False,False,0.9,0.06,0.054,27,2026-08-09T23:52:22Z,measured,20260809T230716Z,0.01,1.0,0.054
Data Warehouses,data-warehouses,bigquery,ok,20918,permissive,sidebar,True,False,False,0.09,0.33,0.0297,37,2026-08-09T23:52:25Z,measured,20260809T230716Z,0.24,1.0,0.0297
Data Warehouses,data-warehouses,datamining,ok,16714,permissive,rules,False,True,False,0.0,0.01,0.0,47,2026-08-09T23:52:29Z,measured,20260809T230716Z,0.0,0.5,0.0
Data Warehouses,data-warehouses,ETL,ok,12345,permissive,sidebar,False,True,True,0.34,0.11,0.0374,19,2026-08-09T23:52:33Z,measured,20260809T230716Z,0.11,1.0,0.0374
Data Warehouses,data-warehouses,DataScienceMemes,ok,6199,permissive,sidebar,False,True,False,0.0,0.0,0.0,80,2026-08-09T23:52:37Z,measured,20260809T230716Z,0.0,0.0,0.0
Data Warehouses,data-warehouses,AppEngine,ok,3347,permissive,sidebar,True,False,False,0.0,0.14,0.0,38,2026-08-09T23:52:41Z,measured,20260809T230716Z,0.01,0.0,0.0
ETL and Data Pipelines,etl,programming,ok,6908004,permissive,rules,False,True,False,14.8,0.0,0.0,27,2026-08-05T20:32:15Z,measured,20260809T230716Z,0.0,0.5,0.0
ETL and Data Pipelines,etl,MachineLearning,ok,3064209,hostile,rules,True,False,False,7.29,0.01,0.0729,21,2026-08-05T20:51:44Z,measured,20260809T230716Z,0.0,0.5,0.03645
ETL and Data Pipelines,etl,datascience,ok,2761030,capped,shipped,False,True,False,1.93,0.0,0.0,23,2026-08-04T18:07:57Z,shipped,20260809T230716Z,0.01,0.5,0.0
ETL and Data Pipelines,etl,cscareerquestions,ok,2374167,permissive,shipped,False,True,False,64.4,0.0,0.0,29,2026-08-04T18:09:56Z,shipped,20260809T230716Z,0.0,0.0,0.0
ETL and Data Pipelines,etl,Python,ok,1502437,permissive,rules,False,True,False,12.12,0.0,0.0,15,2026-08-05T20:45:02Z,measured,20260809T230716Z,0.0,0.5,0.0
ETL and Data Pipelines,etl,LocalLLaMA,ok,795419,permissive,rules,False,True,False,53.71,0.0,0.0,39,2026-08-09T23:17:34Z,measured,20260809T230716Z,0.01,0.0,0.0
ETL and Data Pipelines,etl,dataengineering,ok,470587,permissive,shipped,False,True,True,10.11,0.01,0.1011,20,2026-08-04T18:07:49Z,shipped,20260809T230716Z,0.0,1.0,0.1011
ETL and Data Pipelines,etl,aws,ok,390926,permissive,sidebar,False,True,True,5.7,0.06,0.342,15,2026-08-05T20:50:46Z,measured,20260809T230716Z,0.0,0.5,0.171
ETL and Data Pipelines,etl,golang,ok,372101,permissive,rules,False,True,True,15.38,0.01,0.1538,16,2026-08-05T20:50:50Z,measured,20260809T230716Z,0.0,0.5,0.0769
ETL and Data Pipelines,etl,SQL,ok,286778,permissive,shipped,False,True,True,1.86,0.01,0.0186,26,2026-08-04T18:08:33Z,shipped,20260809T230716Z,0.0,0.5,0.0093
ETL and Data Pipelines,etl,Target,ok,228811,permissive,rules,True,False,False,39.96,0.0,0.0,32,2026-08-09T23:52:55Z,measured,20260809T230716Z,0.0,0.0,0.0
ETL and Data Pipelines,etl,dataanalysis,ok,224773,permissive,shipped,False,True,True,1.84,0.01,0.0184,45,2026-08-04T18:08:42Z,shipped,20260809T230716Z,0.03,0.5,0.0092
ETL and Data Pipelines,etl,PowerBI,ok,208597,permissive,shipped,True,False,False,5.34,0.0,0.0,37,2026-08-04T18:08:16Z,shipped,20260809T230716Z,0.17,0.5,0.0
ETL and Data Pipelines,etl,bioinformatics,ok,163425,hostile,rules,False,False,False,2.41,0.01,0.0241,23,2026-08-09T23:24:22Z,measured,20260809T230716Z,0.01,0.5,0.01205
ETL and Data Pipelines,etl,Database,ok,88293,permissive,rules,True,False,False,0.62,0.0,0.0,17,2026-08-09T23:51:51Z,measured,20260809T230716Z,0.02,0.5,0.0
ETL and Data Pipelines,etl,Dramione,ok,77138,hostile,rules,False,False,False,14.34,0.0,0.0,51,2026-08-09T23:52:59Z,measured,20260809T230716Z,0.0,0.0,0.0
ETL and Data Pipelines,etl,bigdata,ok,75531,permissive,rules,False,True,False,0.02,0.01,0.0002,53,2026-08-09T23:52:01Z,measured,20260809T230716Z,0.0,0.5,0.0001
ETL and Data Pipelines,etl,lossprevention,ok,67264,permissive,rules,False,True,False,0.6,0.01,0.006,25,2026-08-09T23:53:03Z,measured,20260809T230716Z,0.0,0.0,0.0
ETL and Data Pipelines,etl,SQLServer,ok,66254,permissive,rules,False,True,False,0.96,0.0,0.0,18,2026-08-09T23:52:09Z,measured,20260809T230716Z,0.0,0.5,0.0
ETL and Data Pipelines,etl,Whiskyporn,ok,62577,permissive,sidebar,False,True,False,1.24,0.01,0.0124,22,2026-08-09T23:53:06Z,measured,20260809T230716Z,0.0,0.0,0.0
ETL and Data Pipelines,etl,databricks,ok,32217,permissive,rules,True,False,False,1.44,0.03,0.0432,45,2026-08-09T23:52:18Z,measured,20260809T230716Z,0.0,1.0,0.0432
ETL and Data Pipelines,etl,MicrosoftFabric,ok,26394,permissive,shipped,True,False,False,4.49,0.04,0.1796,43,2026-08-04T18:08:50Z,shipped,20260809T230716Z,0.06,1.0,0.1796
ETL and Data Pipelines,etl,snowflake,ok,25399,hostile,rules,True,False,False,0.9,0.04,0.036,27,2026-08-09T23:52:22Z,measured,20260809T230716Z,0.01,1.0,0.036
ETL and Data Pipelines,etl,dataengineersindia,ok,20939,permissive,rules,False,True,True,2.63,0.02,0.0526,43,2026-08-09T23:53:10Z,measured,20260809T230716Z,0.01,1.0,0.0526
ETL and Data Pipelines,etl,apachespark,ok,19137,unknown,none,False,True,True,0.16,0.03,0.0048,20,2026-08-09T23:53:14Z,measured,20260809T230716Z,0.01,1.0,0.0048
ETL and Data Pipelines,etl,ETL,ok,12345,permissive,sidebar,False,True,True,0.34,0.11,0.0374,19,2026-08-09T23:52:33Z,measured,20260809T230716Z,0.11,1.0,0.0374
ETL and Data Pipelines,etl,apache_airflow,ok,3054,permissive,sidebar,True,False,False,0.03,0.31,0.0093,26,2026-08-09T23:53:18Z,measured,20260809T230716Z,0.04,1.0,0.0093
ETL and Data Pipelines,etl,AISystemsEngineering,ok,2676,permissive,rules,False,True,False,0.21,0.01,0.0021,23,2026-08-09T23:53:22Z,measured,20260809T230716Z,0.0,0.5,0.00105
ETL and Data Pipelines,etl,DataBuildTool,ok,2544,permissive,sidebar,True,False,False,0.03,0.06,0.0018,26,2026-08-09T23:53:26Z,measured,20260809T230716Z,0.27,1.0,0.0018
Databases,databases,technology,ok,20452155,permissive,rules,False,True,True,810.1,0.47,380.747,23,2026-08-05T20:30:48Z,measured,20260809T230716Z,0.0,0.5,190.3735
Databases,databases,politics,ok,9230904,permissive,rules,False,True,False,1200.88,0.56,672.4928,48,2026-08-05T20:32:07Z,measured,20260809T230716Z,0.0,0.0,0.0
Databases,databases,programming,ok,6908004,permissive,rules,False,True,True,14.8,0.66,9.768,27,2026-08-05T20:32:15Z,measured,20260809T230716Z,0.0,0.5,4.884
Databases,databases,ProgrammerHumor,ok,4744181,permissive,rules,False,True,False,77.21,0.41,31.6561,20,2026-08-05T20:32:23Z,measured,20260809T230716Z,0.0,0.0,0.0
Databases,databases,learnprogramming,ok,4395765,permissive,rules,False,True,True,29.79,0.63,18.7677,30,2026-08-05T20:50:15Z,measured,20260809T230716Z,0.0,0.5,9.38385
Databases,databases,gameofthrones,ok,3907799,permissive,rules,False,True,False,85.83,0.42,36.0486,25,2026-08-05T20:33:25Z,measured,20260809T230716Z,0.02,0.0,0.0
Databases,databases,webdev,ok,3291935,hostile,shipped,False,False,False,28.14,0.71,19.9794,49,2026-08-04T18:04:28Z,shipped,20260809T230716Z,0.0,0.5,9.9897
Databases,databases,tipofmytongue,ok,2707948,hostile,rules,False,False,False,73.52,0.37,27.2024,31,2026-08-09T23:14:30Z,measured,20260809T230716Z,0.0,0.0,0.0
Databases,databases,conspiracy,ok,2408472,permissive,rules,False,True,False,442.86,0.58,256.8588,33,2026-08-05T20:36:19Z,measured,20260809T230716Z,0.0,0.0,0.0
Databases,databases,savedyouaclick,ok,1910282,permissive,rules,False,True,False,1.3,0.68,0.884,8,2026-08-05T20:32:47Z,measured,20260809T230716Z,0.0,0.0,0.0
Databases,databases,2007scape,ok,1382148,permissive,rules,False,True,False,417.23,0.46,191.9258,41,2026-08-05T20:32:50Z,measured,20260809T230716Z,0.0,0.0,0.0
Databases,databases,sysadmin,ok,1307123,permissive,shipped,False,True,True,111.96,0.59,66.0564,24,2026-08-04T18:02:01Z,shipped,20260809T230716Z,0.0,0.5,33.0282
Databases,databases,footballmanagergames,ok,537746,permissive,rules,False,True,False,37.05,0.51,18.8955,40,2026-08-09T23:53:38Z,measured,20260809T230716Z,0.0,0.0,0.0
Databases,databases,TheOwlHouse,ok,537394,permissive,rules,False,True,False,34.42,0.46,15.8332,23,2026-08-09T23:53:42Z,measured,20260809T230716Z,0.0,0.0,0.0
Databases,databases,degoogle,ok,521635,permissive,shipped,False,True,False,54.97,0.52,28.5844,24,2026-08-05T18:47:27Z,shipped,20260809T230716Z,0.01,0.0,0.0
Databases,databases,Denver,ok,516069,hostile,rules,False,False,False,126.77,0.52,65.9204,27,2026-08-09T23:29:51Z,measured,20260809T230716Z,0.0,0.0,0.0
Databases,databases,dataengineering,ok,470587,permissive,shipped,False,True,True,10.11,0.68,6.8748,20,2026-08-04T18:07:49Z,shipped,20260809T230716Z,0.0,1.0,6.8748
Databases,databases,Notion,ok,466690,hostile,shipped,True,False,False,8.19,0.64,5.2416,31,2026-08-04T17:57:10Z,shipped,20260809T230716Z,0.33,0.5,2.6208
Databases,databases,tipofmyjoystick,ok,457485,permissive,rules,False,True,False,24.23,0.48,11.6304,44,2026-08-09T23:39:10Z,measured,20260809T230716Z,0.0,0.0,0.0
Databases,databases,leetcode,ok,449063,permissive,rules,False,True,True,13.17,0.5,6.585,46,2026-08-09T23:48:50Z,measured,20260809T230716Z,0.0,0.5,3.2925
Databases,databases,rust,ok,416783,permissive,shipped,False,True,True,23.67,0.56,13.2552,24,2026-08-05T18:53:37Z,shipped,20260809T230716Z,0.0,0.5,6.6276
Databases,databases,TrumpCriticizesTrump,ok,414309,permissive,rules,False,True,False,0.09,0.77,0.0693,69,2026-08-09T23:53:46Z,measured,20260809T230716Z,0.0,0.0,0.0
Databases,databases,aws,ok,390926,permissive,sidebar,False,True,False,5.7,0.58,3.306,15,2026-08-05T20:50:46Z,measured,20260809T230716Z,0.0,0.5,1.653
Databases,databases,golang,ok,372101,permissive,rules,False,True,True,15.38,0.47,7.2286,16,2026-08-05T20:50:50Z,measured,20260809T230716Z,0.0,0.5,3.6143
Databases,databases,node,ok,347784,permissive,sidebar,False,True,False,0.83,0.52,0.4316,26,2026-08-05T20:50:54Z,measured,20260809T230716Z,0.0,0.5,0.2158
Databases,databases,SQL,ok,286778,permissive,shipped,False,True,False,1.86,0.77,1.4322,26,2026-08-04T18:08:33Z,shipped,20260809T230716Z,0.0,1.0,1.4322
Databases,databases,Hue,ok,278334,hostile,rules,False,False,False,2.73,0.49,1.3377,23,2026-08-09T23:53:50Z,measured,20260809T230716Z,0.0,0.0,0.0
Databases,databases,ironscape,ok,209118,hostile,rules,False,False,False,66.17,0.39,25.8063,38,2026-08-09T23:53:54Z,measured,20260809T230716Z,0.0,0.0,0.0
Databases,databases,diablo2,ok,180997,permissive,rules,False,True,False,40.49,0.46,18.6254,25,2026-08-09T23:53:58Z,measured,20260809T230716Z,0.0,0.0,0.0
Databases,databases,Scarymovies,ok,175580,permissive,rules,False,True,False,3.16,0.45,1.422,16,2026-08-09T23:54:01Z,measured,20260809T230716Z,0.0,0.0,0.0
Databases,databases,House,ok,171783,permissive,rules,False,True,False,4.47,0.33,1.4751,29,2026-08-09T23:54:05Z,measured,20260809T230716Z,0.0,0.0,0.0
Databases,databases,Mortgages,ok,167750,permissive,rules,False,True,False,34.81,0.59,20.5379,17,2026-08-09T23:54:09Z,measured,20260809T230716Z,0.0,0.0,0.0
Databases,databases,django,ok,164930,permissive,rules,False,True,False,1.79,0.59,1.0561,16,2026-08-09T23:23:05Z,measured,20260809T230716Z,0.0,0.5,0.52805
Databases,databases,VinylDeals,ok,163133,permissive,rules,False,True,False,2.28,0.32,0.7296,36,2026-08-09T23:54:13Z,measured,20260809T230716Z,0.0,0.0,0.0
API Tools,api-tools,aww,ok,37846716,permissive,rules,False,True,False,130.65,0.0,0.0,18,2026-08-05T20:34:41Z,measured,20260809T230716Z,0.0,0.0,0.0
API Tools,api-tools,Fitness,ok,12561298,permissive,rules,False,True,False,3.76,0.0,0.0,34,2026-08-09T23:54:26Z,measured,20260809T230716Z,0.03,0.0,0.0
API Tools,api-tools,cats,ok,9341127,hostile,rules,False,False,False,897.19,0.0,0.0,23,2026-08-05T20:46:22Z,measured,20260809T230716Z,0.0,0.0,0.0
API Tools,api-tools,soccer,ok,8767181,permissive,rules,False,True,False,560.98,0.0,0.0,32,2026-08-05T20:51:20Z,measured,20260809T230716Z,0.0,0.0,0.0
API Tools,api-tools,programming,ok,6908004,permissive,rules,False,True,True,14.8,0.0,0.0,27,2026-08-05T20:32:15Z,measured,20260809T230716Z,0.0,0.5,0.0
API Tools,api-tools,Hair,ok,4455711,permissive,rules,False,True,False,27.01,0.0,0.0,26,2026-08-09T23:54:29Z,measured,20260809T230716Z,0.12,0.0,0.0
API Tools,api-tools,webdev,ok,3291935,hostile,shipped,False,False,False,28.14,0.0,0.0,49,2026-08-04T18:04:28Z,shipped,20260809T230716Z,0.0,0.5,0.0
API Tools,api-tools,OpenAI,ok,2829361,permissive,rules,True,False,False,34.67,0.0,0.0,31,2026-08-05T20:51:53Z,measured,20260809T230716Z,0.0,1.0,0.0
API Tools,api-tools,france,ok,2589952,permissive,rules,False,True,False,111.69,0.0,0.0,37,2026-08-05T20:46:52Z,measured,20260809T230716Z,0.0,0.0,0.0
API Tools,api-tools,javascript,ok,2446781,permissive,rules,False,True,True,1.83,0.0,0.0,37,2026-08-05T20:41:01Z,measured,20260809T230716Z,0.01,0.5,0.0
API Tools,api-tools,StardustCrusaders,ok,1832535,permissive,rules,False,True,False,33.22,0.0,0.0,25,2026-08-09T23:47:37Z,measured,20260809T230716Z,0.0,0.0,0.0
API Tools,api-tools,curlyhair,ok,1413035,hostile,rules,False,False,False,27.17,0.0,0.0,29,2026-08-09T23:54:34Z,measured,20260809T230716Z,0.43,0.0,0.0
API Tools,api-tools,ShitPostCrusaders,ok,1225484,permissive,rules,False,True,False,27.27,0.0,0.0,11,2026-08-09T23:54:38Z,measured,20260809T230716Z,0.01,0.0,0.0
API Tools,api-tools,homegym,ok,1210675,permissive,rules,False,True,False,12.1,0.0,0.0,23,2026-08-09T23:54:42Z,measured,20260809T230716Z,0.01,0.0,0.0
API Tools,api-tools,futebol,ok,1073248,permissive,rules,False,True,False,251.16,0.0,0.0,19,2026-08-09T23:54:46Z,measured,20260809T230716Z,0.0,0.0,0.0
API Tools,api-tools,selfie,ok,990136,permissive,rules,False,True,False,169.17,0.0,0.0,31,2026-08-09T23:54:50Z,measured,20260809T230716Z,0.0,0.0,0.0
API Tools,api-tools,FantasyPL,ok,827100,permissive,rules,False,True,False,89.6,0.0,0.0,23,2026-08-09T23:54:53Z,measured,20260809T230716Z,0.05,0.0,0.0
API Tools,api-tools,SideProject,ok,799708,permissive,sidebar,False,True,True,53.63,0.0,0.0,41,2026-08-05T20:32:58Z,measured,20260809T230716Z,0.0,0.5,0.0
API Tools,api-tools,reddevils,ok,796361,permissive,rules,False,True,False,72.27,0.0,0.0,12,2026-08-09T23:54:57Z,measured,20260809T230716Z,0.0,0.0,0.0
API Tools,api-tools,LocalLLaMA,ok,795419,permissive,rules,False,True,True,53.71,0.0,0.0,39,2026-08-09T23:17:34Z,measured,20260809T230716Z,0.01,0.5,0.0
API Tools,api-tools,FancyFollicles,ok,660667,hostile,rules,False,False,False,4.51,0.0,0.0,25,2026-08-09T23:55:02Z,measured,20260809T230716Z,0.0,0.0,0.0
API Tools,api-tools,longhair,ok,607300,permissive,rules,False,True,False,12.92,0.0,0.0,27,2026-08-09T23:55:05Z,measured,20260809T230716Z,0.07,0.0,0.0
API Tools,api-tools,torontoraptors,ok,592393,permissive,rules,False,True,False,20.1,0.0,0.0,13,2026-08-09T23:55:09Z,measured,20260809T230716Z,0.0,0.0,0.0
API Tools,api-tools,femalehairadvice,ok,564335,hostile,rules,False,False,False,5.36,0.0,0.0,17,2026-08-09T23:55:13Z,measured,20260809T230716Z,0.04,0.0,0.0
API Tools,api-tools,Naturalhair,ok,429681,permissive,rules,False,True,False,19.97,0.0,0.0,28,2026-08-09T23:55:17Z,measured,20260809T230716Z,0.04,0.0,0.0
API Tools,api-tools,AI_Agents,ok,415520,permissive,rules,False,True,True,35.16,0.0,0.0,48,2026-08-05T20:37:31Z,measured,20260809T230716Z,0.0,1.0,0.0
API Tools,api-tools,golang,ok,372101,permissive,rules,False,True,True,15.38,0.0,0.0,16,2026-08-05T20:50:50Z,measured,20260809T230716Z,0.0,0.5,0.0
API Tools,api-tools,ManchesterUnited,ok,362471,permissive,rules,False,True,False,43.42,0.0,0.0,24,2026-08-09T23:55:21Z,measured,20260809T230716Z,0.03,0.0,0.0
API Tools,api-tools,curledfeetsies,ok,355523,permissive,rules,False,True,False,0.67,0.0,0.0,32,2026-08-09T23:55:24Z,measured,20260809T230716Z,0.31,0.0,0.0
API Tools,api-tools,DnDGreentext,ok,351040,permissive,rules,False,True,False,0.05,0.0,0.0,21,2026-08-09T23:55:28Z,measured,20260809T230716Z,0.0,0.0,0.0
API Tools,api-tools,linuxmasterrace,ok,350526,permissive,rules,False,True,False,12.38,0.0,0.0,2,2026-08-09T23:55:32Z,measured,20260809T230716Z,0.0,0.0,0.0
API Tools,api-tools,node,ok,347784,permissive,sidebar,False,True,True,0.83,0.0,0.0,26,2026-08-05T20:50:54Z,measured,20260809T230716Z,0.0,0.5,0.0
API Tools,api-tools,csharp,ok,326148,permissive,rules,False,True,True,5.24,0.0,0.0,16,2026-08-09T23:41:06Z,measured,20260809T230716Z,0.0,0.5,0.0
API Tools,api-tools,curlygirl,ok,274920,hostile,rules,False,False,False,5.12,0.0,0.0,21,2026-08-09T23:55:36Z,measured,20260809T230716Z,0.19,0.0,0.0
Authentication and Identity,identity,AskReddit,ok,59332757,hostile,rules,True,False,False,5616.43,0.22,1235.6146,57,2026-08-05T20:31:38Z,measured,20260809T230716Z,0.0,0.0,0.0
Authentication and Identity,identity,WritingPrompts,ok,18869574,permissive,rules,False,True,False,15.64,0.41,6.4124,49,2026-08-05T20:31:53Z,measured,20260809T230716Z,0.0,0.0,0.0
Authentication and Identity,identity,politics,ok,9230904,permissive,rules,False,True,False,1200.88,0.17,204.1496,48,2026-08-05T20:32:07Z,measured,20260809T230716Z,0.0,0.0,0.0
Authentication and Identity,identity,programming,ok,6908004,permissive,rules,False,True,True,14.8,0.27,3.996,27,2026-08-05T20:32:15Z,measured,20260809T230716Z,0.0,0.5,1.998
Authentication and Identity,identity,webdev,ok,3291935,hostile,shipped,False,False,False,28.14,0.2,5.628,49,2026-08-04T18:04:28Z,shipped,20260809T230716Z,0.0,0.5,2.814
Authentication and Identity,identity,javascript,ok,2446781,permissive,rules,False,True,False,1.83,0.33,0.6039,37,2026-08-05T20:41:01Z,measured,20260809T230716Z,0.01,0.5,0.30195
Authentication and Identity,identity,korea,ok,1415959,hostile,rules,False,False,False,22.67,0.31,7.0277,19,2026-08-09T23:55:49Z,measured,20260809T230716Z,0.0,0.0,0.0
Authentication and Identity,identity,sysadmin,ok,1307123,permissive,shipped,False,True,True,111.96,0.24,26.8704,24,2026-08-04T18:02:01Z,shipped,20260809T230716Z,0.0,1.0,26.8704
Authentication and Identity,identity,lgbt,ok,1288041,hostile,rules,False,False,False,50.52,0.28,14.1456,31,2026-08-09T23:55:54Z,measured,20260809T230716Z,0.0,0.0,0.0
Authentication and Identity,identity,homelab,ok,1064059,capped,shipped,False,True,True,59.72,0.18,10.7496,26,2026-08-04T18:10:45Z,shipped,20260809T230716Z,0.0,0.5,5.3748
Authentication and Identity,identity,Louisvuitton,ok,834204,hostile,rules,False,False,False,34.26,0.12,4.1112,30,2026-08-09T23:55:58Z,measured,20260809T230716Z,0.0,0.0,0.0
Authentication and Identity,identity,selfhosted,ok,813099,hostile,shipped,False,False,False,66.7,0.23,15.341,33,2026-08-04T18:02:09Z,shipped,20260809T230716Z,0.01,0.5,7.6705
Authentication and Identity,identity,netsec,ok,568429,permissive,shipped,False,True,False,0.65,0.27,0.1755,29,2026-08-04T18:01:51Z,shipped,20260809T230716Z,0.0,0.5,0.08775
Authentication and Identity,identity,reactjs,ok,510388,permissive,shipped,False,True,True,3.01,0.24,0.7224,22,2026-08-04T18:10:39Z,shipped,20260809T230716Z,0.0,0.5,0.3612
Authentication and Identity,identity,networking,ok,447394,hostile,rules,False,False,False,12.18,0.22,2.6796,20,2026-08-09T23:27:48Z,measured,20260809T230716Z,0.0,0.5,1.3398
Authentication and Identity,identity,asktransgender,ok,421874,permissive,rules,False,True,False,79.87,0.42,33.5454,32,2026-08-09T23:56:02Z,measured,20260809T230716Z,0.0,0.0,0.0
Authentication and Identity,identity,MtF,ok,404924,permissive,rules,False,True,False,77.97,0.32,24.9504,42,2026-08-09T23:56:06Z,measured,20260809T230716Z,0.0,0.0,0.0
Authentication and Identity,identity,aws,ok,390926,permissive,sidebar,False,True,True,5.7,0.36,2.052,15,2026-08-05T20:50:46Z,measured,20260809T230716Z,0.0,1.0,2.052
Authentication and Identity,identity,golang,ok,372101,permissive,rules,False,True,True,15.38,0.28,4.3064,16,2026-08-05T20:50:50Z,measured,20260809T230716Z,0.0,0.5,2.1532
Authentication and Identity,identity,node,ok,347784,permissive,sidebar,False,True,False,0.83,0.24,0.1992,26,2026-08-05T20:50:54Z,measured,20260809T230716Z,0.0,0.5,0.0996
Authentication and Identity,identity,csharp,ok,326148,permissive,rules,False,True,True,5.24,0.31,1.6244,16,2026-08-09T23:41:06Z,measured,20260809T230716Z,0.0,0.5,0.8122
Authentication and Identity,identity,NonBinary,ok,307035,hostile,rules,False,False,False,19.79,0.21,4.1559,31,2026-08-09T23:22:12Z,measured,20260809T230716Z,0.0,0.0,0.0
Authentication and Identity,identity,dotnet,ok,242181,permissive,rules,False,True,True,8.05,0.3,2.415,20,2026-08-09T23:42:09Z,measured,20260809T230716Z,0.05,0.5,1.2075
Authentication and Identity,identity,AsianMasculinity,ok,210902,permissive,rules,False,True,False,3.86,0.45,1.737,15,2026-08-09T23:56:10Z,measured,20260809T230716Z,0.0,0.0,0.0
Authentication and Identity,identity,LawPH,ok,178196,permissive,rules,False,True,False,1.65,0.45,0.7425,29,2026-08-09T23:56:14Z,measured,20260809T230716Z,0.0,0.0,0.0
Authentication and Identity,identity,nextjs,ok,172408,permissive,shipped,False,True,False,2.19,0.31,0.6789,29,2026-08-04T18:10:30Z,shipped,20260809T230716Z,0.02,0.5,0.33945
Authentication and Identity,identity,Androgynoushotties,ok,171923,permissive,rules,False,True,False,1.65,0.25,0.4125,26,2026-08-09T23:56:17Z,measured,20260809T230716Z,0.0,0.0,0.0
Authentication and Identity,identity,django,ok,164930,permissive,rules,False,True,False,1.79,0.29,0.5191,16,2026-08-09T23:23:05Z,measured,20260809T230716Z,0.0,0.5,0.25955
Authentication and Identity,identity,limbuscompany,ok,164473,permissive,rules,False,True,False,51.36,0.19,9.7584,43,2026-08-09T23:56:22Z,measured,20260809T230716Z,0.0,0.0,0.0
Authentication and Identity,identity,miraculousladybug,ok,154847,hostile,rules,False,False,False,60.06,0.38,22.8228,48,2026-08-09T23:56:26Z,measured,20260809T230716Z,0.0,0.0,0.0
Authentication and Identity,identity,vuejs,ok,134375,permissive,rules,False,True,False,1.13,0.25,0.2825,19,2026-08-09T23:56:29Z,measured,20260809T230716Z,0.0,0.5,0.14125
Authentication and Identity,identity,unRAID,ok,118916,permissive,shipped,True,False,False,27.03,0.22,5.9466,14,2026-08-05T18:55:11Z,shipped,20260809T230716Z,0.01,0.0,0.0
Authentication and Identity,identity,laravel,ok,110082,permissive,rules,False,True,False,0.96,0.36,0.3456,16,2026-08-09T23:56:33Z,measured,20260809T230716Z,0.0,0.5,0.1728
Authentication and Identity,identity,stupidpol,ok,109202,hostile,rules,False,False,False,34.03,0.36,12.2508,19,2026-08-09T23:56:37Z,measured,20260809T230716Z,0.0,0.0,0.0
Device Management,mdm,news,ok,31498350,permissive,rules,False,True,False,365.16,0.0,0.0,14,2026-08-09T23:56:49Z,measured,20260809T230716Z,0.0,0.0,0.0
Device Management,mdm,technology,ok,20452155,permissive,rules,False,True,True,810.1,0.0,0.0,23,2026-08-05T20:30:48Z,measured,20260809T230716Z,0.0,0.5,0.0
Device Management,mdm,programming,ok,6908004,permissive,rules,False,True,True,14.8,0.0,0.0,27,2026-08-05T20:32:15Z,measured,20260809T230716Z,0.0,0.5,0.0
Device Management,mdm,apple,ok,6409592,permissive,rules,True,False,False,42.96,0.0,0.0,31,2026-08-05T20:38:08Z,measured,20260809T230716Z,0.0,0.0,0.0
Device Management,mdm,WeAreTheMusicMakers,ok,3837231,hostile,rules,False,False,False,4.9,0.0,0.0,18,2026-08-09T23:56:53Z,measured,20260809T230716Z,0.0,0.0,0.0
Device Management,mdm,techsupport,ok,3409767,hostile,shipped,False,False,False,62.83,0.01,0.6283,38,2026-08-05T17:44:18Z,shipped,20260809T230716Z,0.0,0.5,0.31415
Device Management,mdm,Android,ok,3179436,hostile,rules,True,False,False,50.4,0.0,0.0,21,2026-08-05T20:38:29Z,measured,20260809T230716Z,0.0,0.0,0.0
Device Management,mdm,law,ok,2220582,permissive,rules,False,True,False,82.92,0.01,0.8292,15,2026-08-09T23:56:57Z,measured,20260809T230716Z,0.0,0.0,0.0
Device Management,mdm,Warhammer40k,ok,1573436,permissive,rules,False,True,False,90.78,0.0,0.0,36,2026-08-09T23:21:44Z,measured,20260809T230716Z,0.01,0.0,0.0
Device Management,mdm,Python,ok,1502437,permissive,rules,False,True,True,12.12,0.0,0.0,15,2026-08-05T20:45:02Z,measured,20260809T230716Z,0.0,0.5,0.0
Device Management,mdm,sysadmin,ok,1307123,permissive,shipped,False,True,True,111.96,0.02,2.2392,24,2026-08-04T18:02:01Z,shipped,20260809T230716Z,0.0,1.0,2.2392
Device Management,mdm,homelab,ok,1064059,capped,shipped,False,True,True,59.72,0.02,1.1944,26,2026-08-04T18:10:45Z,shipped,20260809T230716Z,0.0,0.5,0.5972
Device Management,mdm,selfhosted,ok,813099,hostile,shipped,False,False,False,66.7,0.0,0.0,33,2026-08-04T18:02:09Z,shipped,20260809T230716Z,0.01,0.5,0.0
Device Management,mdm,jailbreak,ok,772640,permissive,rules,False,True,False,15.06,0.0,0.0,39,2026-08-05T20:38:58Z,measured,20260809T230716Z,0.0,0.0,0.0
Device Management,mdm,Stellaris,ok,520550,permissive,rules,False,True,False,31.32,0.0,0.0,34,2026-08-09T23:16:15Z,measured,20260809T230716Z,0.01,0.0,0.0
Device Management,mdm,ableton,ok,498912,capped,rules,False,True,False,12.12,0.0,0.0,28,2026-08-09T23:57:01Z,measured,20260809T230716Z,0.0,0.0,0.0
Device Management,mdm,networking,ok,447394,hostile,rules,False,False,False,12.18,0.0,0.0,20,2026-08-09T23:27:48Z,measured,20260809T230716Z,0.0,0.5,0.0
Device Management,mdm,EliteDangerous,ok,386526,permissive,rules,False,True,False,40.26,0.0,0.0,32,2026-08-09T23:57:06Z,measured,20260809T230716Z,0.0,0.0,0.0
Device Management,mdm,WarshipPorn,ok,266881,permissive,rules,False,True,False,10.08,0.0,0.0,22,2026-08-09T23:57:10Z,measured,20260809T230716Z,0.08,0.0,0.0
Device Management,mdm,msp,ok,245261,capped,shipped,False,True,True,5.27,0.0,0.0,25,2026-08-04T18:06:20Z,shipped,20260809T230716Z,0.0,0.5,0.0
Device Management,mdm,mariokart,ok,240218,permissive,rules,False,True,False,6.51,0.0,0.0,25,2026-08-09T23:57:14Z,measured,20260809T230716Z,0.0,0.0,0.0
Device Management,mdm,Eve,ok,221098,hostile,rules,False,False,False,88.54,0.01,0.8854,27,2026-08-09T23:57:18Z,measured,20260809T230716Z,0.02,0.0,0.0
Device Management,mdm,SWGalaxyOfHeroes,ok,164078,permissive,rules,False,True,False,32.31,0.0,0.0,24,2026-08-09T23:57:22Z,measured,20260809T230716Z,0.01,0.0,0.0
Device Management,mdm,Logic_Studio,ok,126911,permissive,rules,True,False,False,1.99,0.0,0.0,30,2026-08-09T23:57:26Z,measured,20260809T230716Z,0.0,0.0,0.0
Device Management,mdm,Tyranids,ok,125805,permissive,rules,False,True,False,23.31,0.0,0.0,34,2026-08-09T23:57:30Z,measured,20260809T230716Z,0.01,0.0,0.0
Device Management,mdm,holofractal,ok,119530,permissive,rules,False,True,False,0.79,0.0,0.0,16,2026-08-09T23:24:39Z,measured,20260809T230716Z,0.0,0.0,0.0
Device Management,mdm,gatewaytapes,ok,106216,permissive,rules,False,True,False,6.35,0.0,0.0,13,2026-08-09T23:57:33Z,measured,20260809T230716Z,0.0,0.0,0.0
Device Management,mdm,Leatherman,ok,90430,hostile,rules,False,False,False,14.45,0.0,0.0,26,2026-08-09T23:57:37Z,measured,20260809T230716Z,0.0,0.0,0.0
Device Management,mdm,Intune,ok,83549,permissive,rules,True,False,False,10.02,0.17,1.7034,20,2026-08-09T23:09:33Z,measured,20260809T230716Z,0.0,1.0,1.7034
Device Management,mdm,starsector,ok,80895,permissive,rules,False,True,False,6.26,0.0,0.0,24,2026-08-09T23:57:41Z,measured,20260809T230716Z,0.1,0.0,0.0
Device Management,mdm,SCCM,ok,80468,permissive,sidebar,False,True,True,1.95,0.06,0.117,13,2026-08-09T23:09:36Z,measured,20260809T230716Z,0.0,1.0,0.117
Device Management,mdm,LogicPro,ok,77975,permissive,rules,True,False,False,1.26,0.0,0.0,31,2026-08-09T23:57:45Z,measured,20260809T230716Z,0.0,0.0,0.0
Device Management,mdm,sto,ok,67927,permissive,rules,False,True,False,13.99,0.0,0.0,24,2026-08-09T23:57:49Z,measured,20260809T230716Z,0.02,0.0,0.0
Device Management,mdm,hookah,ok,61008,permissive,rules,False,True,False,3.83,0.0,0.0,19,2026-08-09T23:57:53Z,measured,20260809T230716Z,0.0,0.0,0.0
Remote Desktop and Access,remote-desktop,AskReddit,ok,59332757,hostile,rules,True,False,False,5616.43,0.0,0.0,57,2026-08-05T20:31:38Z,measured,20260809T230716Z,0.0,0.0,0.0
Remote Desktop and Access,remote-desktop,worldnews,ok,47508421,permissive,rules,False,True,False,735.82,0.01,7.3582,23,2026-08-05T20:37:49Z,measured,20260809T230716Z,0.0,0.0,0.0
Remote Desktop and Access,remote-desktop,Showerthoughts,ok,34176852,permissive,rules,False,True,False,26.77,0.01,0.2677,35,2026-08-05T20:31:45Z,measured,20260809T230716Z,0.0,0.0,0.0
Remote Desktop and Access,remote-desktop,technology,ok,20452155,permissive,rules,False,True,True,810.1,0.0,0.0,23,2026-08-05T20:30:48Z,measured,20260809T230716Z,0.0,0.5,0.0
Remote Desktop and Access,remote-desktop,television,ok,18095765,permissive,rules,False,True,False,142.99,0.08,11.4392,20,2026-08-05T20:42:11Z,measured,20260809T230716Z,0.0,0.0,0.0
Remote Desktop and Access,remote-desktop,pcmasterrace,ok,16223685,permissive,rules,False,True,True,519.99,0.01,5.1999,50,2026-08-05T20:43:35Z,measured,20260809T230716Z,0.0,0.5,2.59995
Remote Desktop and Access,remote-desktop,nfl,ok,12793602,permissive,rules,False,True,False,411.42,0.0,0.0,33,2026-08-05T20:38:03Z,measured,20260809T230716Z,0.0,0.0,0.0
Remote Desktop and Access,remote-desktop,politics,ok,9230904,permissive,rules,False,True,False,1200.88,0.0,0.0,48,2026-08-05T20:32:07Z,measured,20260809T230716Z,0.0,0.0,0.0
Remote Desktop and Access,remote-desktop,woodworking,ok,6176682,hostile,rules,False,False,False,46.19,0.0,0.0,30,2026-08-05T20:48:31Z,measured,20260809T230716Z,0.0,0.0,0.0
Remote Desktop and Access,remote-desktop,battlestations,ok,5245887,permissive,shipped,False,True,False,21.01,0.03,0.6303,18,2026-08-05T18:54:37Z,shipped,20260809T230716Z,0.01,0.0,0.0
Remote Desktop and Access,remote-desktop,pcgaming,ok,3997822,hostile,rules,False,False,False,34.4,0.0,0.0,32,2026-08-09T23:15:35Z,measured,20260809T230716Z,0.0,0.5,0.0
Remote Desktop and Access,remote-desktop,Games,ok,3563588,permissive,rules,False,True,False,72.2,0.0,0.0,28,2026-08-09T23:15:39Z,measured,20260809T230716Z,0.01,0.0,0.0
Remote Desktop and Access,remote-desktop,techsupport,ok,3409767,hostile,shipped,False,False,False,62.83,0.0,0.0,38,2026-08-05T17:44:18Z,shipped,20260809T230716Z,0.0,0.5,0.0
Remote Desktop and Access,remote-desktop,whatisthisthing,ok,3147428,permissive,rules,False,True,False,12.43,0.0,0.0,44,2026-08-05T20:48:55Z,measured,20260809T230716Z,0.0,0.0,0.0
Remote Desktop and Access,remote-desktop,malelivingspace,ok,2988393,hostile,rules,False,False,False,128.67,0.03,3.8601,26,2026-08-09T23:58:07Z,measured,20260809T230716Z,0.0,0.0,0.0
Remote Desktop and Access,remote-desktop,Twitch,ok,2884454,permissive,rules,True,False,False,9.83,0.03,0.2949,35,2026-08-05T20:51:49Z,measured,20260809T230716Z,0.07,0.5,0.14745
Remote Desktop and Access,remote-desktop,conspiracy,ok,2408472,permissive,rules,False,True,False,442.86,0.01,4.4286,33,2026-08-05T20:36:19Z,measured,20260809T230716Z,0.0,0.0,0.0
Remote Desktop and Access,remote-desktop,virtualreality,ok,2096582,permissive,rules,False,True,True,30.96,0.0,0.0,23,2026-08-09T23:24:03Z,measured,20260809T230716Z,0.0,0.5,0.0
Remote Desktop and Access,remote-desktop,linux,ok,1899530,permissive,rules,False,True,True,73.77,0.0,0.0,15,2026-08-05T20:38:46Z,measured,20260809T230716Z,0.0,0.5,0.0
Remote Desktop and Access,remote-desktop,chess,ok,1834798,permissive,rules,False,True,False,93.8,0.0,0.0,14,2026-08-09T23:58:11Z,measured,20260809T230716Z,0.0,0.0,0.0
Remote Desktop and Access,remote-desktop,headphones,ok,1543151,permissive,rules,False,True,False,28.99,0.02,0.5798,31,2026-08-05T20:44:02Z,measured,20260809T230716Z,0.0,0.0,0.0
Remote Desktop and Access,remote-desktop,SquaredCircle,ok,1342243,permissive,rules,True,False,False,415.23,0.03,12.4569,24,2026-08-05T20:53:11Z,measured,20260809T230716Z,0.01,0.0,0.0
Remote Desktop and Access,remote-desktop,sysadmin,ok,1307123,permissive,shipped,False,True,True,111.96,0.0,0.0,24,2026-08-04T18:02:01Z,shipped,20260809T230716Z,0.0,1.0,0.0
Remote Desktop and Access,remote-desktop,homelab,ok,1064059,capped,shipped,False,True,True,59.72,0.02,1.1944,26,2026-08-04T18:10:45Z,shipped,20260809T230716Z,0.0,1.0,1.1944
Remote Desktop and Access,remote-desktop,TalesFromTheFrontDesk,ok,1047799,permissive,rules,True,False,False,18.89,0.0,0.0,13,2026-08-05T20:44:14Z,measured,20260809T230716Z,0.0,0.0,0.0
Remote Desktop and Access,remote-desktop,guns,ok,937646,hostile,rules,False,False,False,59.59,0.01,0.5959,24,2026-08-09T23:29:11Z,measured,20260809T230716Z,0.0,0.0,0.0
Remote Desktop and Access,remote-desktop,selfhosted,ok,813099,hostile,shipped,False,False,False,66.7,0.03,2.001,33,2026-08-04T18:02:09Z,shipped,20260809T230716Z,0.01,1.0,2.001
Remote Desktop and Access,remote-desktop,OculusQuest,ok,669928,permissive,rules,False,True,False,84.93,0.0,0.0,15,2026-08-09T23:46:36Z,measured,20260809T230716Z,0.0,0.5,0.0
Remote Desktop and Access,remote-desktop,audioengineering,ok,648917,hostile,rules,False,False,False,24.38,0.03,0.7314,16,2026-08-09T23:58:15Z,measured,20260809T230716Z,0.0,0.0,0.0
Remote Desktop and Access,remote-desktop,ipad,ok,634133,permissive,rules,False,True,True,11.4,0.02,0.228,42,2026-08-09T23:36:07Z,measured,20260809T230716Z,0.0,0.5,0.114
Remote Desktop and Access,remote-desktop,chromeos,ok,581234,permissive,rules,False,True,False,15.17,0.0,0.0,10,2026-08-05T20:52:49Z,measured,20260809T230716Z,0.0,0.5,0.0
Remote Desktop and Access,remote-desktop,ITCareerQuestions,ok,565561,permissive,rules,False,True,False,20.31,0.0,0.0,18,2026-08-09T23:24:14Z,measured,20260809T230716Z,0.0,0.5,0.0
Remote Desktop and Access,remote-desktop,Windows10,ok,499856,permissive,rules,False,True,True,0.69,0.01,0.0069,19,2026-08-09T23:09:04Z,measured,20260809T230716Z,0.0,0.5,0.00345
Remote Desktop and Access,remote-desktop,Smite,ok,477917,permissive,rules,False,True,False,31.36,0.0,0.0,27,2026-08-09T23:58:19Z,measured,20260809T230716Z,0.0,0.0,0.0
RMM and MSP Tools,rmm,PS4,ok,5531080,permissive,rules,False,True,False,4.07,0.0,0.0,25,2026-08-09T23:58:33Z,measured,20260809T230716Z,0.0,0.0,0.0
RMM and MSP Tools,rmm,BikiniBottomTwitter,ok,4771414,permissive,rules,False,True,False,9.99,0.0,0.0,20,2026-08-09T23:58:37Z,measured,20260809T230716Z,0.0,0.0,0.0
RMM and MSP Tools,rmm,Watches,ok,3457054,permissive,rules,False,True,False,107.14,0.0,0.0,35,2026-08-05T20:46:42Z,measured,20260809T230716Z,0.0,0.0,0.0
RMM and MSP Tools,rmm,ChildrenFallingOver,ok,2900342,permissive,rules,False,True,False,0.17,0.0,0.0,19,2026-08-09T23:58:40Z,measured,20260809T230716Z,0.0,0.0,0.0
RMM and MSP Tools,rmm,DotA2,ok,1774163,permissive,rules,False,True,False,175.39,0.0,0.0,42,2026-08-05T20:52:01Z,measured,20260809T230716Z,0.0,0.0,0.0
RMM and MSP Tools,rmm,sysadmin,ok,1307123,permissive,shipped,False,True,True,111.96,0.05,5.598,24,2026-08-04T18:02:01Z,shipped,20260809T230716Z,0.0,1.0,5.598
RMM and MSP Tools,rmm,EconomicHistory,ok,1031628,permissive,rules,False,True,False,0.58,0.0,0.0,16,2026-08-09T23:58:44Z,measured,20260809T230716Z,0.0,0.0,0.0
RMM and MSP Tools,rmm,selfhosted,ok,813099,hostile,shipped,False,False,False,66.7,0.01,0.667,33,2026-08-04T18:02:09Z,shipped,20260809T230716Z,0.01,0.5,0.3335
RMM and MSP Tools,rmm,Watchexchange,ok,548887,permissive,rules,False,True,False,306.54,0.0,0.0,44,2026-08-09T23:36:16Z,measured,20260809T230716Z,0.25,0.0,0.0
RMM and MSP Tools,rmm,Instantregret,ok,527878,permissive,sidebar,False,True,False,0.06,0.0,0.0,55,2026-08-09T23:58:48Z,measured,20260809T230716Z,0.0,0.0,0.0
RMM and MSP Tools,rmm,F1Technical,ok,422387,permissive,rules,False,True,False,0.3,0.0,0.0,29,2026-08-09T23:58:52Z,measured,20260809T230716Z,0.0,0.0,0.0
RMM and MSP Tools,rmm,acturnips,ok,362512,permissive,rules,False,True,False,0.26,0.0,0.0,34,2026-08-09T23:58:56Z,measured,20260809T230716Z,0.0,0.0,0.0
RMM and MSP Tools,rmm,MalayalamMovies,ok,350773,hostile,rules,False,False,False,9.65,0.0,0.0,23,2026-08-09T23:59:00Z,measured,20260809T230716Z,0.0,0.0,0.0
RMM and MSP Tools,rmm,finedining,ok,339080,hostile,rules,False,False,False,16.95,0.0,0.0,20,2026-08-09T23:59:04Z,measured,20260809T230716Z,0.0,0.0,0.0
RMM and MSP Tools,rmm,PowerShell,ok,306897,hostile,rules,True,False,False,1.87,0.01,0.0187,13,2026-08-09T23:42:01Z,measured,20260809T230716Z,0.08,0.5,0.00935
RMM and MSP Tools,rmm,FoodNYC,ok,306444,permissive,rules,False,True,False,18.77,0.0,0.0,30,2026-08-09T23:59:08Z,measured,20260809T230716Z,0.0,0.0,0.0
RMM and MSP Tools,rmm,superman,ok,293652,permissive,rules,False,True,False,45.94,0.0,0.0,14,2026-08-09T23:59:12Z,measured,20260809T230716Z,0.0,0.0,0.0
RMM and MSP Tools,rmm,longboarding,ok,273345,permissive,rules,False,True,False,2.84,0.0,0.0,22,2026-08-09T23:18:06Z,measured,20260809T230716Z,0.03,0.0,0.0
RMM and MSP Tools,rmm,ACTrade,ok,272758,permissive,rules,False,True,False,0.13,0.0,0.0,75,2026-08-09T23:59:16Z,measured,20260809T230716Z,0.0,0.0,0.0
RMM and MSP Tools,rmm,msp,ok,245261,capped,shipped,False,True,True,5.27,0.04,0.2108,25,2026-08-04T18:06:20Z,shipped,20260809T230716Z,0.0,1.0,0.2108
RMM and MSP Tools,rmm,coys,ok,235805,permissive,rules,False,True,False,66.83,0.0,0.0,18,2026-08-09T23:59:20Z,measured,20260809T230716Z,0.0,0.0,0.0
RMM and MSP Tools,rmm,ActionFigures,ok,221270,permissive,rules,True,False,False,49.03,0.0,0.0,41,2026-08-09T23:59:24Z,measured,20260809T230716Z,0.0,0.0,0.0
RMM and MSP Tools,rmm,KotakuInAction,ok,166183,permissive,rules,True,False,False,20.64,0.0,0.0,22,2026-08-09T23:12:17Z,measured,20260809T230716Z,0.0,0.0,0.0
RMM and MSP Tools,rmm,nextlevel,ok,162153,hostile,rules,False,False,False,17.49,0.0,0.0,19,2026-08-09T23:59:28Z,measured,20260809T230716Z,0.0,0.0,0.0
RMM and MSP Tools,rmm,dauntless,ok,119536,permissive,rules,False,True,False,0.01,0.0,0.0,29,2026-08-09T23:59:32Z,measured,20260809T230716Z,0.0,0.0,0.0
RMM and MSP Tools,rmm,GrandSeikos,ok,111894,permissive,rules,False,True,False,11.73,0.0,0.0,20,2026-08-09T23:59:36Z,measured,20260809T230716Z,0.0,0.0,0.0
RMM and MSP Tools,rmm,ClimateActionPlan,ok,104620,permissive,rules,True,False,False,0.04,0.0,0.0,44,2026-08-09T23:59:40Z,measured,20260809T230716Z,0.0,0.0,0.0
RMM and MSP Tools,rmm,PrintedCircuitBoard,ok,100721,hostile,rules,False,False,False,3.19,0.01,0.0319,17,2026-08-09T23:35:21Z,measured,20260809T230716Z,0.0,0.0,0.0
RMM and MSP Tools,rmm,Blasphemous,ok,97998,permissive,rules,False,True,False,11.56,0.0,0.0,24,2026-08-09T23:59:44Z,measured,20260809T230716Z,0.0,0.0,0.0
RMM and MSP Tools,rmm,Intune,ok,83549,permissive,rules,True,False,False,10.02,0.01,0.1002,20,2026-08-09T23:09:33Z,measured,20260809T230716Z,0.0,0.5,0.0501
RMM and MSP Tools,rmm,neckbeardRPG,ok,81233,permissive,rules,True,False,False,0.01,0.0,0.0,35,2026-08-09T23:59:48Z,measured,20260809T230716Z,0.0,0.0,0.0
RMM and MSP Tools,rmm,creativecoding,ok,73129,permissive,rules,False,True,False,0.8,0.01,0.008,19,2026-08-09T23:59:51Z,measured,20260809T230716Z,0.0,0.0,0.0
RMM and MSP Tools,rmm,RomanceMangaAnime,ok,64136,permissive,rules,False,True,False,2.19,0.0,0.0,23,2026-08-09T23:59:55Z,measured,20260809T230716Z,0.0,0.0,0.0
RMM and MSP Tools,rmm,crowdstrike,ok,46986,permissive,rules,True,False,False,0.52,0.01,0.0052,23,2026-08-09T23:59:59Z,measured,20260809T230716Z,0.0,0.5,0.0026
Firewalls and Network Security,network-security,technology,ok,20452155,permissive,rules,False,True,False,810.1,0.0,0.0,23,2026-08-05T20:30:48Z,measured,20260809T230716Z,0.0,0.5,0.0
Firewalls and Network Security,network-security,howto,ok,3460518,hostile,rules,False,False,False,29.54,0.0,0.0,19,2026-08-10T00:00:14Z,measured,20260809T230716Z,0.0,0.0,0.0
Firewalls and Network Security,network-security,hacking,ok,2981920,permissive,rules,False,True,False,2.29,0.0,0.0,36,2026-08-05T20:38:33Z,measured,20260809T230716Z,0.0,0.5,0.0
Firewalls and Network Security,network-security,cybersecurity,ok,1499373,hostile,shipped,False,False,False,54.05,0.01,0.5405,31,2026-08-04T18:01:44Z,shipped,20260809T230716Z,0.02,1.0,0.5405
Firewalls and Network Security,network-security,sysadmin,ok,1307123,permissive,shipped,False,True,True,111.96,0.02,2.2392,24,2026-08-04T18:02:01Z,shipped,20260809T230716Z,0.0,1.0,2.2392
Firewalls and Network Security,network-security,homelab,ok,1064059,capped,shipped,False,True,True,59.72,0.02,1.1944,26,2026-08-04T18:10:45Z,shipped,20260809T230716Z,0.0,0.5,0.5972
Firewalls and Network Security,network-security,yugioh,ok,981540,permissive,rules,False,True,False,53.73,0.0,0.0,31,2026-08-10T00:00:18Z,measured,20260809T230716Z,0.0,0.0,0.0
Firewalls and Network Security,network-security,HomeNetworking,ok,575180,permissive,shipped,False,True,True,33.13,0.04,1.3252,23,2026-08-05T18:53:29Z,shipped,20260809T230716Z,0.0,1.0,1.3252
Firewalls and Network Security,network-security,netsec,ok,568429,permissive,shipped,False,True,False,0.65,0.0,0.0,29,2026-08-04T18:01:51Z,shipped,20260809T230716Z,0.0,1.0,0.0
Firewalls and Network Security,network-security,ITCareerQuestions,ok,565561,permissive,rules,False,True,False,20.31,0.0,0.0,18,2026-08-09T23:24:14Z,measured,20260809T230716Z,0.0,0.5,0.0
Firewalls and Network Security,network-security,Welding,ok,524830,permissive,rules,False,True,False,32.82,0.0,0.0,16,2026-08-05T20:37:23Z,measured,20260809T230716Z,0.0,0.0,0.0
Firewalls and Network Security,network-security,networking,ok,447394,hostile,rules,False,False,False,12.18,0.05,0.609,20,2026-08-09T23:27:48Z,measured,20260809T230716Z,0.0,1.0,0.609
Firewalls and Network Security,network-security,aws,ok,390926,permissive,sidebar,False,True,True,5.7,0.04,0.228,15,2026-08-05T20:50:46Z,measured,20260809T230716Z,0.0,0.5,0.114
Firewalls and Network Security,network-security,Ubiquiti,ok,321969,permissive,rules,False,True,True,36.62,0.13,4.7606,35,2026-08-10T00:00:22Z,measured,20260809T230716Z,0.0,1.0,4.7606
Firewalls and Network Security,network-security,CompTIA,ok,305447,permissive,rules,False,True,False,5.72,0.0,0.0,25,2026-08-10T00:00:26Z,measured,20260809T230716Z,0.0,0.5,0.0
Firewalls and Network Security,network-security,PSVR,ok,282331,permissive,rules,False,True,False,28.63,0.0,0.0,20,2026-08-09T23:46:52Z,measured,20260809T230716Z,0.0,0.0,0.0
Firewalls and Network Security,network-security,AskNetsec,ok,260085,permissive,shipped,False,True,True,1.92,0.03,0.0576,41,2026-08-05T17:44:10Z,shipped,20260809T230716Z,0.0,1.0,0.0576
Firewalls and Network Security,network-security,msp,ok,245261,capped,shipped,False,True,True,5.27,0.02,0.1054,25,2026-08-04T18:06:20Z,shipped,20260809T230716Z,0.0,0.5,0.0527
Firewalls and Network Security,network-security,AZURE,ok,212511,hostile,rules,True,False,False,2.0,0.0,0.0,29,2026-08-09T23:42:13Z,measured,20260809T230716Z,0.01,0.5,0.0
Firewalls and Network Security,network-security,WGU,ok,181917,permissive,rules,False,True,False,29.1,0.0,0.0,21,2026-08-10T00:00:30Z,measured,20260809T230716Z,0.0,0.0,0.0
Firewalls and Network Security,network-security,security,ok,164358,hostile,shipped,False,False,False,0.5,0.02,0.01,13,2026-08-05T18:47:19Z,shipped,20260809T230716Z,0.04,0.5,0.005
Firewalls and Network Security,network-security,netsecstudents,ok,158888,permissive,rules,False,True,False,0.34,0.02,0.0068,24,2026-08-10T00:00:34Z,measured,20260809T230716Z,0.0,1.0,0.0068
Firewalls and Network Security,network-security,PFSENSE,ok,151705,permissive,rules,True,False,False,1.66,0.3,0.498,15,2026-08-10T00:00:37Z,measured,20260809T230716Z,0.0,1.0,0.498
Firewalls and Network Security,network-security,Tronix,ok,139601,permissive,rules,False,True,False,0.15,0.0,0.0,29,2026-08-09T23:09:21Z,measured,20260809T230716Z,0.0,0.0,0.0
Firewalls and Network Security,network-security,homedefense,ok,116559,permissive,rules,False,True,False,1.02,0.0,0.0,19,2026-08-10T00:00:41Z,measured,20260809T230716Z,0.0,0.0,0.0
Firewalls and Network Security,network-security,deepdream,ok,110671,permissive,rules,False,True,False,0.04,0.0,0.0,46,2026-08-10T00:00:45Z,measured,20260809T230716Z,0.0,0.0,0.0
Firewalls and Network Security,network-security,Intelligence,ok,102178,permissive,rules,False,True,False,1.81,0.01,0.0181,33,2026-08-10T00:00:49Z,measured,20260809T230716Z,0.0,0.0,0.0
Firewalls and Network Security,network-security,TheCivilService,ok,96271,permissive,rules,True,False,False,12.26,0.0,0.0,24,2026-08-10T00:00:53Z,measured,20260809T230716Z,0.0,0.0,0.0
Firewalls and Network Security,network-security,trustapp,ok,95646,permissive,sidebar,False,True,False,0.02,0.0,0.0,86,2026-08-10T00:00:56Z,measured,20260809T230716Z,0.0,0.0,0.0
Firewalls and Network Security,network-security,talesfromsecurity,ok,92642,permissive,rules,False,True,False,0.03,0.0,0.0,11,2026-08-10T00:01:00Z,measured,20260809T230716Z,0.0,0.5,0.0
Firewalls and Network Security,network-security,opsec,ok,78849,permissive,rules,False,True,False,0.45,0.0,0.0,14,2026-08-09T23:09:40Z,measured,20260809T230716Z,0.0,0.5,0.0
Firewalls and Network Security,network-security,fortinet,ok,73956,permissive,rules,False,True,True,2.66,0.1,0.266,20,2026-08-10T00:01:04Z,measured,20260809T230716Z,0.0,1.0,0.266
Firewalls and Network Security,network-security,ethicalhacking,ok,71349,hostile,rules,False,False,False,0.21,0.0,0.0,53,2026-08-10T00:01:08Z,measured,20260809T230716Z,0.0,0.5,0.0
Firewalls and Network Security,network-security,EthereumClassic,ok,67445,permissive,rules,True,False,False,0.02,0.0,0.0,25,2026-08-10T00:01:12Z,measured,20260809T230716Z,0.0,0.0,0.0
Email Providers,email-providers,todayilearned,ok,41573230,permissive,rules,False,True,False,353.92,0.0,0.0,21,2026-08-05T20:31:42Z,measured,20260809T230716Z,0.0,0.0,0.0
Email Providers,email-providers,Showerthoughts,ok,34176852,permissive,rules,False,True,False,26.77,0.0,0.0,35,2026-08-05T20:31:45Z,measured,20260809T230716Z,0.0,0.0,0.0
Email Providers,email-providers,news,ok,31498350,permissive,rules,False,True,False,365.16,0.0,0.0,14,2026-08-09T23:56:49Z,measured,20260809T230716Z,0.0,0.0,0.0
Email Providers,email-providers,LifeProTips,ok,23081480,hostile,rules,False,False,False,20.35,0.0,0.0,28,2026-08-05T20:31:49Z,measured,20260809T230716Z,0.0,0.0,0.0
Email Providers,email-providers,technology,ok,20452155,permissive,rules,False,True,True,810.1,0.0,0.0,23,2026-08-05T20:30:48Z,measured,20260809T230716Z,0.0,0.5,0.0
Email Providers,email-providers,mildlyinfuriating,ok,12391722,hostile,rules,False,False,False,1616.36,0.0,0.0,39,2026-08-05T20:32:03Z,measured,20260809T230716Z,0.0,0.0,0.0
Email Providers,email-providers,AdviceAnimals,ok,9932842,permissive,rules,False,True,False,114.8,0.0,0.0,6,2026-08-05T20:44:53Z,measured,20260809T230716Z,0.0,0.0,0.0
Email Providers,email-providers,Bitcoin,ok,8156861,permissive,rules,False,True,False,120.66,0.0,0.0,40,2026-08-05T20:33:13Z,measured,20260809T230716Z,0.01,0.0,0.0
Email Providers,email-providers,iphone,ok,4622754,permissive,rules,False,True,False,63.18,0.01,0.6318,33,2026-08-05T20:38:20Z,measured,20260809T230716Z,0.0,0.0,0.0
Email Providers,email-providers,google,ok,3506218,permissive,rules,True,False,False,25.47,0.01,0.2547,22,2026-08-05T20:52:25Z,measured,20260809T230716Z,0.0,0.0,0.0
Email Providers,email-providers,techsupport,ok,3409767,hostile,shipped,False,False,False,62.83,0.0,0.0,38,2026-08-05T17:44:18Z,shipped,20260809T230716Z,0.0,0.5,0.0
Email Providers,email-providers,de,ok,3199330,permissive,rules,False,True,False,50.46,0.0,0.0,28,2026-08-10T00:01:23Z,measured,20260809T230716Z,0.0,0.0,0.0
Email Providers,email-providers,Android,ok,3179436,hostile,rules,True,False,False,50.4,0.0,0.0,21,2026-08-05T20:38:29Z,measured,20260809T230716Z,0.0,0.0,0.0
Email Providers,email-providers,conspiracy,ok,2408472,permissive,rules,False,True,False,442.86,0.0,0.0,33,2026-08-05T20:36:19Z,measured,20260809T230716Z,0.0,0.0,0.0
Email Providers,email-providers,privacy,ok,1652332,hostile,shipped,False,False,False,42.96,0.01,0.4296,15,2026-08-04T18:01:36Z,shipped,20260809T230716Z,0.0,0.5,0.2148
Email Providers,email-providers,nostalgia,ok,1619321,permissive,rules,False,True,False,66.31,0.01,0.6631,29,2026-08-10T00:01:28Z,measured,20260809T230716Z,0.18,0.0,0.0
Email Providers,email-providers,sysadmin,ok,1307123,permissive,shipped,False,True,True,111.96,0.0,0.0,24,2026-08-04T18:02:01Z,shipped,20260809T230716Z,0.0,0.5,0.0
Email Providers,email-providers,GooglePixel,ok,1235412,hostile,rules,True,False,False,90.05,0.0,0.0,22,2026-08-05T20:52:29Z,measured,20260809T230716Z,0.0,0.0,0.0
Email Providers,email-providers,Millennials,ok,1179393,permissive,rules,False,True,False,734.47,0.0,0.0,26,2026-08-10T00:01:32Z,measured,20260809T230716Z,0.14,0.0,0.0
Email Providers,email-providers,ios,ok,990139,permissive,rules,False,True,False,26.39,0.0,0.0,38,2026-08-05T20:38:50Z,measured,20260809T230716Z,0.0,0.0,0.0
Email Providers,email-providers,androidapps,ok,568182,hostile,shipped,False,False,False,7.78,0.02,0.1556,40,2026-08-05T18:54:46Z,shipped,20260809T230716Z,0.01,0.0,0.0
Email Providers,email-providers,degoogle,ok,521635,permissive,shipped,False,True,True,54.97,0.07,3.8479,24,2026-08-05T18:47:27Z,shipped,20260809T230716Z,0.01,0.5,1.92395
Email Providers,email-providers,onions,ok,514163,permissive,rules,False,True,False,0.91,0.0,0.0,31,2026-08-09T23:10:31Z,measured,20260809T230716Z,0.0,0.0,0.0
Email Providers,email-providers,BuyFromEU,ok,360598,hostile,rules,False,False,False,10.14,0.01,0.1014,28,2026-08-09T23:36:28Z,measured,20260809T230716Z,0.01,0.0,0.0
Email Providers,email-providers,ArcherFX,ok,321641,permissive,rules,False,True,False,4.47,0.0,0.0,14,2026-08-10T00:01:35Z,measured,20260809T230716Z,0.05,0.0,0.0
Email Providers,email-providers,AndroidQuestions,ok,250525,permissive,rules,True,False,False,12.03,0.02,0.2406,41,2026-08-10T00:01:41Z,measured,20260809T230716Z,0.18,0.0,0.0
Email Providers,email-providers,msp,ok,245261,capped,shipped,False,True,True,5.27,0.01,0.0527,25,2026-08-04T18:06:20Z,shipped,20260809T230716Z,0.0,0.5,0.02635
Email Providers,email-providers,de_EDV,ok,228908,permissive,rules,False,True,True,14.56,0.0,0.0,25,2026-08-10T00:01:45Z,measured,20260809T230716Z,0.01,0.5,0.0
Email Providers,email-providers,ProtonMail,ok,205928,permissive,rules,True,False,False,3.52,0.11,0.3872,33,2026-08-09T23:12:13Z,measured,20260809T230716Z,0.0,1.0,0.3872
Email Providers,email-providers,chrome,ok,203190,permissive,rules,True,False,False,3.73,0.0,0.0,37,2026-08-10T00:01:49Z,measured,20260809T230716Z,0.03,0.0,0.0
Email Providers,email-providers,deathgrips,ok,186024,permissive,rules,False,True,False,5.12,0.0,0.0,31,2026-08-10T00:01:54Z,measured,20260809T230716Z,0.07,0.0,0.0
Email Providers,email-providers,webhosting,ok,126767,permissive,rules,False,True,True,2.05,0.01,0.0205,25,2026-08-09T23:11:02Z,measured,20260809T230716Z,0.01,0.5,0.01025
Email Providers,email-providers,Emailmarketing,ok,121660,permissive,shipped,False,True,True,1.03,0.06,0.0618,30,2026-08-04T17:59:18Z,shipped,20260809T230716Z,0.1,1.0,0.0618
Email Providers,email-providers,Bitwarden,ok,119768,permissive,shipped,True,False,False,3.89,0.0,0.0,26,2026-08-04T18:01:02Z,shipped,20260809T230716Z,0.37,0.0,0.0
Transactional Email and SMS APIs,communication-apis,aww,ok,37846716,permissive,rules,False,True,False,130.65,0.01,1.3065,18,2026-08-05T20:34:41Z,measured,20260809T230716Z,0.0,0.0,0.0
Transactional Email and SMS APIs,communication-apis,pics,ok,33499498,hostile,rules,False,False,False,109.63,0.02,2.1926,28,2026-08-05T20:39:27Z,measured,20260809T230716Z,0.0,0.0,0.0
Transactional Email and SMS APIs,communication-apis,NatureIsFuckingLit,ok,17216723,permissive,rules,False,True,False,148.31,0.02,2.9662,19,2026-08-10T00:02:08Z,measured,20260809T230716Z,0.01,0.0,0.0
Transactional Email and SMS APIs,communication-apis,programming,ok,6908004,permissive,rules,False,True,True,14.8,0.04,0.592,27,2026-08-05T20:32:15Z,measured,20260809T230716Z,0.0,0.5,0.296
Transactional Email and SMS APIs,communication-apis,nasa,ok,5872741,permissive,rules,False,True,False,3.16,0.03,0.0948,17,2026-08-10T00:02:12Z,measured,20260809T230716Z,0.0,0.0,0.0
Transactional Email and SMS APIs,communication-apis,learnprogramming,ok,4395765,permissive,rules,False,True,True,29.79,0.07,2.0853,30,2026-08-05T20:50:15Z,measured,20260809T230716Z,0.0,0.5,1.04265
Transactional Email and SMS APIs,communication-apis,webdev,ok,3291935,hostile,shipped,False,False,False,28.14,0.05,1.407,49,2026-08-04T18:04:28Z,shipped,20260809T230716Z,0.0,0.5,0.7035
Transactional Email and SMS APIs,communication-apis,Android,ok,3179436,hostile,rules,True,False,False,50.4,0.03,1.512,21,2026-08-05T20:38:29Z,measured,20260809T230716Z,0.0,0.0,0.0
Transactional Email and SMS APIs,communication-apis,MangaCollectors,ok,1928994,hostile,rules,False,False,False,16.83,0.03,0.5049,25,2026-08-10T00:02:16Z,measured,20260809T230716Z,0.0,0.0,0.0
Transactional Email and SMS APIs,communication-apis,parrots,ok,1397982,permissive,rules,False,True,False,20.02,0.02,0.4004,27,2026-08-09T23:25:45Z,measured,20260809T230716Z,0.0,0.0,0.0
Transactional Email and SMS APIs,communication-apis,SquaredCircle,ok,1342243,permissive,rules,True,False,False,415.23,0.02,8.3046,24,2026-08-05T20:53:11Z,measured,20260809T230716Z,0.01,0.0,0.0
Transactional Email and SMS APIs,communication-apis,birdswitharms,ok,1124259,permissive,rules,False,True,False,0.02,0.01,0.0002,28,2026-08-10T00:02:20Z,measured,20260809T230716Z,0.2,0.0,0.0
Transactional Email and SMS APIs,communication-apis,learnpython,ok,1046160,hostile,rules,False,False,False,10.07,0.05,0.5035,29,2026-08-05T20:50:27Z,measured,20260809T230716Z,0.0,0.5,0.25175
Transactional Email and SMS APIs,communication-apis,LateStageCapitalism,ok,870013,permissive,rules,False,True,False,50.54,0.03,1.5162,23,2026-08-10T00:02:24Z,measured,20260809T230716Z,0.0,0.0,0.0
Transactional Email and SMS APIs,communication-apis,selfhosted,ok,813099,hostile,shipped,False,False,False,66.7,0.04,2.668,33,2026-08-04T18:02:09Z,shipped,20260809T230716Z,0.01,0.5,1.334
Transactional Email and SMS APIs,communication-apis,SideProject,ok,799708,permissive,sidebar,False,True,True,53.63,0.08,4.2904,41,2026-08-05T20:32:58Z,measured,20260809T230716Z,0.0,0.5,2.1452
Transactional Email and SMS APIs,communication-apis,birding,ok,748191,hostile,rules,False,False,False,27.73,0.01,0.2773,24,2026-08-10T00:02:28Z,measured,20260809T230716Z,0.16,0.0,0.0
Transactional Email and SMS APIs,communication-apis,whatsthisbird,ok,551760,permissive,rules,False,True,False,42.99,0.01,0.4299,37,2026-08-09T23:26:15Z,measured,20260809T230716Z,0.0,0.0,0.0
Transactional Email and SMS APIs,communication-apis,BirdsArentReal,ok,544059,permissive,rules,False,True,False,11.33,0.04,0.4532,10,2026-08-10T00:02:32Z,measured,20260809T230716Z,0.06,0.0,0.0
Transactional Email and SMS APIs,communication-apis,PinoyProgrammer,ok,294357,permissive,rules,False,True,True,4.17,0.05,0.2085,18,2026-08-10T00:02:36Z,measured,20260809T230716Z,0.0,0.5,0.10425
Transactional Email and SMS APIs,communication-apis,Ebay,ok,280342,permissive,rules,False,True,False,29.15,0.03,0.8745,26,2026-08-10T00:02:40Z,measured,20260809T230716Z,0.0,0.0,0.0
Transactional Email and SMS APIs,communication-apis,penpals,ok,245015,permissive,rules,False,True,False,10.11,0.02,0.2022,46,2026-08-10T00:02:44Z,measured,20260809T230716Z,0.0,0.0,0.0
Transactional Email and SMS APIs,communication-apis,ProtonMail,ok,205928,permissive,rules,True,False,False,3.52,0.07,0.2464,33,2026-08-09T23:12:13Z,measured,20260809T230716Z,0.0,0.0,0.0
Transactional Email and SMS APIs,communication-apis,birds,ok,197171,hostile,rules,False,False,False,34.86,0.02,0.6972,35,2026-08-10T00:02:47Z,measured,20260809T230716Z,0.29,0.0,0.0
Transactional Email and SMS APIs,communication-apis,nextjs,ok,172408,permissive,shipped,False,True,True,2.19,0.06,0.1314,29,2026-08-04T18:10:30Z,shipped,20260809T230716Z,0.02,0.5,0.0657
Transactional Email and SMS APIs,communication-apis,ProtonVPN,ok,146799,permissive,rules,True,False,False,10.13,0.03,0.3039,11,2026-08-09T23:07:56Z,measured,20260809T230716Z,0.01,0.0,0.0
Transactional Email and SMS APIs,communication-apis,FulfillmentByAmazon,ok,142372,permissive,shipped,False,True,True,4.29,0.03,0.1287,29,2026-08-04T18:09:39Z,shipped,20260809T230716Z,0.0,0.5,0.06435
Transactional Email and SMS APIs,communication-apis,birdpics,ok,127478,permissive,rules,False,True,False,0.84,0.01,0.0084,29,2026-08-10T00:02:52Z,measured,20260809T230716Z,0.08,0.0,0.0
Transactional Email and SMS APIs,communication-apis,cockatiel,ok,126775,hostile,rules,False,False,False,20.45,0.04,0.818,37,2026-08-10T00:02:56Z,measured,20260809T230716Z,0.12,0.0,0.0
Transactional Email and SMS APIs,communication-apis,Emailmarketing,ok,121660,permissive,shipped,False,True,True,1.03,0.1,0.103,30,2026-08-04T17:59:18Z,shipped,20260809T230716Z,0.1,1.0,0.103
Transactional Email and SMS APIs,communication-apis,birdwatching,ok,121692,hostile,rules,False,False,False,9.95,0.01,0.0995,15,2026-08-10T00:02:59Z,measured,20260809T230716Z,0.29,0.0,0.0
Transactional Email and SMS APIs,communication-apis,budgies,ok,118236,permissive,rules,False,True,False,24.52,0.01,0.2452,23,2026-08-10T00:03:03Z,measured,20260809T230716Z,0.08,0.0,0.0
Transactional Email and SMS APIs,communication-apis,BirdPhotography,ok,101666,permissive,rules,True,False,False,4.17,0.01,0.0417,22,2026-08-10T00:03:07Z,measured,20260809T230716Z,0.18,0.0,0.0
Transactional Email and SMS APIs,communication-apis,AustralianBirds,ok,90934,permissive,rules,False,True,False,6.36,0.02,0.1272,26,2026-08-10T00:03:11Z,measured,20260809T230716Z,0.13,0.0,0.0
Newsletter Platforms,newsletters,worldnews,ok,47508421,permissive,rules,False,True,False,735.82,0.0,0.0,23,2026-08-05T20:37:49Z,measured,20260809T230716Z,0.0,0.0,0.0
Newsletter Platforms,newsletters,politics,ok,9230904,permissive,rules,False,True,False,1200.88,0.0,0.0,48,2026-08-05T20:32:07Z,measured,20260809T230716Z,0.0,0.0,0.0
Newsletter Platforms,newsletters,malefashionadvice,ok,6447054,permissive,rules,False,True,False,51.5,0.0,0.0,27,2026-08-05T20:51:29Z,measured,20260809T230716Z,0.0,0.0,0.0
Newsletter Platforms,newsletters,ThriftStoreHauls,ok,4135750,hostile,rules,False,False,False,92.54,0.0,0.0,26,2026-08-09T23:32:39Z,measured,20260809T230716Z,0.0,0.0,0.0
Newsletter Platforms,newsletters,frugalmalefashion,ok,3209203,permissive,rules,False,True,False,1.96,0.0,0.0,17,2026-08-05T20:48:51Z,measured,20260809T230716Z,0.0,0.0,0.0
Newsletter Platforms,newsletters,halo,ok,2010615,permissive,rules,False,True,False,186.47,0.0,0.0,43,2026-08-05T20:36:27Z,measured,20260809T230716Z,0.0,0.0,0.0
Newsletter Platforms,newsletters,SideProject,ok,799708,permissive,sidebar,False,True,True,53.63,0.0,0.0,41,2026-08-05T20:32:58Z,measured,20260809T230716Z,0.0,0.5,0.0
Newsletter Platforms,newsletters,Emailmarketing,ok,121660,permissive,shipped,False,True,True,1.03,0.0,0.0,30,2026-08-04T17:59:18Z,shipped,20260809T230716Z,0.1,1.0,0.0
Newsletter Platforms,newsletters,NEO,ok,120033,permissive,rules,True,False,False,0.18,0.0,0.0,17,2026-08-10T00:03:21Z,measured,20260809T230716Z,0.0,0.0,0.0
Newsletter Platforms,newsletters,Substack,ok,55199,permissive,shipped,False,True,True,4.31,0.17,0.7327,22,2026-08-04T18:00:21Z,shipped,20260809T230716Z,0.0,1.0,0.7327
Newsletter Platforms,newsletters,sealedmtgdeals,ok,51509,permissive,rules,False,True,False,5.74,0.0,0.0,7,2026-08-10T00:03:25Z,measured,20260809T230716Z,0.0,0.0,0.0
Newsletter Platforms,newsletters,OctopusEnergy,ok,39036,permissive,rules,True,False,False,4.15,0.0,0.0,25,2026-08-10T00:03:29Z,measured,20260809T230716Z,0.0,0.0,0.0
Newsletter Platforms,newsletters,FromTheDepths,ok,24747,hostile,rules,False,False,False,3.67,0.0,0.0,14,2026-08-10T00:03:33Z,measured,20260809T230716Z,0.0,0.0,0.0
Newsletter Platforms,newsletters,BusinessDeconstructed,ok,20720,permissive,rules,True,False,False,0.18,0.01,0.0018,25,2026-08-10T00:03:37Z,measured,20260809T230716Z,0.01,0.5,0.0009
Newsletter Platforms,newsletters,Newsletters,ok,13746,permissive,rules,False,True,True,0.75,0.11,0.0825,47,2026-08-10T00:03:41Z,measured,20260809T230716Z,0.06,1.0,0.0825
Newsletter Platforms,newsletters,antisemitism,ok,5456,permissive,rules,False,True,False,0.15,0.0,0.0,42,2026-08-10T00:03:45Z,measured,20260809T230716Z,0.0,0.0,0.0
Newsletter Platforms,newsletters,ClimateCO,ok,3832,permissive,rules,False,True,False,0.11,0.0,0.0,7,2026-08-10T00:03:48Z,measured,20260809T230716Z,0.0,0.0,0.0
Podcast Hosting,podcast-hosting,IAmA,ok,22470461,permissive,rules,False,True,False,2.09,0.0,0.0,19,2026-08-05T20:37:54Z,measured,20260809T230716Z,0.0,0.0,0.0
Podcast Hosting,podcast-hosting,podcasts,ok,3907959,permissive,rules,False,True,True,7.45,0.01,0.0745,29,2026-08-05T20:47:44Z,measured,20260809T230716Z,0.0,0.5,0.03725
Podcast Hosting,podcast-hosting,JoeRogan,ok,1679665,permissive,rules,False,True,False,27.14,0.0,0.0,13,2026-08-10T00:04:00Z,measured,20260809T230716Z,0.0,0.0,0.0
Podcast Hosting,podcast-hosting,SquaredCircle,ok,1342243,permissive,rules,True,False,False,415.23,0.0,0.0,24,2026-08-05T20:53:11Z,measured,20260809T230716Z,0.01,0.0,0.0
Podcast Hosting,podcast-hosting,LiveFromNewYork,ok,1079941,permissive,rules,True,False,False,29.81,0.0,0.0,20,2026-08-05T20:41:36Z,measured,20260809T230716Z,0.1,0.0,0.0
Podcast Hosting,podcast-hosting,selfhosted,ok,813099,hostile,shipped,False,False,False,66.7,0.0,0.0,33,2026-08-04T18:02:09Z,shipped,20260809T230716Z,0.01,0.5,0.0
Podcast Hosting,podcast-hosting,thebachelor,ok,710514,permissive,rules,False,True,False,22.52,0.0,0.0,5,2026-08-10T00:04:04Z,measured,20260809T230716Z,0.0,0.0,0.0
Podcast Hosting,podcast-hosting,h3h3productions,ok,598187,permissive,rules,False,True,False,76.2,0.0,0.0,33,2026-08-10T00:04:08Z,measured,20260809T230716Z,0.0,0.0,0.0
Podcast Hosting,podcast-hosting,comedy,ok,573863,permissive,rules,False,True,False,3.73,0.0,0.0,22,2026-08-10T00:04:12Z,measured,20260809T230716Z,0.0,0.0,0.0
Podcast Hosting,podcast-hosting,macapps,ok,243340,capped,rules,False,True,False,22.6,0.0,0.0,22,2026-08-09T23:30:22Z,measured,20260809T230716Z,0.0,0.0,0.0
Podcast Hosting,podcast-hosting,coys,ok,235805,permissive,rules,False,True,False,66.83,0.0,0.0,18,2026-08-09T23:59:20Z,measured,20260809T230716Z,0.0,0.0,0.0
Podcast Hosting,podcast-hosting,oasis,ok,198378,hostile,rules,False,False,False,28.37,0.0,0.0,17,2026-08-10T00:04:16Z,measured,20260809T230716Z,0.0,0.0,0.0
Podcast Hosting,podcast-hosting,FormulaE,ok,193454,permissive,rules,False,True,False,1.57,0.0,0.0,16,2026-08-10T00:04:20Z,measured,20260809T230716Z,0.0,0.0,0.0
Podcast Hosting,podcast-hosting,podcasting,ok,188868,permissive,rules,False,True,True,5.24,0.06,0.3144,39,2026-08-05T20:48:09Z,measured,20260809T230716Z,0.0,1.0,0.3144
Podcast Hosting,podcast-hosting,XFiles,ok,179155,permissive,rules,False,True,False,30.99,0.0,0.0,30,2026-08-10T00:04:24Z,measured,20260809T230716Z,0.0,0.0,0.0
Podcast Hosting,podcast-hosting,MtvChallenge,ok,162427,permissive,rules,False,True,False,30.28,0.0,0.0,17,2026-08-09T23:28:09Z,measured,20260809T230716Z,0.0,0.0,0.0
Podcast Hosting,podcast-hosting,oscarrace,ok,143347,permissive,rules,False,True,False,34.47,0.0,0.0,9,2026-08-10T00:04:28Z,measured,20260809T230716Z,0.0,0.0,0.0
Podcast Hosting,podcast-hosting,billsimmons,ok,135630,permissive,rules,False,True,False,47.51,0.0,0.0,32,2026-08-10T00:04:32Z,measured,20260809T230716Z,0.0,0.0,0.0
Podcast Hosting,podcast-hosting,transvoice,ok,133501,permissive,rules,False,True,False,3.76,0.0,0.0,30,2026-08-10T00:04:36Z,measured,20260809T230716Z,0.0,0.0,0.0
Podcast Hosting,podcast-hosting,TheoVon,ok,123640,permissive,sidebar,False,True,False,0.45,0.0,0.0,21,2026-08-10T00:04:40Z,measured,20260809T230716Z,0.0,0.0,0.0
Podcast Hosting,podcast-hosting,podcast,ok,120716,capped,rules,False,True,True,0.41,0.03,0.0123,28,2026-08-10T00:04:43Z,measured,20260809T230716Z,0.0,1.0,0.0123
Podcast Hosting,podcast-hosting,theJoeBuddenPodcast,ok,67966,hostile,rules,False,False,False,23.03,0.0,0.0,11,2026-08-10T00:04:47Z,measured,20260809T230716Z,0.0,0.0,0.0
Podcast Hosting,podcast-hosting,911FOX,ok,62684,permissive,rules,False,True,False,1.27,0.0,0.0,15,2026-08-10T00:04:51Z,measured,20260809T230716Z,0.0,0.0,0.0
Podcast Hosting,podcast-hosting,LeedsUnited,ok,52327,permissive,rules,False,True,False,7.93,0.0,0.0,14,2026-08-10T00:04:56Z,measured,20260809T230716Z,0.0,0.0,0.0
Podcast Hosting,podcast-hosting,offmenupodcast,ok,50260,permissive,sidebar,False,True,False,0.9,0.0,0.0,19,2026-08-10T00:05:00Z,measured,20260809T230716Z,0.0,0.0,0.0
Podcast Hosting,podcast-hosting,Earwolf,ok,46937,permissive,rules,False,True,False,0.95,0.0,0.0,23,2026-08-10T00:05:04Z,measured,20260809T230716Z,0.0,0.0,0.0
Podcast Hosting,podcast-hosting,auntydonna,ok,41625,permissive,rules,False,True,False,1.48,0.0,0.0,14,2026-08-10T00:05:07Z,measured,20260809T230716Z,0.0,0.0,0.0
Podcast Hosting,podcast-hosting,weeklyplanetpodcast,ok,32771,permissive,rules,False,True,False,5.78,0.0,0.0,11,2026-08-10T00:05:11Z,measured,20260809T230716Z,0.0,0.0,0.0
Podcast Hosting,podcast-hosting,ABroadInJapan,ok,31640,permissive,rules,False,True,False,0.38,0.0,0.0,18,2026-08-10T00:05:15Z,measured,20260809T230716Z,0.0,0.0,0.0
Podcast Hosting,podcast-hosting,dreifragezeichen,ok,28039,permissive,rules,False,True,False,3.27,0.0,0.0,11,2026-08-10T00:05:19Z,measured,20260809T230716Z,0.0,0.0,0.0
Podcast Hosting,podcast-hosting,MarcMaron,ok,21410,permissive,rules,False,True,False,0.11,0.0,0.0,30,2026-08-10T00:05:23Z,measured,20260809T230716Z,0.0,0.0,0.0
Podcast Hosting,podcast-hosting,NFLUK,ok,19363,permissive,rules,False,True,False,1.29,0.0,0.0,23,2026-08-10T00:05:27Z,measured,20260809T230716Z,0.0,0.0,0.0
Podcast Hosting,podcast-hosting,crheads,ok,16276,permissive,rules,False,True,False,4.44,0.0,0.0,12,2026-08-10T00:05:31Z,measured,20260809T230716Z,0.0,0.0,0.0
Podcast Hosting,podcast-hosting,haveigotnewsforyou,ok,11817,permissive,sidebar,False,True,False,0.07,0.0,0.0,9,2026-08-10T00:05:35Z,measured,20260809T230716Z,0.0,0.0,0.0
Video Hosting and Streaming,video-hosting,AskReddit,ok,59332757,hostile,rules,True,False,False,5616.43,0.0,0.0,57,2026-08-05T20:31:38Z,measured,20260809T230716Z,0.0,0.0,0.0
Video Hosting and Streaming,video-hosting,movies,ok,37560788,permissive,rules,False,True,False,696.25,0.0,0.0,33,2026-08-05T20:42:03Z,measured,20260809T230716Z,0.0,0.0,0.0
Video Hosting and Streaming,video-hosting,technology,ok,20452155,permissive,rules,False,True,True,810.1,0.01,8.101,23,2026-08-05T20:30:48Z,measured,20260809T230716Z,0.0,0.5,4.0505
Video Hosting and Streaming,video-hosting,Documentaries,ok,20349105,hostile,rules,False,False,False,23.42,0.02,0.4684,13,2026-08-10T00:05:50Z,measured,20260809T230716Z,0.0,0.0,0.0
Video Hosting and Streaming,video-hosting,television,ok,18095765,permissive,rules,False,True,False,142.99,0.01,1.4299,20,2026-08-05T20:42:11Z,measured,20260809T230716Z,0.0,0.0,0.0
Video Hosting and Streaming,video-hosting,programming,ok,6908004,permissive,rules,False,True,False,14.8,0.02,0.296,27,2026-08-05T20:32:15Z,measured,20260809T230716Z,0.0,0.0,0.0
Video Hosting and Streaming,video-hosting,popculturechat,ok,6577336,permissive,rules,False,True,False,414.16,0.0,0.0,26,2026-08-05T20:42:24Z,measured,20260809T230716Z,0.0,0.0,0.0
Video Hosting and Streaming,video-hosting,technicallythetruth,ok,5900374,permissive,rules,False,True,False,2.61,0.0,0.0,26,2026-08-10T00:05:53Z,measured,20260809T230716Z,0.0,0.0,0.0
Video Hosting and Streaming,video-hosting,LivestreamFail,ok,4948576,permissive,rules,False,True,False,248.97,0.03,7.4691,20,2026-08-10T00:05:57Z,measured,20260809T230716Z,0.0,0.0,0.0
Video Hosting and Streaming,video-hosting,youtube,ok,3439969,permissive,rules,True,False,False,134.2,0.24,32.208,25,2026-08-09T23:47:29Z,measured,20260809T230716Z,0.0,1.0,32.208
Video Hosting and Streaming,video-hosting,webdev,ok,3291935,hostile,shipped,False,False,False,28.14,0.0,0.0,49,2026-08-04T18:04:28Z,shipped,20260809T230716Z,0.0,0.5,0.0
Video Hosting and Streaming,video-hosting,DeepIntoYouTube,ok,2977964,hostile,rules,False,False,False,2.5,0.09,0.225,30,2026-08-10T00:06:02Z,measured,20260809T230716Z,0.0,0.5,0.1125
Video Hosting and Streaming,video-hosting,Piracy,ok,2955272,hostile,rules,False,False,False,97.96,0.02,1.9592,35,2026-08-09T23:07:27Z,measured,20260809T230716Z,0.0,0.0,0.0
Video Hosting and Streaming,video-hosting,Twitch,ok,2884454,permissive,rules,True,False,False,9.83,0.06,0.5898,35,2026-08-05T20:51:49Z,measured,20260809T230716Z,0.07,1.0,0.5898
Video Hosting and Streaming,video-hosting,tipofmytongue,ok,2707948,hostile,rules,False,False,False,73.52,0.07,5.1464,31,2026-08-09T23:14:30Z,measured,20260809T230716Z,0.0,0.0,0.0
Video Hosting and Streaming,video-hosting,conspiracy,ok,2408472,permissive,rules,False,True,False,442.86,0.0,0.0,33,2026-08-05T20:36:19Z,measured,20260809T230716Z,0.0,0.0,0.0
Video Hosting and Streaming,video-hosting,netflix,ok,1939322,permissive,rules,False,True,False,157.83,0.0,0.0,25,2026-08-10T00:06:06Z,measured,20260809T230716Z,0.0,0.0,0.0
Video Hosting and Streaming,video-hosting,linux,ok,1899530,permissive,rules,False,True,True,73.77,0.0,0.0,15,2026-08-05T20:38:46Z,measured,20260809T230716Z,0.0,0.5,0.0
Video Hosting and Streaming,video-hosting,AmazonPrimeVideo,ok,1900862,permissive,rules,True,False,False,2.9,0.01,0.029,36,2026-08-10T00:06:09Z,measured,20260809T230716Z,0.0,0.0,0.0
Video Hosting and Streaming,video-hosting,DotA2,ok,1774163,permissive,rules,False,True,False,175.39,0.01,1.7539,42,2026-08-05T20:52:01Z,measured,20260809T230716Z,0.0,0.0,0.0
Video Hosting and Streaming,video-hosting,Hololive,ok,1514478,hostile,rules,False,False,False,47.62,0.04,1.9048,37,2026-08-05T20:41:13Z,measured,20260809T230716Z,0.0,0.0,0.0
Video Hosting and Streaming,video-hosting,Python,ok,1502437,permissive,rules,False,True,False,12.12,0.0,0.0,15,2026-08-05T20:45:02Z,measured,20260809T230716Z,0.0,0.0,0.0
Video Hosting and Streaming,video-hosting,ClashRoyale,ok,1492192,permissive,rules,False,True,False,79.86,0.01,0.7986,45,2026-08-09T23:29:02Z,measured,20260809T230716Z,0.0,0.0,0.0
Video Hosting and Streaming,video-hosting,smashbros,ok,1471345,permissive,rules,False,True,False,71.44,0.0,0.0,16,2026-08-10T00:06:13Z,measured,20260809T230716Z,0.0,0.0,0.0
Video Hosting and Streaming,video-hosting,boxoffice,ok,1231976,hostile,rules,False,False,False,192.17,0.0,0.0,30,2026-08-09T23:15:59Z,measured,20260809T230716Z,0.01,0.0,0.0
Video Hosting and Streaming,video-hosting,Rabbits,ok,1073511,permissive,rules,False,True,False,25.38,0.02,0.5076,36,2026-08-10T00:06:17Z,measured,20260809T230716Z,0.0,0.0,0.0
Video Hosting and Streaming,video-hosting,StableDiffusion,ok,988844,permissive,rules,True,False,False,131.73,0.02,2.6346,46,2026-08-10T00:06:21Z,measured,20260809T230716Z,0.0,0.0,0.0
Video Hosting and Streaming,video-hosting,selfhosted,ok,813099,hostile,shipped,False,False,False,66.7,0.0,0.0,33,2026-08-04T18:02:09Z,shipped,20260809T230716Z,0.01,0.5,0.0
Video Hosting and Streaming,video-hosting,SideProject,ok,799708,permissive,sidebar,False,True,True,53.63,0.0,0.0,41,2026-08-05T20:32:58Z,measured,20260809T230716Z,0.0,0.5,0.0
Video Hosting and Streaming,video-hosting,LearnUselessTalents,ok,714453,permissive,rules,True,False,False,0.99,0.02,0.0198,18,2026-08-10T00:06:25Z,measured,20260809T230716Z,0.0,0.0,0.0
Video Hosting and Streaming,video-hosting,PokemonSwordAndShield,ok,689983,permissive,rules,True,False,False,13.8,0.0,0.0,26,2026-08-09T23:41:45Z,measured,20260809T230716Z,0.04,0.0,0.0
Video Hosting and Streaming,video-hosting,cordcutters,ok,605672,permissive,rules,False,True,False,3.8,0.07,0.266,27,2026-08-10T00:06:29Z,measured,20260809T230716Z,0.0,0.0,0.0
Video Hosting and Streaming,video-hosting,ARK,ok,497523,hostile,rules,False,False,False,22.27,0.06,1.3362,33,2026-08-10T00:06:33Z,measured,20260809T230716Z,0.0,0.0,0.0
Video Hosting and Streaming,video-hosting,danganronpa,ok,388660,permissive,rules,False,True,False,70.85,0.0,0.0,30,2026-08-10T00:06:38Z,measured,20260809T230716Z,0.0,0.0,0.0
Screen Recording,screen-recording,AskReddit,ok,59332757,hostile,rules,True,False,False,5616.43,0.01,56.1643,57,2026-08-05T20:31:38Z,measured,20260809T230716Z,0.0,0.0,0.0
Screen Recording,screen-recording,worldnews,ok,47508421,permissive,rules,False,True,False,735.82,0.0,0.0,23,2026-08-05T20:37:49Z,measured,20260809T230716Z,0.0,0.0,0.0
Screen Recording,screen-recording,movies,ok,37560788,permissive,rules,False,True,False,696.25,0.0,0.0,33,2026-08-05T20:42:03Z,measured,20260809T230716Z,0.0,0.0,0.0
Screen Recording,screen-recording,memes,ok,35945324,permissive,rules,False,True,False,543.38,0.04,21.7352,25,2026-08-05T20:34:45Z,measured,20260809T230716Z,0.0,0.0,0.0
Screen Recording,screen-recording,politics,ok,9230904,permissive,rules,False,True,False,1200.88,0.0,0.0,48,2026-08-05T20:32:07Z,measured,20260809T230716Z,0.0,0.0,0.0
Screen Recording,screen-recording,Minecraft,ok,8732564,permissive,rules,False,True,False,191.2,0.01,1.912,55,2026-08-05T20:32:11Z,measured,20260809T230716Z,0.0,0.0,0.0
Screen Recording,screen-recording,apple,ok,6409592,permissive,rules,True,False,False,42.96,0.0,0.0,31,2026-08-05T20:38:08Z,measured,20260809T230716Z,0.0,0.0,0.0
Screen Recording,screen-recording,dankmemes,ok,5894560,permissive,rules,False,True,False,28.17,0.01,0.2817,27,2026-08-09T23:27:28Z,measured,20260809T230716Z,0.0,0.0,0.0
Screen Recording,screen-recording,iphone,ok,4622754,permissive,rules,False,True,False,63.18,0.0,0.0,33,2026-08-05T20:38:20Z,measured,20260809T230716Z,0.0,0.0,0.0
Screen Recording,screen-recording,PewdiepieSubmissions,ok,3425669,hostile,rules,False,False,False,2.7,0.02,0.054,7,2026-08-09T23:27:36Z,measured,20260809T230716Z,0.0,0.0,0.0
Screen Recording,screen-recording,ksi,ok,2979003,hostile,rules,False,False,False,7.18,0.0,0.0,17,2026-08-10T00:06:49Z,measured,20260809T230716Z,0.0,0.0,0.0
Screen Recording,screen-recording,roblox,ok,2648105,permissive,rules,False,True,False,36.31,0.02,0.7262,43,2026-08-10T00:06:53Z,measured,20260809T230716Z,0.0,0.0,0.0
Screen Recording,screen-recording,TheLastAirbender,ok,2297459,permissive,rules,False,True,False,138.06,0.02,2.7612,30,2026-08-09T23:15:47Z,measured,20260809T230716Z,0.01,0.0,0.0
Screen Recording,screen-recording,SquaredCircle,ok,1342243,permissive,rules,True,False,False,415.23,0.0,0.0,24,2026-08-05T20:53:11Z,measured,20260809T230716Z,0.01,0.0,0.0
Screen Recording,screen-recording,DCcomics,ok,1270777,permissive,rules,False,True,False,45.59,0.01,0.4559,35,2026-08-10T00:06:57Z,measured,20260809T230716Z,0.0,0.0,0.0
Screen Recording,screen-recording,GooglePixel,ok,1235412,hostile,rules,True,False,False,90.05,0.0,0.0,22,2026-08-05T20:52:29Z,measured,20260809T230716Z,0.0,0.0,0.0
Screen Recording,screen-recording,Superstonk,ok,1199123,capped,shipped,False,True,False,168.83,0.0,0.0,19,2026-08-05T18:54:21Z,shipped,20260809T230716Z,0.02,0.0,0.0
Screen Recording,screen-recording,okbuddyretard,ok,1064554,permissive,rules,False,True,False,5.69,0.0,0.0,39,2026-08-10T00:07:01Z,measured,20260809T230716Z,0.0,0.0,0.0
Screen Recording,screen-recording,ios,ok,990139,permissive,rules,False,True,False,26.39,0.01,0.2639,38,2026-08-05T20:38:50Z,measured,20260809T230716Z,0.0,0.0,0.0
Screen Recording,screen-recording,jailbreak,ok,772640,permissive,rules,False,True,False,15.06,0.0,0.0,39,2026-08-05T20:38:58Z,measured,20260809T230716Z,0.0,0.0,0.0
Screen Recording,screen-recording,ipad,ok,634133,permissive,rules,False,True,False,11.4,0.0,0.0,42,2026-08-09T23:36:07Z,measured,20260809T230716Z,0.0,0.0,0.0
Screen Recording,screen-recording,MacOS,ok,614919,capped,rules,False,True,False,24.37,0.02,0.4874,41,2026-08-09T23:35:13Z,measured,20260809T230716Z,0.0,0.0,0.0
Screen Recording,screen-recording,chelseafc,ok,506550,permissive,rules,False,True,False,72.89,0.0,0.0,12,2026-08-10T00:07:05Z,measured,20260809T230716Z,0.0,0.0,0.0
Screen Recording,screen-recording,GodofWar,ok,494431,hostile,rules,False,False,False,20.14,0.0,0.0,28,2026-08-10T00:07:10Z,measured,20260809T230716Z,0.0,0.0,0.0
Screen Recording,screen-recording,software,ok,368967,capped,shipped,False,True,True,14.84,0.01,0.1484,24,2026-08-05T18:51:08Z,shipped,20260809T230716Z,0.01,0.5,0.0742
Screen Recording,screen-recording,iOSBeta,ok,284957,permissive,rules,False,True,False,2.17,0.0,0.0,47,2026-08-09T23:50:58Z,measured,20260809T230716Z,0.0,0.0,0.0
Screen Recording,screen-recording,macapps,ok,243340,capped,rules,False,True,True,22.6,0.02,0.452,22,2026-08-09T23:30:22Z,measured,20260809T230716Z,0.0,0.5,0.226
Screen Recording,screen-recording,ActionFigures,ok,221270,permissive,rules,True,False,False,49.03,0.0,0.0,41,2026-08-09T23:59:24Z,measured,20260809T230716Z,0.0,0.0,0.0
Screen Recording,screen-recording,obs,ok,210523,hostile,rules,True,False,False,5.42,0.39,2.1138,44,2026-08-09T23:18:10Z,measured,20260809T230716Z,0.04,1.0,2.1138
Screen Recording,screen-recording,KotakuInAction,ok,166183,permissive,rules,True,False,False,20.64,0.0,0.0,22,2026-08-09T23:12:17Z,measured,20260809T230716Z,0.0,0.0,0.0
Screen Recording,screen-recording,letsplay,ok,154721,hostile,rules,False,False,False,4.03,0.01,0.0403,19,2026-08-10T00:07:14Z,measured,20260809T230716Z,0.0,1.0,0.0403
Screen Recording,screen-recording,ZargoryanGalaksisi,ok,131303,permissive,rules,False,True,False,0.2,0.0,0.0,53,2026-08-10T00:07:18Z,measured,20260809T230716Z,0.0,0.0,0.0
Screen Recording,screen-recording,TwoBestFriendsPlay,ok,123375,hostile,rules,False,False,False,63.3,0.01,0.633,31,2026-08-10T00:07:22Z,measured,20260809T230716Z,0.0,0.0,0.0
Screen Recording,screen-recording,ClassActionSettlement,ok,114265,hostile,rules,True,False,False,1.95,0.0,0.0,37,2026-08-10T00:07:26Z,measured,20260809T230716Z,0.0,0.0,0.0
Presentation Software,presentations,Futurology,ok,21691007,permissive,rules,False,True,False,77.71,0.0,0.0,13,2026-08-05T20:46:13Z,measured,20260809T230716Z,0.0,0.0,0.0
Presentation Software,presentations,InternetIsBeautiful,ok,16634987,permissive,rules,True,False,False,2.99,0.0,0.0,19,2026-08-10T00:07:37Z,measured,20260809T230716Z,0.0,0.0,0.0
Presentation Software,presentations,ChatGPT,ok,11588013,permissive,rules,True,False,False,137.0,0.0,0.0,34,2026-08-05T20:51:16Z,measured,20260809T230716Z,0.05,0.5,0.0
Presentation Software,presentations,programming,ok,6908004,permissive,rules,False,True,True,14.8,0.0,0.0,27,2026-08-05T20:32:15Z,measured,20260809T230716Z,0.0,0.5,0.0
Presentation Software,presentations,CharacterAI,ok,2624572,hostile,rules,True,False,False,118.03,0.0,0.0,16,2026-08-05T20:38:37Z,measured,20260809T230716Z,0.0,0.0,0.0
Presentation Software,presentations,linux,ok,1899530,permissive,rules,False,True,False,73.77,0.0,0.0,15,2026-08-05T20:38:46Z,measured,20260809T230716Z,0.0,0.0,0.0
Presentation Software,presentations,ArtificialInteligence,ok,1894137,permissive,rules,False,True,True,46.01,0.0,0.0,36,2026-08-05T20:47:00Z,measured,20260809T230716Z,0.0,0.5,0.0
Presentation Software,presentations,midjourney,ok,1779485,hostile,rules,True,False,False,3.65,0.0,0.0,31,2026-08-10T00:07:41Z,measured,20260809T230716Z,0.0,0.0,0.0
Presentation Software,presentations,sysadmin,ok,1307123,permissive,shipped,False,True,True,111.96,0.0,0.0,24,2026-08-04T18:02:01Z,shipped,20260809T230716Z,0.0,0.5,0.0
Presentation Software,presentations,evilbuildings,ok,1256879,permissive,rules,False,True,False,3.82,0.0,0.0,8,2026-08-10T00:07:45Z,measured,20260809T230716Z,0.0,0.0,0.0
Presentation Software,presentations,Superstonk,ok,1199123,capped,shipped,False,True,False,168.83,0.0,0.0,19,2026-08-05T18:54:21Z,shipped,20260809T230716Z,0.02,0.0,0.0
Presentation Software,presentations,MostBeautiful,ok,1190182,permissive,rules,True,False,False,0.12,0.0,0.0,61,2026-08-10T00:07:49Z,measured,20260809T230716Z,0.0,0.0,0.0
Presentation Software,presentations,NoMansSkyTheGame,ok,1161445,hostile,rules,True,False,False,76.01,0.0,0.0,32,2026-08-05T20:44:10Z,measured,20260809T230716Z,0.0,0.0,0.0
Presentation Software,presentations,CityPorn,ok,1130536,permissive,rules,False,True,False,1.22,0.0,0.0,22,2026-08-10T00:07:52Z,measured,20260809T230716Z,0.0,0.0,0.0
Presentation Software,presentations,StableDiffusion,ok,988844,permissive,rules,True,False,False,131.73,0.0,0.0,46,2026-08-10T00:06:21Z,measured,20260809T230716Z,0.0,0.0,0.0
Presentation Software,presentations,SideProject,ok,799708,permissive,sidebar,False,True,True,53.63,0.0,0.0,41,2026-08-05T20:32:58Z,measured,20260809T230716Z,0.0,0.5,0.0
Presentation Software,presentations,aiArt,ok,680342,hostile,rules,True,False,False,18.87,0.38,7.1706,59,2026-08-10T00:07:57Z,measured,20260809T230716Z,0.0,0.0,0.0
Presentation Software,presentations,stalker,ok,592593,permissive,rules,False,True,False,37.5,0.0,0.0,31,2026-08-10T00:08:01Z,measured,20260809T230716Z,0.02,0.0,0.0
Presentation Software,presentations,CrusaderKings,ok,530724,permissive,rules,False,True,False,41.17,0.0,0.0,26,2026-08-10T00:08:05Z,measured,20260809T230716Z,0.0,0.0,0.0
Presentation Software,presentations,amcstock,ok,523633,permissive,rules,False,True,False,1.48,0.0,0.0,7,2026-08-09T23:17:50Z,measured,20260809T230716Z,0.02,0.0,0.0
Presentation Software,presentations,Shortsqueeze,ok,395264,permissive,rules,False,True,False,4.59,0.0,0.0,22,2026-08-10T00:08:08Z,measured,20260809T230716Z,0.01,0.0,0.0
Presentation Software,presentations,eu4,ok,394067,permissive,rules,False,True,False,20.42,0.0,0.0,24,2026-08-09T23:16:39Z,measured,20260809T230716Z,0.0,0.0,0.0
Presentation Software,presentations,software,ok,368967,capped,shipped,False,True,True,14.84,0.0,0.0,24,2026-08-05T18:51:08Z,shipped,20260809T230716Z,0.01,0.5,0.0
Presentation Software,presentations,DBZDokkanBattle,ok,289946,permissive,rules,False,True,False,23.75,0.0,0.0,22,2026-08-10T00:08:12Z,measured,20260809T230716Z,0.0,0.0,0.0
Presentation Software,presentations,antiai,ok,276738,permissive,rules,False,True,False,304.68,0.0,0.0,43,2026-08-09T23:18:02Z,measured,20260809T230716Z,0.02,0.0,0.0
Presentation Software,presentations,GlobalOffensiveTrade,ok,246027,permissive,sidebar,True,False,False,0.9,0.0,0.0,93,2026-08-10T00:08:16Z,measured,20260809T230716Z,0.0,0.0,0.0
Presentation Software,presentations,GIMP,ok,242306,permissive,rules,True,False,False,1.21,0.0,0.0,30,2026-08-10T00:08:20Z,measured,20260809T230716Z,0.01,0.0,0.0
Presentation Software,presentations,goblincore,ok,241571,hostile,rules,False,False,False,3.97,0.0,0.0,18,2026-08-10T00:08:24Z,measured,20260809T230716Z,0.0,0.0,0.0
Presentation Software,presentations,GoodAssSub,ok,189826,hostile,rules,False,False,False,57.67,0.0,0.0,34,2026-08-09T23:43:36Z,measured,20260809T230716Z,0.0,0.0,0.0
Presentation Software,presentations,ReverseEngineering,ok,177519,permissive,rules,False,True,False,0.48,0.02,0.0096,33,2026-08-10T00:08:28Z,measured,20260809T230716Z,0.01,0.0,0.0
Presentation Software,presentations,aiwars,ok,161186,permissive,rules,False,True,False,201.53,0.0,0.0,34,2026-08-10T00:08:32Z,measured,20260809T230716Z,0.0,0.0,0.0
Presentation Software,presentations,MarvelStrikeForce,ok,124948,hostile,rules,False,False,False,8.82,0.0,0.0,25,2026-08-10T00:08:36Z,measured,20260809T230716Z,0.0,0.0,0.0
Presentation Software,presentations,PowerMetal,ok,112767,capped,rules,True,False,False,4.13,0.0,0.0,22,2026-08-10T00:08:40Z,measured,20260809T230716Z,0.0,0.0,0.0
Presentation Software,presentations,OshiNoKo,ok,100820,permissive,rules,False,True,False,1.99,0.0,0.0,31,2026-08-10T00:08:44Z,measured,20260809T230716Z,0.0,0.0,0.0
No-code App Builders,no-code,learnprogramming,ok,4395765,permissive,rules,False,True,True,29.79,0.08,2.3832,30,2026-08-05T20:50:15Z,measured,20260809T230716Z,0.0,0.5,1.1916
No-code App Builders,no-code,motorcycles,ok,4378988,permissive,rules,False,True,False,181.95,0.09,16.3755,28,2026-08-05T20:43:43Z,measured,20260809T230716Z,0.0,0.0,0.0
No-code App Builders,no-code,DnD,ok,4283973,permissive,rules,False,True,False,272.34,0.08,21.7872,31,2026-08-05T20:36:15Z,measured,20260809T230716Z,0.0,0.0,0.0
No-code App Builders,no-code,Android,ok,3179436,hostile,rules,True,False,False,50.4,0.06,3.024,21,2026-08-05T20:38:29Z,measured,20260809T230716Z,0.0,0.0,0.0
No-code App Builders,no-code,Justrolledintotheshop,ok,2191711,permissive,rules,False,True,False,54.38,0.02,1.0876,15,2026-08-10T00:08:55Z,measured,20260809T230716Z,0.0,0.0,0.0
No-code App Builders,no-code,MechanicAdvice,ok,2083660,permissive,rules,False,True,False,186.07,0.11,20.4677,23,2026-08-10T00:08:59Z,measured,20260809T230716Z,0.0,0.0,0.0
No-code App Builders,no-code,rpg,ok,1595752,permissive,rules,True,False,False,125.96,0.08,10.0768,20,2026-08-09T23:11:33Z,measured,20260809T230716Z,0.0,0.0,0.0
No-code App Builders,no-code,warriors,ok,1531504,hostile,rules,False,False,False,61.55,0.08,4.924,12,2026-08-10T00:09:04Z,measured,20260809T230716Z,0.0,0.0,0.0
No-code App Builders,no-code,piano,ok,1279942,permissive,rules,False,True,False,29.17,0.06,1.7502,32,2026-08-10T00:09:08Z,measured,20260809T230716Z,0.0,0.0,0.0
No-code App Builders,no-code,ios,ok,990139,permissive,rules,False,True,False,26.39,0.07,1.8473,38,2026-08-05T20:38:50Z,measured,20260809T230716Z,0.0,0.0,0.0
No-code App Builders,no-code,guns,ok,937646,hostile,rules,False,False,False,59.59,0.03,1.7877,24,2026-08-09T23:29:11Z,measured,20260809T230716Z,0.0,0.0,0.0
No-code App Builders,no-code,dndnext,ok,825327,capped,rules,False,True,False,22.91,0.07,1.6037,18,2026-08-09T23:11:41Z,measured,20260809T230716Z,0.0,0.0,0.0
No-code App Builders,no-code,SideProject,ok,799708,permissive,sidebar,False,True,True,53.63,0.03,1.6089,41,2026-08-05T20:32:58Z,measured,20260809T230716Z,0.0,0.5,0.80445
No-code App Builders,no-code,SaaS,ok,771500,hostile,shipped,False,False,False,78.73,0.02,1.5746,49,2026-08-04T17:55:55Z,shipped,20260809T230716Z,0.0,0.5,0.7873
No-code App Builders,no-code,forhire,ok,660133,permissive,shipped,False,True,False,33.95,0.0,0.0,56,2026-08-05T17:45:22Z,shipped,20260809T230716Z,0.0,0.0,0.0
No-code App Builders,no-code,ipad,ok,634133,permissive,rules,False,True,False,11.4,0.08,0.912,42,2026-08-09T23:36:07Z,measured,20260809T230716Z,0.0,0.0,0.0
No-code App Builders,no-code,instantpot,ok,597322,permissive,rules,False,True,False,3.77,0.06,0.2262,8,2026-08-10T00:09:12Z,measured,20260809T230716Z,0.0,0.0,0.0
No-code App Builders,no-code,androidapps,ok,568182,hostile,shipped,False,False,False,7.78,0.05,0.389,40,2026-08-05T18:54:46Z,shipped,20260809T230716Z,0.01,0.0,0.0
No-code App Builders,no-code,Diablo,ok,519369,capped,rules,False,True,False,17.63,0.06,1.0578,9,2026-08-10T00:09:16Z,measured,20260809T230716Z,0.0,0.0,0.0
No-code App Builders,no-code,airsoft,ok,470455,permissive,rules,False,True,False,62.12,0.03,1.8636,31,2026-08-09T23:16:27Z,measured,20260809T230716Z,0.0,0.0,0.0
No-code App Builders,no-code,bindingofisaac,ok,455477,capped,rules,False,True,False,106.53,0.03,3.1959,36,2026-08-10T00:09:20Z,measured,20260809T230716Z,0.0,0.0,0.0
No-code App Builders,no-code,electricvehicles,ok,437810,hostile,rules,False,False,False,252.01,0.07,17.6407,9,2026-08-10T00:09:24Z,measured,20260809T230716Z,0.0,0.0,0.0
No-code App Builders,no-code,ar15,ok,394390,permissive,rules,False,True,False,103.69,0.07,7.2583,31,2026-08-09T23:16:35Z,measured,20260809T230716Z,0.01,0.0,0.0
No-code App Builders,no-code,army,ok,368463,permissive,rules,False,True,False,63.15,0.07,4.4205,26,2026-08-10T00:09:28Z,measured,20260809T230716Z,0.0,0.0,0.0
No-code App Builders,no-code,vibecoding,ok,334458,permissive,rules,False,True,True,76.47,0.02,1.5294,41,2026-08-09T23:44:37Z,measured,20260809T230716Z,0.0,0.5,0.7647
No-code App Builders,no-code,bikewrench,ok,327679,permissive,rules,False,True,False,38.4,0.07,2.688,35,2026-08-05T20:37:35Z,measured,20260809T230716Z,0.0,0.0,0.0
No-code App Builders,no-code,iOSBeta,ok,284957,permissive,rules,False,True,False,2.17,0.07,0.1519,47,2026-08-09T23:50:58Z,measured,20260809T230716Z,0.0,0.0,0.0
No-code App Builders,no-code,antiai,ok,276738,permissive,rules,False,True,False,304.68,0.06,18.2808,43,2026-08-09T23:18:02Z,measured,20260809T230716Z,0.02,0.0,0.0
No-code App Builders,no-code,Chipotle,ok,258831,hostile,rules,False,False,False,32.92,0.03,0.9876,24,2026-08-10T00:09:32Z,measured,20260809T230716Z,0.0,0.0,0.0
No-code App Builders,no-code,Chargers,ok,206862,permissive,rules,False,True,False,29.77,0.04,1.1908,15,2026-08-10T00:09:36Z,measured,20260809T230716Z,0.0,0.0,0.0
No-code App Builders,no-code,AppHookup,ok,206301,hostile,rules,False,False,False,1.08,0.01,0.0108,43,2026-08-10T00:09:40Z,measured,20260809T230716Z,0.0,0.0,0.0
No-code App Builders,no-code,longrange,ok,196634,permissive,rules,False,True,False,49.18,0.05,2.459,13,2026-08-10T00:09:44Z,measured,20260809T230716Z,0.0,0.0,0.0
No-code App Builders,no-code,Pathfinder_RPG,ok,167772,permissive,rules,True,False,False,9.17,0.13,1.1921,15,2026-08-10T00:09:48Z,measured,20260809T230716Z,0.0,0.0,0.0
No-code App Builders,no-code,nocode,ok,135608,permissive,rules,False,True,True,2.35,0.08,0.188,28,2026-08-09T23:44:52Z,measured,20260809T230716Z,0.0,1.0,0.188
Workflow Automation,workflow-automation,todayilearned,ok,41573230,permissive,rules,False,True,False,353.92,0.0,0.0,21,2026-08-05T20:31:42Z,measured,20260809T230716Z,0.0,0.0,0.0
Workflow Automation,workflow-automation,Physics,ok,3239587,capped,rules,False,True,False,10.99,0.0,0.0,19,2026-08-10T00:09:59Z,measured,20260809T230716Z,0.0,0.0,0.0
Workflow Automation,workflow-automation,de,ok,3199330,permissive,rules,False,True,False,50.46,0.0,0.0,28,2026-08-10T00:01:23Z,measured,20260809T230716Z,0.0,0.0,0.0
Workflow Automation,workflow-automation,thenetherlands,ok,1469255,permissive,rules,False,True,False,22.44,0.0,0.0,19,2026-08-10T00:10:03Z,measured,20260809T230716Z,0.0,0.0,0.0
Workflow Automation,workflow-automation,sysadmin,ok,1307123,permissive,shipped,False,True,True,111.96,0.01,1.1196,24,2026-08-04T18:02:01Z,shipped,20260809T230716Z,0.0,0.5,0.5598
Workflow Automation,workflow-automation,Finanzen,ok,1190804,permissive,rules,False,True,False,33.48,0.0,0.0,27,2026-08-10T00:10:07Z,measured,20260809T230716Z,0.01,0.0,0.0
Workflow Automation,workflow-automation,Starfield,ok,952659,hostile,rules,False,False,False,122.76,0.0,0.0,11,2026-08-10T00:10:11Z,measured,20260809T230716Z,0.0,0.0,0.0
Workflow Automation,workflow-automation,selfhosted,ok,813099,hostile,shipped,False,False,False,66.7,0.0,0.0,33,2026-08-04T18:02:09Z,shipped,20260809T230716Z,0.01,0.5,0.0
Workflow Automation,workflow-automation,SaaS,ok,771500,hostile,shipped,False,False,False,78.73,0.0,0.0,49,2026-08-04T17:55:55Z,shipped,20260809T230716Z,0.0,0.5,0.0
Workflow Automation,workflow-automation,Austria,ok,669839,permissive,rules,False,True,False,28.49,0.0,0.0,28,2026-08-10T00:10:15Z,measured,20260809T230716Z,0.01,0.0,0.0
Workflow Automation,workflow-automation,zocken,ok,597777,permissive,rules,False,True,False,15.64,0.0,0.0,15,2026-08-10T00:10:19Z,measured,20260809T230716Z,0.0,0.0,0.0
Workflow Automation,workflow-automation,DigitalMarketing,ok,444371,hostile,shipped,False,False,False,23.37,0.01,0.2337,39,2026-08-04T17:59:42Z,shipped,20260809T230716Z,0.0,0.5,0.11685
Workflow Automation,workflow-automation,AI_Agents,ok,415520,permissive,rules,False,True,True,35.16,0.01,0.3516,48,2026-08-05T20:37:31Z,measured,20260809T230716Z,0.0,0.5,0.1758
Workflow Automation,workflow-automation,FragReddit,ok,404459,permissive,rules,True,False,False,32.89,0.0,0.0,16,2026-08-10T00:10:23Z,measured,20260809T230716Z,0.0,0.0,0.0
Workflow Automation,workflow-automation,nederlands,ok,294802,permissive,rules,False,True,False,110.35,0.0,0.0,30,2026-08-10T00:10:27Z,measured,20260809T230716Z,0.0,0.0,0.0
Workflow Automation,workflow-automation,n8n,ok,251631,hostile,rules,True,False,False,3.39,0.33,1.1187,42,2026-08-10T00:10:31Z,measured,20260809T230716Z,0.0,1.0,1.1187
Workflow Automation,workflow-automation,falcons,ok,230142,hostile,rules,False,False,False,18.79,0.0,0.0,14,2026-08-10T00:10:35Z,measured,20260809T230716Z,0.0,0.0,0.0
Workflow Automation,workflow-automation,de_EDV,ok,228908,permissive,rules,False,True,True,14.56,0.0,0.0,25,2026-08-10T00:01:45Z,measured,20260809T230716Z,0.01,0.5,0.0
Workflow Automation,workflow-automation,automation,ok,225362,permissive,rules,True,False,False,4.73,0.05,0.2365,45,2026-08-10T00:10:39Z,measured,20260809T230716Z,0.0,1.0,0.2365
Workflow Automation,workflow-automation,dankgentina,ok,187737,permissive,rules,False,True,False,5.15,0.0,0.0,23,2026-08-10T00:10:43Z,measured,20260809T230716Z,0.0,0.0,0.0
Workflow Automation,workflow-automation,Argaming,ok,179341,permissive,rules,False,True,False,47.93,0.0,0.0,20,2026-08-10T00:10:47Z,measured,20260809T230716Z,0.0,0.0,0.0
Workflow Automation,workflow-automation,LegaladviceGerman,ok,174874,hostile,rules,False,False,False,13.4,0.0,0.0,25,2026-08-10T00:10:52Z,measured,20260809T230716Z,0.0,0.0,0.0
Workflow Automation,workflow-automation,Klussers,ok,159549,permissive,rules,False,True,False,28.28,0.0,0.0,32,2026-08-10T00:10:56Z,measured,20260809T230716Z,0.0,0.0,0.0
Workflow Automation,workflow-automation,nocode,ok,135608,permissive,rules,False,True,True,2.35,0.02,0.047,28,2026-08-09T23:44:52Z,measured,20260809T230716Z,0.0,1.0,0.047
Workflow Automation,workflow-automation,UIUC,ok,127040,permissive,rules,False,True,False,8.06,0.0,0.0,30,2026-08-10T00:10:59Z,measured,20260809T230716Z,0.0,0.0,0.0
Workflow Automation,workflow-automation,luftablassen,ok,126334,permissive,rules,False,True,False,67.32,0.0,0.0,27,2026-08-10T00:11:03Z,measured,20260809T230716Z,0.0,0.0,0.0
Workflow Automation,workflow-automation,Filme,ok,113621,permissive,rules,False,True,False,21.78,0.0,0.0,20,2026-08-10T00:11:07Z,measured,20260809T230716Z,0.0,0.0,0.0
Workflow Automation,workflow-automation,MarketingAutomation,ok,79457,permissive,shipped,False,True,True,0.64,0.11,0.0704,38,2026-08-05T18:46:43Z,shipped,20260809T230716Z,0.01,1.0,0.0704
Workflow Automation,workflow-automation,AiAutomations,ok,71841,permissive,sidebar,False,True,True,3.49,0.08,0.2792,23,2026-08-10T00:11:11Z,measured,20260809T230716Z,0.0,1.0,0.2792
Workflow Automation,workflow-automation,Staiy,ok,68884,permissive,rules,False,True,False,23.02,0.0,0.0,20,2026-08-10T00:11:15Z,measured,20260809T230716Z,0.03,0.0,0.0
Workflow Automation,workflow-automation,NoSodiumStarfield,ok,58796,permissive,rules,False,True,False,10.21,0.0,0.0,25,2026-08-10T00:11:19Z,measured,20260809T230716Z,0.01,0.0,0.0
Workflow Automation,workflow-automation,Unbeliebtemeinung,ok,43630,permissive,rules,False,True,False,80.59,0.0,0.0,20,2026-08-10T00:11:23Z,measured,20260809T230716Z,0.03,0.0,0.0
Workflow Automation,workflow-automation,n8n_ai_agents,ok,34825,permissive,rules,False,True,True,0.37,0.11,0.0407,26,2026-08-10T00:11:27Z,measured,20260809T230716Z,0.0,1.0,0.0407
Workflow Automation,workflow-automation,Spielstopp,ok,23949,permissive,rules,False,True,False,0.9,0.0,0.0,6,2026-08-10T00:11:31Z,measured,20260809T230716Z,0.0,0.0,0.0
Internal Tools and Admin Panels,internal-tools,food,ok,24541197,permissive,rules,False,True,False,52.09,0.0,0.0,32,2026-08-10T00:11:45Z,measured,20260809T230716Z,0.03,0.0,0.0
Internal Tools and Admin Panels,internal-tools,technology,ok,20452155,permissive,rules,False,True,True,810.1,0.0,0.0,23,2026-08-05T20:30:48Z,measured,20260809T230716Z,0.0,0.5,0.0
Internal Tools and Admin Panels,internal-tools,FoodPorn,ok,8604889,permissive,rules,False,True,False,5.37,0.0,0.0,45,2026-08-09T23:33:59Z,measured,20260809T230716Z,0.0,0.0,0.0
Internal Tools and Admin Panels,internal-tools,programming,ok,6908004,permissive,rules,False,True,True,14.8,0.0,0.0,27,2026-08-05T20:32:15Z,measured,20260809T230716Z,0.0,0.5,0.0
Internal Tools and Admin Panels,internal-tools,HealthyFood,ok,3538076,hostile,rules,False,False,False,0.13,0.0,0.0,65,2026-08-10T00:11:49Z,measured,20260809T230716Z,0.08,0.0,0.0
Internal Tools and Admin Panels,internal-tools,webdev,ok,3291935,hostile,shipped,False,False,False,28.14,0.0,0.0,49,2026-08-04T18:04:28Z,shipped,20260809T230716Z,0.0,0.5,0.0
Internal Tools and Admin Panels,internal-tools,javascript,ok,2446781,permissive,rules,False,True,True,1.83,0.0,0.0,37,2026-08-05T20:41:01Z,measured,20260809T230716Z,0.01,0.5,0.0
Internal Tools and Admin Panels,internal-tools,CryptoMoonShots,ok,2293889,capped,rules,False,True,False,0.55,0.0,0.0,69,2026-08-05T20:36:23Z,measured,20260809T230716Z,0.0,0.0,0.0
Internal Tools and Admin Panels,internal-tools,vegan,ok,1980350,permissive,rules,False,True,False,103.12,0.0,0.0,24,2026-08-10T00:11:54Z,measured,20260809T230716Z,0.03,0.0,0.0
Internal Tools and Admin Panels,internal-tools,DotA2,ok,1774163,permissive,rules,False,True,False,175.39,0.0,0.0,42,2026-08-05T20:52:01Z,measured,20260809T230716Z,0.0,0.0,0.0
Internal Tools and Admin Panels,internal-tools,developersIndia,ok,1579180,permissive,shipped,False,True,True,89.12,0.0,0.0,38,2026-08-05T18:52:36Z,shipped,20260809T230716Z,0.01,0.5,0.0
Internal Tools and Admin Panels,internal-tools,Python,ok,1502437,permissive,rules,False,True,True,12.12,0.0,0.0,15,2026-08-05T20:45:02Z,measured,20260809T230716Z,0.0,0.5,0.0
Internal Tools and Admin Panels,internal-tools,Conservative,ok,1376046,permissive,rules,False,True,False,32.22,0.0,0.0,30,2026-08-05T20:50:23Z,measured,20260809T230716Z,0.0,0.0,0.0
Internal Tools and Admin Panels,internal-tools,sysadmin,ok,1307123,permissive,shipped,False,True,True,111.96,0.0,0.0,24,2026-08-04T18:02:01Z,shipped,20260809T230716Z,0.0,0.5,0.0
Internal Tools and Admin Panels,internal-tools,selfhosted,ok,813099,hostile,shipped,False,False,False,66.7,0.0,0.0,33,2026-08-04T18:02:09Z,shipped,20260809T230716Z,0.01,0.5,0.0
Internal Tools and Admin Panels,internal-tools,SaaS,ok,771500,hostile,shipped,False,False,False,78.73,0.0,0.0,49,2026-08-04T17:55:55Z,shipped,20260809T230716Z,0.0,0.5,0.0
Internal Tools and Admin Panels,internal-tools,playrust,ok,706981,permissive,rules,False,True,False,27.97,0.0,0.0,36,2026-08-10T00:11:58Z,measured,20260809T230716Z,0.0,0.0,0.0
Internal Tools and Admin Panels,internal-tools,1200isplenty,ok,655565,permissive,rules,False,True,False,56.75,0.0,0.0,13,2026-08-09T23:29:27Z,measured,20260809T230716Z,0.0,0.0,0.0
Internal Tools and Admin Panels,internal-tools,eatsandwiches,ok,575848,permissive,rules,False,True,False,4.31,0.0,0.0,17,2026-08-10T00:12:01Z,measured,20260809T230716Z,0.0,0.0,0.0
Internal Tools and Admin Panels,internal-tools,reactjs,ok,510388,permissive,shipped,False,True,True,3.01,0.0,0.0,22,2026-08-04T18:10:39Z,shipped,20260809T230716Z,0.0,0.5,0.0
Internal Tools and Admin Panels,internal-tools,devops,ok,505353,permissive,shipped,False,True,True,10.84,0.0,0.0,29,2026-08-04T18:10:10Z,shipped,20260809T230716Z,0.0,0.5,0.0
Internal Tools and Admin Panels,internal-tools,SEO,ok,501629,hostile,shipped,False,False,False,29.66,0.0,0.0,32,2026-08-04T18:00:36Z,shipped,20260809T230716Z,0.0,0.5,0.0
Internal Tools and Admin Panels,internal-tools,ARK,ok,497523,hostile,rules,False,False,False,22.27,0.0,0.0,33,2026-08-10T00:06:33Z,measured,20260809T230716Z,0.0,0.0,0.0
Internal Tools and Admin Panels,internal-tools,AusLegal,ok,490512,permissive,rules,True,False,False,85.13,0.0,0.0,13,2026-08-10T00:12:05Z,measured,20260809T230716Z,0.0,0.0,0.0
Internal Tools and Admin Panels,internal-tools,ExperiencedDevs,ok,408386,permissive,shipped,False,True,False,13.87,0.0,0.0,15,2026-08-04T17:57:26Z,shipped,20260809T230716Z,0.01,0.5,0.0
Internal Tools and Admin Panels,internal-tools,VeganFoodPorn,ok,408079,permissive,rules,False,True,False,6.02,0.0,0.0,27,2026-08-10T00:12:09Z,measured,20260809T230716Z,0.08,0.0,0.0
Internal Tools and Admin Panels,internal-tools,node,ok,347784,permissive,sidebar,False,True,False,0.83,0.0,0.0,26,2026-08-05T20:50:54Z,measured,20260809T230716Z,0.0,0.5,0.0
Internal Tools and Admin Panels,internal-tools,Frontend,ok,347264,permissive,shipped,False,True,False,0.99,0.0,0.0,22,2026-08-05T17:45:13Z,shipped,20260809T230716Z,0.09,0.5,0.0
Internal Tools and Admin Panels,internal-tools,PutAnEggOnIt,ok,323706,permissive,rules,True,False,False,0.45,0.0,0.0,20,2026-08-10T00:12:13Z,measured,20260809T230716Z,0.03,0.0,0.0
Internal Tools and Admin Panels,internal-tools,Wordpress,ok,312222,hostile,shipped,False,False,False,27.2,0.0,0.0,27,2026-08-05T18:53:01Z,shipped,20260809T230716Z,0.04,0.5,0.0
Internal Tools and Admin Panels,internal-tools,redditrequest,ok,293846,permissive,rules,False,True,False,14.73,0.0,0.0,53,2026-08-10T00:12:17Z,measured,20260809T230716Z,0.0,0.0,0.0
Internal Tools and Admin Panels,internal-tools,BreakfastFood,ok,280643,permissive,rules,False,True,False,2.23,0.0,0.0,21,2026-08-10T00:12:21Z,measured,20260809T230716Z,0.11,0.0,0.0
Internal Tools and Admin Panels,internal-tools,ProductManagement,ok,277068,hostile,rules,True,False,False,11.77,0.0,0.0,11,2026-08-09T23:34:15Z,measured,20260809T230716Z,0.0,0.5,0.0
Internal Tools and Admin Panels,internal-tools,ebikes,ok,273372,permissive,rules,False,True,False,50.86,0.0,0.0,32,2026-08-10T00:12:24Z,measured,20260809T230716Z,0.01,0.0,0.0
Spreadsheet Software,spreadsheets,movies,ok,37560788,permissive,rules,False,True,False,696.25,0.0,0.0,33,2026-08-05T20:42:03Z,measured,20260809T230716Z,0.0,0.0,0.0
Spreadsheet Software,spreadsheets,Showerthoughts,ok,34176852,permissive,rules,False,True,False,26.77,0.0,0.0,35,2026-08-05T20:31:45Z,measured,20260809T230716Z,0.0,0.0,0.0
Spreadsheet Software,spreadsheets,personalfinance,ok,21793986,permissive,rules,False,True,True,195.63,0.0,0.0,36,2026-08-05T20:49:31Z,measured,20260809T230716Z,0.0,0.5,0.0
Spreadsheet Software,spreadsheets,webdev,ok,3291935,hostile,shipped,False,False,False,28.14,0.0,0.0,49,2026-08-04T18:04:28Z,shipped,20260809T230716Z,0.0,0.5,0.0
Spreadsheet Software,spreadsheets,rickandmorty,ok,2840329,hostile,rules,False,False,False,139.85,0.0,0.0,20,2026-08-10T00:12:36Z,measured,20260809T230716Z,0.0,0.0,0.0
Spreadsheet Software,spreadsheets,cscareerquestions,ok,2374167,permissive,shipped,False,True,False,64.4,0.0,0.0,29,2026-08-04T18:09:56Z,shipped,20260809T230716Z,0.0,0.0,0.0
Spreadsheet Software,spreadsheets,Pizza,ok,1919828,hostile,rules,False,False,False,76.25,0.0,0.0,19,2026-08-10T00:12:40Z,measured,20260809T230716Z,0.0,0.0,0.0
Spreadsheet Software,spreadsheets,StardustCrusaders,ok,1832535,permissive,rules,False,True,False,33.22,0.02,0.6644,25,2026-08-09T23:47:37Z,measured,20260809T230716Z,0.0,0.0,0.0
Spreadsheet Software,spreadsheets,piano,ok,1279942,permissive,rules,False,True,False,29.17,0.0,0.0,32,2026-08-10T00:09:08Z,measured,20260809T230716Z,0.0,0.0,0.0
Spreadsheet Software,spreadsheets,ShitPostCrusaders,ok,1225484,permissive,rules,False,True,False,27.27,0.0,0.0,11,2026-08-09T23:54:38Z,measured,20260809T230716Z,0.01,0.0,0.0
Spreadsheet Software,spreadsheets,italy,ok,1143007,permissive,rules,False,True,False,26.68,0.0,0.0,21,2026-08-10T00:12:44Z,measured,20260809T230716Z,0.0,0.0,0.0
Spreadsheet Software,spreadsheets,CrossStitch,ok,1123963,capped,rules,True,False,False,46.7,0.0,0.0,23,2026-08-10T00:12:48Z,measured,20260809T230716Z,0.0,0.0,0.0
Spreadsheet Software,spreadsheets,Warframe,ok,1012942,permissive,rules,False,True,False,287.31,0.0,0.0,29,2026-08-05T20:44:19Z,measured,20260809T230716Z,0.0,0.0,0.0
Spreadsheet Software,spreadsheets,destiny2,ok,954360,hostile,rules,False,False,False,95.26,0.0,0.0,33,2026-08-09T23:17:26Z,measured,20260809T230716Z,0.0,0.0,0.0
Spreadsheet Software,spreadsheets,excel,ok,890352,permissive,rules,True,False,False,16.32,0.1,1.632,29,2026-08-05T20:44:34Z,measured,20260809T230716Z,0.0,1.0,1.632
Spreadsheet Software,spreadsheets,selfhosted,ok,813099,hostile,shipped,False,False,False,66.7,0.0,0.0,33,2026-08-04T18:02:09Z,shipped,20260809T230716Z,0.01,0.5,0.0
Spreadsheet Software,spreadsheets,SideProject,ok,799708,permissive,sidebar,False,True,True,53.63,0.0,0.0,41,2026-08-05T20:32:58Z,measured,20260809T230716Z,0.0,0.5,0.0
Spreadsheet Software,spreadsheets,fivenightsatfreddys,ok,724657,permissive,rules,False,True,False,199.17,0.0,0.0,23,2026-08-05T20:39:02Z,measured,20260809T230716Z,0.0,0.0,0.0
Spreadsheet Software,spreadsheets,shortcuts,ok,564159,permissive,rules,False,True,False,3.59,0.01,0.0359,36,2026-08-09T23:36:12Z,measured,20260809T230716Z,0.01,0.0,0.0
Spreadsheet Software,spreadsheets,devops,ok,505353,permissive,shipped,False,True,True,10.84,0.0,0.0,29,2026-08-04T18:10:10Z,shipped,20260809T230716Z,0.0,0.5,0.0
Spreadsheet Software,spreadsheets,Notion,ok,466690,hostile,shipped,True,False,False,8.19,0.0,0.0,31,2026-08-04T17:57:10Z,shipped,20260809T230716Z,0.33,0.5,0.0
Spreadsheet Software,spreadsheets,leetcode,ok,449063,permissive,rules,False,True,False,13.17,0.0,0.0,46,2026-08-09T23:48:50Z,measured,20260809T230716Z,0.0,0.0,0.0
Spreadsheet Software,spreadsheets,opensource,ok,374254,permissive,rules,False,True,True,7.7,0.01,0.077,64,2026-08-09T23:34:11Z,measured,20260809T230716Z,0.0,0.5,0.0385
Spreadsheet Software,spreadsheets,software,ok,368967,capped,shipped,False,True,True,14.84,0.0,0.0,24,2026-08-05T18:51:08Z,shipped,20260809T230716Z,0.01,0.5,0.0
Spreadsheet Software,spreadsheets,osugame,ok,365553,permissive,rules,False,True,False,30.17,0.0,0.0,27,2026-08-10T00:12:52Z,measured,20260809T230716Z,0.0,0.0,0.0
Spreadsheet Software,spreadsheets,n8n,ok,251631,hostile,rules,True,False,False,3.39,0.06,0.2034,42,2026-08-10T00:10:31Z,measured,20260809T230716Z,0.0,0.5,0.1017
Spreadsheet Software,spreadsheets,automation,ok,225362,permissive,rules,True,False,False,4.73,0.01,0.0473,45,2026-08-10T00:10:39Z,measured,20260809T230716Z,0.0,0.5,0.02365
Spreadsheet Software,spreadsheets,PostHardcore,ok,186937,permissive,rules,False,True,False,4.34,0.05,0.217,28,2026-08-10T00:12:56Z,measured,20260809T230716Z,0.0,0.0,0.0
Spreadsheet Software,spreadsheets,oscarrace,ok,143347,permissive,rules,False,True,False,34.47,0.0,0.0,9,2026-08-10T00:04:28Z,measured,20260809T230716Z,0.0,0.0,0.0
Spreadsheet Software,spreadsheets,memeframe,ok,142783,permissive,rules,False,True,False,28.38,0.0,0.0,21,2026-08-10T00:12:59Z,measured,20260809T230716Z,0.01,0.0,0.0
Spreadsheet Software,spreadsheets,nocode,ok,135608,permissive,rules,False,True,True,2.35,0.01,0.0235,28,2026-08-09T23:44:52Z,measured,20260809T230716Z,0.0,0.5,0.01175
Spreadsheet Software,spreadsheets,gunpolitics,ok,128638,permissive,rules,False,True,False,1.0,0.0,0.0,14,2026-08-10T00:13:03Z,measured,20260809T230716Z,0.0,0.0,0.0
Spreadsheet Software,spreadsheets,ledzeppelin,ok,121358,permissive,rules,False,True,False,6.06,0.0,0.0,27,2026-08-10T00:13:07Z,measured,20260809T230716Z,0.0,0.0,0.0
Spreadsheet Software,spreadsheets,Codependency,ok,112979,hostile,rules,False,False,False,1.41,0.0,0.0,36,2026-08-10T00:13:11Z,measured,20260809T230716Z,0.03,0.0,0.0
Whiteboards and Diagramming,diagramming,funny,ok,67544446,hostile,rules,False,False,False,261.43,0.0,0.0,15,2026-08-05T20:39:24Z,measured,20260809T230716Z,0.0,0.0,0.0
Whiteboards and Diagramming,diagramming,pics,ok,33499498,hostile,rules,False,False,False,109.63,0.0,0.0,28,2026-08-05T20:39:27Z,measured,20260809T230716Z,0.0,0.0,0.0
Whiteboards and Diagramming,diagramming,mildlyinteresting,ok,25317303,permissive,rules,False,True,False,476.83,0.0,0.0,28,2026-08-05T20:39:31Z,measured,20260809T230716Z,0.0,0.0,0.0
Whiteboards and Diagramming,diagramming,mildlyinfuriating,ok,12391722,hostile,rules,False,False,False,1616.36,0.0,0.0,39,2026-08-05T20:32:03Z,measured,20260809T230716Z,0.0,0.0,0.0
Whiteboards and Diagramming,diagramming,programming,ok,6908004,permissive,rules,False,True,True,14.8,0.0,0.0,27,2026-08-05T20:32:15Z,measured,20260809T230716Z,0.0,0.5,0.0
Whiteboards and Diagramming,diagramming,drawing,ok,5779481,hostile,rules,False,False,False,22.81,0.0,0.0,49,2026-08-05T20:40:21Z,measured,20260809T230716Z,0.06,0.0,0.0
Whiteboards and Diagramming,diagramming,pokemon,ok,4904029,hostile,rules,False,False,False,91.34,0.0,0.0,41,2026-08-05T20:46:30Z,measured,20260809T230716Z,0.0,0.0,0.0
Whiteboards and Diagramming,diagramming,StarWars,ok,4673397,permissive,rules,False,True,False,49.39,0.01,0.4939,35,2026-08-10T00:13:25Z,measured,20260809T230716Z,0.0,0.0,0.0
Whiteboards and Diagramming,diagramming,CFB,ok,4493125,permissive,rules,False,True,False,239.58,0.0,0.0,25,2026-08-05T20:48:39Z,measured,20260809T230716Z,0.0,0.0,0.0
Whiteboards and Diagramming,diagramming,teenagers,ok,3640703,hostile,rules,False,False,False,1532.95,0.0,0.0,50,2026-08-05T20:35:10Z,measured,20260809T230716Z,0.0,0.0,0.0
Whiteboards and Diagramming,diagramming,DestinyTheGame,ok,3373336,hostile,rules,True,False,False,58.94,0.0,0.0,23,2026-08-09T23:16:57Z,measured,20260809T230716Z,0.03,0.0,0.0
Whiteboards and Diagramming,diagramming,webdev,ok,3291935,hostile,shipped,False,False,False,28.14,0.0,0.0,49,2026-08-04T18:04:28Z,shipped,20260809T230716Z,0.0,0.5,0.0
Whiteboards and Diagramming,diagramming,javascript,ok,2446781,permissive,rules,False,True,True,1.83,0.0,0.0,37,2026-08-05T20:41:01Z,measured,20260809T230716Z,0.01,0.5,0.0
Whiteboards and Diagramming,diagramming,architecture,ok,2038184,permissive,rules,False,True,True,10.99,0.01,0.1099,31,2026-08-09T23:37:51Z,measured,20260809T230716Z,0.0,0.5,0.05495
Whiteboards and Diagramming,diagramming,linux,ok,1899530,permissive,rules,False,True,False,73.77,0.0,0.0,15,2026-08-05T20:38:46Z,measured,20260809T230716Z,0.0,0.0,0.0
Whiteboards and Diagramming,diagramming,StardustCrusaders,ok,1832535,permissive,rules,False,True,False,33.22,0.0,0.0,25,2026-08-09T23:47:37Z,measured,20260809T230716Z,0.0,0.0,0.0
Whiteboards and Diagramming,diagramming,sysadmin,ok,1307123,permissive,shipped,False,True,True,111.96,0.0,0.0,24,2026-08-04T18:02:01Z,shipped,20260809T230716Z,0.0,0.5,0.0
Whiteboards and Diagramming,diagramming,homelab,ok,1064059,capped,shipped,False,True,True,59.72,0.02,1.1944,26,2026-08-04T18:10:45Z,shipped,20260809T230716Z,0.0,0.5,0.5972
Whiteboards and Diagramming,diagramming,jacksepticeye,ok,1043348,hostile,rules,False,False,False,0.96,0.0,0.0,19,2026-08-10T00:13:29Z,measured,20260809T230716Z,0.0,0.0,0.0
Whiteboards and Diagramming,diagramming,destiny2,ok,954360,hostile,rules,False,False,False,95.26,0.0,0.0,33,2026-08-09T23:17:26Z,measured,20260809T230716Z,0.0,0.0,0.0
Whiteboards and Diagramming,diagramming,PenmanshipPorn,ok,926464,permissive,rules,False,True,False,2.19,0.0,0.0,13,2026-08-09T23:32:47Z,measured,20260809T230716Z,0.0,0.0,0.0
Whiteboards and Diagramming,diagramming,doodles,ok,645370,permissive,rules,False,True,False,4.27,0.0,0.0,32,2026-08-10T00:13:32Z,measured,20260809T230716Z,0.0,0.0,0.0
Whiteboards and Diagramming,diagramming,Diablo,ok,519369,capped,rules,False,True,False,17.63,0.01,0.1763,9,2026-08-10T00:09:16Z,measured,20260809T230716Z,0.0,0.0,0.0
Whiteboards and Diagramming,diagramming,devops,ok,505353,permissive,shipped,False,True,True,10.84,0.01,0.1084,29,2026-08-04T18:10:10Z,shipped,20260809T230716Z,0.0,0.5,0.0542
Whiteboards and Diagramming,diagramming,networking,ok,447394,hostile,rules,False,False,False,12.18,0.01,0.1218,20,2026-08-09T23:27:48Z,measured,20260809T230716Z,0.0,0.5,0.0609
Whiteboards and Diagramming,diagramming,SatisfactoryGame,ok,445804,permissive,rules,True,False,False,49.28,0.0,0.0,24,2026-08-09T23:16:31Z,measured,20260809T230716Z,0.06,0.0,0.0
Whiteboards and Diagramming,diagramming,knives,ok,384153,permissive,rules,False,True,False,49.28,0.0,0.0,29,2026-08-09T23:33:03Z,measured,20260809T230716Z,0.0,0.0,0.0
Whiteboards and Diagramming,diagramming,software,ok,368967,capped,shipped,False,True,True,14.84,0.0,0.0,24,2026-08-05T18:51:08Z,shipped,20260809T230716Z,0.01,0.5,0.0
Whiteboards and Diagramming,diagramming,DestinyFashion,ok,292234,permissive,rules,False,True,False,10.93,0.0,0.0,33,2026-08-10T00:13:37Z,measured,20260809T230716Z,0.03,0.0,0.0
Whiteboards and Diagramming,diagramming,SQL,ok,286778,permissive,shipped,False,True,True,1.86,0.0,0.0,26,2026-08-04T18:08:33Z,shipped,20260809T230716Z,0.0,0.5,0.0
Whiteboards and Diagramming,diagramming,LSAT,ok,246329,permissive,rules,False,True,False,55.47,0.0,0.0,29,2026-08-10T00:13:41Z,measured,20260809T230716Z,0.0,0.0,0.0
Whiteboards and Diagramming,diagramming,knifeclub,ok,219067,permissive,rules,False,True,False,13.58,0.0,0.0,32,2026-08-10T00:13:45Z,measured,20260809T230716Z,0.0,0.0,0.0
Whiteboards and Diagramming,diagramming,grammar,ok,215662,permissive,rules,False,True,False,2.85,0.0,0.0,36,2026-08-10T00:13:49Z,measured,20260809T230716Z,0.0,0.0,0.0
Whiteboards and Diagramming,diagramming,billiards,ok,201403,permissive,rules,False,True,False,40.35,0.0,0.0,18,2026-08-10T00:13:53Z,measured,20260809T230716Z,0.0,0.0,0.0
Wikis and Knowledge Bases,wikis,worldnews,ok,47508421,permissive,rules,False,True,False,735.82,0.0,0.0,23,2026-08-05T20:37:49Z,measured,20260809T230716Z,0.0,0.0,0.0
Wikis and Knowledge Bases,wikis,books,ok,27224884,permissive,rules,False,True,False,71.26,0.0,0.0,34,2026-08-05T20:33:09Z,measured,20260809T230716Z,0.05,0.0,0.0
Wikis and Knowledge Bases,wikis,mildlyinteresting,ok,25317303,permissive,rules,False,True,False,476.83,0.0,0.0,28,2026-08-05T20:39:31Z,measured,20260809T230716Z,0.0,0.0,0.0
Wikis and Knowledge Bases,wikis,ChatGPT,ok,11588013,permissive,rules,True,False,False,137.0,0.0,0.0,34,2026-08-05T20:51:16Z,measured,20260809T230716Z,0.05,0.0,0.0
Wikis and Knowledge Bases,wikis,politics,ok,9230904,permissive,rules,False,True,False,1200.88,0.0,0.0,48,2026-08-05T20:32:07Z,measured,20260809T230716Z,0.0,0.0,0.0
Wikis and Knowledge Bases,wikis,leagueoflegends,ok,8439238,permissive,rules,False,True,False,233.23,0.0,0.0,38,2026-08-05T20:44:58Z,measured,20260809T230716Z,0.0,0.0,0.0
Wikis and Knowledge Bases,wikis,Parenting,ok,8272841,permissive,rules,False,True,False,152.14,0.0,0.0,24,2026-08-10T00:14:08Z,measured,20260809T230716Z,0.0,0.0,0.0
Wikis and Knowledge Bases,wikis,programming,ok,6908004,permissive,rules,False,True,True,14.8,0.0,0.0,27,2026-08-05T20:32:15Z,measured,20260809T230716Z,0.0,0.5,0.0
Wikis and Knowledge Bases,wikis,manga,ok,4798439,permissive,rules,False,True,False,65.59,0.0,0.0,41,2026-08-10T00:14:12Z,measured,20260809T230716Z,0.0,0.0,0.0
Wikis and Knowledge Bases,wikis,ThriftStoreHauls,ok,4135750,hostile,rules,False,False,False,92.54,0.0,0.0,26,2026-08-09T23:32:39Z,measured,20260809T230716Z,0.0,0.0,0.0
Wikis and Knowledge Bases,wikis,compsci,ok,3992725,permissive,rules,False,True,True,0.38,0.0,0.0,38,2026-08-09T23:45:53Z,measured,20260809T230716Z,0.0,0.5,0.0
Wikis and Knowledge Bases,wikis,ethereum,ok,3728501,permissive,rules,False,True,False,7.84,0.02,0.1568,4,2026-08-10T00:14:16Z,measured,20260809T230716Z,0.0,0.0,0.0
Wikis and Knowledge Bases,wikis,webdev,ok,3291935,hostile,shipped,False,False,False,28.14,0.0,0.0,49,2026-08-04T18:04:28Z,shipped,20260809T230716Z,0.0,0.5,0.0
Wikis and Knowledge Bases,wikis,raspberry_pi,ok,3285218,permissive,shipped,False,True,False,2.19,0.0,0.0,35,2026-08-05T18:53:23Z,shipped,20260809T230716Z,0.0,0.0,0.0
Wikis and Knowledge Bases,wikis,StardewValley,ok,3265029,capped,rules,False,True,False,135.52,0.0,0.0,31,2026-08-05T20:48:47Z,measured,20260809T230716Z,0.0,0.0,0.0
Wikis and Knowledge Bases,wikis,astrophotography,ok,2639472,hostile,rules,False,False,False,4.67,0.01,0.0467,48,2026-08-10T00:14:19Z,measured,20260809T230716Z,0.08,0.0,0.0
Wikis and Knowledge Bases,wikis,conspiracy,ok,2408472,permissive,rules,False,True,False,442.86,0.0,0.0,33,2026-08-05T20:36:19Z,measured,20260809T230716Z,0.0,0.0,0.0
Wikis and Knowledge Bases,wikis,Screenwriting,ok,1770857,capped,rules,False,True,False,30.7,0.01,0.307,25,2026-08-10T00:14:23Z,measured,20260809T230716Z,0.0,0.0,0.0
Wikis and Knowledge Bases,wikis,Terraria,ok,1628072,permissive,rules,False,True,False,58.18,0.0,0.0,40,2026-08-10T00:14:27Z,measured,20260809T230716Z,0.0,0.0,0.0
Wikis and Knowledge Bases,wikis,2007scape,ok,1382148,permissive,rules,False,True,False,417.23,0.02,8.3446,41,2026-08-05T20:32:50Z,measured,20260809T230716Z,0.0,0.0,0.0
Wikis and Knowledge Bases,wikis,sysadmin,ok,1307123,permissive,shipped,False,True,True,111.96,0.0,0.0,24,2026-08-04T18:02:01Z,shipped,20260809T230716Z,0.0,0.5,0.0
Wikis and Knowledge Bases,wikis,ClaudeAI,ok,1068447,permissive,rules,True,False,False,78.83,0.0,0.0,45,2026-08-09T23:40:26Z,measured,20260809T230716Z,0.0,0.0,0.0
Wikis and Knowledge Bases,wikis,homelab,ok,1064059,capped,shipped,False,True,True,59.72,0.0,0.0,26,2026-08-04T18:10:45Z,shipped,20260809T230716Z,0.0,0.5,0.0
Wikis and Knowledge Bases,wikis,tf2,ok,958635,hostile,rules,False,False,False,68.25,0.0,0.0,49,2026-08-05T20:44:26Z,measured,20260809T230716Z,0.0,0.0,0.0
Wikis and Knowledge Bases,wikis,selfhosted,ok,813099,hostile,shipped,False,False,False,66.7,0.02,1.334,33,2026-08-04T18:02:09Z,shipped,20260809T230716Z,0.01,0.5,0.667
Wikis and Knowledge Bases,wikis,SCP,ok,812122,hostile,rules,False,False,False,16.04,0.0,0.0,32,2026-08-10T00:14:32Z,measured,20260809T230716Z,0.0,0.0,0.0
Wikis and Knowledge Bases,wikis,SideProject,ok,799708,permissive,sidebar,False,True,True,53.63,0.0,0.0,41,2026-08-05T20:32:58Z,measured,20260809T230716Z,0.0,0.5,0.0
Wikis and Knowledge Bases,wikis,LocalLLaMA,ok,795419,permissive,rules,False,True,True,53.71,0.0,0.0,39,2026-08-09T23:17:34Z,measured,20260809T230716Z,0.01,0.5,0.0
Wikis and Knowledge Bases,wikis,wikipedia,ok,667843,permissive,rules,False,True,True,12.89,0.0,0.0,23,2026-08-10T00:14:35Z,measured,20260809T230716Z,0.0,1.0,0.0
Wikis and Knowledge Bases,wikis,52book,ok,664216,permissive,rules,False,True,False,4.91,0.0,0.0,18,2026-08-05T20:34:23Z,measured,20260809T230716Z,0.0,0.0,0.0
Wikis and Knowledge Bases,wikis,stalker,ok,592593,permissive,rules,False,True,False,37.5,0.0,0.0,31,2026-08-10T00:08:01Z,measured,20260809T230716Z,0.02,0.0,0.0
Wikis and Knowledge Bases,wikis,netsec,ok,568429,permissive,shipped,False,True,True,0.65,0.02,0.013,29,2026-08-04T18:01:51Z,shipped,20260809T230716Z,0.0,0.5,0.0065
Wikis and Knowledge Bases,wikis,Guildwars2,ok,424997,permissive,rules,False,True,False,31.87,0.01,0.3187,26,2026-08-10T00:14:40Z,measured,20260809T230716Z,0.0,0.0,0.0
Wikis and Knowledge Bases,wikis,rust,ok,416783,permissive,shipped,False,True,False,23.67,0.0,0.0,24,2026-08-05T18:53:37Z,shipped,20260809T230716Z,0.0,0.5,0.0
Translation and Localization,localization,funny,ok,67544446,hostile,rules,False,False,False,261.43,0.01,2.6143,15,2026-08-05T20:39:24Z,measured,20260809T230716Z,0.0,0.0,0.0
Translation and Localization,localization,memes,ok,35945324,permissive,rules,False,True,False,543.38,0.01,5.4338,25,2026-08-05T20:34:45Z,measured,20260809T230716Z,0.0,0.0,0.0
Translation and Localization,localization,europe,ok,11642130,permissive,rules,False,True,False,102.23,0.04,4.0892,25,2026-08-09T23:31:28Z,measured,20260809T230716Z,0.0,0.0,0.0
Translation and Localization,localization,Minecraft,ok,8732564,permissive,rules,False,True,False,191.2,0.01,1.912,55,2026-08-05T20:32:11Z,measured,20260809T230716Z,0.0,0.0,0.0
Translation and Localization,localization,teenagers,ok,3640703,hostile,rules,False,False,False,1532.95,0.0,0.0,50,2026-08-05T20:35:10Z,measured,20260809T230716Z,0.0,0.0,0.0
Translation and Localization,localization,Games,ok,3563588,permissive,rules,False,True,False,72.2,0.06,4.332,28,2026-08-09T23:15:39Z,measured,20260809T230716Z,0.01,0.0,0.0
Translation and Localization,localization,google,ok,3506218,permissive,rules,True,False,False,25.47,0.0,0.0,22,2026-08-05T20:52:25Z,measured,20260809T230716Z,0.0,0.0,0.0
Translation and Localization,localization,PewdiepieSubmissions,ok,3425669,hostile,rules,False,False,False,2.7,0.02,0.054,7,2026-08-09T23:27:36Z,measured,20260809T230716Z,0.0,0.0,0.0
Translation and Localization,localization,languagelearning,ok,3389977,permissive,rules,False,True,False,16.11,0.03,0.4833,32,2026-08-10T00:14:54Z,measured,20260809T230716Z,0.0,0.0,0.0
Translation and Localization,localization,Android,ok,3179436,hostile,rules,True,False,False,50.4,0.01,0.504,21,2026-08-05T20:38:29Z,measured,20260809T230716Z,0.0,0.0,0.0
Translation and Localization,localization,gamedev,ok,2047614,hostile,rules,False,False,False,78.03,0.04,3.1212,18,2026-08-05T20:37:07Z,measured,20260809T230716Z,0.0,0.5,1.5606
Translation and Localization,localization,Hololive,ok,1514478,hostile,rules,False,False,False,47.62,0.0,0.0,37,2026-08-05T20:41:13Z,measured,20260809T230716Z,0.0,0.0,0.0
Translation and Localization,localization,ShitPostCrusaders,ok,1225484,permissive,rules,False,True,False,27.27,0.12,3.2724,11,2026-08-09T23:54:38Z,measured,20260809T230716Z,0.01,0.0,0.0
Translation and Localization,localization,copypasta,ok,1198858,permissive,rules,False,True,False,4.14,0.02,0.0828,36,2026-08-09T23:47:45Z,measured,20260809T230716Z,0.0,0.0,0.0
Translation and Localization,localization,engrish,ok,857615,permissive,rules,False,True,False,5.3,0.07,0.371,20,2026-08-05T20:38:53Z,measured,20260809T230716Z,0.0,0.0,0.0
Translation and Localization,localization,anime_titties,ok,666867,permissive,rules,False,True,False,59.34,0.04,2.3736,14,2026-08-10T00:14:58Z,measured,20260809T230716Z,0.0,0.0,0.0
Translation and Localization,localization,visualnovels,ok,625785,permissive,rules,False,True,False,24.18,0.07,1.6926,25,2026-08-10T00:15:02Z,measured,20260809T230716Z,0.0,0.0,0.0
Translation and Localization,localization,fireemblem,ok,553662,permissive,sidebar,False,True,False,80.38,0.12,9.6456,45,2026-08-10T00:15:06Z,measured,20260809T230716Z,0.0,0.0,0.0
Translation and Localization,localization,UkrainianConflict,ok,486840,permissive,shipped,False,True,False,50.43,0.01,0.5043,30,2026-08-05T18:53:51Z,shipped,20260809T230716Z,0.12,0.0,0.0
Translation and Localization,localization,russian,ok,406784,permissive,rules,False,True,False,14.38,0.11,1.5818,31,2026-08-10T00:15:10Z,measured,20260809T230716Z,0.02,0.0,0.0
Translation and Localization,localization,exmormon,ok,347252,permissive,rules,False,True,False,93.39,0.04,3.7356,33,2026-08-09T23:22:00Z,measured,20260809T230716Z,0.0,0.0,0.0
Translation and Localization,localization,grandorder,ok,339438,hostile,rules,False,False,False,14.65,0.04,0.586,28,2026-08-10T00:15:14Z,measured,20260809T230716Z,0.0,0.0,0.0
Translation and Localization,localization,TamilNadu,ok,324154,hostile,rules,False,False,False,3.46,0.03,0.1038,28,2026-08-10T00:15:18Z,measured,20260809T230716Z,0.0,0.0,0.0
Translation and Localization,localization,JRPG,ok,323254,capped,rules,False,True,False,65.0,0.11,7.15,28,2026-08-10T00:15:22Z,measured,20260809T230716Z,0.0,0.0,0.0
Translation and Localization,localization,translator,ok,304398,permissive,rules,True,False,False,20.47,0.01,0.2047,30,2026-08-10T00:15:26Z,measured,20260809T230716Z,0.0,1.0,0.2047
Translation and Localization,localization,VirtualYoutubers,ok,277760,permissive,rules,False,True,False,29.1,0.05,1.455,24,2026-08-10T00:15:30Z,measured,20260809T230716Z,0.0,0.0,0.0
Translation and Localization,localization,Re_Zero,ok,265641,permissive,rules,False,True,False,9.77,0.02,0.1954,29,2026-08-10T00:15:35Z,measured,20260809T230716Z,0.0,0.0,0.0
Translation and Localization,localization,vita,ok,171390,capped,rules,False,True,False,3.09,0.01,0.0309,14,2026-08-10T00:15:39Z,measured,20260809T230716Z,0.0,0.0,0.0
Translation and Localization,localization,noveltranslations,ok,169815,hostile,rules,False,False,False,1.43,0.12,0.1716,30,2026-08-10T00:15:43Z,measured,20260809T230716Z,0.01,0.5,0.0858
Translation and Localization,localization,KotakuInAction,ok,166183,permissive,rules,True,False,False,20.64,0.09,1.8576,22,2026-08-09T23:12:17Z,measured,20260809T230716Z,0.0,0.0,0.0
Translation and Localization,localization,AceAttorney,ok,153772,permissive,rules,False,True,False,13.51,0.04,0.5404,26,2026-08-10T00:15:47Z,measured,20260809T230716Z,0.0,0.0,0.0
Translation and Localization,localization,japanese,ok,149031,hostile,rules,False,False,False,1.54,0.0,0.0,36,2026-08-10T00:15:51Z,measured,20260809T230716Z,0.0,0.5,0.0
Translation and Localization,localization,latin,ok,137613,permissive,rules,False,True,True,2.37,0.06,0.1422,28,2026-08-10T00:15:55Z,measured,20260809T230716Z,0.01,0.5,0.0711
Translation and Localization,localization,otomegames,ok,136179,hostile,rules,False,False,False,4.07,0.14,0.5698,31,2026-08-10T00:15:59Z,measured,20260809T230716Z,0.0,0.5,0.2849
Grammar and Writing Assistants,writing-assistants,funny,ok,67544446,hostile,rules,False,False,False,261.43,0.0,0.0,15,2026-08-05T20:39:24Z,measured,20260809T230716Z,0.0,0.0,0.0
Grammar and Writing Assistants,writing-assistants,AskReddit,ok,59332757,hostile,rules,True,False,False,5616.43,0.01,56.1643,57,2026-08-05T20:31:38Z,measured,20260809T230716Z,0.0,0.0,0.0
Grammar and Writing Assistants,writing-assistants,todayilearned,ok,41573230,permissive,rules,False,True,False,353.92,0.0,0.0,21,2026-08-05T20:31:42Z,measured,20260809T230716Z,0.0,0.0,0.0
Grammar and Writing Assistants,writing-assistants,aww,ok,37846716,permissive,rules,False,True,False,130.65,0.0,0.0,18,2026-08-05T20:34:41Z,measured,20260809T230716Z,0.0,0.0,0.0
Grammar and Writing Assistants,writing-assistants,memes,ok,35945324,permissive,rules,False,True,False,543.38,0.01,5.4338,25,2026-08-05T20:34:45Z,measured,20260809T230716Z,0.0,0.0,0.0
Grammar and Writing Assistants,writing-assistants,science,ok,34486351,permissive,rules,False,True,False,113.87,0.01,1.1387,18,2026-08-05T20:34:49Z,measured,20260809T230716Z,0.0,0.0,0.0
Grammar and Writing Assistants,writing-assistants,Showerthoughts,ok,34176852,permissive,rules,False,True,False,26.77,0.0,0.0,35,2026-08-05T20:31:45Z,measured,20260809T230716Z,0.0,0.0,0.0
Grammar and Writing Assistants,writing-assistants,news,ok,31498350,permissive,rules,False,True,False,365.16,0.0,0.0,14,2026-08-09T23:56:49Z,measured,20260809T230716Z,0.0,0.0,0.0
Grammar and Writing Assistants,writing-assistants,food,ok,24541197,permissive,rules,False,True,False,52.09,0.0,0.0,32,2026-08-10T00:11:45Z,measured,20260809T230716Z,0.03,0.0,0.0
Grammar and Writing Assistants,writing-assistants,WritingPrompts,ok,18869574,permissive,rules,False,True,False,15.64,0.03,0.4692,49,2026-08-05T20:31:53Z,measured,20260809T230716Z,0.0,0.0,0.0
Grammar and Writing Assistants,writing-assistants,mildlyinfuriating,ok,12391722,hostile,rules,False,False,False,1616.36,0.0,0.0,39,2026-08-05T20:32:03Z,measured,20260809T230716Z,0.0,0.0,0.0
Grammar and Writing Assistants,writing-assistants,ChatGPT,ok,11588013,permissive,rules,True,False,False,137.0,0.0,0.0,34,2026-08-05T20:51:16Z,measured,20260809T230716Z,0.05,1.0,0.0
Grammar and Writing Assistants,writing-assistants,cats,ok,9341127,hostile,rules,False,False,False,897.19,0.0,0.0,23,2026-08-05T20:46:22Z,measured,20260809T230716Z,0.0,0.0,0.0
Grammar and Writing Assistants,writing-assistants,politics,ok,9230904,permissive,rules,False,True,False,1200.88,0.01,12.0088,48,2026-08-05T20:32:07Z,measured,20260809T230716Z,0.0,0.0,0.0
Grammar and Writing Assistants,writing-assistants,apple,ok,6409592,permissive,rules,True,False,False,42.96,0.0,0.0,31,2026-08-05T20:38:08Z,measured,20260809T230716Z,0.0,0.0,0.0
Grammar and Writing Assistants,writing-assistants,dankmemes,ok,5894560,permissive,rules,False,True,False,28.17,0.0,0.0,27,2026-08-09T23:27:28Z,measured,20260809T230716Z,0.0,0.0,0.0
Grammar and Writing Assistants,writing-assistants,hiphopheads,ok,5454413,permissive,rules,False,True,False,81.31,0.0,0.0,18,2026-08-05T20:33:17Z,measured,20260809T230716Z,0.03,0.0,0.0
Grammar and Writing Assistants,writing-assistants,scifi,ok,4488709,permissive,rules,False,True,False,56.75,0.0,0.0,15,2026-08-10T00:16:14Z,measured,20260809T230716Z,0.0,0.0,0.0
Grammar and Writing Assistants,writing-assistants,teenagers,ok,3640703,hostile,rules,False,False,False,1532.95,0.0,0.0,50,2026-08-05T20:35:10Z,measured,20260809T230716Z,0.0,0.0,0.0
Grammar and Writing Assistants,writing-assistants,writing,ok,3414411,permissive,shipped,False,True,True,50.54,0.01,0.5054,17,2026-08-05T17:44:43Z,shipped,20260809T230716Z,0.0,0.5,0.2527
Grammar and Writing Assistants,writing-assistants,languagelearning,ok,3389977,permissive,rules,False,True,True,16.11,0.02,0.3222,32,2026-08-10T00:14:54Z,measured,20260809T230716Z,0.0,0.5,0.1611
Grammar and Writing Assistants,writing-assistants,StardewValley,ok,3265029,capped,rules,False,True,False,135.52,0.0,0.0,31,2026-08-05T20:48:47Z,measured,20260809T230716Z,0.0,0.0,0.0
Grammar and Writing Assistants,writing-assistants,assholedesign,ok,3122950,permissive,rules,False,True,False,11.79,0.0,0.0,11,2026-08-05T20:32:31Z,measured,20260809T230716Z,0.0,0.0,0.0
Grammar and Writing Assistants,writing-assistants,conspiracy,ok,2408472,permissive,rules,False,True,False,442.86,0.0,0.0,33,2026-08-05T20:36:19Z,measured,20260809T230716Z,0.0,0.0,0.0
Grammar and Writing Assistants,writing-assistants,softwaregore,ok,1959835,permissive,rules,False,True,False,12.92,0.01,0.1292,37,2026-08-05T20:38:42Z,measured,20260809T230716Z,0.0,0.0,0.0
Grammar and Writing Assistants,writing-assistants,Screenwriting,ok,1770857,capped,rules,False,True,True,30.7,0.01,0.307,25,2026-08-10T00:14:23Z,measured,20260809T230716Z,0.0,0.5,0.1535
Grammar and Writing Assistants,writing-assistants,privacy,ok,1652332,hostile,shipped,False,False,False,42.96,0.01,0.4296,15,2026-08-04T18:01:36Z,shipped,20260809T230716Z,0.0,0.0,0.0
Grammar and Writing Assistants,writing-assistants,GPT3,ok,1414221,hostile,rules,False,False,False,0.24,0.0,0.0,41,2026-08-10T00:16:18Z,measured,20260809T230716Z,0.0,1.0,0.0
Grammar and Writing Assistants,writing-assistants,Conservative,ok,1376046,permissive,rules,False,True,False,32.22,0.0,0.0,30,2026-08-05T20:50:23Z,measured,20260809T230716Z,0.0,0.0,0.0
Grammar and Writing Assistants,writing-assistants,ApplyingToCollege,ok,1336599,permissive,rules,False,True,True,79.76,0.0,0.0,25,2026-08-10T00:16:22Z,measured,20260809T230716Z,0.0,0.5,0.0
Grammar and Writing Assistants,writing-assistants,artificial,ok,1319126,permissive,rules,False,True,True,33.89,0.0,0.0,18,2026-08-05T20:47:08Z,measured,20260809T230716Z,0.0,0.5,0.0
Grammar and Writing Assistants,writing-assistants,rupaulsdragrace,ok,1270790,hostile,rules,False,False,False,70.7,0.04,2.828,25,2026-08-05T20:42:39Z,measured,20260809T230716Z,0.0,0.0,0.0
Grammar and Writing Assistants,writing-assistants,copypasta,ok,1198858,permissive,rules,False,True,False,4.14,0.0,0.0,36,2026-08-09T23:47:45Z,measured,20260809T230716Z,0.0,0.0,0.0
Grammar and Writing Assistants,writing-assistants,ClaudeAI,ok,1068447,permissive,rules,True,False,False,78.83,0.01,0.7883,45,2026-08-09T23:40:26Z,measured,20260809T230716Z,0.0,1.0,0.7883
AI Chat Assistants,ai-assistants,technology,ok,20452155,permissive,rules,False,True,True,810.1,0.02,16.202,23,2026-08-05T20:30:48Z,measured,20260809T230716Z,0.0,0.5,8.101
AI Chat Assistants,ai-assistants,ChatGPT,ok,11588013,permissive,rules,True,False,False,137.0,0.15,20.55,34,2026-08-05T20:51:16Z,measured,20260809T230716Z,0.05,1.0,20.55
AI Chat Assistants,ai-assistants,me_irl,ok,7922314,permissive,rules,False,True,False,351.07,0.0,0.0,9,2026-08-10T00:16:33Z,measured,20260809T230716Z,0.0,0.0,0.0
AI Chat Assistants,ai-assistants,singularity,ok,3948481,permissive,rules,True,False,False,138.46,0.02,2.7692,18,2026-08-05T20:46:37Z,measured,20260809T230716Z,0.0,0.5,1.3846
AI Chat Assistants,ai-assistants,PrequelMemes,ok,3814570,hostile,rules,False,False,False,12.26,0.0,0.0,11,2026-08-10T00:16:37Z,measured,20260809T230716Z,0.0,0.0,0.0
AI Chat Assistants,ai-assistants,hockey,ok,3111192,permissive,rules,False,True,False,303.16,0.0,0.0,17,2026-08-05T20:46:47Z,measured,20260809T230716Z,0.0,0.0,0.0
AI Chat Assistants,ai-assistants,OpenAI,ok,2829361,permissive,rules,True,False,False,34.67,0.06,2.0802,31,2026-08-05T20:51:53Z,measured,20260809T230716Z,0.0,1.0,2.0802
AI Chat Assistants,ai-assistants,CharacterAI,ok,2624572,hostile,rules,True,False,False,118.03,0.16,18.8848,16,2026-08-05T20:38:37Z,measured,20260809T230716Z,0.0,1.0,18.8848
AI Chat Assistants,ai-assistants,ArtificialInteligence,ok,1894137,permissive,rules,False,True,False,46.01,0.0,0.0,36,2026-08-05T20:47:00Z,measured,20260809T230716Z,0.0,0.5,0.0
AI Chat Assistants,ai-assistants,bleach,ok,1508833,hostile,rules,False,False,False,66.43,0.0,0.0,25,2026-08-10T00:16:41Z,measured,20260809T230716Z,0.0,0.0,0.0
AI Chat Assistants,ai-assistants,GPT3,ok,1414221,hostile,rules,False,False,False,0.24,0.31,0.0744,41,2026-08-10T00:16:18Z,measured,20260809T230716Z,0.0,1.0,0.0744
AI Chat Assistants,ai-assistants,artificial,ok,1319126,permissive,rules,False,True,False,33.89,0.02,0.6778,18,2026-08-05T20:47:08Z,measured,20260809T230716Z,0.0,0.5,0.3389
AI Chat Assistants,ai-assistants,technews,ok,1096455,permissive,rules,False,True,False,19.92,0.01,0.1992,5,2026-08-09T23:17:17Z,measured,20260809T230716Z,0.0,0.0,0.0
AI Chat Assistants,ai-assistants,ClaudeAI,ok,1068447,permissive,rules,True,False,False,78.83,0.07,5.5181,45,2026-08-09T23:40:26Z,measured,20260809T230716Z,0.0,1.0,5.5181
AI Chat Assistants,ai-assistants,StableDiffusion,ok,988844,permissive,rules,True,False,False,131.73,0.02,2.6346,46,2026-08-10T00:06:21Z,measured,20260809T230716Z,0.0,0.0,0.0
AI Chat Assistants,ai-assistants,ChatGPTPromptGenius,ok,809530,permissive,rules,False,True,True,2.25,0.28,0.63,22,2026-08-10T00:16:45Z,measured,20260809T230716Z,0.27,1.0,0.63
AI Chat Assistants,ai-assistants,SideProject,ok,799708,permissive,sidebar,False,True,False,53.63,0.01,0.5363,41,2026-08-05T20:32:58Z,measured,20260809T230716Z,0.0,0.5,0.26815
AI Chat Assistants,ai-assistants,LocalLLaMA,ok,795419,permissive,rules,False,True,True,53.71,0.04,2.1484,39,2026-08-09T23:17:34Z,measured,20260809T230716Z,0.01,1.0,2.1484
AI Chat Assistants,ai-assistants,aiArt,ok,680342,hostile,rules,True,False,False,18.87,0.0,0.0,59,2026-08-10T00:07:57Z,measured,20260809T230716Z,0.0,0.0,0.0
AI Chat Assistants,ai-assistants,ChatGPTPro,ok,603018,permissive,rules,False,True,True,2.37,0.25,0.5925,20,2026-08-10T00:16:49Z,measured,20260809T230716Z,0.23,1.0,0.5925
AI Chat Assistants,ai-assistants,fireemblem,ok,553662,permissive,sidebar,False,True,False,80.38,0.03,2.4114,45,2026-08-10T00:15:06Z,measured,20260809T230716Z,0.0,0.0,0.0
AI Chat Assistants,ai-assistants,Tekken,ok,544182,permissive,rules,False,True,False,48.76,0.0,0.0,25,2026-08-10T00:16:53Z,measured,20260809T230716Z,0.0,0.0,0.0
AI Chat Assistants,ai-assistants,CrusaderKings,ok,530724,permissive,rules,False,True,False,41.17,0.0,0.0,26,2026-08-10T00:08:05Z,measured,20260809T230716Z,0.0,0.0,0.0
AI Chat Assistants,ai-assistants,ChatGPTCoding,ok,391818,capped,rules,False,True,True,3.75,0.28,1.05,33,2026-08-10T00:16:57Z,measured,20260809T230716Z,0.31,1.0,1.05
AI Chat Assistants,ai-assistants,ClaudeCode,ok,380416,permissive,rules,True,False,False,60.04,0.03,1.8012,42,2026-08-10T00:17:01Z,measured,20260809T230716Z,0.17,1.0,1.8012
AI Chat Assistants,ai-assistants,printSF,ok,361681,hostile,rules,False,False,False,17.61,0.0,0.0,20,2026-08-10T00:17:06Z,measured,20260809T230716Z,0.0,0.0,0.0
AI Chat Assistants,ai-assistants,vibecoding,ok,334458,permissive,rules,False,True,True,76.47,0.01,0.7647,41,2026-08-09T23:44:37Z,measured,20260809T230716Z,0.0,1.0,0.7647
AI Chat Assistants,ai-assistants,antiai,ok,276738,permissive,rules,False,True,False,304.68,0.0,0.0,43,2026-08-09T23:18:02Z,measured,20260809T230716Z,0.02,0.5,0.0
AI Chat Assistants,ai-assistants,macapps,ok,243340,capped,rules,False,True,False,22.6,0.02,0.452,22,2026-08-09T23:30:22Z,measured,20260809T230716Z,0.0,0.5,0.226
AI Chat Assistants,ai-assistants,FireEmblemHeroes,ok,202973,permissive,rules,False,True,False,39.96,0.02,0.7992,22,2026-08-09T23:20:19Z,measured,20260809T230716Z,0.0,0.0,0.0
AI Chat Assistants,ai-assistants,Anthropic,ok,198216,permissive,rules,False,True,True,21.92,0.07,1.5344,25,2026-08-10T00:17:10Z,measured,20260809T230716Z,0.26,1.0,1.5344
AI Chat Assistants,ai-assistants,Professors,ok,196014,permissive,rules,False,True,False,39.36,0.01,0.3936,23,2026-08-09T23:23:02Z,measured,20260809T230716Z,0.0,0.5,0.1968
AI Chat Assistants,ai-assistants,leopardgeckos,ok,171212,permissive,rules,False,True,False,19.56,0.0,0.0,36,2026-08-10T00:17:14Z,measured,20260809T230716Z,0.0,0.0,0.0
AI Chat Assistants,ai-assistants,aiwars,ok,161186,permissive,rules,False,True,True,201.53,0.01,2.0153,34,2026-08-10T00:08:32Z,measured,20260809T230716Z,0.0,0.5,1.00765
AI Image Generation,ai-image,technology,ok,20452155,permissive,rules,False,True,True,810.1,0.01,8.101,23,2026-08-05T20:30:48Z,measured,20260809T230716Z,0.0,0.5,4.0505
AI Image Generation,ai-image,ChatGPT,ok,11588013,permissive,rules,True,False,False,137.0,0.15,20.55,34,2026-08-05T20:51:16Z,measured,20260809T230716Z,0.05,0.5,10.275
AI Image Generation,ai-image,OnePiece,ok,5314457,permissive,rules,False,True,False,172.02,0.0,0.0,23,2026-08-09T23:14:13Z,measured,20260809T230716Z,0.0,0.0,0.0
AI Image Generation,ai-image,singularity,ok,3948481,permissive,rules,True,False,False,138.46,0.01,1.3846,18,2026-08-05T20:46:37Z,measured,20260809T230716Z,0.0,0.5,0.6923
AI Image Generation,ai-image,harrypotter,ok,3778840,permissive,rules,False,True,False,120.22,0.0,0.0,20,2026-08-05T20:33:29Z,measured,20260809T230716Z,0.01,0.0,0.0
AI Image Generation,ai-image,StardewValley,ok,3265029,capped,rules,False,True,False,135.52,0.0,0.0,31,2026-08-05T20:48:47Z,measured,20260809T230716Z,0.0,0.0,0.0
AI Image Generation,ai-image,graphic_design,ok,2915762,permissive,shipped,False,True,True,55.21,0.01,0.5521,22,2026-08-04T18:04:10Z,shipped,20260809T230716Z,0.0,0.5,0.27605
AI Image Generation,ai-image,OpenAI,ok,2829361,permissive,rules,True,False,False,34.67,0.06,2.0802,31,2026-08-05T20:51:53Z,measured,20260809T230716Z,0.0,0.5,1.0401
AI Image Generation,ai-image,ShingekiNoKyojin,ok,2468028,permissive,rules,False,True,False,39.41,0.0,0.0,19,2026-08-10T00:17:25Z,measured,20260809T230716Z,0.0,0.0,0.0
AI Image Generation,ai-image,TheLastAirbender,ok,2297459,permissive,rules,False,True,False,138.06,0.0,0.0,30,2026-08-09T23:15:47Z,measured,20260809T230716Z,0.01,0.0,0.0
AI Image Generation,ai-image,Sims4,ok,1943975,permissive,rules,False,True,False,31.2,0.0,0.0,32,2026-08-10T00:17:29Z,measured,20260809T230716Z,0.0,0.0,0.0
AI Image Generation,ai-image,StardustCrusaders,ok,1832535,permissive,rules,False,True,False,33.22,0.0,0.0,25,2026-08-09T23:47:37Z,measured,20260809T230716Z,0.0,0.0,0.0
AI Image Generation,ai-image,GPT3,ok,1414221,hostile,rules,False,False,False,0.24,0.46,0.1104,41,2026-08-10T00:16:18Z,measured,20260809T230716Z,0.0,0.5,0.0552
AI Image Generation,ai-image,artificial,ok,1319126,permissive,rules,False,True,True,33.89,0.01,0.3389,18,2026-08-05T20:47:08Z,measured,20260809T230716Z,0.0,0.5,0.16945
AI Image Generation,ai-image,weirddalle,ok,1218050,permissive,rules,False,True,True,1.1,0.01,0.011,34,2026-08-10T00:17:33Z,measured,20260809T230716Z,0.0,1.0,0.011
AI Image Generation,ai-image,photoshop,ok,1208084,permissive,rules,True,False,False,3.31,0.0,0.0,24,2026-08-09T23:36:42Z,measured,20260809T230716Z,0.02,0.5,0.0
AI Image Generation,ai-image,StableDiffusion,ok,988844,permissive,rules,True,False,False,131.73,0.04,5.2692,46,2026-08-10T00:06:21Z,measured,20260809T230716Z,0.0,1.0,5.2692
AI Image Generation,ai-image,thesims,ok,808993,permissive,rules,False,True,False,22.01,0.0,0.0,28,2026-08-10T00:17:37Z,measured,20260809T230716Z,0.0,0.0,0.0
AI Image Generation,ai-image,LocalLLaMA,ok,795419,permissive,rules,False,True,True,53.71,0.0,0.0,39,2026-08-09T23:17:34Z,measured,20260809T230716Z,0.01,0.5,0.0
AI Image Generation,ai-image,aiArt,ok,680342,hostile,rules,True,False,False,18.87,0.0,0.0,59,2026-08-10T00:07:57Z,measured,20260809T230716Z,0.0,1.0,0.0
AI Image Generation,ai-image,attackontitan,ok,672826,hostile,rules,False,False,False,33.99,0.0,0.0,25,2026-08-10T00:17:41Z,measured,20260809T230716Z,0.0,0.0,0.0
AI Image Generation,ai-image,isthisAI,ok,388794,hostile,rules,False,False,False,93.59,0.0,0.0,27,2026-08-10T00:17:45Z,measured,20260809T230716Z,0.0,0.0,0.0
AI Image Generation,ai-image,danganronpa,ok,388660,permissive,rules,False,True,False,70.85,0.0,0.0,30,2026-08-10T00:06:38Z,measured,20260809T230716Z,0.0,0.0,0.0
AI Image Generation,ai-image,aivideo,ok,383541,permissive,rules,False,True,False,36.29,0.0,0.0,21,2026-08-10T00:17:49Z,measured,20260809T230716Z,0.0,0.0,0.0
AI Image Generation,ai-image,AfterEffects,ok,344708,permissive,shipped,False,True,True,14.18,0.0,0.0,25,2026-08-04T18:05:46Z,shipped,20260809T230716Z,0.05,0.5,0.0
AI Image Generation,ai-image,Paladins,ok,334379,permissive,rules,False,True,False,28.84,0.0,0.0,24,2026-08-10T00:17:53Z,measured,20260809T230716Z,0.0,0.0,0.0
AI Image Generation,ai-image,characterdrawing,ok,307131,hostile,rules,False,False,False,2.0,0.0,0.0,29,2026-08-10T00:17:57Z,measured,20260809T230716Z,0.0,0.0,0.0
AI Image Generation,ai-image,antiai,ok,276738,permissive,rules,False,True,True,304.68,0.0,0.0,43,2026-08-09T23:18:02Z,measured,20260809T230716Z,0.02,0.5,0.0
AI Image Generation,ai-image,grok,ok,215657,permissive,rules,True,False,False,69.92,0.03,2.0976,41,2026-08-10T00:18:01Z,measured,20260809T230716Z,0.0,0.5,1.0488
AI Image Generation,ai-image,RWBY,ok,207490,permissive,rules,False,True,False,17.48,0.0,0.0,22,2026-08-10T00:18:05Z,measured,20260809T230716Z,0.0,0.0,0.0
AI Image Generation,ai-image,dalle2,ok,205793,permissive,rules,False,True,True,0.07,0.48,0.0336,50,2026-08-10T00:18:09Z,measured,20260809T230716Z,0.0,1.0,0.0336
AI Image Generation,ai-image,comfyui,ok,204631,permissive,sidebar,True,False,False,25.55,0.22,5.621,35,2026-08-10T00:18:13Z,measured,20260809T230716Z,0.22,1.0,5.621
AI Image Generation,ai-image,editors,ok,193221,permissive,shipped,False,True,False,5.34,0.0,0.0,21,2026-08-04T18:05:09Z,shipped,20260809T230716Z,0.05,0.5,0.0
AI Image Generation,ai-image,premiere,ok,184980,permissive,shipped,True,False,False,5.79,0.01,0.0579,24,2026-08-04T18:05:26Z,shipped,20260809T230716Z,0.21,0.5,0.02895
AI Video Generation,ai-video,WritingPrompts,ok,18869574,permissive,rules,False,True,False,15.64,0.01,0.1564,49,2026-08-05T20:31:53Z,measured,20260809T230716Z,0.0,0.0,0.0
AI Video Generation,ai-video,pcmasterrace,ok,16223685,permissive,rules,False,True,False,519.99,0.0,0.0,50,2026-08-05T20:43:35Z,measured,20260809T230716Z,0.0,0.0,0.0
AI Video Generation,ai-video,ChatGPT,ok,11588013,permissive,rules,True,False,False,137.0,0.0,0.0,34,2026-08-05T20:51:16Z,measured,20260809T230716Z,0.05,0.5,0.0
AI Video Generation,ai-video,buildapc,ok,8508764,hostile,shipped,False,False,False,146.24,0.01,1.4624,39,2026-08-05T18:54:09Z,shipped,20260809T230716Z,0.01,0.0,0.0
AI Video Generation,ai-video,singularity,ok,3948481,permissive,rules,True,False,False,138.46,0.0,0.0,18,2026-08-05T20:46:37Z,measured,20260809T230716Z,0.0,0.5,0.0
AI Video Generation,ai-video,OpenAI,ok,2829361,permissive,rules,True,False,False,34.67,0.0,0.0,31,2026-08-05T20:51:53Z,measured,20260809T230716Z,0.0,0.5,0.0
AI Video Generation,ai-video,GPT3,ok,1414221,hostile,rules,False,False,False,0.24,0.0,0.0,41,2026-08-10T00:16:18Z,measured,20260809T230716Z,0.0,0.5,0.0
AI Video Generation,ai-video,artificial,ok,1319126,permissive,rules,False,True,True,33.89,0.0,0.0,18,2026-08-05T20:47:08Z,measured,20260809T230716Z,0.0,0.5,0.0
AI Video Generation,ai-video,espresso,ok,1029577,permissive,rules,True,False,False,50.87,0.0,0.0,34,2026-08-10T00:18:24Z,measured,20260809T230716Z,0.0,0.0,0.0
AI Video Generation,ai-video,StableDiffusion,ok,988844,permissive,rules,True,False,False,131.73,0.01,1.3173,46,2026-08-10T00:06:21Z,measured,20260809T230716Z,0.0,0.5,0.65865
AI Video Generation,ai-video,aiArt,ok,680342,hostile,rules,True,False,False,18.87,0.43,8.1141,59,2026-08-10T00:07:57Z,measured,20260809T230716Z,0.0,0.5,4.05705
AI Video Generation,ai-video,Dreams,ok,600742,permissive,rules,False,True,False,34.11,0.0,0.0,43,2026-08-09T23:10:23Z,measured,20260809T230716Z,0.0,0.0,0.0
AI Video Generation,ai-video,HomeNetworking,ok,575180,permissive,shipped,False,True,False,33.13,0.01,0.3313,23,2026-08-05T18:53:29Z,shipped,20260809T230716Z,0.0,0.0,0.0
AI Video Generation,ai-video,aivideo,ok,383541,permissive,rules,False,True,True,36.29,0.0,0.0,21,2026-08-10T00:17:49Z,measured,20260809T230716Z,0.0,1.0,0.0
AI Video Generation,ai-video,MouseReview,ok,364389,hostile,rules,True,False,False,23.78,0.0,0.0,40,2026-08-10T00:18:28Z,measured,20260809T230716Z,0.0,0.0,0.0
AI Video Generation,ai-video,Ubiquiti,ok,321969,permissive,rules,False,True,False,36.62,0.0,0.0,35,2026-08-10T00:00:22Z,measured,20260809T230716Z,0.0,0.0,0.0
AI Video Generation,ai-video,thomastheplankengine,ok,308255,permissive,rules,False,True,False,31.51,0.01,0.3151,30,2026-08-09T23:10:39Z,measured,20260809T230716Z,0.0,0.0,0.0
AI Video Generation,ai-video,grok,ok,215657,permissive,rules,True,False,False,69.92,0.01,0.6992,41,2026-08-10T00:18:01Z,measured,20260809T230716Z,0.0,0.0,0.0
AI Video Generation,ai-video,comfyui,ok,204631,permissive,sidebar,True,False,False,25.55,0.06,1.533,35,2026-08-10T00:18:13Z,measured,20260809T230716Z,0.22,0.5,0.7665
AI Video Generation,ai-video,macbookair,ok,168334,hostile,rules,False,False,False,15.15,0.0,0.0,39,2026-08-10T00:18:32Z,measured,20260809T230716Z,0.0,0.0,0.0
AI Video Generation,ai-video,homelabsales,ok,164791,permissive,rules,False,True,False,21.26,0.0,0.0,46,2026-08-10T00:18:36Z,measured,20260809T230716Z,0.0,0.0,0.0
AI Video Generation,ai-video,generativeAI,ok,139819,permissive,rules,False,True,True,26.44,0.08,2.1152,33,2026-08-10T00:18:40Z,measured,20260809T230716Z,0.0,0.5,1.0576
AI Video Generation,ai-video,retrobattlestations,ok,123213,permissive,rules,False,True,False,3.76,0.0,0.0,20,2026-08-10T00:18:44Z,measured,20260809T230716Z,0.0,0.0,0.0
AI Video Generation,ai-video,aivideos,ok,114258,hostile,rules,False,False,False,21.57,0.24,5.1768,38,2026-08-10T00:18:48Z,measured,20260809T230716Z,0.0,1.0,5.1768
AI Video Generation,ai-video,Vans,ok,112580,permissive,rules,False,True,False,5.3,0.0,0.0,32,2026-08-10T00:18:52Z,measured,20260809T230716Z,0.0,0.0,0.0
AI Video Generation,ai-video,deepdream,ok,110671,permissive,rules,False,True,False,0.04,0.01,0.0004,46,2026-08-10T00:00:45Z,measured,20260809T230716Z,0.0,0.0,0.0
AI Video Generation,ai-video,SoraAi,ok,90159,permissive,rules,False,True,True,3.57,0.02,0.0714,30,2026-08-10T00:18:55Z,measured,20260809T230716Z,0.02,1.0,0.0714
AI Video Generation,ai-video,UNIFI,ok,82019,permissive,rules,True,False,False,2.95,0.01,0.0295,15,2026-08-10T00:18:59Z,measured,20260809T230716Z,0.01,0.0,0.0
AI Video Generation,ai-video,UGCcreators,ok,80673,hostile,rules,False,False,False,14.64,0.01,0.1464,29,2026-08-10T00:19:03Z,measured,20260809T230716Z,0.0,0.5,0.0732
AI Video Generation,ai-video,BanGDream,ok,79429,hostile,rules,False,False,False,8.65,0.01,0.0865,29,2026-08-09T23:11:11Z,measured,20260809T230716Z,0.0,0.0,0.0
AI Video Generation,ai-video,accelerate,ok,72267,permissive,rules,False,True,True,18.89,0.01,0.1889,27,2026-08-10T00:19:07Z,measured,20260809T230716Z,0.0,0.5,0.09445
AI Video Generation,ai-video,pinball,ok,66260,permissive,rules,False,True,False,21.54,0.0,0.0,20,2026-08-10T00:19:11Z,measured,20260809T230716Z,0.0,0.0,0.0
AI Video Generation,ai-video,MediaSynthesis,ok,48472,permissive,sidebar,False,True,True,0.05,0.0,0.0,25,2026-08-10T00:19:16Z,measured,20260809T230716Z,0.0,0.5,0.0
AI Video Generation,ai-video,aicuriosity,ok,28622,permissive,rules,False,True,True,0.31,0.0,0.0,32,2026-08-10T00:19:20Z,measured,20260809T230716Z,0.0,0.5,0.0
AI Coding Assistants,ai-coding,technology,ok,20452155,permissive,rules,False,True,True,810.1,0.0,0.0,23,2026-08-05T20:30:48Z,measured,20260809T230716Z,0.0,0.5,0.0
AI Coding Assistants,ai-coding,programming,ok,6908004,permissive,rules,False,True,True,14.8,0.02,0.296,27,2026-08-05T20:32:15Z,measured,20260809T230716Z,0.0,1.0,0.296
AI Coding Assistants,ai-coding,YouShouldKnow,ok,5622098,permissive,rules,False,True,False,22.89,0.0,0.0,7,2026-08-10T00:19:31Z,measured,20260809T230716Z,0.0,0.0,0.0
AI Coding Assistants,ai-coding,singularity,ok,3948481,permissive,rules,True,False,False,138.46,0.01,1.3846,18,2026-08-05T20:46:37Z,measured,20260809T230716Z,0.0,0.5,0.6923
AI Coding Assistants,ai-coding,Guitar,ok,3386578,hostile,rules,False,False,False,260.47,0.0,0.0,23,2026-08-05T20:40:37Z,measured,20260809T230716Z,0.0,0.0,0.0
AI Coding Assistants,ai-coding,apexlegends,ok,3045965,permissive,rules,False,True,False,111.36,0.0,0.0,29,2026-08-09T23:31:36Z,measured,20260809T230716Z,0.0,0.0,0.0
AI Coding Assistants,ai-coding,france,ok,2589952,permissive,rules,False,True,False,111.69,0.0,0.0,37,2026-08-05T20:46:52Z,measured,20260809T230716Z,0.0,0.0,0.0
AI Coding Assistants,ai-coding,audiophile,ok,2178150,permissive,rules,False,True,False,37.99,0.0,0.0,19,2026-08-05T20:43:53Z,measured,20260809T230716Z,0.0,0.0,0.0
AI Coding Assistants,ai-coding,headphones,ok,1543151,permissive,rules,False,True,False,28.99,0.0,0.0,31,2026-08-05T20:44:02Z,measured,20260809T230716Z,0.0,0.0,0.0
AI Coding Assistants,ai-coding,cybersecurity,ok,1499373,hostile,shipped,False,False,False,54.05,0.01,0.5405,31,2026-08-04T18:01:44Z,shipped,20260809T230716Z,0.02,0.5,0.27025
AI Coding Assistants,ai-coding,smarthome,ok,1176998,permissive,rules,False,True,False,11.26,0.01,0.1126,14,2026-08-10T00:19:35Z,measured,20260809T230716Z,0.06,0.0,0.0
AI Coding Assistants,ai-coding,technews,ok,1096455,permissive,rules,False,True,False,19.92,0.0,0.0,5,2026-08-09T23:17:17Z,measured,20260809T230716Z,0.0,0.0,0.0
AI Coding Assistants,ai-coding,ClaudeAI,ok,1068447,permissive,rules,True,False,False,78.83,0.02,1.5766,45,2026-08-09T23:40:26Z,measured,20260809T230716Z,0.0,1.0,1.5766
AI Coding Assistants,ai-coding,buildapcsales,ok,1012511,permissive,rules,False,True,False,36.17,0.0,0.0,14,2026-08-09T23:49:24Z,measured,20260809T230716Z,0.0,0.0,0.0
AI Coding Assistants,ai-coding,GameDeals,ok,969671,permissive,rules,True,False,False,18.21,0.0,0.0,16,2026-08-05T20:42:51Z,measured,20260809T230716Z,0.0,0.0,0.0
AI Coding Assistants,ai-coding,LocalLLaMA,ok,795419,permissive,rules,False,True,True,53.71,0.01,0.5371,39,2026-08-09T23:17:34Z,measured,20260809T230716Z,0.01,0.5,0.26855
AI Coding Assistants,ai-coding,HairDye,ok,759847,hostile,rules,False,False,False,19.74,0.0,0.0,38,2026-08-10T00:19:38Z,measured,20260809T230716Z,0.06,0.0,0.0
AI Coding Assistants,ai-coding,rance,ok,728623,permissive,rules,False,True,False,8.36,0.0,0.0,23,2026-08-10T00:19:42Z,measured,20260809T230716Z,0.01,0.0,0.0
AI Coding Assistants,ai-coding,HongKong,ok,718515,permissive,rules,False,True,False,9.75,0.0,0.0,30,2026-08-10T00:19:47Z,measured,20260809T230716Z,0.03,0.0,0.0
AI Coding Assistants,ai-coding,aiArt,ok,680342,hostile,rules,True,False,False,18.87,0.0,0.0,59,2026-08-10T00:07:57Z,measured,20260809T230716Z,0.0,0.0,0.0
AI Coding Assistants,ai-coding,Flipping,ok,502744,hostile,rules,False,False,False,14.34,0.0,0.0,28,2026-08-10T00:19:51Z,measured,20260809T230716Z,0.0,0.0,0.0
AI Coding Assistants,ai-coding,AskFrance,ok,453519,permissive,rules,False,True,False,48.64,0.0,0.0,36,2026-08-10T00:19:55Z,measured,20260809T230716Z,0.01,0.0,0.0
AI Coding Assistants,ai-coding,AI_Agents,ok,415520,permissive,rules,False,True,True,35.16,0.05,1.758,48,2026-08-05T20:37:31Z,measured,20260809T230716Z,0.0,0.5,0.879
AI Coding Assistants,ai-coding,montreal,ok,405954,permissive,rules,False,True,False,102.08,0.0,0.0,19,2026-08-10T00:19:59Z,measured,20260809T230716Z,0.06,0.0,0.0
AI Coding Assistants,ai-coding,ChatGPTCoding,ok,391818,capped,rules,False,True,True,3.75,0.06,0.225,33,2026-08-10T00:16:57Z,measured,20260809T230716Z,0.31,1.0,0.225
AI Coding Assistants,ai-coding,aws,ok,390926,permissive,sidebar,False,True,False,5.7,0.05,0.285,15,2026-08-05T20:50:46Z,measured,20260809T230716Z,0.0,0.0,0.0
AI Coding Assistants,ai-coding,BudgetAudiophile,ok,388324,permissive,rules,True,False,False,46.93,0.0,0.0,33,2026-08-10T00:20:03Z,measured,20260809T230716Z,0.19,0.0,0.0
AI Coding Assistants,ai-coding,aivideo,ok,383541,permissive,rules,False,True,False,36.29,0.0,0.0,21,2026-08-10T00:17:49Z,measured,20260809T230716Z,0.0,0.0,0.0
AI Coding Assistants,ai-coding,ClaudeCode,ok,380416,permissive,rules,True,False,False,60.04,0.03,1.8012,42,2026-08-10T00:17:01Z,measured,20260809T230716Z,0.17,1.0,1.8012
AI Coding Assistants,ai-coding,French,ok,376997,hostile,rules,False,False,False,11.0,0.0,0.0,35,2026-08-09T23:22:58Z,measured,20260809T230716Z,0.0,0.0,0.0
AI Coding Assistants,ai-coding,Bass,ok,361760,capped,rules,False,True,False,32.37,0.0,0.0,23,2026-08-10T00:20:07Z,measured,20260809T230716Z,0.07,0.0,0.0
AI Coding Assistants,ai-coding,Quebec,ok,355045,permissive,rules,False,True,False,46.42,0.0,0.0,25,2026-08-10T00:20:11Z,measured,20260809T230716Z,0.02,0.0,0.0
AI Coding Assistants,ai-coding,vibecoding,ok,334458,permissive,rules,False,True,True,76.47,0.03,2.2941,41,2026-08-09T23:44:37Z,measured,20260809T230716Z,0.0,1.0,2.2941
AI Coding Assistants,ai-coding,guitarpedals,ok,331953,permissive,rules,False,True,False,46.6,0.0,0.0,29,2026-08-09T23:16:43Z,measured,20260809T230716Z,0.0,0.0,0.0
Transcription and Meeting Notes,transcription,AskReddit,ok,59332757,hostile,rules,True,False,False,5616.43,0.0,0.0,57,2026-08-05T20:31:38Z,measured,20260809T230716Z,0.0,0.0,0.0
Transcription and Meeting Notes,transcription,movies,ok,37560788,permissive,rules,False,True,False,696.25,0.0,0.0,33,2026-08-05T20:42:03Z,measured,20260809T230716Z,0.0,0.0,0.0
Transcription and Meeting Notes,transcription,Showerthoughts,ok,34176852,permissive,rules,False,True,False,26.77,0.0,0.0,35,2026-08-05T20:31:45Z,measured,20260809T230716Z,0.0,0.0,0.0
Transcription and Meeting Notes,transcription,LifeProTips,ok,23081480,hostile,rules,False,False,False,20.35,0.0,0.0,28,2026-08-05T20:31:49Z,measured,20260809T230716Z,0.0,0.0,0.0
Transcription and Meeting Notes,transcription,politics,ok,9230904,permissive,rules,False,True,False,1200.88,0.0,0.0,48,2026-08-05T20:32:07Z,measured,20260809T230716Z,0.0,0.0,0.0
Transcription and Meeting Notes,transcription,productivity,ok,4231867,hostile,shipped,False,False,False,9.37,0.0,0.0,38,2026-08-04T17:57:18Z,shipped,20260809T230716Z,0.0,0.5,0.0
Transcription and Meeting Notes,transcription,Watches,ok,3457054,permissive,rules,False,True,False,107.14,0.0,0.0,35,2026-08-05T20:46:42Z,measured,20260809T230716Z,0.0,0.0,0.0
Transcription and Meeting Notes,transcription,graphic_design,ok,2915762,permissive,shipped,False,True,False,55.21,0.0,0.0,22,2026-08-04T18:04:10Z,shipped,20260809T230716Z,0.0,0.0,0.0
Transcription and Meeting Notes,transcription,classicalmusic,ok,2453053,hostile,rules,False,False,False,16.06,0.0,0.0,43,2026-08-09T23:43:24Z,measured,20260809T230716Z,0.0,0.5,0.0
Transcription and Meeting Notes,transcription,halo,ok,2010615,permissive,rules,False,True,False,186.47,0.0,0.0,43,2026-08-05T20:36:27Z,measured,20260809T230716Z,0.0,0.0,0.0
Transcription and Meeting Notes,transcription,Jazz,ok,1282837,permissive,rules,False,True,True,67.45,0.0,0.0,21,2026-08-10T00:20:25Z,measured,20260809T230716Z,0.0,0.5,0.0
Transcription and Meeting Notes,transcription,piano,ok,1279942,permissive,rules,False,True,True,29.17,0.0,0.0,32,2026-08-10T00:09:08Z,measured,20260809T230716Z,0.0,0.5,0.0
Transcription and Meeting Notes,transcription,boxoffice,ok,1231976,hostile,rules,False,False,False,192.17,0.0,0.0,30,2026-08-09T23:15:59Z,measured,20260809T230716Z,0.01,0.0,0.0
Transcription and Meeting Notes,transcription,photoshop,ok,1208084,permissive,rules,True,False,False,3.31,0.0,0.0,24,2026-08-09T23:36:42Z,measured,20260809T230716Z,0.02,0.0,0.0
Transcription and Meeting Notes,transcription,KDRAMA,ok,1142871,permissive,rules,False,True,False,7.2,0.0,0.0,20,2026-08-05T20:42:43Z,measured,20260809T230716Z,0.0,0.0,0.0
Transcription and Meeting Notes,transcription,tea,ok,1077286,permissive,rules,False,True,False,19.78,0.0,0.0,25,2026-08-10T00:20:29Z,measured,20260809T230716Z,0.02,0.0,0.0
Transcription and Meeting Notes,transcription,WorkOnline,ok,760631,permissive,shipped,False,True,True,0.27,0.0,0.0,55,2026-08-05T18:54:54Z,shipped,20260809T230716Z,0.02,0.5,0.0
Transcription and Meeting Notes,transcription,aiArt,ok,680342,hostile,rules,True,False,False,18.87,0.0,0.0,59,2026-08-10T00:07:57Z,measured,20260809T230716Z,0.0,0.0,0.0
Transcription and Meeting Notes,transcription,China,ok,671603,permissive,rules,False,True,False,18.58,0.0,0.0,24,2026-08-09T23:07:32Z,measured,20260809T230716Z,0.0,0.0,0.0
Transcription and Meeting Notes,transcription,RepTime,ok,669843,hostile,rules,True,False,False,131.82,0.0,0.0,33,2026-08-09T23:10:19Z,measured,20260809T230716Z,0.0,0.0,0.0
Transcription and Meeting Notes,transcription,doodles,ok,645370,permissive,rules,False,True,False,4.27,0.0,0.0,32,2026-08-10T00:13:32Z,measured,20260809T230716Z,0.0,0.0,0.0
Transcription and Meeting Notes,transcription,gundeals,ok,628415,permissive,rules,False,True,False,36.01,0.01,0.3601,18,2026-08-05T20:34:26Z,measured,20260809T230716Z,0.05,0.0,0.0
Transcription and Meeting Notes,transcription,Watchexchange,ok,548887,permissive,rules,False,True,False,306.54,0.0,0.0,44,2026-08-09T23:36:16Z,measured,20260809T230716Z,0.25,0.0,0.0
Transcription and Meeting Notes,transcription,Notion,ok,466690,hostile,shipped,True,False,False,8.19,0.0,0.0,31,2026-08-04T17:57:10Z,shipped,20260809T230716Z,0.33,0.5,0.0
Transcription and Meeting Notes,transcription,MTB,ok,450172,permissive,rules,False,True,False,127.38,0.0,0.0,13,2026-08-09T23:50:46Z,measured,20260809T230716Z,0.0,0.0,0.0
Transcription and Meeting Notes,transcription,squidgame,ok,430229,permissive,rules,False,True,False,9.14,0.0,0.0,23,2026-08-10T00:20:33Z,measured,20260809T230716Z,0.0,0.0,0.0
Transcription and Meeting Notes,transcription,LadyBoners,ok,378014,permissive,rules,False,True,False,9.57,0.0,0.0,22,2026-08-10T00:20:37Z,measured,20260809T230716Z,0.0,0.0,0.0
Transcription and Meeting Notes,transcription,Bass,ok,361760,capped,rules,False,True,False,32.37,0.0,0.0,23,2026-08-10T00:20:07Z,measured,20260809T230716Z,0.07,0.0,0.0
Transcription and Meeting Notes,transcription,ObsidianMD,ok,350730,permissive,shipped,True,False,False,63.03,0.0,0.0,14,2026-08-04T18:02:34Z,shipped,20260809T230716Z,0.21,0.5,0.0
Transcription and Meeting Notes,transcription,exmormon,ok,347252,permissive,rules,False,True,False,93.39,0.0,0.0,33,2026-08-09T23:22:00Z,measured,20260809T230716Z,0.0,0.0,0.0
Transcription and Meeting Notes,transcription,grandorder,ok,339438,hostile,rules,False,False,False,14.65,0.0,0.0,28,2026-08-10T00:15:14Z,measured,20260809T230716Z,0.0,0.0,0.0
Transcription and Meeting Notes,transcription,guitarpedals,ok,331953,permissive,rules,False,True,False,46.6,0.01,0.466,29,2026-08-09T23:16:43Z,measured,20260809T230716Z,0.0,0.0,0.0
Transcription and Meeting Notes,transcription,TopMindsOfReddit,ok,324261,permissive,rules,True,False,False,13.56,0.0,0.0,13,2026-08-10T00:20:41Z,measured,20260809T230716Z,0.0,0.0,0.0
Transcription and Meeting Notes,transcription,drums,ok,318581,permissive,rules,False,True,False,66.26,0.0,0.0,27,2026-08-10T00:20:45Z,measured,20260809T230716Z,0.0,0.0,0.0
Field Service Management,field-service,WritingPrompts,ok,18869574,permissive,rules,False,True,False,15.64,0.0,0.0,49,2026-08-05T20:31:53Z,measured,20260809T230716Z,0.0,0.0,0.0
Field Service Management,field-service,nfl,ok,12793602,permissive,rules,False,True,False,411.42,0.0,0.0,33,2026-08-05T20:38:03Z,measured,20260809T230716Z,0.0,0.0,0.0
Field Service Management,field-service,Eldenring,ok,4900984,permissive,rules,False,True,False,232.12,0.0,0.0,25,2026-08-10T00:20:56Z,measured,20260809T230716Z,0.0,0.0,0.0
Field Service Management,field-service,CFB,ok,4493125,permissive,rules,False,True,False,239.58,0.0,0.0,25,2026-08-05T20:48:39Z,measured,20260809T230716Z,0.0,0.0,0.0
Field Service Management,field-service,whatisthisthing,ok,3147428,permissive,rules,False,True,False,12.43,0.01,0.1243,44,2026-08-05T20:48:55Z,measured,20260809T230716Z,0.0,0.0,0.0
Field Service Management,field-service,cyberpunkgame,ok,2622234,permissive,rules,False,True,False,136.37,0.0,0.0,44,2026-08-10T00:21:00Z,measured,20260809T230716Z,0.0,0.0,0.0
Field Service Management,field-service,whatsthisplant,ok,1798090,permissive,rules,False,True,False,49.43,0.0,0.0,28,2026-08-05T20:49:15Z,measured,20260809T230716Z,0.0,0.0,0.0
Field Service Management,field-service,pathofexile,ok,1077488,permissive,rules,False,True,False,223.83,0.0,0.0,33,2026-08-05T20:49:47Z,measured,20260809T230716Z,0.0,0.0,0.0
Field Service Management,field-service,HadesTheGame,ok,893769,permissive,rules,True,False,False,8.86,0.0,0.0,23,2026-08-10T00:21:04Z,measured,20260809T230716Z,0.0,0.0,0.0
Field Service Management,field-service,NBA2k,ok,771755,permissive,rules,False,True,False,77.01,0.0,0.0,33,2026-08-10T00:21:08Z,measured,20260809T230716Z,0.0,0.0,0.0
Field Service Management,field-service,darksouls3,ok,712591,capped,rules,False,True,False,30.99,0.0,0.0,25,2026-08-10T00:21:12Z,measured,20260809T230716Z,0.0,0.0,0.0
Field Service Management,field-service,whatsthisbird,ok,551760,permissive,rules,False,True,False,42.99,0.0,0.0,37,2026-08-09T23:26:15Z,measured,20260809T230716Z,0.0,0.0,0.0
Field Service Management,field-service,Stellaris,ok,520550,permissive,rules,False,True,False,31.32,0.0,0.0,34,2026-08-09T23:16:15Z,measured,20260809T230716Z,0.01,0.0,0.0
Field Service Management,field-service,devops,ok,505353,permissive,shipped,False,True,False,10.84,0.0,0.0,29,2026-08-04T18:10:10Z,shipped,20260809T230716Z,0.0,0.0,0.0
Field Service Management,field-service,airsoft,ok,470455,permissive,rules,False,True,False,62.12,0.0,0.0,31,2026-08-09T23:16:27Z,measured,20260809T230716Z,0.0,0.0,0.0
Field Service Management,field-service,borderlands3,ok,438039,permissive,rules,False,True,False,8.43,0.0,0.0,28,2026-08-10T00:21:16Z,measured,20260809T230716Z,0.0,0.0,0.0
Field Service Management,field-service,metaldetecting,ok,343995,hostile,rules,False,False,False,18.89,0.0,0.0,25,2026-08-10T00:21:20Z,measured,20260809T230716Z,0.0,0.0,0.0
Field Service Management,field-service,NYGiants,ok,324966,hostile,rules,False,False,False,56.32,0.0,0.0,14,2026-08-05T20:43:12Z,measured,20260809T230716Z,0.0,0.0,0.0
Field Service Management,field-service,DivinityOriginalSin,ok,280263,permissive,rules,False,True,False,7.41,0.0,0.0,31,2026-08-10T00:21:24Z,measured,20260809T230716Z,0.0,0.0,0.0
Field Service Management,field-service,PathOfExileBuilds,ok,233886,permissive,rules,False,True,False,69.56,0.0,0.0,37,2026-08-10T00:21:28Z,measured,20260809T230716Z,0.0,0.0,0.0
Field Service Management,field-service,BG3Builds,ok,230545,permissive,rules,False,True,False,16.26,0.0,0.0,17,2026-08-10T00:21:32Z,measured,20260809T230716Z,0.0,0.0,0.0
Field Service Management,field-service,deadcells,ok,225714,permissive,rules,False,True,False,12.0,0.0,0.0,29,2026-08-10T00:21:35Z,measured,20260809T230716Z,0.0,0.0,0.0
Field Service Management,field-service,farmingsimulator,ok,221232,hostile,rules,False,False,False,24.21,0.0,0.0,17,2026-08-10T00:21:39Z,measured,20260809T230716Z,0.0,0.0,0.0
Field Service Management,field-service,3d6,ok,217576,permissive,rules,False,True,False,12.9,0.0,0.0,19,2026-08-09T23:38:35Z,measured,20260809T230716Z,0.0,0.0,0.0
Field Service Management,field-service,Mustang,ok,213739,hostile,rules,False,False,False,32.75,0.0,0.0,28,2026-08-10T00:21:43Z,measured,20260809T230716Z,0.0,0.0,0.0
Field Service Management,field-service,quant,ok,201132,permissive,rules,False,True,False,5.3,0.0,0.0,22,2026-08-10T00:21:47Z,measured,20260809T230716Z,0.0,0.0,0.0
Field Service Management,field-service,EldenRingBuilds,ok,132761,permissive,rules,False,True,False,11.06,0.0,0.0,22,2026-08-10T00:21:50Z,measured,20260809T230716Z,0.0,0.0,0.0
Field Service Management,field-service,Arrowheads,ok,111950,permissive,sidebar,False,True,False,17.03,0.0,0.0,24,2026-08-10T00:21:54Z,measured,20260809T230716Z,0.0,0.0,0.0
Field Service Management,field-service,Intune,ok,83549,permissive,rules,True,False,False,10.02,0.01,0.1002,20,2026-08-09T23:09:33Z,measured,20260809T230716Z,0.0,0.0,0.0
Field Service Management,field-service,ansible,ok,79795,permissive,rules,True,False,False,1.28,0.0,0.0,18,2026-08-09T23:43:52Z,measured,20260809T230716Z,0.0,0.0,0.0
Field Service Management,field-service,Symbology,ok,78495,permissive,rules,False,True,False,2.02,0.0,0.0,20,2026-08-10T00:21:58Z,measured,20260809T230716Z,0.0,0.0,0.0
Field Service Management,field-service,LandscapeArchitecture,ok,68951,permissive,rules,False,True,False,1.23,0.0,0.0,24,2026-08-10T00:22:02Z,measured,20260809T230716Z,0.0,0.0,0.0
Field Service Management,field-service,CRM,ok,55345,permissive,sidebar,False,True,True,4.42,0.0,0.0,42,2026-08-05T22:18:50Z,measured,20260809T230716Z,0.22,0.5,0.0
Field Service Management,field-service,ParkRangers,ok,45358,permissive,rules,False,True,False,0.41,0.0,0.0,22,2026-08-10T00:22:05Z,measured,20260809T230716Z,0.0,0.0,0.0
Construction Management,construction,books,ok,27224884,permissive,rules,False,True,False,71.26,0.05,3.563,34,2026-08-05T20:33:09Z,measured,20260809T230716Z,0.05,0.0,0.0
Construction Management,construction,pcmasterrace,ok,16223685,permissive,rules,False,True,False,519.99,0.01,5.1999,50,2026-08-05T20:43:35Z,measured,20260809T230716Z,0.0,0.0,0.0
Construction Management,construction,Minecraft,ok,8732564,permissive,rules,False,True,False,191.2,0.0,0.0,55,2026-08-05T20:32:11Z,measured,20260809T230716Z,0.0,0.0,0.0
Construction Management,construction,woodworking,ok,6176682,hostile,rules,False,False,False,46.19,0.0,0.0,30,2026-08-05T20:48:31Z,measured,20260809T230716Z,0.0,0.0,0.0
Construction Management,construction,careerguidance,ok,4979841,hostile,rules,False,False,False,66.85,0.02,1.337,30,2026-08-09T23:23:58Z,measured,20260809T230716Z,0.0,0.0,0.0
Construction Management,construction,Fantasy,ok,3939201,permissive,rules,False,True,False,76.49,0.0,0.0,23,2026-08-05T20:33:21Z,measured,20260809T230716Z,0.01,0.0,0.0
Construction Management,construction,suggestmeabook,ok,3380473,hostile,rules,False,False,False,132.01,0.03,3.9603,41,2026-08-05T20:33:42Z,measured,20260809T230716Z,0.0,0.0,0.0
Construction Management,construction,lego,ok,2756959,permissive,rules,False,True,False,93.82,0.0,0.0,31,2026-08-09T23:13:09Z,measured,20260809T230716Z,0.03,0.0,0.0
Construction Management,construction,AskEngineers,ok,2739044,permissive,rules,False,True,True,41.13,0.0,0.0,14,2026-08-05T20:49:08Z,measured,20260809T230716Z,0.0,0.5,0.0
Construction Management,construction,tipofmytongue,ok,2707948,hostile,rules,False,False,False,73.52,0.03,2.2056,31,2026-08-09T23:14:30Z,measured,20260809T230716Z,0.0,0.0,0.0
Construction Management,construction,architecture,ok,2038184,permissive,rules,False,True,True,10.99,0.01,0.1099,31,2026-08-09T23:37:51Z,measured,20260809T230716Z,0.0,0.5,0.05495
Construction Management,construction,booksuggestions,ok,1369707,hostile,rules,False,False,False,42.48,0.0,0.0,49,2026-08-05T20:33:53Z,measured,20260809T230716Z,0.02,0.0,0.0
Construction Management,construction,EDC,ok,586174,capped,rules,False,True,False,86.92,0.0,0.0,26,2026-08-09T23:48:17Z,measured,20260809T230716Z,0.0,0.0,0.0
Construction Management,construction,Construction,ok,584290,permissive,rules,False,True,True,66.36,0.0,0.0,12,2026-08-10T00:22:16Z,measured,20260809T230716Z,0.0,1.0,0.0
Construction Management,construction,Salary,ok,502674,permissive,rules,False,True,False,84.81,0.02,1.6962,21,2026-08-10T00:22:19Z,measured,20260809T230716Z,0.0,0.0,0.0
Construction Management,construction,Gunpla,ok,381211,permissive,rules,False,True,False,36.98,0.01,0.3698,45,2026-08-05T20:47:29Z,measured,20260809T230716Z,0.0,0.0,0.0
Construction Management,construction,bookshelf,ok,348928,permissive,rules,False,True,False,4.05,0.0,0.0,28,2026-08-10T00:22:23Z,measured,20260809T230716Z,0.0,0.0,0.0
Construction Management,construction,whatsthatbook,ok,338462,permissive,rules,False,True,False,14.42,0.0,0.0,45,2026-08-10T00:22:27Z,measured,20260809T230716Z,0.0,0.0,0.0
Construction Management,construction,projectmanagement,ok,235429,hostile,shipped,False,False,False,7.75,0.01,0.0775,14,2026-08-04T17:56:05Z,shipped,20260809T230716Z,0.07,0.5,0.03875
Construction Management,construction,civilengineering,ok,226727,hostile,rules,False,False,False,18.91,0.02,0.3782,25,2026-08-09T23:38:31Z,measured,20260809T230716Z,0.0,0.5,0.1891
Construction Management,construction,3d6,ok,217576,permissive,rules,False,True,False,12.9,0.0,0.0,19,2026-08-09T23:38:35Z,measured,20260809T230716Z,0.0,0.0,0.0
Construction Management,construction,Luthier,ok,152228,permissive,rules,False,True,False,35.5,0.02,0.71,25,2026-08-10T00:22:31Z,measured,20260809T230716Z,0.0,0.0,0.0
Construction Management,construction,d100,ok,143096,permissive,sidebar,False,True,False,0.58,0.03,0.0174,12,2026-08-10T00:22:35Z,measured,20260809T230716Z,0.0,0.0,0.0
Construction Management,construction,auscorp,ok,139069,hostile,rules,False,False,False,36.85,0.04,1.474,14,2026-08-10T00:22:39Z,measured,20260809T230716Z,0.0,0.0,0.0
Construction Management,construction,booknooks,ok,120911,permissive,rules,False,True,False,4.48,0.0,0.0,32,2026-08-10T00:22:42Z,measured,20260809T230716Z,0.0,0.0,0.0
Construction Management,construction,Architects,ok,82173,permissive,rules,False,True,True,3.75,0.0,0.0,31,2026-08-10T00:22:46Z,measured,20260809T230716Z,0.0,0.5,0.0
Construction Management,construction,mining,ok,58382,hostile,rules,False,False,False,1.18,0.01,0.0118,30,2026-08-10T00:22:50Z,measured,20260809T230716Z,0.0,0.0,0.0
Construction Management,construction,intuitiveeating,ok,56742,permissive,rules,False,True,False,0.57,0.02,0.0114,23,2026-08-10T00:22:54Z,measured,20260809T230716Z,0.0,0.0,0.0
Construction Management,construction,ConstructionManagers,ok,56461,permissive,rules,False,True,True,9.42,0.01,0.0942,21,2026-08-10T00:22:57Z,measured,20260809T230716Z,0.0,1.0,0.0942
Construction Management,construction,CivilEngineers_PH,ok,33847,permissive,rules,False,True,True,2.81,0.01,0.0281,34,2026-08-10T00:23:01Z,measured,20260809T230716Z,0.0,0.5,0.01405
Construction Management,construction,CalPoly,ok,31965,hostile,rules,True,False,False,2.25,0.01,0.0225,29,2026-08-10T00:23:05Z,measured,20260809T230716Z,0.0,0.0,0.0
Construction Management,construction,utarlington,ok,29644,permissive,sidebar,False,True,False,5.54,0.01,0.0554,24,2026-08-10T00:23:09Z,measured,20260809T230716Z,0.0,0.0,0.0
Construction Management,construction,531Discussion,ok,26634,hostile,rules,False,False,False,1.68,0.04,0.0672,12,2026-08-10T00:23:13Z,measured,20260809T230716Z,0.0,0.0,0.0
Construction Management,construction,ConstructionTech,ok,17618,hostile,rules,False,False,False,0.02,0.12,0.0024,32,2026-08-10T00:23:17Z,measured,20260809T230716Z,0.0,1.0,0.0024
Real Estate and Property Management,property-management,memes,ok,35945324,permissive,rules,False,True,False,543.38,0.08,43.4704,25,2026-08-05T20:34:45Z,measured,20260809T230716Z,0.0,0.0,0.0
Real Estate and Property Management,property-management,WritingPrompts,ok,18869574,permissive,rules,False,True,False,15.64,0.62,9.6968,49,2026-08-05T20:31:53Z,measured,20260809T230716Z,0.0,0.0,0.0
Real Estate and Property Management,property-management,politics,ok,9230904,permissive,rules,False,True,False,1200.88,0.13,156.1144,48,2026-08-05T20:32:07Z,measured,20260809T230716Z,0.0,0.0,0.0
Real Estate and Property Management,property-management,Minecraft,ok,8732564,permissive,rules,False,True,False,191.2,0.06,11.472,55,2026-08-05T20:32:11Z,measured,20260809T230716Z,0.0,0.0,0.0
Real Estate and Property Management,property-management,canada,ok,4323417,permissive,rules,False,True,False,132.69,0.11,14.5959,22,2026-08-09T23:30:54Z,measured,20260809T230716Z,0.0,0.0,0.0
Real Estate and Property Management,property-management,Philippines,ok,3602045,permissive,rules,False,True,False,47.84,0.11,5.2624,31,2026-08-05T20:35:14Z,measured,20260809T230716Z,0.03,0.0,0.0
Real Estate and Property Management,property-management,legaladvice,ok,3528500,permissive,rules,False,True,True,120.35,0.21,25.2735,41,2026-08-05T20:49:39Z,measured,20260809T230716Z,0.0,0.5,12.63675
Real Estate and Property Management,property-management,india,ok,3472451,capped,rules,False,True,False,53.22,0.19,10.1118,36,2026-08-05T20:30:59Z,measured,20260809T230716Z,0.0,0.0,0.0
Real Estate and Property Management,property-management,whatisthisthing,ok,3147428,permissive,rules,False,True,False,12.43,0.31,3.8533,44,2026-08-05T20:48:55Z,measured,20260809T230716Z,0.0,0.0,0.0
Real Estate and Property Management,property-management,homeowners,ok,3041079,hostile,rules,False,False,False,47.44,0.13,6.1672,29,2026-08-10T00:23:31Z,measured,20260809T230716Z,0.0,0.5,3.0836
Real Estate and Property Management,property-management,australia,ok,2879254,permissive,rules,False,True,False,27.83,0.14,3.8962,22,2026-08-05T20:49:04Z,measured,20260809T230716Z,0.01,0.0,0.0
Real Estate and Property Management,property-management,RealEstate,ok,2510464,hostile,rules,False,False,False,28.4,0.18,5.112,14,2026-08-10T00:23:35Z,measured,20260809T230716Z,0.0,1.0,5.112
Real Estate and Property Management,property-management,CleaningTips,ok,2324396,permissive,rules,False,True,True,74.01,0.07,5.1807,30,2026-08-10T00:23:39Z,measured,20260809T230716Z,0.0,0.5,2.59035
Real Estate and Property Management,property-management,realestateinvesting,ok,1967743,hostile,rules,False,False,False,5.67,0.28,1.5876,13,2026-08-05T20:39:51Z,measured,20260809T230716Z,0.0,1.0,1.5876
Real Estate and Property Management,property-management,LegalAdviceUK,ok,1306595,permissive,rules,True,False,False,39.57,0.17,6.7269,35,2026-08-10T00:23:43Z,measured,20260809T230716Z,0.0,0.5,3.36345
Real Estate and Property Management,property-management,Superstonk,ok,1199123,capped,shipped,False,True,False,168.83,0.14,23.6362,19,2026-08-05T18:54:21Z,shipped,20260809T230716Z,0.02,0.0,0.0
Real Estate and Property Management,property-management,HelpMeFind,ok,782071,permissive,rules,True,False,False,60.59,0.4,24.236,50,2026-08-05T20:44:38Z,measured,20260809T230716Z,0.0,0.0,0.0
Real Estate and Property Management,property-management,vancouver,ok,638199,permissive,rules,False,True,False,28.94,0.17,4.9198,26,2026-08-10T00:23:47Z,measured,20260809T230716Z,0.0,0.0,0.0
Real Estate and Property Management,property-management,gundeals,ok,628415,permissive,rules,False,True,False,36.01,0.13,4.6813,18,2026-08-05T20:34:26Z,measured,20260809T230716Z,0.05,0.0,0.0
Real Estate and Property Management,property-management,FluentInFinance,ok,578333,hostile,rules,True,False,False,3.75,0.08,0.3,16,2026-08-10T00:23:51Z,measured,20260809T230716Z,0.0,0.0,0.0
Real Estate and Property Management,property-management,GME,ok,473292,hostile,rules,False,False,False,20.76,0.21,4.3596,13,2026-08-10T00:23:55Z,measured,20260809T230716Z,0.0,0.0,0.0
Real Estate and Property Management,property-management,phclassifieds,ok,409057,permissive,rules,False,True,False,10.44,0.06,0.6264,51,2026-08-10T00:23:58Z,measured,20260809T230716Z,0.13,0.0,0.0
Real Estate and Property Management,property-management,ottawa,ok,382838,permissive,rules,False,True,False,73.51,0.13,9.5563,33,2026-08-10T00:24:02Z,measured,20260809T230716Z,0.02,0.0,0.0
Real Estate and Property Management,property-management,punk,ok,355924,hostile,rules,False,False,False,35.16,0.14,4.9224,27,2026-08-10T00:24:07Z,measured,20260809T230716Z,0.0,0.0,0.0
Real Estate and Property Management,property-management,pittsburgh,ok,311608,hostile,rules,False,False,False,94.93,0.14,13.2902,31,2026-08-10T00:24:11Z,measured,20260809T230716Z,0.0,0.0,0.0
Real Estate and Property Management,property-management,canadahousing,ok,304525,hostile,rules,False,False,False,15.39,0.27,4.1553,11,2026-08-10T00:24:15Z,measured,20260809T230716Z,0.0,0.5,2.07765
Real Estate and Property Management,property-management,SaltLakeCity,ok,259648,hostile,rules,True,False,False,68.62,0.17,11.6654,22,2026-08-10T00:24:18Z,measured,20260809T230716Z,0.0,0.0,0.0
Real Estate and Property Management,property-management,AusPropertyChat,ok,256261,hostile,rules,True,False,False,42.77,0.22,9.4094,19,2026-08-10T00:24:22Z,measured,20260809T230716Z,0.01,1.0,9.4094
Real Estate and Property Management,property-management,miamidolphins,ok,245479,permissive,rules,False,True,False,16.69,0.08,1.3352,18,2026-08-10T00:24:26Z,measured,20260809T230716Z,0.0,0.0,0.0
Real Estate and Property Management,property-management,NYCapartments,ok,227321,permissive,rules,False,True,True,33.96,0.19,6.4524,37,2026-08-10T00:24:30Z,measured,20260809T230716Z,0.01,0.5,3.2262
Real Estate and Property Management,property-management,Landlord,ok,210256,permissive,rules,True,False,False,17.52,0.44,7.7088,26,2026-08-10T00:24:34Z,measured,20260809T230716Z,0.02,1.0,7.7088
Real Estate and Property Management,property-management,rva,ok,209632,permissive,rules,False,True,False,41.59,0.26,10.8134,29,2026-08-10T00:24:38Z,measured,20260809T230716Z,0.03,0.0,0.0
Real Estate and Property Management,property-management,realtors,ok,193746,hostile,rules,False,False,False,18.06,0.15,2.709,19,2026-08-10T00:24:43Z,measured,20260809T230716Z,0.0,1.0,2.709
Real Estate and Property Management,property-management,Renters,ok,178379,permissive,rules,False,True,True,49.3,0.31,15.283,19,2026-08-10T00:24:47Z,measured,20260809T230716Z,0.01,0.5,7.6415
Restaurant POS and Management,restaurant-pos,pcmasterrace,ok,16223685,permissive,rules,False,True,False,519.99,0.02,10.3998,50,2026-08-05T20:43:35Z,measured,20260809T230716Z,0.0,0.0,0.0
Restaurant POS and Management,restaurant-pos,Bitcoin,ok,8156861,permissive,rules,False,True,False,120.66,0.0,0.0,40,2026-08-05T20:33:13Z,measured,20260809T230716Z,0.01,0.0,0.0
Restaurant POS and Management,restaurant-pos,Entrepreneur,ok,5249043,hostile,shipped,False,False,False,24.81,0.01,0.2481,25,2026-08-04T17:55:37Z,shipped,20260809T230716Z,0.0,0.5,0.12405
Restaurant POS and Management,restaurant-pos,battlestations,ok,5245887,permissive,shipped,False,True,False,21.01,0.0,0.0,18,2026-08-05T18:54:37Z,shipped,20260809T230716Z,0.01,0.0,0.0
Restaurant POS and Management,restaurant-pos,antiwork,ok,2991911,permissive,shipped,False,True,False,153.78,0.0,0.0,18,2026-08-04T17:59:10Z,shipped,20260809T230716Z,0.0,0.0,0.0
Restaurant POS and Management,restaurant-pos,smallbusiness,ok,2515817,hostile,shipped,False,False,False,65.93,0.0,0.0,54,2026-08-04T17:55:28Z,shipped,20260809T230716Z,0.01,0.5,0.0
Restaurant POS and Management,restaurant-pos,iamatotalpieceofshit,ok,2058091,permissive,rules,False,True,False,3.26,0.0,0.0,38,2026-08-10T00:25:01Z,measured,20260809T230716Z,0.0,0.0,0.0
Restaurant POS and Management,restaurant-pos,KitchenConfidential,ok,1838087,hostile,rules,False,False,False,125.53,0.0,0.0,23,2026-08-10T00:25:05Z,measured,20260809T230716Z,0.0,0.5,0.0
Restaurant POS and Management,restaurant-pos,sysadmin,ok,1307123,permissive,shipped,False,True,True,111.96,0.07,7.8372,24,2026-08-04T18:02:01Z,shipped,20260809T230716Z,0.0,0.5,3.9186
Restaurant POS and Management,restaurant-pos,pasta,ok,1272919,permissive,rules,False,True,False,8.95,0.0,0.0,27,2026-08-10T00:25:09Z,measured,20260809T230716Z,0.0,0.0,0.0
Restaurant POS and Management,restaurant-pos,selfhosted,ok,813099,hostile,shipped,False,False,False,66.7,0.01,0.667,33,2026-08-04T18:02:09Z,shipped,20260809T230716Z,0.01,0.0,0.0
Restaurant POS and Management,restaurant-pos,HongKong,ok,718515,permissive,rules,False,True,False,9.75,0.0,0.0,30,2026-08-10T00:19:47Z,measured,20260809T230716Z,0.03,0.0,0.0
Restaurant POS and Management,restaurant-pos,techsupportgore,ok,657370,permissive,rules,False,True,False,4.22,0.0,0.0,7,2026-08-10T00:25:13Z,measured,20260809T230716Z,0.0,0.0,0.0
Restaurant POS and Management,restaurant-pos,TalesFromYourServer,ok,637802,hostile,rules,True,False,False,0.74,0.0,0.0,20,2026-08-10T00:25:17Z,measured,20260809T230716Z,0.0,0.5,0.0
Restaurant POS and Management,restaurant-pos,washingtondc,ok,528707,hostile,rules,False,False,False,50.25,0.0,0.0,27,2026-08-10T00:25:21Z,measured,20260809T230716Z,0.0,0.0,0.0
Restaurant POS and Management,restaurant-pos,orangecounty,ok,453103,hostile,rules,False,False,False,52.52,0.01,0.5252,25,2026-08-10T00:25:25Z,measured,20260809T230716Z,0.0,0.0,0.0
Restaurant POS and Management,restaurant-pos,DeepRockGalactic,ok,432820,hostile,rules,True,False,False,21.18,0.0,0.0,25,2026-08-10T00:25:29Z,measured,20260809T230716Z,0.0,0.0,0.0
Restaurant POS and Management,restaurant-pos,walmart,ok,374370,permissive,rules,True,False,False,29.48,0.0,0.0,27,2026-08-10T00:25:32Z,measured,20260809T230716Z,0.0,0.5,0.0
Restaurant POS and Management,restaurant-pos,BlackClover,ok,355200,permissive,rules,True,False,False,8.48,0.0,0.0,24,2026-08-10T00:25:36Z,measured,20260809T230716Z,0.0,0.0,0.0
Restaurant POS and Management,restaurant-pos,fastfood,ok,305105,hostile,rules,False,False,False,58.6,0.0,0.0,14,2026-08-10T00:25:40Z,measured,20260809T230716Z,0.0,0.5,0.0
Restaurant POS and Management,restaurant-pos,ProductManagement,ok,277068,hostile,rules,True,False,False,11.77,0.0,0.0,11,2026-08-09T23:34:15Z,measured,20260809T230716Z,0.0,0.0,0.0
Restaurant POS and Management,restaurant-pos,managers,ok,272057,permissive,rules,False,True,True,56.99,0.0,0.0,23,2026-08-10T00:25:44Z,measured,20260809T230716Z,0.0,0.5,0.0
Restaurant POS and Management,restaurant-pos,Animey,ok,240739,permissive,rules,False,True,False,37.37,0.0,0.0,22,2026-08-10T00:25:48Z,measured,20260809T230716Z,0.0,0.0,0.0
Restaurant POS and Management,restaurant-pos,projectmanagement,ok,235429,hostile,shipped,False,False,False,7.75,0.02,0.155,14,2026-08-04T17:56:05Z,shipped,20260809T230716Z,0.07,0.0,0.0
Restaurant POS and Management,restaurant-pos,AskSF,ok,203313,permissive,rules,False,True,False,58.93,0.0,0.0,21,2026-08-10T00:25:52Z,measured,20260809T230716Z,0.0,0.0,0.0
Restaurant POS and Management,restaurant-pos,restaurant,ok,196514,permissive,rules,True,False,False,63.12,0.0,0.0,6,2026-08-10T00:25:56Z,measured,20260809T230716Z,0.0,1.0,0.0
Restaurant POS and Management,restaurant-pos,chicagofood,ok,193384,hostile,rules,False,False,False,26.7,0.0,0.0,21,2026-08-10T00:25:59Z,measured,20260809T230716Z,0.0,0.0,0.0
Restaurant POS and Management,restaurant-pos,FoodSanDiego,ok,189658,permissive,rules,False,True,False,4.75,0.0,0.0,21,2026-08-10T00:26:03Z,measured,20260809T230716Z,0.0,0.0,0.0
Restaurant POS and Management,restaurant-pos,WGU,ok,181917,permissive,rules,False,True,False,29.1,0.0,0.0,21,2026-08-10T00:00:30Z,measured,20260809T230716Z,0.0,0.0,0.0
Restaurant POS and Management,restaurant-pos,reading,ok,180923,permissive,rules,False,True,False,3.56,0.0,0.0,24,2026-08-10T00:26:07Z,measured,20260809T230716Z,0.0,0.0,0.0
Restaurant POS and Management,restaurant-pos,UKfood,ok,179979,permissive,rules,False,True,False,23.78,0.0,0.0,17,2026-08-10T00:26:11Z,measured,20260809T230716Z,0.0,0.0,0.0
Restaurant POS and Management,restaurant-pos,ChronicPain,ok,169703,permissive,rules,False,True,False,23.47,0.0,0.0,33,2026-08-10T00:26:15Z,measured,20260809T230716Z,0.0,0.0,0.0
Restaurant POS and Management,restaurant-pos,BocchiTheRock,ok,164644,hostile,rules,True,False,False,6.96,0.0,0.0,25,2026-08-10T00:26:19Z,measured,20260809T230716Z,0.0,0.0,0.0
Restaurant POS and Management,restaurant-pos,shanghai,ok,122927,permissive,rules,False,True,False,3.0,0.0,0.0,26,2026-08-09T23:08:00Z,measured,20260809T230716Z,0.0,0.0,0.0
Retail POS,pos,mildlyinteresting,ok,25317303,permissive,rules,False,True,False,476.83,0.0,0.0,28,2026-08-05T20:39:31Z,measured,20260809T230716Z,0.0,0.0,0.0
Retail POS,pos,anime,ok,14373699,permissive,rules,False,True,False,279.14,0.0,0.0,32,2026-08-05T20:42:15Z,measured,20260809T230716Z,0.0,0.0,0.0
Retail POS,pos,Bitcoin,ok,8156861,permissive,rules,False,True,False,120.66,0.0,0.0,40,2026-08-05T20:33:13Z,measured,20260809T230716Z,0.01,0.0,0.0
Retail POS,pos,manga,ok,4798439,permissive,rules,False,True,False,65.59,0.0,0.0,41,2026-08-10T00:14:12Z,measured,20260809T230716Z,0.0,0.0,0.0
Retail POS,pos,ufc,ok,3162831,permissive,rules,False,True,False,384.39,0.0,0.0,32,2026-08-09T23:15:43Z,measured,20260809T230716Z,0.0,0.0,0.0
Retail POS,pos,smallbusiness,ok,2515817,hostile,shipped,False,False,False,65.93,0.0,0.0,54,2026-08-04T17:55:28Z,shipped,20260809T230716Z,0.01,0.5,0.0
Retail POS,pos,shopify,ok,368707,capped,shipped,True,False,False,9.93,0.0,0.0,48,2026-08-04T17:59:34Z,shipped,20260809T230716Z,0.03,0.5,0.0
Retail POS,pos,BlackClover,ok,355200,permissive,rules,True,False,False,8.48,0.0,0.0,24,2026-08-10T00:25:36Z,measured,20260809T230716Z,0.0,0.0,0.0
Retail POS,pos,NoLawns,ok,331922,hostile,rules,False,False,False,18.88,0.0,0.0,15,2026-08-10T00:26:30Z,measured,20260809T230716Z,0.05,0.0,0.0
Retail POS,pos,DeathBattleMatchups,ok,57857,permissive,rules,False,True,False,257.92,0.0,0.0,34,2026-08-10T00:26:33Z,measured,20260809T230716Z,0.0,0.0,0.0
Retail POS,pos,CLOV,ok,51331,permissive,rules,False,True,False,1.24,0.0,0.0,14,2026-08-10T00:26:37Z,measured,20260809T230716Z,0.07,0.0,0.0
Retail POS,pos,UndertaleYellow,ok,38092,permissive,rules,False,True,False,43.96,0.0,0.0,21,2026-08-10T00:26:41Z,measured,20260809T230716Z,0.07,0.0,0.0
Retail POS,pos,Cloververse,ok,36701,permissive,rules,False,True,False,0.46,0.0,0.0,12,2026-08-10T00:26:45Z,measured,20260809T230716Z,0.26,0.0,0.0
Retail POS,pos,TsukiOdyssey,ok,18987,permissive,rules,False,True,False,2.13,0.0,0.0,38,2026-08-10T00:26:49Z,measured,20260809T230716Z,0.06,0.0,0.0
Retail POS,pos,CloverPit,ok,14217,permissive,rules,True,False,False,0.97,0.0,0.0,23,2026-08-10T00:26:53Z,measured,20260809T230716Z,0.08,0.0,0.0
Retail POS,pos,PokemonClover,ok,8902,permissive,rules,True,False,False,0.26,0.0,0.0,29,2026-08-10T00:26:56Z,measured,20260809T230716Z,0.07,0.0,0.0
Retail POS,pos,BlackCloverMobile,ok,8245,permissive,rules,True,False,False,0.02,0.0,0.0,18,2026-08-10T00:27:00Z,measured,20260809T230716Z,0.04,0.0,0.0
Retail POS,pos,POS,ok,7167,permissive,rules,True,False,False,1.29,0.05,0.0645,19,2026-08-10T00:27:04Z,measured,20260809T230716Z,0.08,1.0,0.0645
Retail POS,pos,CloverTime,ok,5113,permissive,rules,True,False,False,0.32,0.0,0.0,22,2026-08-10T00:27:08Z,measured,20260809T230716Z,0.04,0.0,0.0
Retail POS,pos,BlackCloverScaling,ok,2727,permissive,rules,True,False,False,7.72,0.0,0.0,18,2026-08-10T00:27:11Z,measured,20260809T230716Z,0.13,0.0,0.0
Retail POS,pos,KanaClover,ok,2618,permissive,rules,True,False,False,0.06,0.0,0.0,33,2026-08-10T00:27:15Z,measured,20260809T230716Z,0.18,0.0,0.0
Retail POS,pos,Cloverposting,ok,2047,permissive,rules,False,True,False,0.44,0.0,0.0,30,2026-08-10T00:27:19Z,measured,20260809T230716Z,0.06,0.0,0.0
Inventory Management,inventory,BaldursGate3,ok,3378455,hostile,rules,False,False,False,173.93,0.02,3.4786,26,2026-08-10T00:27:29Z,measured,20260809T230716Z,0.0,0.0,0.0
Inventory Management,inventory,DestinyTheGame,ok,3373336,hostile,rules,True,False,False,58.94,0.0,0.0,23,2026-08-09T23:16:57Z,measured,20260809T230716Z,0.03,0.0,0.0
Inventory Management,inventory,smallbusiness,ok,2515817,hostile,shipped,False,False,False,65.93,0.0,0.0,54,2026-08-04T17:55:28Z,shipped,20260809T230716Z,0.01,0.5,0.0
Inventory Management,inventory,sysadmin,ok,1307123,permissive,shipped,False,True,True,111.96,0.01,1.1196,24,2026-08-04T18:02:01Z,shipped,20260809T230716Z,0.0,0.5,0.5598
Inventory Management,inventory,NoMansSkyTheGame,ok,1161445,hostile,rules,True,False,False,76.01,0.06,4.5606,32,2026-08-05T20:44:10Z,measured,20260809T230716Z,0.0,0.0,0.0
Inventory Management,inventory,selfhosted,ok,813099,hostile,shipped,False,False,False,66.7,0.01,0.667,33,2026-08-04T18:02:09Z,shipped,20260809T230716Z,0.01,0.5,0.3335
Inventory Management,inventory,ecommerce,ok,664240,hostile,shipped,False,False,False,13.77,0.0,0.0,54,2026-08-04T17:59:26Z,shipped,20260809T230716Z,0.0,1.0,0.0
Inventory Management,inventory,fo76,ok,590596,hostile,rules,False,False,False,132.29,0.0,0.0,25,2026-08-10T00:27:34Z,measured,20260809T230716Z,0.0,0.0,0.0
Inventory Management,inventory,Guildwars2,ok,424997,permissive,rules,False,True,False,31.87,0.0,0.0,26,2026-08-10T00:14:40Z,measured,20260809T230716Z,0.0,0.0,0.0
Inventory Management,inventory,thedivision,ok,424861,permissive,rules,False,True,False,20.94,0.03,0.6282,29,2026-08-10T00:27:38Z,measured,20260809T230716Z,0.01,0.0,0.0
Inventory Management,inventory,walmart,ok,374370,permissive,rules,True,False,False,29.48,0.01,0.2948,27,2026-08-10T00:25:32Z,measured,20260809T230716Z,0.0,0.5,0.1474
Inventory Management,inventory,DivinityOriginalSin,ok,280263,permissive,rules,False,True,False,7.41,0.0,0.0,31,2026-08-10T00:21:24Z,measured,20260809T230716Z,0.0,0.0,0.0
Inventory Management,inventory,supplychain,ok,112789,permissive,shipped,False,True,True,2.17,0.01,0.0217,30,2026-08-04T18:07:26Z,shipped,20260809T230716Z,0.02,0.5,0.01085
Inventory Management,inventory,Odoo,ok,19485,hostile,shipped,True,False,False,1.34,0.0,0.0,31,2026-08-04T18:07:11Z,shipped,20260809T230716Z,0.51,0.5,0.0
Inventory Management,inventory,ERP,ok,18185,permissive,shipped,False,True,True,0.46,0.01,0.0046,17,2026-08-04T17:58:24Z,shipped,20260809T230716Z,0.03,0.5,0.0023
Inventory Management,inventory,InventoryManagement,ok,8813,permissive,rules,True,False,False,1.1,0.0,0.0,31,2026-08-10T00:27:41Z,measured,20260809T230716Z,0.01,1.0,0.0
Inventory Management,inventory,Warehousing,ok,8022,permissive,rules,False,True,True,0.71,0.01,0.0071,21,2026-08-10T00:27:45Z,measured,20260809T230716Z,0.03,0.5,0.00355
Inventory Management,inventory,homebox,ok,1648,hostile,rules,False,False,False,0.06,0.01,0.0006,20,2026-08-10T00:27:49Z,measured,20260809T230716Z,0.0,1.0,0.0006
Shipping and Fulfillment,shipping,AskReddit,ok,59332757,hostile,rules,True,False,False,5616.43,0.0,0.0,57,2026-08-05T20:31:38Z,measured,20260809T230716Z,0.0,0.0,0.0
Shipping and Fulfillment,shipping,worldnews,ok,47508421,permissive,rules,False,True,False,735.82,0.0,0.0,23,2026-08-05T20:37:49Z,measured,20260809T230716Z,0.0,0.0,0.0
Shipping and Fulfillment,shipping,todayilearned,ok,41573230,permissive,rules,False,True,False,353.92,0.0,0.0,21,2026-08-05T20:31:42Z,measured,20260809T230716Z,0.0,0.0,0.0
Shipping and Fulfillment,shipping,memes,ok,35945324,permissive,rules,False,True,False,543.38,0.01,5.4338,25,2026-08-05T20:34:45Z,measured,20260809T230716Z,0.0,0.0,0.0
Shipping and Fulfillment,shipping,WritingPrompts,ok,18869574,permissive,rules,False,True,False,15.64,0.0,0.0,49,2026-08-05T20:31:53Z,measured,20260809T230716Z,0.0,0.0,0.0
Shipping and Fulfillment,shipping,dankmemes,ok,5894560,permissive,rules,False,True,False,28.17,0.0,0.0,27,2026-08-09T23:27:28Z,measured,20260809T230716Z,0.0,0.0,0.0
Shipping and Fulfillment,shipping,Entrepreneur,ok,5249043,hostile,shipped,False,False,False,24.81,0.0,0.0,25,2026-08-04T17:55:37Z,shipped,20260809T230716Z,0.0,0.5,0.0
Shipping and Fulfillment,shipping,PrequelMemes,ok,3814570,hostile,rules,False,False,False,12.26,0.0,0.0,11,2026-08-10T00:16:37Z,measured,20260809T230716Z,0.0,0.0,0.0
Shipping and Fulfillment,shipping,teenagers,ok,3640703,hostile,rules,False,False,False,1532.95,0.01,15.3295,50,2026-08-05T20:35:10Z,measured,20260809T230716Z,0.0,0.0,0.0
Shipping and Fulfillment,shipping,PewdiepieSubmissions,ok,3425669,hostile,rules,False,False,False,2.7,0.0,0.0,7,2026-08-09T23:27:36Z,measured,20260809T230716Z,0.0,0.0,0.0
Shipping and Fulfillment,shipping,frugalmalefashion,ok,3209203,permissive,rules,False,True,False,1.96,0.0,0.0,17,2026-08-05T20:48:51Z,measured,20260809T230716Z,0.0,0.0,0.0
Shipping and Fulfillment,shipping,FashionReps,ok,2360639,hostile,rules,False,False,False,38.6,0.0,0.0,74,2026-08-05T20:39:44Z,measured,20260809T230716Z,0.0,0.0,0.0
Shipping and Fulfillment,shipping,CatastrophicFailure,ok,1789949,permissive,rules,False,True,False,3.84,0.0,0.0,17,2026-08-10T00:28:03Z,measured,20260809T230716Z,0.0,0.0,0.0
Shipping and Fulfillment,shipping,Superstonk,ok,1199123,capped,shipped,False,True,False,168.83,0.0,0.0,19,2026-08-05T18:54:21Z,shipped,20260809T230716Z,0.02,0.0,0.0
Shipping and Fulfillment,shipping,NoMansSkyTheGame,ok,1161445,hostile,rules,True,False,False,76.01,0.0,0.0,32,2026-08-05T20:44:10Z,measured,20260809T230716Z,0.0,0.0,0.0
Shipping and Fulfillment,shipping,MUAontheCheap,ok,1129907,hostile,rules,False,False,False,0.61,0.0,0.0,24,2026-08-10T00:28:07Z,measured,20260809T230716Z,0.0,0.0,0.0
Shipping and Fulfillment,shipping,malegrooming,ok,1087034,hostile,rules,False,False,False,94.76,0.0,0.0,22,2026-08-10T00:28:11Z,measured,20260809T230716Z,0.0,0.0,0.0
Shipping and Fulfillment,shipping,buildapcsales,ok,1012511,permissive,rules,False,True,False,36.17,0.0,0.0,14,2026-08-09T23:49:24Z,measured,20260809T230716Z,0.0,0.0,0.0
Shipping and Fulfillment,shipping,easyrecipes,ok,986972,permissive,rules,False,True,False,4.3,0.0,0.0,8,2026-08-10T00:28:14Z,measured,20260809T230716Z,0.0,0.0,0.0
Shipping and Fulfillment,shipping,Starfield,ok,952659,hostile,rules,False,False,False,122.76,0.0,0.0,11,2026-08-10T00:10:11Z,measured,20260809T230716Z,0.0,0.0,0.0
Shipping and Fulfillment,shipping,geometrydash,ok,796200,permissive,rules,False,True,False,201.5,0.0,0.0,42,2026-08-10T00:28:18Z,measured,20260809T230716Z,0.0,0.0,0.0
Shipping and Fulfillment,shipping,ecommerce,ok,664240,hostile,shipped,False,False,False,13.77,0.0,0.0,54,2026-08-04T17:59:26Z,shipped,20260809T230716Z,0.0,1.0,0.0
Shipping and Fulfillment,shipping,RimWorld,ok,663006,permissive,rules,False,True,False,80.08,0.0,0.0,35,2026-08-10T00:28:22Z,measured,20260809T230716Z,0.0,0.0,0.0
Shipping and Fulfillment,shipping,gundeals,ok,628415,permissive,rules,False,True,False,36.01,0.0,0.0,18,2026-08-05T20:34:26Z,measured,20260809T230716Z,0.05,0.0,0.0
Shipping and Fulfillment,shipping,Seaofthieves,ok,612375,permissive,rules,False,True,False,20.28,0.0,0.0,22,2026-08-10T00:28:26Z,measured,20260809T230716Z,0.0,0.0,0.0
Shipping and Fulfillment,shipping,Watchexchange,ok,548887,permissive,rules,False,True,False,306.54,0.0,0.0,44,2026-08-09T23:36:16Z,measured,20260809T230716Z,0.25,0.0,0.0
Shipping and Fulfillment,shipping,TheOwlHouse,ok,537394,permissive,rules,False,True,False,34.42,0.0,0.0,23,2026-08-09T23:53:42Z,measured,20260809T230716Z,0.0,0.0,0.0
Shipping and Fulfillment,shipping,starcitizen,ok,523496,permissive,rules,False,True,False,589.51,0.0,0.0,23,2026-08-05T20:45:14Z,measured,20260809T230716Z,0.02,0.0,0.0
Shipping and Fulfillment,shipping,Stellaris,ok,520550,permissive,rules,False,True,False,31.32,0.0,0.0,34,2026-08-09T23:16:15Z,measured,20260809T230716Z,0.01,0.0,0.0
Shipping and Fulfillment,shipping,tipofmyjoystick,ok,457485,permissive,rules,False,True,False,24.23,0.0,0.0,44,2026-08-09T23:39:10Z,measured,20260809T230716Z,0.0,0.0,0.0
Shipping and Fulfillment,shipping,amiwrong,ok,455853,permissive,sidebar,False,True,False,60.88,0.0,0.0,19,2026-08-10T00:28:30Z,measured,20260809T230716Z,0.0,0.0,0.0
Shipping and Fulfillment,shipping,Assistance,ok,436307,permissive,rules,False,True,False,4.43,0.0,0.0,44,2026-08-10T00:28:34Z,measured,20260809T230716Z,0.0,0.0,0.0
Shipping and Fulfillment,shipping,WouldYouRather,ok,415791,hostile,rules,False,False,False,47.36,0.0,0.0,26,2026-08-10T00:28:38Z,measured,20260809T230716Z,0.0,0.0,0.0
Shipping and Fulfillment,shipping,cookingtonight,ok,398551,permissive,rules,False,True,False,0.84,0.0,0.0,29,2026-08-10T00:28:43Z,measured,20260809T230716Z,0.0,0.0,0.0
Print on Demand,print-on-demand,aww,ok,37846716,permissive,rules,False,True,False,130.65,0.0,0.0,18,2026-08-05T20:34:41Z,measured,20260809T230716Z,0.0,0.0,0.0
Print on Demand,print-on-demand,tattoos,ok,10322108,permissive,rules,False,True,False,58.15,0.01,0.5815,37,2026-08-10T00:28:54Z,measured,20260809T230716Z,0.0,0.0,0.0
Print on Demand,print-on-demand,cats,ok,9341127,hostile,rules,False,False,False,897.19,0.0,0.0,23,2026-08-05T20:46:22Z,measured,20260809T230716Z,0.0,0.0,0.0
Print on Demand,print-on-demand,OnePiece,ok,5314457,permissive,rules,False,True,False,172.02,0.0,0.0,23,2026-08-09T23:14:13Z,measured,20260809T230716Z,0.0,0.0,0.0
Print on Demand,print-on-demand,Entrepreneur,ok,5249043,hostile,shipped,False,False,False,24.81,0.01,0.2481,25,2026-08-04T17:55:37Z,shipped,20260809T230716Z,0.0,0.5,0.12405
Print on Demand,print-on-demand,battlestations,ok,5245887,permissive,shipped,False,True,False,21.01,0.0,0.0,18,2026-08-05T18:54:37Z,shipped,20260809T230716Z,0.01,0.0,0.0
Print on Demand,print-on-demand,StarWars,ok,4673397,permissive,rules,False,True,False,49.39,0.01,0.4939,35,2026-08-10T00:13:25Z,measured,20260809T230716Z,0.0,0.0,0.0
Print on Demand,print-on-demand,sidehustle,ok,3302318,hostile,rules,False,False,False,1.67,0.02,0.0334,34,2026-08-09T23:18:39Z,measured,20260809T230716Z,0.0,0.5,0.0167
Print on Demand,print-on-demand,somethingimade,ok,3108320,permissive,rules,False,True,False,8.05,0.0,0.0,32,2026-08-05T20:40:52Z,measured,20260809T230716Z,0.0,0.0,0.0
Print on Demand,print-on-demand,cyberpunkgame,ok,2622234,permissive,rules,False,True,False,136.37,0.01,1.3637,44,2026-08-10T00:21:00Z,measured,20260809T230716Z,0.0,0.0,0.0
Print on Demand,print-on-demand,TheLastAirbender,ok,2297459,permissive,rules,False,True,False,138.06,0.0,0.0,30,2026-08-09T23:15:47Z,measured,20260809T230716Z,0.01,0.0,0.0
Print on Demand,print-on-demand,HunterXHunter,ok,2104427,permissive,rules,False,True,False,97.62,0.0,0.0,27,2026-08-10T00:28:58Z,measured,20260809T230716Z,0.0,0.0,0.0
Print on Demand,print-on-demand,rpg,ok,1595752,permissive,rules,True,False,False,125.96,0.1,12.596,20,2026-08-09T23:11:33Z,measured,20260809T230716Z,0.0,0.0,0.0
Print on Demand,print-on-demand,MechanicalKeyboards,ok,1382668,permissive,rules,False,True,False,25.43,0.0,0.0,31,2026-08-05T20:41:29Z,measured,20260809T230716Z,0.0,0.0,0.0
Print on Demand,print-on-demand,passive_income,ok,1224562,permissive,rules,False,True,True,16.69,0.0,0.0,46,2026-08-10T00:29:02Z,measured,20260809T230716Z,0.0,0.5,0.0
Print on Demand,print-on-demand,HollowKnight,ok,1177230,permissive,rules,False,True,False,63.11,0.0,0.0,30,2026-08-05T20:34:02Z,measured,20260809T230716Z,0.0,0.0,0.0
Print on Demand,print-on-demand,CrossStitch,ok,1123963,capped,rules,True,False,False,46.7,0.0,0.0,23,2026-08-10T00:12:48Z,measured,20260809T230716Z,0.0,0.0,0.0
Print on Demand,print-on-demand,Invincible,ok,869111,permissive,rules,False,True,False,26.77,0.0,0.0,24,2026-08-10T00:29:06Z,measured,20260809T230716Z,0.0,0.0,0.0
Print on Demand,print-on-demand,streetwearstartup,ok,851635,capped,rules,False,True,True,12.1,0.0,0.0,23,2026-08-09T23:17:30Z,measured,20260809T230716Z,0.0,0.5,0.0
Print on Demand,print-on-demand,Berserk,ok,682015,permissive,rules,False,True,False,11.61,0.0,0.0,38,2026-08-09T23:19:07Z,measured,20260809T230716Z,0.0,0.0,0.0
Print on Demand,print-on-demand,ecommerce,ok,664240,hostile,shipped,False,False,False,13.77,0.0,0.0,54,2026-08-04T17:59:26Z,shipped,20260809T230716Z,0.0,0.5,0.0
Print on Demand,print-on-demand,Doom,ok,569574,hostile,rules,False,False,False,68.78,0.02,1.3756,19,2026-08-10T00:29:10Z,measured,20260809T230716Z,0.0,0.0,0.0
Print on Demand,print-on-demand,expedition33,ok,541766,permissive,rules,False,True,False,36.87,0.0,0.0,32,2026-08-10T00:29:14Z,measured,20260809T230716Z,0.0,0.0,0.0
Print on Demand,print-on-demand,Persona5,ok,530320,permissive,rules,False,True,False,56.55,0.0,0.0,33,2026-08-10T00:29:18Z,measured,20260809T230716Z,0.0,0.0,0.0
Print on Demand,print-on-demand,arcane,ok,496352,permissive,rules,False,True,False,9.05,0.05,0.4525,28,2026-08-10T00:29:22Z,measured,20260809T230716Z,0.04,0.0,0.0
Print on Demand,print-on-demand,Sekiro,ok,413655,permissive,rules,False,True,False,33.49,0.04,1.3396,31,2026-08-10T00:29:27Z,measured,20260809T230716Z,0.0,0.0,0.0
Print on Demand,print-on-demand,Gunpla,ok,381211,permissive,rules,False,True,False,36.98,0.0,0.0,45,2026-08-05T20:47:29Z,measured,20260809T230716Z,0.0,0.0,0.0
Print on Demand,print-on-demand,shopify,ok,368707,capped,shipped,True,False,False,9.93,0.01,0.0993,48,2026-08-04T17:59:34Z,shipped,20260809T230716Z,0.03,0.5,0.04965
Print on Demand,print-on-demand,printSF,ok,361681,hostile,rules,False,False,False,17.61,0.0,0.0,20,2026-08-10T00:17:06Z,measured,20260809T230716Z,0.0,0.0,0.0
Print on Demand,print-on-demand,dropship,ok,356752,hostile,shipped,False,False,False,0.6,0.01,0.006,31,2026-08-04T18:09:31Z,shipped,20260809T230716Z,0.03,0.5,0.003
Print on Demand,print-on-demand,thinkpad,ok,319019,permissive,rules,False,True,False,38.49,0.0,0.0,44,2026-08-10T00:29:30Z,measured,20260809T230716Z,0.0,0.0,0.0
Print on Demand,print-on-demand,whatsthisworth,ok,313230,permissive,rules,False,True,False,6.29,0.01,0.0629,24,2026-08-10T00:29:34Z,measured,20260809T230716Z,0.0,0.0,0.0
Print on Demand,print-on-demand,funkopop,ok,289620,hostile,rules,False,False,False,10.32,0.0,0.0,38,2026-08-09T23:46:48Z,measured,20260809T230716Z,0.0,0.0,0.0
Print on Demand,print-on-demand,diamondpainting,ok,274964,permissive,rules,False,True,False,20.72,0.0,0.0,36,2026-08-10T00:29:38Z,measured,20260809T230716Z,0.0,0.0,0.0
Legal Practice Management,legal-practice,LawPH,ok,178196,permissive,rules,False,True,True,1.65,0.0,0.0,29,2026-08-09T23:56:14Z,measured,20260809T230716Z,0.0,0.5,0.0
Legal Practice Management,legal-practice,LearnerDriverUK,ok,129728,hostile,rules,False,False,False,22.82,0.0,0.0,31,2026-08-10T00:29:48Z,measured,20260809T230716Z,0.0,0.0,0.0
Legal Practice Management,legal-practice,ipod,ok,108071,permissive,rules,False,True,False,13.08,0.0,0.0,31,2026-08-10T00:29:53Z,measured,20260809T230716Z,0.0,0.0,0.0
Legal Practice Management,legal-practice,LawFirm,ok,105932,permissive,rules,False,True,True,3.33,0.02,0.0666,27,2026-08-09T23:34:31Z,measured,20260809T230716Z,0.0,1.0,0.0666
Legal Practice Management,legal-practice,Horticulture,ok,83353,hostile,rules,False,False,False,1.06,0.0,0.0,23,2026-08-10T00:29:56Z,measured,20260809T230716Z,0.0,0.0,0.0
Legal Practice Management,legal-practice,LawCanada,ok,79627,hostile,rules,False,False,False,4.34,0.0,0.0,20,2026-08-10T00:30:00Z,measured,20260809T230716Z,0.02,0.5,0.0
Legal Practice Management,legal-practice,paralegal,ok,77420,hostile,rules,False,False,False,11.28,0.0,0.0,28,2026-08-10T00:30:04Z,measured,20260809T230716Z,0.0,0.5,0.0
Legal Practice Management,legal-practice,PublicSpeaking,ok,59629,permissive,rules,False,True,False,1.65,0.0,0.0,27,2026-08-10T00:30:08Z,measured,20260809T230716Z,0.0,0.0,0.0
Legal Practice Management,legal-practice,LegalNews,ok,47612,permissive,sidebar,True,False,False,86.74,0.0,0.0,12,2026-08-10T00:30:12Z,measured,20260809T230716Z,0.0,0.0,0.0
Legal Practice Management,legal-practice,llc,ok,38015,hostile,rules,False,False,False,0.51,0.0,0.0,29,2026-08-10T00:30:16Z,measured,20260809T230716Z,0.0,0.0,0.0
Legal Practice Management,legal-practice,publicdefenders,ok,35918,permissive,rules,False,True,True,2.98,0.0,0.0,23,2026-08-10T00:30:20Z,measured,20260809T230716Z,0.0,0.5,0.0
Legal Practice Management,legal-practice,CommunityManager,ok,8577,permissive,rules,True,False,False,0.44,0.0,0.0,22,2026-08-10T00:30:24Z,measured,20260809T230716Z,0.0,0.0,0.0
Legal Practice Management,legal-practice,CanadianDentists,ok,2547,permissive,rules,False,True,True,1.29,0.0,0.0,21,2026-08-10T00:30:28Z,measured,20260809T230716Z,0.0,0.5,0.0
Legal Practice Management,legal-practice,SimplePractice,ok,2016,permissive,rules,True,False,False,0.09,0.03,0.0027,23,2026-08-10T00:30:31Z,measured,20260809T230716Z,0.0,1.0,0.0027
Nonprofit and Church Management,nonprofit,news,ok,31498350,permissive,rules,False,True,False,365.16,0.5,182.58,14,2026-08-09T23:56:49Z,measured,20260809T230716Z,0.0,0.0,0.0
Nonprofit and Church Management,nonprofit,UpliftingNews,ok,20464083,permissive,rules,False,True,False,20.34,0.48,9.7632,14,2026-08-10T00:30:45Z,measured,20260809T230716Z,0.0,0.0,0.0
Nonprofit and Church Management,nonprofit,politics,ok,9230904,permissive,rules,False,True,False,1200.88,0.38,456.3344,48,2026-08-05T20:32:07Z,measured,20260809T230716Z,0.0,0.0,0.0
Nonprofit and Church Management,nonprofit,gardening,ok,8952417,hostile,rules,False,False,False,272.28,0.44,119.8032,24,2026-08-05T20:48:27Z,measured,20260809T230716Z,0.0,0.0,0.0
Nonprofit and Church Management,nonprofit,careerguidance,ok,4979841,hostile,rules,False,False,False,66.85,0.52,34.762,30,2026-08-09T23:23:58Z,measured,20260809T230716Z,0.0,0.0,0.0
Nonprofit and Church Management,nonprofit,antiwork,ok,2991911,permissive,shipped,False,True,False,153.78,0.46,70.7388,18,2026-08-04T17:59:10Z,shipped,20260809T230716Z,0.0,0.0,0.0
Nonprofit and Church Management,nonprofit,Conservative,ok,1376046,permissive,rules,False,True,False,32.22,0.42,13.5324,30,2026-08-05T20:50:23Z,measured,20260809T230716Z,0.0,0.0,0.0
Nonprofit and Church Management,nonprofit,ApplyingToCollege,ok,1336599,permissive,rules,False,True,False,79.76,0.61,48.6536,25,2026-08-10T00:16:22Z,measured,20260809T230716Z,0.0,0.0,0.0
Nonprofit and Church Management,nonprofit,bayarea,ok,820874,hostile,rules,False,False,False,117.33,0.55,64.5315,22,2026-08-05T20:31:11Z,measured,20260809T230716Z,0.0,0.0,0.0
Nonprofit and Church Management,nonprofit,sanfrancisco,ok,669886,permissive,rules,False,True,False,128.65,0.6,77.19,22,2026-08-05T20:31:15Z,measured,20260809T230716Z,0.0,0.0,0.0
Nonprofit and Church Management,nonprofit,Austin,ok,624527,permissive,rules,False,True,False,89.73,0.46,41.2758,36,2026-08-09T23:14:50Z,measured,20260809T230716Z,0.0,0.0,0.0
Nonprofit and Church Management,nonprofit,SeattleWA,ok,403257,permissive,rules,False,True,False,64.69,0.5,32.345,26,2026-08-10T00:30:49Z,measured,20260809T230716Z,0.0,0.0,0.0
Nonprofit and Church Management,nonprofit,Portland,ok,386568,capped,rules,False,True,False,146.08,0.39,56.9712,20,2026-08-10T00:30:53Z,measured,20260809T230716Z,0.0,0.0,0.0
Nonprofit and Church Management,nonprofit,exmormon,ok,347252,permissive,rules,False,True,False,93.39,0.51,47.6289,33,2026-08-09T23:22:00Z,measured,20260809T230716Z,0.0,0.0,0.0
Nonprofit and Church Management,nonprofit,flashlight,ok,282318,permissive,rules,False,True,False,20.17,0.42,8.4714,39,2026-08-09T23:49:45Z,measured,20260809T230716Z,0.0,0.0,0.0
Nonprofit and Church Management,nonprofit,PlantsVSZombies,ok,174558,permissive,rules,False,True,False,34.35,0.18,6.183,30,2026-08-10T00:30:57Z,measured,20260809T230716Z,0.0,0.0,0.0
Nonprofit and Church Management,nonprofit,iOSthemes,ok,158171,permissive,rules,False,True,False,0.24,0.43,0.1032,67,2026-08-10T00:31:01Z,measured,20260809T230716Z,0.0,0.0,0.0
Nonprofit and Church Management,nonprofit,nonprofit,ok,92392,hostile,rules,False,False,False,3.31,0.6,1.986,29,2026-08-10T00:31:05Z,measured,20260809T230716Z,0.0,1.0,1.986
Nonprofit and Church Management,nonprofit,Reformed,ok,77092,permissive,rules,False,True,False,4.19,0.6,2.514,20,2026-08-10T00:31:10Z,measured,20260809T230716Z,0.0,0.0,0.0
Nonprofit and Church Management,nonprofit,GraveyardKeeper,ok,68574,permissive,rules,False,True,False,0.79,0.34,0.2686,23,2026-08-10T00:31:14Z,measured,20260809T230716Z,0.0,0.0,0.0
Nonprofit and Church Management,nonprofit,bloomington,ok,56726,permissive,rules,False,True,False,8.67,0.4,3.468,35,2026-08-10T00:31:18Z,measured,20260809T230716Z,0.0,0.0,0.0
Nonprofit and Church Management,nonprofit,PvZHeroes,ok,55949,permissive,rules,False,True,False,33.56,0.2,6.712,28,2026-08-10T00:31:22Z,measured,20260809T230716Z,0.01,0.0,0.0
Nonprofit and Church Management,nonprofit,mormon,ok,45117,permissive,rules,False,True,False,37.99,0.64,24.3136,17,2026-08-10T00:31:26Z,measured,20260809T230716Z,0.0,0.0,0.0
Nonprofit and Church Management,nonprofit,Nonprofit_Jobs,ok,13508,permissive,rules,False,True,True,0.17,0.52,0.0884,41,2026-08-10T00:31:30Z,measured,20260809T230716Z,0.0,0.5,0.0442
Nonprofit and Church Management,nonprofit,Philanthropy,ok,12437,permissive,rules,False,True,True,0.27,0.7,0.189,50,2026-08-10T00:31:34Z,measured,20260809T230716Z,0.0,0.5,0.0945
Nonprofit and Church Management,nonprofit,landconservation,ok,9785,permissive,sidebar,False,True,False,0.03,0.51,0.0153,22,2026-08-10T00:31:37Z,measured,20260809T230716Z,0.0,0.0,0.0
Nonprofit and Church Management,nonprofit,dallasfood,ok,9672,permissive,sidebar,False,True,False,0.79,0.28,0.2212,16,2026-08-10T00:31:41Z,measured,20260809T230716Z,0.0,0.0,0.0
Nonprofit and Church Management,nonprofit,HurdyGurdy,ok,8042,permissive,rules,False,True,False,0.14,0.49,0.0686,22,2026-08-10T00:31:45Z,measured,20260809T230716Z,0.0,0.0,0.0
Nonprofit and Church Management,nonprofit,churchtech,ok,6172,hostile,rules,False,False,False,0.61,0.65,0.3965,18,2026-08-10T00:31:49Z,measured,20260809T230716Z,0.01,0.5,0.19825
Nonprofit and Church Management,nonprofit,FoodSovereignty,ok,4834,permissive,rules,False,True,False,0.0,0.47,0.0,55,2026-08-10T00:31:53Z,measured,20260809T230716Z,0.0,0.0,0.0
Nonprofit and Church Management,nonprofit,AplosKarpouzis,ok,4228,unknown,none,True,False,False,0.01,0.03,0.0003,59,2026-08-10T00:31:57Z,measured,20260809T230716Z,0.01,0.0,0.0
Nonprofit and Church Management,nonprofit,Nonprofit_Marketing,ok,4198,unknown,none,True,False,False,0.02,0.67,0.0134,31,2026-08-10T00:32:01Z,measured,20260809T230716Z,0.02,0.5,0.0067
Nonprofit and Church Management,nonprofit,dancingforthedevil,ok,4190,permissive,rules,False,True,False,0.02,0.5,0.01,25,2026-08-10T00:32:05Z,measured,20260809T230716Z,0.0,0.0,0.0
Nonprofit and Church Management,nonprofit,ClimateCO,ok,3832,permissive,rules,False,True,False,0.11,0.46,0.0506,7,2026-08-10T00:03:48Z,measured,20260809T230716Z,0.0,0.0,0.0
Event Management and Ticketing,event-management,CryptoCurrency,ok,10134642,permissive,rules,False,True,False,38.93,0.04,1.5572,20,2026-08-05T20:36:11Z,measured,20260809T230716Z,0.0,0.0,0.0
Event Management and Ticketing,event-management,boardgames,ok,5441848,hostile,rules,False,False,False,108.0,0.03,3.24,31,2026-08-05T20:46:26Z,measured,20260809T230716Z,0.0,0.0,0.0
Event Management and Ticketing,event-management,DnD,ok,4283973,permissive,rules,False,True,False,272.34,0.07,19.0638,31,2026-08-05T20:36:15Z,measured,20260809T230716Z,0.0,0.0,0.0
Event Management and Ticketing,event-management,kpop,ok,3885592,permissive,rules,False,True,False,32.99,0.07,2.3093,28,2026-08-05T20:51:33Z,measured,20260809T230716Z,0.0,0.0,0.0
Event Management and Ticketing,event-management,Genshin_Impact,ok,3884217,hostile,rules,False,False,False,310.43,0.0,0.0,27,2026-08-10T00:32:19Z,measured,20260809T230716Z,0.0,0.0,0.0
Event Management and Ticketing,event-management,MMA,ok,3655622,capped,rules,False,True,False,72.61,0.0,0.0,20,2026-08-05T20:51:41Z,measured,20260809T230716Z,0.0,0.0,0.0
Event Management and Ticketing,event-management,india,ok,3472451,capped,rules,False,True,False,53.22,0.07,3.7254,36,2026-08-05T20:30:59Z,measured,20260809T230716Z,0.0,0.0,0.0
Event Management and Ticketing,event-management,javascript,ok,2446781,permissive,rules,False,True,False,1.83,0.08,0.1464,37,2026-08-05T20:41:01Z,measured,20260809T230716Z,0.01,0.0,0.0
Event Management and Ticketing,event-management,conspiracy,ok,2408472,permissive,rules,False,True,False,442.86,0.01,4.4286,33,2026-08-05T20:36:19Z,measured,20260809T230716Z,0.0,0.0,0.0
Event Management and Ticketing,event-management,DotA2,ok,1774163,permissive,rules,False,True,False,175.39,0.01,1.7539,42,2026-08-05T20:52:01Z,measured,20260809T230716Z,0.0,0.0,0.0
Event Management and Ticketing,event-management,Battlefield,ok,1537642,permissive,rules,False,True,False,180.31,0.04,7.2124,24,2026-08-10T00:32:23Z,measured,20260809T230716Z,0.0,0.0,0.0
Event Management and Ticketing,event-management,Hololive,ok,1514478,hostile,rules,False,False,False,47.62,0.06,2.8572,37,2026-08-05T20:41:13Z,measured,20260809T230716Z,0.0,0.0,0.0
Event Management and Ticketing,event-management,SquaredCircle,ok,1342243,permissive,rules,True,False,False,415.23,0.03,12.4569,24,2026-08-05T20:53:11Z,measured,20260809T230716Z,0.01,0.0,0.0
Event Management and Ticketing,event-management,sysadmin,ok,1307123,permissive,shipped,False,True,False,111.96,0.1,11.196,24,2026-08-04T18:02:01Z,shipped,20260809T230716Z,0.0,0.0,0.0
Event Management and Ticketing,event-management,modernwarfare,ok,1306220,permissive,rules,False,True,False,2.11,0.06,0.1266,28,2026-08-05T20:39:55Z,measured,20260809T230716Z,0.0,0.0,0.0
Event Management and Ticketing,event-management,dndmemes,ok,1215479,hostile,rules,False,False,False,21.16,0.04,0.8464,23,2026-08-09T23:11:37Z,measured,20260809T230716Z,0.0,0.0,0.0
Event Management and Ticketing,event-management,bicycling,ok,1212458,permissive,rules,False,True,False,28.08,0.01,0.2808,30,2026-08-05T20:37:11Z,measured,20260809T230716Z,0.0,0.0,0.0
Event Management and Ticketing,event-management,buildapcsales,ok,1012511,permissive,rules,False,True,False,36.17,0.08,2.8936,14,2026-08-09T23:49:24Z,measured,20260809T230716Z,0.0,0.0,0.0
Event Management and Ticketing,event-management,selfhosted,ok,813099,hostile,shipped,False,False,False,66.7,0.16,10.672,33,2026-08-04T18:02:09Z,shipped,20260809T230716Z,0.01,0.0,0.0
Event Management and Ticketing,event-management,bangtan,ok,749391,permissive,rules,False,True,False,15.19,0.16,2.4304,23,2026-08-10T00:32:27Z,measured,20260809T230716Z,0.0,0.0,0.0
Event Management and Ticketing,event-management,DungeonsAndDragons,ok,671879,permissive,rules,False,True,False,13.89,0.09,1.2501,15,2026-08-09T23:11:45Z,measured,20260809T230716Z,0.0,0.0,0.0
Event Management and Ticketing,event-management,LiverpoolFC,ok,652550,hostile,rules,False,False,False,125.45,0.04,5.018,11,2026-08-09T23:14:38Z,measured,20260809T230716Z,0.0,0.0,0.0
Event Management and Ticketing,event-management,Bad_Cop_No_Donut,ok,543351,permissive,rules,False,True,False,4.54,0.02,0.0908,27,2026-08-10T00:32:31Z,measured,20260809T230716Z,0.0,0.0,0.0
Event Management and Ticketing,event-management,StarWarsBattlefront,ok,519544,permissive,rules,False,True,False,9.58,0.06,0.5748,21,2026-08-10T00:32:35Z,measured,20260809T230716Z,0.0,0.0,0.0
Event Management and Ticketing,event-management,brisbane,ok,518624,permissive,rules,False,True,False,66.46,0.02,1.3292,24,2026-08-10T00:32:39Z,measured,20260809T230716Z,0.0,0.0,0.0
Event Management and Ticketing,event-management,hardwareswap,ok,466076,permissive,rules,False,True,False,65.4,0.02,1.308,61,2026-08-05T20:53:47Z,measured,20260809T230716Z,0.03,0.0,0.0
Event Management and Ticketing,event-management,DeepRockGalactic,ok,432820,hostile,rules,True,False,False,21.18,0.04,0.8472,25,2026-08-10T00:25:29Z,measured,20260809T230716Z,0.0,0.0,0.0
Event Management and Ticketing,event-management,gachagaming,ok,390050,permissive,rules,False,True,False,31.0,0.08,2.48,22,2026-08-10T00:32:43Z,measured,20260809T230716Z,0.0,0.0,0.0
Event Management and Ticketing,event-management,EliteDangerous,ok,386526,permissive,rules,False,True,False,40.26,0.0,0.0,32,2026-08-09T23:57:06Z,measured,20260809T230716Z,0.0,0.0,0.0
Event Management and Ticketing,event-management,walmart,ok,374370,permissive,rules,True,False,False,29.48,0.04,1.1792,27,2026-08-10T00:25:32Z,measured,20260809T230716Z,0.0,0.0,0.0
Event Management and Ticketing,event-management,MouseReview,ok,364389,hostile,rules,True,False,False,23.78,0.03,0.7134,40,2026-08-10T00:18:28Z,measured,20260809T230716Z,0.0,0.0,0.0
Event Management and Ticketing,event-management,Monopoly_GO,ok,338586,permissive,rules,False,True,False,524.61,0.02,10.4922,37,2026-08-10T00:32:48Z,measured,20260809T230716Z,0.02,0.0,0.0
Event Management and Ticketing,event-management,triplej,ok,331537,permissive,rules,False,True,False,4.07,0.05,0.2035,19,2026-08-10T00:32:52Z,measured,20260809T230716Z,0.0,0.0,0.0
Event Management and Ticketing,event-management,battlefield_one,ok,283255,hostile,rules,False,False,False,9.04,0.01,0.0904,29,2026-08-10T00:32:56Z,measured,20260809T230716Z,0.01,0.0,0.0
Community Platforms,community-platforms,funny,ok,67544446,hostile,rules,False,False,False,261.43,0.01,2.6143,15,2026-08-05T20:39:24Z,measured,20260809T230716Z,0.0,0.0,0.0
Community Platforms,community-platforms,aww,ok,37846716,permissive,rules,False,True,False,130.65,0.01,1.3065,18,2026-08-05T20:34:41Z,measured,20260809T230716Z,0.0,0.0,0.0
Community Platforms,community-platforms,pics,ok,33499498,hostile,rules,False,False,False,109.63,0.11,12.0593,28,2026-08-05T20:39:27Z,measured,20260809T230716Z,0.0,0.0,0.0
Community Platforms,community-platforms,mildlyinteresting,ok,25317303,permissive,rules,False,True,False,476.83,0.04,19.0732,28,2026-08-05T20:39:31Z,measured,20260809T230716Z,0.0,0.0,0.0
Community Platforms,community-platforms,CryptoCurrency,ok,10134642,permissive,rules,False,True,False,38.93,0.04,1.5572,20,2026-08-05T20:36:11Z,measured,20260809T230716Z,0.0,0.0,0.0
Community Platforms,community-platforms,AdviceAnimals,ok,9932842,permissive,rules,False,True,False,114.8,0.03,3.444,6,2026-08-05T20:44:53Z,measured,20260809T230716Z,0.0,0.0,0.0
Community Platforms,community-platforms,politics,ok,9230904,permissive,rules,False,True,False,1200.88,0.03,36.0264,48,2026-08-05T20:32:07Z,measured,20260809T230716Z,0.0,0.0,0.0
Community Platforms,community-platforms,FortniteBR,ok,5694650,hostile,rules,False,False,False,737.03,0.01,7.3703,28,2026-08-05T20:38:12Z,measured,20260809T230716Z,0.0,0.0,0.0
Community Platforms,community-platforms,Eldenring,ok,4900984,permissive,rules,False,True,False,232.12,0.02,4.6424,25,2026-08-10T00:20:56Z,measured,20260809T230716Z,0.0,0.0,0.0
Community Platforms,community-platforms,reactiongifs,ok,3866433,permissive,rules,False,True,False,3.66,0.03,0.1098,6,2026-08-10T00:33:07Z,measured,20260809T230716Z,0.0,0.0,0.0
Community Platforms,community-platforms,ethereum,ok,3728501,permissive,rules,False,True,False,7.84,0.1,0.784,4,2026-08-10T00:14:16Z,measured,20260809T230716Z,0.0,0.0,0.0
Community Platforms,community-platforms,DestinyTheGame,ok,3373336,hostile,rules,True,False,False,58.94,0.04,2.3576,23,2026-08-09T23:16:57Z,measured,20260809T230716Z,0.03,0.0,0.0
Community Platforms,community-platforms,whatisthisthing,ok,3147428,permissive,rules,False,True,False,12.43,0.33,4.1019,44,2026-08-05T20:48:55Z,measured,20260809T230716Z,0.0,0.0,0.0
Community Platforms,community-platforms,antiwork,ok,2991911,permissive,shipped,False,True,False,153.78,0.01,1.5378,18,2026-08-04T17:59:10Z,shipped,20260809T230716Z,0.0,0.0,0.0
Community Platforms,community-platforms,conspiracy,ok,2408472,permissive,rules,False,True,False,442.86,0.06,26.5716,33,2026-08-05T20:36:19Z,measured,20260809T230716Z,0.0,0.0,0.0
Community Platforms,community-platforms,CryptoMoonShots,ok,2293889,capped,rules,False,True,False,0.55,0.94,0.517,69,2026-08-05T20:36:23Z,measured,20260809T230716Z,0.0,0.0,0.0
Community Platforms,community-platforms,Justrolledintotheshop,ok,2191711,permissive,rules,False,True,False,54.38,0.02,1.0876,15,2026-08-10T00:08:55Z,measured,20260809T230716Z,0.0,0.0,0.0
Community Platforms,community-platforms,socialmedia,ok,2115458,permissive,rules,False,True,True,3.52,0.34,1.1968,49,2026-08-09T23:15:51Z,measured,20260809T230716Z,0.05,1.0,1.1968
Community Platforms,community-platforms,tumblr,ok,1445805,hostile,rules,False,False,False,4.98,0.04,0.1992,15,2026-08-10T00:33:11Z,measured,20260809T230716Z,0.0,0.0,0.0
Community Platforms,community-platforms,SquaredCircle,ok,1342243,permissive,rules,True,False,False,415.23,0.04,16.6092,24,2026-08-05T20:53:11Z,measured,20260809T230716Z,0.01,0.0,0.0
Community Platforms,community-platforms,Superstonk,ok,1199123,capped,shipped,False,True,False,168.83,0.08,13.5064,19,2026-08-05T18:54:21Z,shipped,20260809T230716Z,0.02,0.0,0.0
Community Platforms,community-platforms,EscapefromTarkov,ok,1148174,permissive,rules,False,True,False,158.94,0.03,4.7682,48,2026-08-09T23:18:47Z,measured,20260809T230716Z,0.0,0.0,0.0
Community Platforms,community-platforms,Stoicism,ok,825911,permissive,rules,False,True,False,1.55,0.19,0.2945,37,2026-08-10T00:33:15Z,measured,20260809T230716Z,0.0,0.0,0.0
Community Platforms,community-platforms,selfhosted,ok,813099,hostile,shipped,False,False,False,66.7,0.03,2.001,33,2026-08-04T18:02:09Z,shipped,20260809T230716Z,0.01,0.5,1.0005
Community Platforms,community-platforms,geometrydash,ok,796200,permissive,rules,False,True,False,201.5,0.03,6.045,42,2026-08-10T00:28:18Z,measured,20260809T230716Z,0.0,0.0,0.0
Community Platforms,community-platforms,PoliticalCompassMemes,ok,610845,permissive,rules,False,True,False,164.89,0.06,9.8934,17,2026-08-10T00:33:19Z,measured,20260809T230716Z,0.01,0.0,0.0
Community Platforms,community-platforms,CuratedTumblr,ok,584009,capped,rules,False,True,False,151.39,0.0,0.0,23,2026-08-10T00:33:22Z,measured,20260809T230716Z,0.0,0.0,0.0
Community Platforms,community-platforms,196,ok,539261,permissive,rules,False,True,False,131.83,0.09,11.8647,36,2026-08-10T00:33:26Z,measured,20260809T230716Z,0.06,0.0,0.0
Community Platforms,community-platforms,circlejerk,ok,478709,permissive,rules,False,True,False,2.9,0.03,0.087,23,2026-08-10T00:33:30Z,measured,20260809T230716Z,0.0,0.0,0.0
Community Platforms,community-platforms,Pandabuy,ok,448872,permissive,rules,False,True,False,0.25,0.26,0.065,48,2026-08-10T00:33:34Z,measured,20260809T230716Z,0.0,0.0,0.0
Community Platforms,community-platforms,Guildwars2,ok,424997,permissive,rules,False,True,False,31.87,0.02,0.6374,26,2026-08-10T00:14:40Z,measured,20260809T230716Z,0.0,0.0,0.0
Community Platforms,community-platforms,DragonballLegends,ok,377561,permissive,rules,False,True,False,42.25,0.02,0.845,22,2026-08-10T00:33:38Z,measured,20260809T230716Z,0.0,0.0,0.0
Community Platforms,community-platforms,metalgearsolid,ok,357172,permissive,rules,False,True,False,25.41,0.02,0.5082,32,2026-08-10T00:33:42Z,measured,20260809T230716Z,0.01,0.0,0.0
Community Platforms,community-platforms,exmormon,ok,347252,permissive,rules,False,True,False,93.39,0.02,1.8678,33,2026-08-09T23:22:00Z,measured,20260809T230716Z,0.0,0.0,0.0
Personal Finance and Budgeting,budgeting,AskReddit,ok,59332757,hostile,rules,True,False,False,5616.43,0.01,56.1643,57,2026-08-05T20:31:38Z,measured,20260809T230716Z,0.0,0.0,0.0
Personal Finance and Budgeting,budgeting,personalfinance,ok,21793986,permissive,rules,False,True,True,195.63,0.01,1.9563,36,2026-08-05T20:49:31Z,measured,20260809T230716Z,0.0,1.0,1.9563
Personal Finance and Budgeting,budgeting,pcmasterrace,ok,16223685,permissive,rules,False,True,False,519.99,0.02,10.3998,50,2026-08-05T20:43:35Z,measured,20260809T230716Z,0.0,0.0,0.0
Personal Finance and Budgeting,budgeting,travel,ok,14389355,permissive,rules,False,True,False,60.41,0.0,0.0,44,2026-08-10T00:33:56Z,measured,20260809T230716Z,0.0,0.0,0.0
Personal Finance and Budgeting,budgeting,politics,ok,9230904,permissive,rules,False,True,False,1200.88,0.01,12.0088,48,2026-08-05T20:32:07Z,measured,20260809T230716Z,0.0,0.0,0.0
Personal Finance and Budgeting,budgeting,Frugal,ok,6824817,hostile,rules,False,False,False,16.55,0.0,0.0,20,2026-08-10T00:34:00Z,measured,20260809T230716Z,0.0,1.0,0.0
Personal Finance and Budgeting,budgeting,povertyfinance,ok,2830073,hostile,rules,False,False,False,122.34,0.0,0.0,21,2026-08-10T00:34:04Z,measured,20260809T230716Z,0.0,1.0,0.0
Personal Finance and Budgeting,budgeting,financialindependence,ok,2451959,hostile,rules,False,False,False,14.07,0.0,0.0,9,2026-08-09T23:27:40Z,measured,20260809T230716Z,0.0,1.0,0.0
Personal Finance and Budgeting,budgeting,finance,ok,2131884,permissive,sidebar,False,True,False,6.06,0.0,0.0,1,2026-08-10T00:34:08Z,measured,20260809T230716Z,0.0,0.0,0.0
Personal Finance and Budgeting,budgeting,PersonalFinanceCanada,ok,1870254,permissive,shipped,False,True,True,68.12,0.0,0.0,28,2026-08-05T18:55:18Z,shipped,20260809T230716Z,0.04,1.0,0.0
Personal Finance and Budgeting,budgeting,UKPersonalFinance,ok,1860043,permissive,rules,False,True,True,35.49,0.0,0.0,13,2026-08-10T00:34:12Z,measured,20260809T230716Z,0.0,1.0,0.0
Personal Finance and Budgeting,budgeting,london,ok,1572122,permissive,rules,False,True,False,73.18,0.01,0.7318,34,2026-08-10T00:34:16Z,measured,20260809T230716Z,0.0,0.0,0.0
Personal Finance and Budgeting,budgeting,FrugalFemaleFashion,ok,1305042,permissive,rules,False,True,True,2.63,0.01,0.0263,9,2026-08-10T00:34:20Z,measured,20260809T230716Z,0.0,0.5,0.01315
Personal Finance and Budgeting,budgeting,boxoffice,ok,1231976,hostile,rules,False,False,False,192.17,0.01,1.9217,30,2026-08-09T23:15:59Z,measured,20260809T230716Z,0.01,0.0,0.0
Personal Finance and Budgeting,budgeting,eupersonalfinance,ok,1012067,permissive,rules,False,True,True,19.26,0.01,0.1926,10,2026-08-10T00:34:24Z,measured,20260809T230716Z,0.0,1.0,0.1926
Personal Finance and Budgeting,budgeting,FinancialPlanning,ok,985172,hostile,rules,True,False,False,3.44,0.0,0.0,28,2026-08-10T00:34:28Z,measured,20260809T230716Z,0.0,1.0,0.0
Personal Finance and Budgeting,budgeting,AusFinance,ok,835054,permissive,rules,False,True,True,14.79,0.0,0.0,31,2026-08-05T20:34:13Z,measured,20260809T230716Z,0.0,1.0,0.0
Personal Finance and Budgeting,budgeting,selfhosted,ok,813099,hostile,shipped,False,False,False,66.7,0.01,0.667,33,2026-08-04T18:02:09Z,shipped,20260809T230716Z,0.01,0.0,0.0
Personal Finance and Budgeting,budgeting,Money,ok,813743,hostile,rules,True,False,False,35.62,0.0,0.0,18,2026-08-10T00:34:32Z,measured,20260809T230716Z,0.0,1.0,0.0
Personal Finance and Budgeting,budgeting,phinvest,ok,805150,capped,rules,False,True,True,16.74,0.01,0.1674,30,2026-08-05T20:52:37Z,measured,20260809T230716Z,0.0,0.5,0.0837
Personal Finance and Budgeting,budgeting,personalfinanceindia,ok,601722,permissive,rules,False,True,False,19.4,0.0,0.0,24,2026-08-10T00:34:36Z,measured,20260809T230716Z,0.0,1.0,0.0
Personal Finance and Budgeting,budgeting,FluentInFinance,ok,578333,hostile,rules,True,False,False,3.75,0.0,0.0,16,2026-08-10T00:23:51Z,measured,20260809T230716Z,0.0,0.5,0.0
Personal Finance and Budgeting,budgeting,vosfinances,ok,429481,permissive,rules,False,True,True,6.58,0.01,0.0658,18,2026-08-10T00:34:40Z,measured,20260809T230716Z,0.0,1.0,0.0658
Personal Finance and Budgeting,budgeting,ar15,ok,394390,permissive,rules,False,True,False,103.69,0.01,1.0369,31,2026-08-09T23:16:35Z,measured,20260809T230716Z,0.01,0.0,0.0
Personal Finance and Budgeting,budgeting,BudgetAudiophile,ok,388324,permissive,rules,True,False,False,46.93,0.0,0.0,33,2026-08-10T00:20:03Z,measured,20260809T230716Z,0.19,0.0,0.0
Personal Finance and Budgeting,budgeting,WalmartCelebrities,ok,299849,permissive,rules,True,False,False,5.86,0.0,0.0,16,2026-08-10T00:34:44Z,measured,20260809T230716Z,0.0,0.0,0.0
Personal Finance and Budgeting,budgeting,ItaliaPersonalFinance,ok,281253,permissive,rules,True,False,False,33.6,0.0,0.0,33,2026-08-10T00:34:48Z,measured,20260809T230716Z,0.0,1.0,0.0
Personal Finance and Budgeting,budgeting,SWORDS,ok,273468,permissive,rules,False,True,False,34.66,0.0,0.0,19,2026-08-10T00:34:51Z,measured,20260809T230716Z,0.0,0.0,0.0
Personal Finance and Budgeting,budgeting,singaporefi,ok,264302,hostile,rules,False,False,False,7.46,0.01,0.0746,28,2026-08-10T00:34:55Z,measured,20260809T230716Z,0.0,1.0,0.0746
Personal Finance and Budgeting,budgeting,NYCapartments,ok,227321,permissive,rules,False,True,False,33.96,0.01,0.3396,37,2026-08-10T00:24:30Z,measured,20260809T230716Z,0.01,0.0,0.0
Personal Finance and Budgeting,budgeting,ynab,ok,221407,hostile,rules,True,False,False,3.39,0.34,1.1526,20,2026-08-10T00:34:59Z,measured,20260809T230716Z,0.0,1.0,1.1526
Personal Finance and Budgeting,budgeting,PowerBI,ok,208597,permissive,shipped,True,False,False,5.34,0.0,0.0,37,2026-08-04T18:08:16Z,shipped,20260809T230716Z,0.17,0.0,0.0
Personal Finance and Budgeting,budgeting,DaveRamsey,ok,198951,permissive,rules,False,True,False,10.35,0.0,0.0,13,2026-08-10T00:35:03Z,measured,20260809T230716Z,0.0,1.0,0.0
Personal Finance and Budgeting,budgeting,UKFrugal,ok,169048,permissive,rules,False,True,False,3.48,0.0,0.0,10,2026-08-10T00:35:07Z,measured,20260809T230716Z,0.0,1.0,0.0
Tax Software,tax-software,personalfinance,ok,21793986,permissive,rules,False,True,True,195.63,0.43,84.1209,36,2026-08-05T20:49:31Z,measured,20260809T230716Z,0.0,0.5,42.06045
Tax Software,tax-software,technology,ok,20452155,permissive,rules,False,True,False,810.1,0.31,251.131,23,2026-08-05T20:30:48Z,measured,20260809T230716Z,0.0,0.0,0.0
Tax Software,tax-software,pcmasterrace,ok,16223685,permissive,rules,False,True,False,519.99,0.34,176.7966,50,2026-08-05T20:43:35Z,measured,20260809T230716Z,0.0,0.0,0.0
Tax Software,tax-software,CryptoCurrency,ok,10134642,permissive,rules,False,True,True,38.93,0.2,7.786,20,2026-08-05T20:36:11Z,measured,20260809T230716Z,0.0,0.5,3.893
Tax Software,tax-software,buildapc,ok,8508764,hostile,shipped,False,False,False,146.24,0.41,59.9584,39,2026-08-05T18:54:09Z,shipped,20260809T230716Z,0.01,0.0,0.0
Tax Software,tax-software,Frugal,ok,6824817,hostile,rules,False,False,False,16.55,0.32,5.296,20,2026-08-10T00:34:00Z,measured,20260809T230716Z,0.0,0.5,2.648
Tax Software,tax-software,YouShouldKnow,ok,5622098,permissive,rules,False,True,False,22.89,0.19,4.3491,7,2026-08-10T00:19:31Z,measured,20260809T230716Z,0.0,0.0,0.0
Tax Software,tax-software,canada,ok,4323417,permissive,rules,False,True,False,132.69,0.23,30.5187,22,2026-08-09T23:30:54Z,measured,20260809T230716Z,0.0,0.0,0.0
Tax Software,tax-software,Amd,ok,2236810,permissive,rules,False,True,False,19.18,0.39,7.4802,10,2026-08-10T00:35:18Z,measured,20260809T230716Z,0.0,0.0,0.0
Tax Software,tax-software,PersonalFinanceCanada,ok,1870254,permissive,shipped,False,True,True,68.12,0.34,23.1608,28,2026-08-05T18:55:18Z,shipped,20260809T230716Z,0.04,0.5,11.5804
Tax Software,tax-software,UKPersonalFinance,ok,1860043,permissive,rules,False,True,True,35.49,0.45,15.9705,13,2026-08-10T00:34:12Z,measured,20260809T230716Z,0.0,0.5,7.98525
Tax Software,tax-software,Accounting,ok,1272896,hostile,shipped,False,False,False,76.58,0.27,20.6766,37,2026-08-04T17:57:34Z,shipped,20260809T230716Z,0.01,0.5,10.3383
Tax Software,tax-software,buildapcsales,ok,1012511,permissive,rules,False,True,False,36.17,0.12,4.3404,14,2026-08-09T23:49:24Z,measured,20260809T230716Z,0.0,0.0,0.0
Tax Software,tax-software,aiArt,ok,680342,hostile,rules,True,False,False,18.87,0.45,8.4915,59,2026-08-10T00:07:57Z,measured,20260809T230716Z,0.0,0.0,0.0
Tax Software,tax-software,Austin,ok,624527,permissive,rules,False,True,False,89.73,0.24,21.5352,36,2026-08-09T23:14:50Z,measured,20260809T230716Z,0.0,0.0,0.0
Tax Software,tax-software,tax,ok,471666,permissive,shipped,False,True,True,26.61,0.34,9.0474,31,2026-08-04T17:58:01Z,shipped,20260809T230716Z,0.0,0.5,4.5237
Tax Software,tax-software,hardwareswap,ok,466076,permissive,rules,False,True,False,65.4,0.25,16.35,61,2026-08-05T20:53:47Z,measured,20260809T230716Z,0.03,0.0,0.0
Tax Software,tax-software,software,ok,368967,capped,shipped,False,True,False,14.84,0.29,4.3036,24,2026-08-05T18:51:08Z,shipped,20260809T230716Z,0.01,0.0,0.0
Tax Software,tax-software,Dodgers,ok,360075,hostile,rules,False,False,False,115.54,0.3,34.662,13,2026-08-10T00:35:22Z,measured,20260809T230716Z,0.0,0.0,0.0
Tax Software,tax-software,sffpc,ok,354989,permissive,rules,False,True,False,22.36,0.31,6.9316,29,2026-08-09T23:26:28Z,measured,20260809T230716Z,0.0,0.0,0.0
Tax Software,tax-software,gamingpc,ok,322998,permissive,rules,False,True,False,4.27,0.32,1.3664,30,2026-08-10T00:35:26Z,measured,20260809T230716Z,0.02,0.0,0.0
Tax Software,tax-software,Torontobluejays,ok,288581,hostile,rules,False,False,False,52.08,0.35,18.228,13,2026-08-10T00:35:31Z,measured,20260809T230716Z,0.0,0.0,0.0
Tax Software,tax-software,IndiaTax,ok,229580,hostile,rules,True,False,False,13.16,0.15,1.974,36,2026-08-10T00:35:35Z,measured,20260809T230716Z,0.0,0.5,0.987
Tax Software,tax-software,IRS,ok,193877,permissive,rules,False,True,True,21.77,0.35,7.6195,20,2026-08-10T00:35:39Z,measured,20260809T230716Z,0.0,0.5,3.80975
Tax Software,tax-software,austinfood,ok,191526,permissive,rules,False,True,False,50.23,0.2,10.046,17,2026-08-10T00:35:43Z,measured,20260809T230716Z,0.0,0.0,0.0
Tax Software,tax-software,bapcsalescanada,ok,187087,permissive,rules,False,True,False,3.8,0.25,0.95,25,2026-08-10T00:35:47Z,measured,20260809T230716Z,0.01,0.0,0.0
Tax Software,tax-software,CashApp,ok,182904,permissive,rules,True,False,False,14.27,0.28,3.9956,16,2026-08-10T00:35:51Z,measured,20260809T230716Z,0.0,0.0,0.0
Tax Software,tax-software,Padres,ok,166542,permissive,rules,False,True,False,28.67,0.11,3.1537,16,2026-08-09T23:51:21Z,measured,20260809T230716Z,0.0,0.0,0.0
Tax Software,tax-software,RedBullRacing,ok,140320,permissive,rules,True,False,False,0.93,0.31,0.2883,13,2026-08-10T00:35:55Z,measured,20260809T230716Z,0.0,0.0,0.0
Tax Software,tax-software,Referrallinks,ok,85951,permissive,rules,False,True,False,115.08,0.0,0.0,23,2026-08-10T00:35:59Z,measured,20260809T230716Z,0.0,0.0,0.0
Tax Software,tax-software,CashappBlessing,ok,65442,capped,rules,False,True,False,2.17,0.0,0.0,92,2026-08-10T00:36:03Z,measured,20260809T230716Z,0.0,0.0,0.0
Tax Software,tax-software,ethstaker,ok,62041,permissive,rules,False,True,False,0.13,0.36,0.0468,25,2026-08-10T00:36:07Z,measured,20260809T230716Z,0.0,0.0,0.0
Tax Software,tax-software,mffpc,ok,61640,permissive,rules,False,True,False,7.25,0.31,2.2475,22,2026-08-10T00:36:11Z,measured,20260809T230716Z,0.04,0.0,0.0
Tax Software,tax-software,angelsbaseball,ok,60876,hostile,rules,False,False,False,19.12,0.16,3.0592,10,2026-08-10T00:36:15Z,measured,20260809T230716Z,0.0,0.0,0.0
