slug,category_id,pos_all,neg_all,score_site_way,pos_365d_scoring_subs,neg_365d_scoring_subs,score_methodology_way
engagebay,1,75,3,88.0,75,2,89.0
close,1,33,0,84.0,23,0,80.0
freshsales,1,45,4,80.0,31,0,84.0
twenty,1,26,1,78.0,26,1,79.0
attio,1,242,57,77.0,184,41,77.0
pipedrive,1,482,179,70.0,308,110,71.0
espocrm,1,13,0,70.0,13,0,72.0
zoho-crm,1,548,220,69.0,318,112,71.0
breakcold,1,13,1,67.0,12,1,66.0
folk,1,10,0,66.0,8,0,64.0
creatio,1,12,1,65.0,12,1,66.0
insightly,1,19,4,65.0,18,4,65.0
highlevel,1,69,26,65.0,65,22,67.0
suitecrm,1,14,3,62.0,14,2,66.0
less-annoying-crm,1,10,1,62.0,9,1,62.0
pipeline-crm,1,7,0,61.0,7,0,62.0
method-crm,1,7,0,61.0,7,0,62.0
overloop,1,7,0,61.0,4,0,55.0
bitrix24,1,34,14,60.0,15,7,54.0
act-crm,1,8,1,58.0,8,1,60.0
salesmate,1,5,0,56.0,5,0,58.0
salesflare,1,7,1,56.0,7,1,58.0
kommo,1,8,2,55.0,8,2,56.0
goldmine-crm,1,15,7,54.0,6,7,39.0
apollo-io,1,13,6,53.0,5,3,46.0
hubspot,1,1386,1159,53.0,896,736,53.0
monday-crm,1,37,25,52.0,30,20,52.0
follow-up-boss,1,6,2,50.0,5,2,49.0
onepagecrm,1,3,0,50.0,3,0,52.0
streak,1,5,2,48.0,4,2,46.0
wealthbox,1,10,6,48.0,0,0,
lawmatics,1,2,0,46.0,2,0,48.0
copper,1,2,0,46.0,2,0,48.0
recruit-crm,1,4,2,45.0,2,1,43.0
keap,1,1,0,42.0,1,0,44.0
nethunt-crm,1,1,0,42.0,1,0,44.0
dock,1,1,0,42.0,1,0,44.0
ontraport,1,1,0,42.0,0,0,
drivecentric,1,1,0,42.0,1,0,44.0
flowlu,1,1,0,42.0,1,0,44.0
real-geeks,1,1,0,42.0,1,0,44.0
vault-crm,1,1,0,42.0,0,0,
leadsquared,1,2,1,41.0,2,1,43.0
capsule,1,2,1,41.0,2,1,43.0
vtiger-crm,1,3,2,41.0,3,2,43.0
salesforce,1,855,1280,39.0,506,703,40.0
sugarcrm,1,2,2,38.0,2,2,40.0
netsuite,1,93,134,38.0,26,44,33.0
nutshell,1,1,1,37.0,1,1,39.0
kylas,1,0,0,37.0,0,0,
redtail-crm,1,0,0,37.0,0,0,
timelinesai,1,0,0,37.0,0,0,
ebsta,1,0,0,37.0,0,0,
maximizer-crm,1,0,0,37.0,0,0,
wise-agent,1,0,0,37.0,0,0,
daylite,1,0,0,37.0,0,0,
nimble,1,0,0,37.0,0,0,
nocrm,1,0,0,37.0,0,0,
dealcloud,1,0,0,37.0,0,0,
spotio,1,1,2,34.0,1,2,36.0
agile-crm,1,1,2,34.0,1,1,39.0
liondesk,1,1,2,34.0,1,2,36.0
apptivo,1,0,1,32.0,0,1,35.0
teamgate-crm,1,0,1,32.0,0,1,35.0
nocrm-io,1,3,6,31.0,3,6,33.0
outreach,1,7,13,31.0,5,7,36.0
teamhood,2,14,0,68.0,12,0,64.0
linear,2,26,9,60.0,17,4,59.0
celoxis,2,7,0,56.0,6,0,51.0
monday-com,2,24,12,54.0,22,7,59.0
fibery,2,8,1,54.0,5,1,45.0
clickup,2,140,106,53.0,61,77,39.0
redmine,2,9,2,53.0,6,2,44.0
wrike,2,13,5,52.0,9,4,46.0
openproject,2,8,2,51.0,6,2,44.0
trello,2,156,128,51.0,73,66,47.0
notion,2,75,66,48.0,37,43,40.0
shortcut,2,4,0,47.0,1,0,33.0
asana,2,54,48,47.0,41,35,46.0
basecamp,2,35,30,46.0,21,26,37.0
smartsheet,2,21,17,45.0,14,12,41.0
proofhub,2,3,0,44.0,3,0,42.0
kantata,2,2,0,40.0,2,0,37.0
teamgantt,2,2,0,40.0,2,0,37.0
projectmanager,2,2,0,40.0,2,0,37.0
bqe-core,2,3,2,37.0,3,2,35.0
jira,2,337,519,37.0,184,299,36.0
projectlibre,2,1,0,35.0,1,0,33.0
ganttproject,2,1,0,35.0,0,0,
ganttpro,2,1,0,35.0,1,0,33.0
teamwork-com,2,1,0,35.0,1,0,33.0
accelo,2,1,0,35.0,0,0,
things,2,3,3,34.0,2,2,31.0
todoist,2,22,35,33.0,14,28,28.0
scoro,2,2,2,33.0,1,2,27.0
productboard,2,2,2,33.0,0,2,22.0
huly,2,0,0,30.0,0,0,
tara-ai,2,0,0,30.0,0,0,
meistertask,2,0,0,30.0,0,0,
leantime,2,0,0,30.0,0,0,
activecollab,2,0,0,30.0,0,0,
aha,2,0,0,30.0,0,0,
any-do,2,0,0,30.0,0,0,
sunsama,2,2,4,28.0,2,2,31.0
favro,2,0,1,26.0,0,1,24.0
productive,2,0,1,26.0,0,1,24.0
akiflow,2,0,1,26.0,0,1,24.0
freedcamp,2,0,2,24.0,0,2,22.0
ramp,3,21,1,72.0,15,0,68.0
xero,3,171,74,65.0,80,40,60.0
brex,3,12,3,55.0,9,1,55.0
melio,3,4,0,47.0,4,0,45.0
bill-com,3,9,5,45.0,6,5,37.0
stripe,3,34,30,45.0,12,12,38.0
freshbooks,3,17,15,42.0,12,5,50.0
tallyprime,3,2,0,39.0,1,0,33.0
ledgersmb,3,2,0,39.0,2,0,38.0
unit4-erp,3,2,0,39.0,2,0,38.0
quickbooks,3,388,559,39.0,239,363,38.0
frappe-books,3,2,0,39.0,1,0,33.0
sage,3,16,18,38.0,6,12,27.0
myob-business,3,4,3,37.0,1,0,33.0
wave,3,2,1,36.0,1,1,30.0
end-close,3,2,1,36.0,1,0,33.0
mip-fund-accounting,3,3,2,36.0,2,0,38.0
akaunting,3,1,0,35.0,0,0,
manager,3,1,0,35.0,1,0,33.0
vyapar,3,1,0,35.0,0,0,
dualentry,3,1,0,35.0,0,0,
fiken,3,1,0,35.0,0,0,
floqast,3,1,0,35.0,1,0,33.0
zeni,3,1,0,35.0,0,0,
deltek-costpoint,3,1,0,35.0,0,0,
chargebee,3,5,8,30.0,5,7,31.0
stampli,3,0,0,29.0,0,0,
dolibarr,3,0,0,29.0,0,0,
medius,3,0,0,29.0,0,0,
cryptio,3,0,0,29.0,0,0,
deltek-ajera,3,0,0,29.0,0,0,
e-conomic,3,0,0,29.0,0,0,
esker,3,0,0,29.0,0,0,
deltek-vantagepoint,3,1,2,28.0,0,0,
epicor-kinetic,3,1,2,28.0,1,1,30.0
blackline,3,0,1,26.0,0,1,24.0
marg-erp,3,0,1,26.0,0,0,
docyt,3,0,2,23.0,0,1,24.0
bigcapital,3,0,2,23.0,0,1,24.0
hibob,4,22,3,65.0,14,2,57.0
bamboohr,4,21,6,58.0,16,6,51.0
gusto,4,38,16,58.0,18,9,49.0
briohr,4,7,1,48.0,4,0,40.0
ukg-ready,4,15,10,44.0,15,10,43.0
rippling,4,20,18,41.0,18,17,39.0
isolved-people-cloud,4,10,8,39.0,8,7,35.0
ukg-pro,4,7,5,38.0,7,5,37.0
paylocity,4,68,97,37.0,39,71,30.0
deel,4,21,25,37.0,10,13,32.0
adp,4,109,178,35.0,46,111,26.0
velora,4,2,0,34.0,0,0,
brighthr,4,2,0,34.0,2,0,32.0
workday,4,9,12,32.0,9,10,33.0
cezanne-hr,4,1,0,30.0,0,0,
elmo-software,4,1,0,30.0,0,0,
mentorcliq,4,1,0,30.0,1,0,27.0
worktango,4,1,0,30.0,0,0,
paycom,4,38,91,26.0,26,46,30.0
hr-partner,4,0,0,24.0,0,0,
darwinbox,4,0,0,24.0,0,0,
employment-hero,4,0,0,24.0,0,0,
charliehr,4,0,0,24.0,0,0,
peoplestrong,4,0,0,24.0,0,0,
orangehrm,4,0,0,24.0,0,0,
sumhr,4,0,0,24.0,0,0,
personio,4,0,0,24.0,0,0,
breathe,4,0,0,24.0,0,0,
greythr,4,0,1,21.0,0,0,
dayforce,4,9,27,21.0,8,25,20.0
foundu,4,0,1,21.0,0,0,
tanda,4,0,1,21.0,0,0,
leapsome,4,0,1,21.0,0,0,
hrone,4,0,1,21.0,0,0,
trinet-peo,4,0,2,19.0,0,2,18.0
insperity-peo-services,4,0,3,18.0,0,3,16.0
paycor,4,6,26,17.0,6,24,17.0
beehiiv,5,199,67,70.0,171,50,72.0
mailmodo,5,11,1,61.0,11,1,64.0
convertkit,5,26,9,60.0,17,8,55.0
sendx,5,7,1,53.0,7,1,57.0
sender,5,4,0,49.0,3,0,51.0
keila,5,2,0,42.0,2,0,47.0
selzy,5,2,0,42.0,2,0,47.0
sendpulse,5,6,5,39.0,6,0,59.0
mautic,5,4,3,39.0,3,3,39.0
braze,5,3,2,38.0,3,2,43.0
mailrelay,5,2,1,38.0,0,0,
sendy,5,1,0,37.0,1,0,43.0
stensul,5,1,0,37.0,1,0,43.0
ortto,5,1,0,37.0,1,0,43.0
sendinblue,5,1,0,37.0,1,0,43.0
sendlane,5,1,1,33.0,1,0,43.0
tiny-dot,5,1,1,33.0,0,1,34.0
userlist,5,0,0,32.0,0,0,
knak,5,0,0,32.0,0,0,
benchmark-email,5,0,0,32.0,0,0,
dotdigital,5,0,0,32.0,0,0,
rapidmail,5,0,0,32.0,0,0,
mailercloud,5,0,0,32.0,0,0,
mailchimp,5,117,253,30.0,69,137,31.0
bee,5,0,1,29.0,0,1,34.0
mailup,5,0,1,29.0,0,1,34.0
icontact,5,1,4,26.0,0,0,
constant-contact,5,4,12,24.0,0,7,21.0
activecampaign,6,58,6,82.0,43,5,81.0
customer-io,6,14,4,64.0,14,3,69.0
klaviyo,6,179,86,64.0,133,44,71.0
clevertap,6,2,0,58.0,2,0,64.0
benchmarkone,6,2,0,58.0,2,0,64.0
listrak,6,1,0,54.0,1,0,61.0
clickfunnels,6,1,0,54.0,1,0,61.0
ylopo,6,1,0,54.0,0,0,
ometria,6,1,0,54.0,1,0,61.0
structured-ai,6,1,0,54.0,1,0,61.0
jungo,6,1,0,54.0,0,0,
zeta-marketing-platform,6,1,0,54.0,0,0,
maestra,6,1,0,54.0,1,0,61.0
creatio-marketing,6,0,0,50.0,0,0,
lead-manager,6,0,0,50.0,0,0,
netcore-cloud,6,0,0,50.0,0,0,
moengage,6,0,0,50.0,0,0,
marsello,6,0,0,50.0,0,0,
webengage,6,0,0,50.0,0,0,
optimove,6,0,0,50.0,0,0,
metadata,6,0,0,50.0,0,0,
spotler,6,1,1,48.0,1,0,61.0
onesignal,6,3,3,47.0,2,2,52.0
demandbase,6,3,3,47.0,3,0,66.0
marketo-engage,6,8,17,33.0,4,11,35.0
roboform,7,110,14,84.0,109,13,84.0
keepassxc,7,109,14,84.0,103,12,84.0
keepass,7,198,35,81.0,167,31,80.0
bitwarden,7,785,238,75.0,691,209,75.0
passwork,7,17,2,74.0,17,2,75.0
keepassdx,7,25,4,74.0,25,4,75.0
1password,7,422,133,74.0,364,120,73.0
akeyless,7,13,1,74.0,6,1,65.0
proton-pass,7,173,53,73.0,158,52,71.0
keepassium,7,5,0,68.0,5,0,69.0
passbolt,7,9,2,65.0,9,2,66.0
safeincloud-2,7,3,0,63.0,3,0,64.0
keeper,7,3,0,63.0,3,0,64.0
infisical,7,7,2,62.0,2,2,50.0
psono,7,4,1,60.0,3,1,58.0
team-password-manager,7,2,0,60.0,2,0,61.0
aliasvault,7,6,2,60.0,6,2,60.0
pass,7,2,0,60.0,2,0,61.0
enpass,7,12,5,60.0,12,5,60.0
nordpass,7,39,21,59.0,34,17,60.0
password-safe,7,3,1,57.0,3,1,58.0
keepassdroid,7,1,0,57.0,1,0,58.0
teampass,7,1,0,57.0,0,0,
securden-password-vault,7,1,0,57.0,1,0,58.0
sticky-password,7,3,1,57.0,3,1,58.0
heylogin,7,1,0,57.0,1,0,58.0
logmeonce,7,1,0,57.0,0,0,
codebook,7,0,0,53.0,0,0,
delinea-secret-server,7,0,0,53.0,0,0,
authpass,7,0,0,53.0,0,0,
password-depot,7,0,0,53.0,0,0,
uniqkey,7,0,0,53.0,0,0,
hypervault,7,0,0,53.0,0,0,
secrets,7,8,5,53.0,5,3,54.0
devolutions-hub-business,7,0,0,53.0,0,0,
netwrix-password-secure,7,0,0,53.0,0,0,
macpass,7,1,1,51.0,1,1,52.0
splashid,7,0,1,47.0,0,1,48.0
pleasant-password-server,7,0,1,47.0,0,0,
msecure,7,0,1,47.0,0,1,48.0
passwordstate,7,0,1,47.0,0,1,48.0
password-boss,7,1,2,46.0,1,2,47.0
dashlane,7,35,38,44.0,26,32,41.0
spectre,7,2,4,42.0,2,4,42.0
keepass2android,7,1,3,42.0,1,3,42.0
samsung-pass,7,1,3,42.0,1,2,47.0
lastpass,7,23,198,11.0,13,134,10.0
upnote,8,71,9,81.0,61,8,79.0
joplin,8,25,6,67.0,21,6,64.0
obsidian,8,112,47,65.0,80,40,61.0
workflowy,8,15,3,65.0,15,3,65.0
amplenote,8,8,0,65.0,8,0,66.0
simplenote,8,13,3,62.0,12,3,61.0
zettlr,8,6,0,61.0,4,0,57.0
appflowy,8,12,3,61.0,10,3,58.0
remnote,8,8,1,61.0,8,1,61.0
goodnotes,8,33,15,59.0,24,13,55.0
nebo,8,7,1,59.0,6,1,57.0
capacities,8,8,2,57.0,8,2,57.0
standard-notes,8,21,10,56.0,19,10,55.0
noteplan,8,9,3,56.0,6,0,62.0
dynalist,8,4,0,56.0,4,0,57.0
onenote,8,166,110,56.0,108,68,57.0
roam-research,8,5,1,54.0,5,1,55.0
samsung-notes,8,16,8,54.0,14,6,56.0
reflect,8,3,0,53.0,3,0,54.0
craft,8,3,0,53.0,1,0,46.0
cherrytree,8,2,0,50.0,2,0,50.0
notesnook,8,24,17,50.0,23,15,52.0
supernotes,8,2,0,50.0,2,0,50.0
logseq,8,42,34,49.0,37,26,52.0
bear,8,6,3,49.0,4,1,52.0
agenda,8,1,0,46.0,0,0,
hedgedoc,8,1,0,46.0,1,0,46.0
memos,8,1,0,46.0,1,0,46.0
inkdrop,8,1,0,46.0,1,0,46.0
anytype,8,30,31,43.0,28,29,43.0
starmind,8,0,0,41.0,0,0,
mem,8,2,2,41.0,2,1,45.0
notability,8,0,0,41.0,0,0,
google-keep,8,36,47,39.0,33,37,42.0
mymind,8,4,5,39.0,2,3,38.0
qownnotes,8,3,4,38.0,3,4,38.0
hackmd,8,0,1,36.0,0,1,37.0
fsnotes,8,0,1,36.0,0,0,
siyuan,8,5,8,35.0,5,8,35.0
evernote,8,36,95,25.0,23,73,22.0
framer,9,18,6,59.0,14,3,60.0
figma,9,369,279,54.0,277,219,53.0
canva,9,614,497,53.0,233,278,43.0
webflow,9,125,106,50.0,87,74,49.0
builder-io,9,3,0,49.0,3,0,46.0
mobirise,9,3,0,49.0,1,0,37.0
haiku,9,5,2,47.0,2,0,42.0
axure-rp,9,3,1,45.0,3,1,42.0
penpot,9,6,4,44.0,4,3,39.0
locofy,9,1,0,41.0,1,0,37.0
dorik,9,1,0,41.0,1,0,37.0
origami-studio,9,2,1,41.0,1,1,33.0
siter,9,1,0,41.0,1,0,37.0
webstudio,9,1,0,41.0,1,0,37.0
uxpin,9,1,0,41.0,1,0,37.0
teleporthq,9,1,0,41.0,1,0,37.0
adobe-xd,9,2,1,41.0,2,1,38.0
nicepage,9,1,0,41.0,0,0,
visily,9,1,0,41.0,0,0,
font-awesome,9,3,2,41.0,3,1,42.0
readymag,9,4,3,41.0,3,1,42.0
piktochart-ai,9,1,0,41.0,0,0,
rive,9,0,0,36.0,0,0,
ycode,9,0,0,36.0,0,0,
sketch,9,0,0,36.0,0,0,
spline,9,0,0,36.0,0,0,
bravo-studio,9,0,0,36.0,0,0,
typedream,9,0,0,36.0,0,0,
galileo,9,0,0,36.0,0,0,
quant-ux,9,0,0,36.0,0,0,
protopie,9,3,5,33.0,2,5,27.0
balsamiq,9,0,1,32.0,0,1,28.0
components-ai,9,0,1,32.0,0,0,
tailwind-ui,9,0,1,32.0,0,0,
pinegrow,9,0,1,32.0,0,0,
medibang,9,0,1,32.0,0,1,28.0
uizard,9,1,8,21.0,1,5,24.0
flixier,10,26,2,76.0,13,2,64.0
davinci-resolve,10,161,42,75.0,151,38,75.0
edits,10,69,17,73.0,64,14,74.0
shotcut,10,12,2,64.0,9,2,58.0
kinemaster,10,7,0,63.0,7,0,62.0
vsdc-free-video-editor,10,6,0,61.0,6,0,60.0
openshot-video-editor,10,13,4,59.0,11,4,56.0
lumafusion,10,7,1,59.0,5,0,58.0
vn-video-editor,10,5,0,59.0,4,0,55.0
kdenlive,10,62,35,58.0,56,32,57.0
kapwing,10,4,0,56.0,1,0,44.0
olive,10,3,0,53.0,3,0,52.0
premiere-pro,10,253,197,53.0,247,189,54.0
descript,10,17,10,52.0,16,9,52.0
losslesscut,10,10,5,52.0,9,4,52.0
capcut,10,321,265,52.0,230,223,48.0
opusclip,10,24,16,51.0,13,15,40.0
videoleap,10,2,0,49.0,2,0,48.0
final-cut-pro,10,75,72,47.0,45,49,43.0
clipchamp,10,20,17,46.0,17,15,45.0
animoto,10,1,0,45.0,0,0,
motion,10,2,1,45.0,2,1,44.0
gling,10,1,0,45.0,1,0,44.0
splice,10,2,1,45.0,1,0,44.0
subly,10,1,0,45.0,0,0,
videopad-video-editor,10,2,1,45.0,2,1,44.0
avidemux,10,7,6,44.0,6,6,41.0
loom,10,3,2,44.0,2,1,44.0
lightworks,10,1,1,41.0,1,1,40.0
wevideo,10,0,0,41.0,0,0,
youcut,10,1,1,41.0,0,0,
flowblade,10,0,0,41.0,0,0,
edius,10,0,0,41.0,0,0,
pitivi,10,0,0,41.0,0,0,
inshot,10,1,1,41.0,1,0,44.0
hitfilm,10,2,2,41.0,2,2,40.0
wisecut,10,1,1,41.0,0,0,
wave-video,10,0,0,41.0,0,0,
clueso,10,0,0,41.0,0,0,
avid-media-composer,10,16,20,39.0,16,20,38.0
alight-motion,10,3,4,38.0,3,3,40.0
gopro-quik,10,4,5,38.0,0,0,
submagic,10,4,6,36.0,2,5,32.0
pinnacle-studio,10,0,1,36.0,0,1,35.0
nuke-studio,10,0,1,36.0,0,1,35.0
vegas-pro,10,6,10,34.0,5,8,34.0
desk365,11,20,0,78.0,20,0,81.0
invgate-service-management,11,13,0,72.0,12,0,75.0
freshdesk,11,55,16,69.0,20,6,65.0
help-scout,11,13,1,68.0,9,1,67.0
glpi,11,24,5,68.0,24,5,70.0
freshservice,11,30,10,64.0,27,8,67.0
jitbit-helpdesk,11,6,0,61.0,6,0,67.0
cresta,11,5,0,59.0,0,0,
request-tracker,11,5,0,59.0,5,0,65.0
haloitsm,11,7,1,59.0,7,1,64.0
zammad,11,14,6,56.0,14,5,61.0
topdesk,11,4,0,56.0,4,0,63.0
deskpro,11,3,0,53.0,2,0,57.0
osticket,11,18,10,53.0,17,9,56.0
freescout,11,6,2,53.0,6,1,62.0
otobo,11,2,0,50.0,2,0,57.0
hesk,11,2,0,50.0,2,0,57.0
gradient-labs,11,2,0,50.0,0,0,
parloa,11,2,0,50.0,0,0,
bolddesk,11,2,0,50.0,2,0,57.0
lang,11,2,0,50.0,0,0,
omq,11,1,0,46.0,0,0,
nice-cxone,11,1,0,46.0,0,0,
trengo,11,1,0,46.0,1,0,54.0
front,11,1,0,46.0,1,0,54.0
replicant,11,1,0,46.0,0,0,
solarwinds-service-desk,11,1,0,46.0,1,0,54.0
znuny,11,1,0,46.0,1,0,54.0
zendesk,11,60,69,42.0,6,19,28.0
thoughtly,11,0,0,41.0,0,0,
ujet,11,0,0,41.0,0,0,
observe-ai,11,0,0,41.0,0,0,
happyfox,11,0,0,41.0,0,0,
calabrio,11,0,0,41.0,0,0,
aisera,11,1,1,41.0,0,1,44.0
re-amaze,11,0,0,41.0,0,0,
sysaid,11,1,1,41.0,1,1,48.0
richpanel,11,0,0,41.0,0,0,
teamsupport,11,1,1,41.0,1,0,54.0
comm100,11,0,0,41.0,0,0,
talkdesk,11,1,1,41.0,1,0,54.0
hiver,11,0,0,41.0,0,0,
kustomer,11,1,1,41.0,0,0,
uvdesk,11,0,0,41.0,0,0,
servicenow,11,68,94,39.0,17,32,33.0
useresponse,11,0,1,37.0,0,0,
kayako,11,0,1,37.0,0,1,44.0
fin-ai,11,3,5,36.0,2,2,47.0
intercom,11,2,6,31.0,1,1,48.0
liveagent,11,2,8,27.0,0,0,
acumatica,12,121,38,71.0,63,14,74.0
odoo,12,344,135,69.0,208,71,70.0
sage-intacct,12,8,3,54.0,5,3,48.0
ifs-cloud,12,2,0,50.0,2,0,51.0
qad-adaptive-erp,12,2,0,50.0,1,0,47.0
microsoft-dynamics-365,12,48,41,48.0,27,23,47.0
infor-m3,12,1,0,46.0,1,0,47.0
axelor-open-suite,12,1,0,46.0,1,0,47.0
proshop-erp,12,1,0,46.0,0,0,
syspro,12,1,0,46.0,1,0,47.0
tryton,12,1,0,46.0,1,0,47.0
priority-erp,12,1,0,46.0,1,0,47.0
apache-ofbiz,12,1,1,41.0,1,0,47.0
monitor-erp,12,0,0,41.0,0,0,
ecount-erp,12,0,0,41.0,0,0,
o9-solutions,12,0,0,41.0,0,0,
deacom-erp,12,0,0,41.0,0,0,
global-shop-solutions-erp,12,1,1,41.0,1,0,47.0
infor-cloudsuite-industrial,12,0,0,41.0,0,0,
infor-ln,12,0,0,41.0,0,0,
jobboss,12,0,1,36.0,0,0,
sap,12,117,191,36.0,57,108,32.0
totvs-protheus,12,0,1,36.0,0,0,
macola,12,0,1,36.0,0,1,38.0
gooddata,13,15,0,78.0,7,0,69.0
looker-studio,13,52,18,67.0,36,15,63.0
power-bi,13,279,123,66.0,203,82,68.0
knime-analytics-platform,13,11,2,66.0,11,2,66.0
tableau,13,41,18,62.0,38,14,65.0
looker,13,23,10,60.0,14,6,59.0
amplitude,13,7,2,59.0,4,2,53.0
databox,13,3,0,59.0,3,0,60.0
mixpanel,13,17,8,58.0,8,3,58.0
mode,13,2,0,56.0,2,0,57.0
metabase,13,28,16,56.0,11,2,66.0
apache-superset,13,5,2,55.0,3,1,55.0
sigma,13,1,0,53.0,1,0,54.0
deepnote,13,1,0,53.0,0,0,
evidence,13,1,0,53.0,1,0,54.0
akkio,13,1,0,53.0,0,0,
datawrapper,13,1,0,53.0,0,0,
segment,13,2,1,51.0,2,0,57.0
pyramid-analytics,13,0,0,49.0,0,0,
sas-viya,13,0,0,49.0,0,0,
livedocs,13,0,0,49.0,0,0,
embeddable,13,0,0,49.0,0,0,
redash,13,0,0,49.0,0,0,
profitwell,13,0,0,49.0,0,0,
hex,13,0,0,49.0,0,0,
omni,13,0,0,49.0,0,0,
observable,13,0,0,49.0,0,0,
headset,13,0,0,49.0,0,0,
toucan-toco,13,0,0,49.0,0,0,
luzmo,13,0,0,49.0,0,0,
lightdash,13,0,0,49.0,0,0,
dune,13,1,1,47.0,0,0,
people-pattern,13,0,1,43.0,0,0,
clicdata,13,0,1,43.0,0,1,44.0
holistics,13,0,1,43.0,0,1,44.0
lifetimely,13,0,1,43.0,0,0,
spotfire,13,0,1,43.0,0,1,44.0
thoughtspot,13,0,1,43.0,0,1,44.0
sisense,13,0,1,43.0,0,1,44.0
smartlook,13,0,1,43.0,0,1,44.0
triple-whale,13,2,3,42.0,0,2,39.0
qlik,13,5,10,35.0,2,6,35.0
alteryx-one,13,9,16,35.0,9,16,35.0
saleor,14,8,1,55.0,7,1,55.0
shopify,14,907,717,54.0,634,459,56.0
woocommerce,14,142,110,52.0,123,89,54.0
scayle,14,8,2,52.0,7,1,55.0
gumroad,14,47,38,48.0,15,10,48.0
shopware,14,7,3,47.0,6,3,46.0
medusa,14,3,0,45.0,3,0,47.0
ecwid,14,3,0,45.0,3,0,47.0
fabric,14,3,0,45.0,0,0,
snipcart,14,3,0,45.0,3,0,47.0
orocommerce,14,5,2,44.0,2,0,44.0
vendure,14,5,2,44.0,5,2,46.0
squarespace,14,187,225,42.0,141,123,50.0
bigcommerce,14,9,7,42.0,8,5,45.0
commercetools,14,5,3,41.0,4,1,46.0
big-cartel,14,5,4,39.0,5,3,43.0
bagisto,14,1,0,37.0,1,0,39.0
sellfy,14,1,0,37.0,1,0,39.0
spryker,14,1,0,37.0,0,0,
spree-commerce,14,1,0,37.0,1,0,39.0
sana-commerce,14,1,0,37.0,0,0,
sylius,14,1,0,37.0,1,0,39.0
commerce-layer,14,1,0,37.0,1,0,39.0
prestashop,14,6,7,35.0,5,1,49.0
wix,14,199,346,34.0,157,260,35.0
vtex,14,0,0,31.0,0,0,
nuvemshop,14,0,0,31.0,0,0,
oscommerce,14,0,0,31.0,0,0,
centra,14,0,0,31.0,0,0,
elastic-path,14,0,0,31.0,0,0,
ikas,14,0,0,31.0,0,0,
corecommerce,14,0,0,31.0,0,0,
emporix,14,0,0,31.0,0,0,
shoplazza,14,0,0,31.0,0,0,
opencart,14,1,2,30.0,1,2,32.0
zen-cart,14,0,1,28.0,0,1,30.0
launch-cart,14,0,1,28.0,0,1,30.0
nopcommerce,14,0,3,23.0,0,1,30.0
recruiterflow,15,16,0,76.0,16,0,74.0
pageup,15,10,1,65.0,4,0,57.0
cats,15,20,5,65.0,0,0,
workable,15,5,0,61.0,5,0,59.0
manatal,15,4,0,58.0,3,0,54.0
gohire,15,4,0,58.0,1,0,47.0
tracker,15,6,1,58.0,2,1,46.0
jazzhr,15,5,2,52.0,4,2,48.0
breezy-hr,15,2,0,52.0,1,0,47.0
greenhouse,15,10,6,51.0,8,4,51.0
loxo,15,16,11,50.0,16,11,50.0
recruitee,15,1,0,48.0,1,0,47.0
jobadder,15,1,0,48.0,1,0,47.0
signalhire,15,1,0,48.0,0,0,
opencats,15,1,0,48.0,1,0,47.0
gem,15,1,0,48.0,1,0,47.0
vidcruiter,15,1,0,48.0,1,0,47.0
teamtailor,15,3,2,46.0,3,1,49.0
paycor-recruiting,15,0,0,44.0,0,0,
crosschq,15,0,0,44.0,0,0,
hiredscore,15,0,0,44.0,0,0,
wonderlic,15,0,0,44.0,0,0,
talview,15,0,0,44.0,0,0,
ceipal,15,0,0,44.0,0,0,
firefish,15,0,0,44.0,0,0,
veremark,15,0,0,44.0,0,0,
pymetrics,15,0,0,44.0,0,0,
lever,15,0,0,44.0,0,0,
harver,15,0,0,44.0,0,0,
applicantpro,15,0,0,44.0,0,0,
crelate,15,3,3,43.0,3,3,42.0
pcrecruiter,15,1,1,43.0,0,1,38.0
jobvite,15,1,1,43.0,1,1,43.0
avature,15,1,1,43.0,1,1,43.0
ashby,15,7,7,43.0,7,5,47.0
icims,15,2,3,40.0,2,3,39.0
goodtime,15,0,1,39.0,0,1,38.0
vincere,15,1,2,39.0,1,2,39.0
myinterview,15,0,1,39.0,0,1,38.0
modernloop,15,0,1,39.0,0,1,38.0
jobdiva,15,0,1,39.0,0,1,38.0
eightfold,15,0,1,39.0,0,0,
spark-hire,15,0,1,39.0,0,1,38.0
talkpush,15,0,1,39.0,0,1,38.0
interviewer,15,0,1,39.0,0,1,38.0
smartrecruiters,15,0,1,39.0,0,1,38.0
hackerrank,15,8,11,38.0,1,4,33.0
hirevue,15,1,7,28.0,0,1,38.0
onpay,16,8,1,45.0,5,1,38.0
patriot-payroll,16,6,1,40.0,6,1,41.0
remote,16,4,1,34.0,2,1,28.0
justworks,16,5,3,32.0,5,3,34.0
plane,16,2,1,26.0,0,0,
papaya-global,16,1,0,24.0,1,0,26.0
payroller,16,1,0,24.0,0,0,
fingercheck,16,1,0,24.0,0,0,
oyster,16,1,0,24.0,1,0,26.0
remofirst,16,1,0,24.0,1,0,26.0
razorpayx-payroll,16,1,0,24.0,0,0,
paychex,16,24,89,20.0,15,48,22.0
pebl,16,0,0,18.0,0,0,
payworks,16,0,0,18.0,0,0,
g-p,16,0,0,18.0,0,0,
brightpay,16,0,0,18.0,0,0,
rise-people,16,0,0,18.0,0,0,
surepayroll,16,1,5,16.0,1,5,18.0
linode,17,62,9,80.0,49,7,79.0
cherry-servers,17,17,0,80.0,17,0,80.0
coolify,17,87,15,79.0,80,12,80.0
dokploy,17,31,5,75.0,29,5,74.0
vast-ai,17,37,8,73.0,17,7,60.0
netlify,17,125,38,72.0,84,32,67.0
upcloud,17,9,0,72.0,6,0,67.0
hetzner,17,469,173,71.0,411,162,69.0
digitalocean,17,174,59,71.0,149,51,70.0
cloudflare,17,2470,1001,70.0,1826,677,72.0
netcup,17,150,65,66.0,147,64,66.0
fly-io,17,17,5,64.0,16,3,69.0
nebius-ai-cloud,17,11,3,62.0,4,1,57.0
supabase,17,541,320,61.0,356,239,57.0
exoscale,17,3,0,60.0,3,0,60.0
runpod,17,77,41,60.0,22,11,58.0
leaseweb,17,9,3,59.0,8,3,58.0
vercel,17,724,479,58.0,453,319,57.0
dokku,17,6,2,57.0,4,2,53.0
cloudron,17,2,0,57.0,2,0,57.0
kamatera,17,5,2,55.0,5,2,55.0
railway,17,25,16,54.0,20,12,54.0
akash-network,17,1,0,53.0,1,0,53.0
elestio,17,1,0,53.0,1,0,53.0
scaleway,17,17,11,53.0,14,9,52.0
cloud-foundry,17,1,0,53.0,1,0,53.0
zeabur,17,1,0,53.0,1,0,53.0
render,17,4,2,52.0,3,2,50.0
apache-cloudstack,17,2,1,51.0,2,1,51.0
caprover,17,2,1,51.0,2,1,51.0
clever-cloud,17,0,0,49.0,0,0,
pythonanywhere,17,8,6,49.0,8,6,49.0
anyscale,17,0,0,49.0,0,0,
bunnyshell,17,0,0,49.0,0,0,
aruba-cloud,17,0,0,49.0,0,0,
kubero,17,0,0,49.0,0,0,
back4app,17,0,0,49.0,0,0,
fluidstack,17,0,0,49.0,0,0,
servers-com,17,0,0,49.0,0,0,
coreweave,17,3,2,49.0,2,0,57.0
zerops,17,0,0,49.0,0,0,
civo,17,0,0,49.0,0,0,
scalingo,17,0,0,49.0,0,0,
tensordock,17,4,3,48.0,2,3,43.0
tencent-cloud,17,1,1,47.0,1,1,48.0
deno-deploy,17,6,5,47.0,5,2,55.0
huawei-cloud,17,1,1,47.0,1,1,48.0
phoenixnap,17,1,2,43.0,1,1,48.0
koyeb,17,0,1,43.0,0,1,43.0
modal,17,0,1,43.0,0,0,
stackit,17,0,1,43.0,0,1,43.0
yunohost,17,1,2,43.0,1,1,48.0
northflank,17,0,1,43.0,0,1,43.0
okd,17,0,1,43.0,0,1,43.0
ionos-cloud,17,1,2,43.0,1,2,43.0
lambda-cloud,17,0,1,43.0,0,0,
easypanel,17,0,1,43.0,0,1,43.0
baseten,17,2,3,42.0,2,1,51.0
contabo,17,76,92,42.0,76,91,42.0
alibaba-cloud,17,4,6,40.0,1,3,39.0
openstack,17,9,16,35.0,9,16,35.0
heroku,17,12,27,30.0,9,18,33.0
discord,18,380,39,88.0,56,3,84.0
simpplr,18,5,0,66.0,5,0,58.0
zulip,18,5,0,66.0,2,0,49.0
google-meet,18,73,30,65.0,20,4,66.0
miro,18,24,10,61.0,8,4,50.0
google-workspace,18,281,183,58.0,95,92,47.0
mattermost,18,12,6,56.0,7,2,54.0
flip,18,1,0,54.0,0,0,
gather,18,1,0,54.0,0,0,
thoughtfarmer,18,1,0,54.0,1,0,45.0
wire,18,1,0,54.0,0,0,
lark,18,1,0,54.0,0,0,
element,18,1,0,54.0,0,0,
staffbase,18,7,4,53.0,7,3,51.0
line-works,18,2,1,52.0,1,0,45.0
slack,18,21,15,51.0,9,8,43.0
haiilo,18,0,0,50.0,0,0,
wecom,18,0,0,50.0,0,0,
dingtalk,18,0,0,50.0,0,0,
threema-work,18,0,0,50.0,0,0,
unily,18,0,0,50.0,0,0,
firstup,18,0,0,50.0,0,0,
confluence,18,2,2,47.0,2,2,40.0
zoom,18,14,13,46.0,2,1,44.0
naver-works,18,0,1,44.0,0,1,36.0
microsoft-teams,18,64,83,40.0,23,33,37.0
lumapps,18,2,5,37.0,2,5,32.0
trueconf,18,0,4,33.0,0,0,
restic,19,91,6,87.0,78,4,87.0
syncthing,19,203,57,74.0,143,43,72.0
nakivo-backup-and-replication,19,19,1,74.0,19,1,74.0
veeam,19,256,85,72.0,147,42,73.0
kopia,19,30,5,72.0,28,5,71.0
pcloud,19,85,25,71.0,75,23,70.0
borgbackup,19,9,0,67.0,7,0,63.0
backblaze,19,173,70,67.0,141,66,64.0
rclone,19,148,61,66.0,135,58,65.0
resilio-sync,19,14,2,66.0,11,1,66.0
arq-backup,19,9,1,62.0,8,1,61.0
duplicacy,19,12,3,60.0,12,3,60.0
carbon-copy-cloner,19,10,2,60.0,9,2,59.0
rsync-net,19,8,1,60.0,7,0,63.0
unraid,19,66,38,57.0,60,35,57.0
wasabi,19,6,1,56.0,6,1,56.0
borgbase,19,4,0,56.0,4,0,56.0
druva-data-resiliency-cloud,19,4,0,56.0,4,0,56.0
comet-backup,19,4,0,56.0,4,0,56.0
acronis-cyber-protect,19,34,20,55.0,26,19,50.0
commvault-cloud,19,10,4,54.0,8,4,51.0
urbackup,19,3,0,53.0,3,0,53.0
synology,19,358,297,52.0,307,262,51.0
truenas,19,76,61,51.0,72,60,50.0
hycu-r-cloud,19,2,0,49.0,2,0,49.0
msp360-managed-backup,19,2,0,49.0,1,0,45.0
rubrik-security-cloud,19,21,18,46.0,9,3,55.0
hornetsecurity-vm-backup,19,1,0,45.0,1,0,45.0
scaleway-object-storage,19,1,0,45.0,0,0,
vorta,19,1,0,45.0,1,0,45.0
dropbox,19,170,200,43.0,88,110,41.0
cohesity-dataprotect,19,6,5,43.0,4,2,47.0
google-drive,19,372,490,41.0,138,264,32.0
duplicati,19,13,14,41.0,12,14,40.0
arcserve-unified-data-protection,19,1,1,40.0,1,1,40.0
netbackup,19,1,1,40.0,1,1,40.0
storj,19,7,8,39.0,6,7,39.0
superduper,19,1,2,36.0,1,2,37.0
bareos,19,0,1,36.0,0,1,36.0
adyen,20,11,5,41.0,8,3,39.0
cashfree-payments,20,7,2,38.0,7,1,42.0
worldpay,20,5,0,37.0,3,0,31.0
spreedly,20,4,0,33.0,4,0,35.0
razorpay,20,15,17,33.0,6,14,21.0
square,20,4,1,31.0,2,0,26.0
finix,20,4,1,31.0,3,0,31.0
lemon-squeezy,20,15,22,29.0,9,18,24.0
flutterwave,20,3,0,29.0,1,0,21.0
xendit,20,3,0,29.0,2,0,26.0
nmi,20,3,1,27.0,3,1,28.0
gocardless,20,5,5,27.0,0,1,14.0
paypal,20,229,641,25.0,29,109,18.0
easebuzz,20,2,0,24.0,2,0,26.0
mercado-pago,20,5,7,24.0,2,0,26.0
stax,20,2,1,22.0,1,1,19.0
authorize-net,20,3,5,20.0,3,4,23.0
paystack,20,2,2,20.0,1,2,17.0
global-payments,20,4,8,20.0,2,8,15.0
ppro,20,1,0,19.0,0,0,
hitpay,20,1,0,19.0,1,0,21.0
braintree,20,1,0,19.0,1,0,21.0
dwolla,20,1,0,19.0,1,0,21.0
rapyd,20,1,0,19.0,1,0,21.0
ixopay,20,1,0,19.0,1,0,21.0
solidgate,20,1,0,19.0,1,0,21.0
paymongo,20,1,1,17.0,0,0,
elavon,20,1,3,15.0,1,3,16.0
mollie,20,1,3,15.0,0,3,12.0
phonepe-payment-gateway,20,0,0,13.0,0,0,
dlocal,20,0,0,13.0,0,0,
checkout-com,20,1,4,13.0,1,3,16.0
paytm-payment-gateway,20,0,0,13.0,0,0,
midtrans,20,0,0,13.0,0,0,
doku,20,0,0,13.0,0,0,
bluesnap,20,0,0,13.0,0,0,
ccavenue,20,0,0,13.0,0,0,
nuvei,20,1,5,13.0,1,4,15.0
nowpayments,20,0,0,13.0,0,0,
neteller,20,0,1,12.0,0,1,14.0
truelayer,20,0,1,12.0,0,1,14.0
lawpay,20,0,1,12.0,0,0,
tsys,20,0,2,11.0,0,2,13.0
payu,20,1,7,11.0,1,6,13.0
instamojo,20,0,2,11.0,0,1,14.0
shift4,20,3,22,10.0,2,15,11.0
skrill,20,0,4,9.0,0,2,13.0
verifone,20,0,6,8.0,0,4,11.0
ivpn,121,65,12,76.0,65,12,76.0
amnezia-vpn,121,20,2,72.0,19,2,72.0
windscribe,121,114,36,71.0,108,31,72.0
ipvanish,121,14,2,66.0,13,2,66.0
azirevpn,121,13,2,65.0,13,2,66.0
mullvad-vpn,121,391,193,64.0,351,182,63.0
airvpn,121,92,41,64.0,80,34,64.0
mysterium-vpn,121,14,3,63.0,12,3,61.0
nymvpn,121,17,5,62.0,14,5,58.0
proton-vpn,121,254,135,62.0,233,123,62.0
torguard-vpn,121,9,2,59.0,7,1,59.0
hide-me-vpn,121,8,2,57.0,8,2,58.0
private-internet-access,121,31,18,55.0,30,17,55.0
adguard-vpn,121,3,0,53.0,2,0,51.0
surfshark,121,80,60,52.0,72,53,52.0
ovpn,121,4,1,52.0,4,1,52.0
riseupvpn,121,2,0,50.0,2,0,51.0
privadovpn,121,13,8,50.0,10,4,55.0
x-vpn,121,2,0,50.0,2,0,51.0
privatevpn,121,6,3,49.0,6,3,50.0
vpn-unlimited,121,3,1,48.0,3,1,49.0
trust-zone,121,1,0,46.0,1,0,47.0
speedify,121,1,0,46.0,0,0,
vpn-liberty,121,1,0,46.0,1,0,47.0
opera-vpn-pro,121,1,0,46.0,0,0,
perfect-privacy,121,1,0,46.0,1,0,47.0
fastestvpn,121,1,0,46.0,1,0,47.0
psiphon,121,2,1,45.0,1,1,42.0
urban-vpn,121,12,10,45.0,10,5,52.0
cyberghost-vpn,121,20,19,44.0,19,15,48.0
nordvpn,121,220,255,44.0,150,192,41.0
expressvpn,121,49,57,42.0,44,45,44.0
vpn-ac,121,0,0,41.0,0,0,
planet-vpn,121,2,2,41.0,2,2,42.0
bolehvpn,121,0,0,41.0,0,0,
zoogvpn,121,1,1,41.0,1,1,42.0
strongvpn,121,0,0,41.0,0,0,
browsec,121,2,2,41.0,1,2,38.0
perimeter-81,121,0,0,41.0,0,0,
pritunl,121,0,0,41.0,0,0,
astrill-vpn,121,6,7,39.0,6,7,40.0
hola-vpn,121,7,9,38.0,0,5,25.0
thunder-vpn,121,0,1,36.0,0,1,37.0
touch-vpn,121,0,1,36.0,0,0,
mozilla-vpn,121,0,1,36.0,0,1,37.0
vyprvpn,121,0,1,36.0,0,1,37.0
hma-vpn,121,0,1,36.0,0,0,
turbo-vpn,121,1,3,34.0,0,3,30.0
hotspot-shield,121,1,4,31.0,1,3,34.0
tunnelbear,121,3,8,30.0,3,7,32.0
openvpn,121,13,31,27.0,10,26,26.0
veepn,121,0,4,27.0,0,0,
purevpn,121,3,11,26.0,2,11,23.0
wazuh,122,48,9,74.0,37,5,76.0
emsisoft-anti-malware-home,122,17,1,72.0,17,1,73.0
malwarebytes-premium,122,381,137,71.0,350,131,70.0
bitdefender-total-security,122,319,125,69.0,284,108,69.0
eset-home-security-premium,122,13,1,68.0,10,1,64.0
huntress-managed-edr,122,15,2,67.0,13,2,65.0
kaspersky-premium,122,196,79,67.0,166,60,69.0
microsoft-defender-for-endpoint,122,28,10,62.0,26,10,61.0
blackpoint-mdr,122,20,8,59.0,11,2,62.0
threatlocker-protect,122,24,11,58.0,23,11,57.0
bitdefender-gravityzone-business-security,122,5,0,58.0,4,0,56.0
g-data-total-security,122,4,0,56.0,4,0,56.0
ahnlab-v3-endpoint-security,122,4,0,56.0,4,0,56.0
sentinelone-singularity-endpoint,122,43,28,53.0,38,26,52.0
sophos-endpoint,122,88,66,52.0,79,56,53.0
f-secure-total,122,4,1,51.0,4,1,51.0
heimdal-endpoint-detection-and-response,122,2,0,49.0,0,0,
eset-protect,122,2,0,49.0,1,0,45.0
field-effect-covalence,122,2,0,49.0,0,0,
clamav,122,9,6,47.0,7,3,51.0
zonealarm-extreme-security-nextgen,122,1,0,45.0,1,0,45.0
harfanglab-edr,122,1,0,45.0,1,0,45.0
crowdstrike-falcon,122,76,78,45.0,58,57,46.0
limacharlie-secops-cloud-platform,122,1,0,45.0,1,0,45.0
halcyon,122,1,0,45.0,1,0,45.0
secureworks-taegis-xdr,122,1,0,45.0,1,0,45.0
intego-mac-premium-bundle-x9,122,1,0,45.0,0,0,
carbon-black-endpoint,122,2,1,44.0,1,1,40.0
cynet-all-in-one-cybersecurity-platform,122,2,1,44.0,0,1,36.0
arctic-wolf-managed-detection-and-response,122,4,3,43.0,3,3,41.0
trend-vision-one-endpoint-security,122,0,0,40.0,0,0,
dr-web-security-space,122,2,2,40.0,2,1,45.0
trellix-endpoint-security,122,0,0,40.0,0,0,
qualys-endpoint-detection-and-response,122,0,0,40.0,0,0,
red-canary-managed-detection-and-response,122,1,1,40.0,1,1,40.0
threatdown-endpoint-protection,122,0,1,35.0,0,1,36.0
cylanceprotect,122,0,1,35.0,0,1,36.0
panda-dome-premium,122,0,1,35.0,0,1,36.0
watchguard-endpoint-security-360,122,0,1,35.0,0,1,36.0
360-total-security,122,1,3,33.0,1,3,33.0
symantec-endpoint-security-complete,122,1,3,33.0,1,3,33.0
bkav-pro-internet-security-ai,122,0,2,32.0,0,1,36.0
pc-matic,122,0,2,32.0,0,2,32.0
avira-prime,122,6,12,31.0,5,11,30.0
avast-premium-security,122,5,11,30.0,5,11,30.0
vipre-advanced-security,122,4,10,29.0,4,6,36.0
avg-internet-security,122,0,3,29.0,0,3,29.0
totalav-total-security,122,2,7,28.0,2,6,30.0
webroot-business-endpoint-protection,122,0,7,21.0,0,6,23.0
norton-360-deluxe,122,23,116,16.0,19,104,15.0
mcafee-plus-premium,122,9,160,6.0,8,136,7.0
inmotion-hosting,123,68,7,82.0,67,5,83.0
github-pages,123,150,32,77.0,71,18,71.0
vultr,123,74,18,73.0,63,16,71.0
knownhost,123,41,8,72.0,40,6,74.0
cloudways,123,26,5,69.0,21,5,64.0
scalahosting,123,11,0,68.0,11,0,66.0
kinsta,123,31,10,64.0,30,10,62.0
racknerd,123,67,28,63.0,65,24,65.0
rocket-net,123,7,0,61.0,6,0,57.0
greengeeks,123,7,0,61.0,6,0,57.0
pressidium,123,5,0,56.0,5,0,54.0
wpx-hosting,123,6,1,54.0,6,0,57.0
gitlab-pages,123,4,0,53.0,3,0,48.0
interserver,123,11,5,52.0,10,5,49.0
chemicloud,123,6,2,51.0,6,2,49.0
mythic-beasts,123,3,0,50.0,3,0,48.0
hostinger,123,127,125,47.0,69,100,37.0
hostarmada,123,2,0,46.0,2,0,44.0
dreamhost,123,28,26,45.0,21,23,40.0
siteground,123,53,58,43.0,49,52,43.0
wp-engine,123,39,41,43.0,34,41,40.0
bigscoots,123,1,0,42.0,1,0,40.0
stablepoint,123,1,0,42.0,1,0,40.0
nexcess,123,3,2,42.0,3,2,40.0
all-inkl-com,123,1,1,38.0,1,0,40.0
acquia-cloud-platform,123,0,0,37.0,0,0,
accuweb-hosting,123,0,0,37.0,0,0,
pressable,123,0,0,37.0,0,0,
flywheel,123,1,2,34.0,0,1,31.0
buyvm,123,0,1,33.0,0,1,31.0
pantheon,123,0,1,33.0,0,1,31.0
binarylane,123,0,1,33.0,0,1,31.0
fastcomet,123,0,2,30.0,0,2,28.0
hosting-com,123,7,15,29.0,7,14,29.0
hostpapa,123,0,8,19.0,0,7,18.0
hostgator,123,8,45,16.0,5,36,14.0
liquid-web,123,11,63,15.0,10,62,14.0
bluehost,123,16,97,14.0,10,87,11.0
porkbun,124,314,36,86.0,265,33,85.0
dynadot,124,91,13,79.0,90,13,79.0
infomaniak,124,57,11,73.0,12,1,59.0
ovhcloud,124,176,102,59.0,142,91,56.0
krystal,124,7,0,53.0,7,0,53.0
spaceship,124,9,2,51.0,5,0,47.0
namesilo,124,20,11,50.0,19,11,49.0
one-com,124,6,1,47.0,5,1,44.0
namecheap,124,163,172,45.0,115,122,44.0
netim,124,4,0,44.0,4,0,44.0
inwx,124,5,2,41.0,4,1,40.0
synergy-wholesale,124,3,0,40.0,3,0,40.0
amazon-route-53,124,5,3,38.0,5,2,41.0
gandi,124,10,9,38.0,5,8,29.0
markmonitor,124,3,1,37.0,3,1,37.0
opensrs,124,3,1,37.0,3,1,37.0
openprovider,124,4,2,37.0,4,2,37.0
enom,124,3,1,37.0,3,1,37.0
gname,124,2,0,36.0,2,0,36.0
easydns,124,2,0,36.0,2,0,36.0
centralnic-reseller,124,2,1,33.0,2,1,33.0
joker-com,124,1,0,31.0,1,0,31.0
20i,124,1,0,31.0,1,0,31.0
ventraip,124,4,5,31.0,3,5,27.0
fasthosts,124,3,3,31.0,3,3,31.0
domain-com,124,3,3,31.0,0,1,23.0
name-com,124,4,5,31.0,4,5,31.0
internetx,124,1,0,31.0,1,0,31.0
eurodns,124,1,0,31.0,1,0,31.0
regery,124,1,0,31.0,1,0,31.0
above-com,124,1,0,31.0,1,0,31.0
moniker,124,1,0,31.0,1,0,31.0
shinjiru,124,1,0,31.0,1,0,31.0
transip,124,2,2,30.0,2,1,33.0
njalla,124,3,4,29.0,3,4,29.0
register-com,124,1,1,28.0,1,0,31.0
namespro,124,1,1,28.0,1,1,28.0
internet-bs,124,1,1,28.0,1,1,28.0
ionos,124,47,101,28.0,35,94,24.0
register-it,124,1,1,28.0,0,0,
onlydomains,124,0,0,26.0,0,0,
aruba-it,124,1,2,26.0,1,2,25.0
cosmotown,124,0,0,26.0,0,0,
simply-com,124,0,0,26.0,0,0,
domeneshop,124,0,1,23.0,0,1,23.0
resellerclub,124,1,3,23.0,1,3,23.0
web-com,124,0,1,23.0,0,1,23.0
namebright,124,0,1,23.0,0,1,23.0
rebel-com,124,0,1,23.0,0,1,23.0
csc-domains,124,0,2,21.0,0,2,21.0
doteasy,124,0,2,21.0,0,2,21.0
crazy-domains,124,0,3,19.0,0,2,21.0
123-reg,124,0,4,17.0,0,4,17.0
network-solutions,124,2,34,8.0,1,31,7.0
godaddy,124,59,690,7.0,43,524,7.0
carrd,125,57,6,78.0,44,4,76.0
beaver-builder,125,24,3,68.0,24,3,67.0
google-sites,125,34,13,59.0,18,6,55.0
wpbakery-page-builder,125,26,13,53.0,25,12,53.0
bricks,125,8,1,52.0,8,1,50.0
onepage,125,38,33,45.0,17,16,40.0
zenfolio,125,10,6,44.0,0,0,
wordpress-com,125,33,33,42.0,30,30,41.0
hostinger-website-builder,125,4,1,41.0,2,1,31.0
pixieset,125,26,27,40.0,2,2,28.0
breakdance,125,2,0,37.0,2,0,34.0
durable,125,2,0,37.0,0,0,
divi,125,33,46,36.0,29,40,35.0
webador,125,2,1,33.0,1,1,26.0
pixpa,125,2,1,33.0,0,0,
showit,125,1,0,32.0,1,0,29.0
wysiwyg-web-builder,125,1,0,32.0,1,0,29.0
blocs,125,1,0,32.0,1,0,29.0
duda,125,1,0,32.0,1,0,29.0
simvoly,125,1,0,32.0,1,0,29.0
publii,125,1,0,32.0,0,0,
oxygen,125,3,3,32.0,3,3,30.0
smugmug,125,3,4,30.0,0,1,21.0
jimdo,125,1,1,29.0,1,0,29.0
weebly,125,6,10,29.0,5,7,29.0
elementor,125,137,328,27.0,125,315,26.0
portfoliobox,125,0,0,26.0,0,0,
ucraft,125,0,0,26.0,0,0,
tilda,125,0,0,26.0,0,0,
pagefly,125,0,1,23.0,0,1,21.0
bandzoogle,125,0,1,23.0,0,1,21.0
godaddy-website-builder,125,1,8,17.0,1,8,16.0
bing-webmaster-tools,126,72,6,85.0,67,6,84.0
screaming-frog-seo-spider,126,82,12,81.0,81,10,82.0
dataforseo,126,84,12,81.0,82,11,82.0
google-keyword-planner,126,28,4,75.0,23,4,72.0
google-search-console,126,202,56,75.0,186,50,75.0
peec-ai,126,35,6,75.0,29,6,72.0
se-ranking,126,49,12,72.0,47,12,71.0
google-trends,126,27,6,70.0,18,3,70.0
keywords-everywhere,126,7,0,69.0,7,0,68.0
whitespark,126,9,1,67.0,9,1,67.0
brightlocal,126,22,6,67.0,22,6,67.0
gmb-everywhere,126,5,0,65.0,5,0,64.0
marketmuse,126,5,0,65.0,4,0,62.0
clearscope,126,5,0,65.0,4,0,62.0
answerthepublic,126,8,1,65.0,4,1,57.0
ahrefs,126,264,139,63.0,248,133,62.0
pleper-local-seo-tools,126,4,0,63.0,4,0,62.0
local-falcon,126,11,3,63.0,11,3,62.0
ubersuggest,126,23,9,62.0,20,9,59.0
surfer,126,17,7,60.0,9,7,48.0
neuronwriter,126,3,0,60.0,3,0,59.0
sitebulb,126,7,2,59.0,7,2,59.0
mangools,126,9,3,59.0,9,3,59.0
pagespeed-insights,126,23,11,59.0,14,9,52.0
seo,126,12,5,58.0,11,4,59.0
sitechecker,126,2,0,57.0,2,0,56.0
serpstat,126,2,0,57.0,2,0,56.0
page-optimizer-pro,126,1,0,53.0,1,0,53.0
advanced-web-ranking,126,1,0,53.0,1,0,53.0
tubebuddy,126,1,0,53.0,0,0,
local-viking,126,1,0,53.0,1,0,53.0
pitchbox,126,1,0,53.0,1,0,53.0
keyword-insights,126,1,0,53.0,1,0,53.0
dashword,126,1,0,53.0,1,0,53.0
siteimprove,126,1,0,53.0,1,0,53.0
morningscore,126,1,0,53.0,1,0,53.0
seotesting,126,1,0,53.0,1,0,53.0
grid-my-business,126,1,0,53.0,1,0,53.0
places-scout,126,1,0,53.0,1,0,53.0
frase,126,1,0,53.0,1,0,53.0
keysearch,126,1,0,53.0,1,0,53.0
lowfruits,126,1,0,53.0,1,0,53.0
accuranker,126,2,1,51.0,2,1,51.0
sistrix,126,2,1,51.0,2,1,51.0
stat-search-analytics,126,3,2,50.0,1,1,47.0
marmalead,126,0,0,49.0,0,0,
seobility,126,0,0,49.0,0,0,
jetoctopus,126,0,0,49.0,0,0,
majestic,126,0,0,49.0,0,0,
wordtracker,126,0,0,49.0,0,0,
nightwatch,126,0,0,49.0,0,0,
woorank,126,0,0,49.0,0,0,
oncrawl,126,0,0,49.0,0,0,
zutrix,126,0,0,49.0,0,0,
semrush,126,223,213,49.0,209,205,48.0
lumar,126,0,0,49.0,0,0,
seocrawl,126,0,0,49.0,0,0,
conductor,126,0,0,49.0,0,0,
rank-math-seo,126,38,32,49.0,38,31,50.0
nozzle,126,0,0,49.0,0,0,
aiseo,126,0,0,49.0,0,0,
seomonitor,126,0,0,49.0,0,0,
contentking,126,1,1,47.0,1,1,47.0
writerzen,126,1,1,47.0,1,1,47.0
seo-powersuite,126,1,1,47.0,1,1,47.0
brightedge,126,1,1,47.0,0,1,43.0
alsoasked,126,5,5,45.0,2,2,46.0
vidiq,126,6,6,45.0,3,3,45.0
dragon-metrics,126,0,1,43.0,0,1,43.0
search-atlas,126,2,3,43.0,2,3,42.0
all-in-one-seo,126,1,2,43.0,1,2,42.0
spyfu,126,2,3,43.0,2,2,46.0
linkresearchtools,126,0,1,43.0,0,1,43.0
yoast-seo,126,28,34,41.0,26,33,40.0
keywordtool-io,126,1,3,39.0,1,3,39.0
moz-pro,126,7,14,33.0,5,14,29.0
socialbu,127,39,0,89.0,38,0,90.0
socialrails,127,28,0,87.0,28,0,87.0
nuelink,127,26,0,86.0,20,0,84.0
social-champ,127,21,0,84.0,19,0,84.0
recurpost,127,22,0,84.0,20,0,84.0
contentstudio,127,16,0,81.0,11,0,78.0
vista-social,127,11,0,77.0,5,0,70.0
emplifi,127,9,0,74.0,9,0,76.0
sociality-io,127,7,0,72.0,6,0,72.0
metricool,127,44,12,71.0,42,11,72.0
socialpilot,127,6,0,70.0,6,0,72.0
tailwind,127,5,0,68.0,0,0,
agorapulse,127,11,2,68.0,11,2,69.0
brand24,127,4,0,66.0,2,0,63.0
zoho-social,127,4,0,66.0,2,0,63.0
publer,127,9,2,65.0,6,1,66.0
oneup,127,35,13,65.0,2,0,63.0
buffer,127,3,0,64.0,1,0,60.0
taplio,127,5,1,62.0,4,1,62.0
tweet-hunter,127,2,0,61.0,2,0,63.0
sked-social,127,2,0,61.0,2,0,63.0
statusbrew,127,4,1,60.0,4,1,62.0
rella,127,1,0,58.0,1,0,60.0
typefully,127,1,0,58.0,1,0,60.0
contentdrips,127,1,0,58.0,1,0,60.0
kontentino,127,1,0,58.0,1,0,60.0
mention,127,1,0,58.0,0,0,
brandwatch,127,5,2,58.0,5,2,59.0
hypefury,127,1,0,58.0,1,0,60.0
coschedule,127,1,0,58.0,1,0,60.0
cloud-campaign,127,1,0,58.0,1,0,60.0
postiz,127,6,3,56.0,3,0,66.0
later,127,2,1,55.0,0,0,
napoleoncat,127,0,0,54.0,0,0,
oktopost,127,0,0,54.0,0,0,
sendible,127,0,0,54.0,0,0,
lately,127,0,0,54.0,0,0,
ocoya,127,0,0,54.0,0,0,
predis-ai,127,0,0,54.0,0,0,
awario,127,0,0,54.0,0,0,
preview-app,127,6,4,53.0,2,0,63.0
sprout-social,127,8,6,51.0,7,5,53.0
heyorca,127,2,2,50.0,2,2,51.0
socialbee,127,2,2,50.0,2,2,51.0
planoly,127,3,3,49.0,1,3,44.0
scheduled-so,127,0,1,47.0,0,0,
outfy,127,0,1,47.0,0,1,50.0
dlvr-it,127,0,2,42.0,0,0,
sprinklr,127,2,5,39.0,2,2,51.0
hootsuite,127,18,27,38.0,14,17,43.0
loomly,127,1,5,36.0,1,3,44.0
meta-business-suite,127,20,52,27.0,19,48,29.0
customgpt-ai,128,39,11,64.0,19,5,57.0
my-askai,128,10,0,58.0,9,0,55.0
tidio,128,12,1,58.0,5,1,42.0
respond-io,128,11,1,57.0,6,1,45.0
botpress,128,10,2,52.0,7,2,44.0
manychat,128,19,10,50.0,14,8,46.0
chatbase,128,11,4,49.0,10,3,49.0
chatwoot,128,7,2,45.0,5,2,39.0
cognigy,128,5,1,42.0,4,1,39.0
gorgias,128,7,3,42.0,3,3,30.0
text,128,3,0,39.0,0,0,
rocket-chat,128,4,1,39.0,2,0,34.0
voiceflow,128,5,3,37.0,2,2,28.0
helpcrunch,128,2,0,35.0,1,0,29.0
docsbot-ai,128,2,0,35.0,2,0,34.0
typebot,128,2,0,35.0,2,0,34.0
boost-ai,128,2,0,35.0,0,0,
wati,128,4,3,34.0,3,2,32.0
sitegpt,128,2,1,31.0,1,1,26.0
dashly,128,1,0,30.0,1,0,29.0
livechat,128,1,0,30.0,1,0,29.0
kommunicate,128,1,0,30.0,0,0,
siena-ai,128,1,0,30.0,1,0,29.0
ada,128,1,0,30.0,1,0,29.0
freshdesk-omni,128,1,0,30.0,0,0,
chatfuel,128,1,0,30.0,0,0,
chatling,128,1,0,30.0,0,0,
wotnot,128,1,0,30.0,1,0,29.0
ochatbot,128,1,1,27.0,1,0,29.0
kore-ai,128,1,1,27.0,1,1,26.0
chatbot,128,123,319,26.0,78,202,26.0
tawk-to,128,2,4,25.0,1,4,20.0
pure-chat,128,0,0,24.0,0,0,
haptik,128,0,0,24.0,0,0,
inkeep,128,0,0,24.0,0,0,
budy,128,0,0,24.0,0,0,
pandorabots,128,0,0,24.0,0,0,
yellow-ai,128,0,0,24.0,0,0,
hyro,128,0,0,24.0,0,0,
crisp,128,0,0,24.0,0,0,
rasa,128,0,0,24.0,0,0,
channel-talk,128,0,0,24.0,0,0,
lookfor,128,0,0,24.0,0,0,
genesys-cloud-cx,128,0,0,24.0,0,0,
kapa,128,0,1,22.0,0,0,
floatbot,128,0,1,22.0,0,0,
dante-ai,128,0,1,22.0,0,1,21.0
interakt,128,0,1,22.0,0,0,
aisensy,128,1,4,21.0,1,1,26.0
landbot,128,0,2,19.0,0,2,19.0
liveperson,128,0,2,19.0,0,2,19.0
tiledesk,128,0,2,19.0,0,0,
aircall,129,30,5,71.0,11,2,60.0
cloudtalk,129,13,1,67.0,3,0,49.0
freeswitch,129,8,0,64.0,7,0,60.0
cytracom,129,6,0,59.0,6,0,58.0
voip-ms,129,18,8,56.0,17,8,54.0
microsoft-teams-phone,129,22,11,55.0,21,11,54.0
zoom-phone,129,14,6,55.0,13,5,55.0
dialpad-connect,129,15,7,54.0,9,3,53.0
zadarma,129,3,0,51.0,2,0,46.0
freepbx,129,13,9,48.0,12,9,46.0
net2phone-unite,129,3,1,47.0,3,1,45.0
grandstream-ucm6300-ecosystem,129,8,5,47.0,8,5,46.0
3cx,129,19,15,47.0,17,15,44.0
channels,129,3,1,47.0,0,0,
yay-com,129,9,7,45.0,4,1,48.0
nuso-cloud-communications,129,1,0,44.0,1,0,42.0
onsip,129,1,0,44.0,0,0,
virtualpbx,129,1,0,44.0,0,0,
asterisk,129,1,0,44.0,1,0,42.0
krispcall,129,1,0,44.0,1,0,42.0
google-voice,129,41,41,44.0,14,23,33.0
telus-business-connect,129,1,0,44.0,0,0,
loop-communications-hosted-voip,129,1,0,44.0,1,0,42.0
verizon-one-talk,129,1,0,44.0,0,0,
issabel,129,1,0,44.0,1,0,42.0
phone-com,129,1,0,44.0,1,0,42.0
kixie,129,2,1,43.0,0,0,
sonetel,129,2,1,43.0,2,1,41.0
8x8-work,129,7,6,43.0,4,5,37.0
ooma-office,129,9,8,43.0,6,8,36.0
avaya-ip-office,129,2,1,43.0,2,1,41.0
nextiva,129,5,5,40.0,4,4,39.0
fusionpbx,129,3,3,40.0,3,3,38.0
goto-connect,129,0,0,39.0,0,0,
intermedia-unite,129,1,1,39.0,1,1,37.0
spectrum-business-voice,129,0,0,39.0,0,0,
ringex,129,26,33,39.0,19,22,40.0
yeastar-p-series-phone-system,129,0,0,39.0,0,0,
vonage-business-communications,129,0,0,39.0,0,0,
at-and-t-office-hand,129,0,0,39.0,0,0,
vitalpbx,129,2,2,39.0,2,2,38.0
wazo,129,0,0,39.0,0,0,
voipfone,129,1,1,39.0,1,1,37.0
webex-calling,129,0,0,39.0,0,0,
justcall,129,14,18,38.0,4,5,37.0
unifi-talk,129,2,3,36.0,2,3,35.0
ringover,129,0,1,34.0,0,1,33.0
pbxware,129,0,1,34.0,0,1,33.0
line2,129,0,1,34.0,0,1,33.0
easybell-cloud-telefonanlage,129,0,1,34.0,0,0,
bt-cloud-voice,129,0,1,34.0,0,0,
broadvoice-b-hive,129,0,1,34.0,0,1,33.0
sipgate,129,0,1,34.0,0,1,33.0
gamma-horizon,129,0,1,34.0,0,1,33.0
callhippo,129,0,1,34.0,0,0,
comcast-business-voiceedge,129,0,2,31.0,0,2,30.0
avaya-aura-communication-manager,129,0,2,31.0,0,2,30.0
mitel-mivoice-business,129,0,4,26.0,0,4,25.0
pexip-infinity,130,5,0,39.0,5,0,34.0
jitsi-meet,130,7,3,37.0,6,3,31.0
whatsapp,130,383,813,30.0,90,302,21.0
nextcloud-talk,130,4,3,28.0,3,2,22.0
webex,130,2,0,26.0,1,0,16.0
mirotalk,130,2,0,26.0,2,0,22.0
univid,130,2,0,26.0,1,0,16.0
telegram,130,2,1,24.0,1,0,16.0
bigbluebutton,130,10,24,22.0,1,3,13.0
signal,130,1,1,19.0,1,0,16.0
brave-talk,130,1,2,17.0,1,0,16.0
goto-meeting,130,1,2,17.0,0,0,
element-call,130,1,3,16.0,1,3,13.0
vsee-clinic,130,0,0,15.0,0,0,
vidyoconnect,130,0,0,15.0,0,0,
freeconferencecall-com,130,0,0,15.0,0,0,
workadventure,130,0,0,15.0,0,0,
zoho-meeting,130,0,1,14.0,0,0,
ringcentral-video,130,0,1,14.0,0,1,10.0
bigmarker,131,3,0,44.0,3,0,40.0
livestorm,131,2,0,41.0,1,0,34.0
riverside,131,8,9,39.0,3,8,31.0
webinargeek,131,1,0,37.0,1,0,34.0
livewebinar,131,1,0,37.0,1,0,34.0
airmeet,131,1,0,37.0,1,0,34.0
digital-samba,131,0,0,33.0,0,0,
on24,131,3,5,33.0,0,1,28.0
goto-webinar,131,0,0,33.0,0,0,
crowdcast,131,0,0,33.0,0,0,
brighttalk,131,0,0,33.0,0,0,
anymeeting,131,0,2,28.0,0,1,28.0
skilljar,132,14,3,58.0,1,3,25.0
google-classroom,132,21,11,52.0,17,8,50.0
cypher-learning,132,6,1,50.0,3,1,38.0
intellum,132,2,0,41.0,2,0,37.0
moodle-lms,132,2,1,37.0,2,1,34.0
blackboard-lms,132,2,1,37.0,2,1,34.0
teachfloor,132,1,0,36.0,1,0,33.0
coggno,132,1,0,36.0,1,0,33.0
open-edx,132,1,0,36.0,1,0,33.0
sana-learn,132,1,0,36.0,1,0,33.0
tovuti-lms,132,1,0,36.0,0,0,
thought-industries,132,1,0,36.0,1,0,33.0
my-learning-cloud,132,1,0,36.0,0,0,
canvas-lms,132,4,5,34.0,3,4,30.0
schoox,132,1,1,33.0,1,1,30.0
axonify,132,0,0,31.0,0,0,
absorb-lms,132,2,3,31.0,2,3,29.0
coassemble,132,0,0,31.0,0,0,
path-lms,132,0,0,31.0,0,0,
allego,132,0,0,31.0,0,0,
northpass,132,0,0,31.0,0,0,
cornerstone-learning,132,1,2,30.0,1,2,27.0
litmos,132,4,7,30.0,3,3,32.0
d2l-brightspace,132,24,48,30.0,24,45,31.0
schoology-learning,132,1,3,28.0,1,3,25.0
udemy,133,316,117,70.0,54,21,64.0
talentlms,133,50,16,68.0,36,15,61.0
360learning,133,9,2,62.0,6,0,62.0
learnworlds,133,28,12,61.0,14,6,56.0
coursera,133,121,68,60.0,29,21,51.0
chamilo,133,3,0,58.0,2,0,51.0
moodle,133,3,0,58.0,3,0,55.0
maven,133,8,3,57.0,1,0,47.0
academy-of-mine,133,2,0,55.0,2,0,51.0
learnyst,133,2,0,55.0,2,0,51.0
valamis,133,2,0,55.0,2,0,51.0
ilias,133,2,0,55.0,2,0,51.0
ispring-learn,133,1,0,51.0,1,0,47.0
proprofs-training-maker,133,1,0,51.0,1,0,47.0
freshlearn,133,1,0,51.0,1,0,47.0
xperiencify,133,1,0,51.0,1,0,47.0
simplero,133,1,0,51.0,0,0,
goskills-lms,133,4,2,51.0,4,2,49.0
kallidus-learn,133,1,0,51.0,1,0,47.0
trainual,133,1,0,51.0,1,0,47.0
paradiso-lms,133,1,0,51.0,1,0,47.0
skillshare,133,4,2,51.0,0,2,34.0
educative,133,1,0,51.0,1,0,47.0
trainercentral,133,1,0,51.0,1,0,47.0
fuse,133,2,1,49.0,0,1,38.0
zenler,133,2,1,49.0,0,1,38.0
disco,133,0,0,47.0,0,0,
skyprep,133,0,0,47.0,0,0,
heights-platform,133,0,0,47.0,0,0,
ispring,133,0,0,47.0,0,0,
lifterlms,133,0,0,47.0,0,0,
opigno-lms,133,0,0,47.0,0,0,
workramp,133,0,0,47.0,0,0,
learnpress,133,0,0,47.0,0,0,
learndash,133,14,15,43.0,7,6,45.0
podia,133,9,10,42.0,2,3,39.0
learnupon,133,4,5,42.0,2,2,42.0
sc-training,133,0,1,41.0,0,1,38.0
thinkific,133,30,38,40.0,7,13,33.0
systeme-io,133,4,6,39.0,0,4,29.0
hownow,133,0,2,37.0,0,1,38.0
masterstudy-lms,133,0,2,37.0,0,1,38.0
tutor-lms,133,1,4,35.0,0,2,34.0
kajabi,133,5,11,33.0,3,7,33.0
tally,134,17,0,75.0,6,0,57.0
gravity-forms,134,21,7,61.0,20,7,59.0
formester,134,6,0,59.0,1,0,41.0
jotform,134,23,11,56.0,6,4,44.0
zoho-forms,134,4,0,54.0,4,0,52.0
fluent-forms,134,11,5,53.0,11,5,51.0
arforms,134,5,2,49.0,5,2,47.0
google-forms,134,68,57,49.0,19,17,44.0
forms-app,134,2,0,48.0,2,0,45.0
kobotoolbox,134,7,4,48.0,0,2,29.0
formidable-forms,134,3,1,47.0,3,1,45.0
contact-form-7,134,8,5,47.0,8,5,46.0
fastfield,134,1,0,44.0,1,0,41.0
formaloo,134,1,0,44.0,0,0,
commcare,134,1,0,44.0,0,0,
bit-form,134,1,0,44.0,1,0,41.0
deftform,134,1,0,44.0,1,0,41.0
surveycto,134,1,0,44.0,0,0,
formassembly,134,1,0,44.0,0,0,
sureforms,134,1,0,44.0,1,0,41.0
ninja-forms,134,1,0,44.0,1,0,41.0
cognito-forms,134,1,0,44.0,0,0,
formplus,134,2,1,43.0,0,0,
youform,134,2,1,43.0,1,1,37.0
microsoft-forms,134,15,15,42.0,3,3,38.0
reform,134,0,0,39.0,0,0,
paperform,134,0,0,39.0,0,0,
fillout,134,0,0,39.0,0,0,
ws-form,134,0,0,39.0,0,0,
jetformbuilder,134,0,0,39.0,0,0,
makeforms,134,0,0,39.0,0,0,
everest-forms,134,0,0,39.0,0,0,
heyflow,134,2,2,39.0,1,0,41.0
involve-me,134,1,2,36.0,1,0,41.0
piotnet-forms,134,0,1,35.0,0,0,
form-maker-by-10web,134,0,1,35.0,0,1,33.0
wpforms,134,6,9,35.0,5,7,35.0
formstack-forms,134,0,1,35.0,0,0,
forminator,134,1,3,33.0,1,3,31.0
typeform,134,10,27,26.0,2,21,16.0
smartsurvey,135,6,0,53.0,0,0,
surveyjs,135,3,0,44.0,2,0,35.0
survio,135,2,0,40.0,0,0,
formbricks,135,2,0,40.0,1,0,31.0
surveyhero,135,2,0,40.0,2,0,35.0
opnform,135,2,0,40.0,2,0,35.0
qualtrics,135,17,23,36.0,9,13,32.0
customer-thermometer,135,1,0,36.0,1,0,31.0
asknicely,135,1,0,36.0,0,0,
zonka-feedback,135,1,0,36.0,1,0,31.0
opinion-stage,135,1,0,36.0,0,0,
surveysparrow,135,1,0,36.0,0,0,
pickfu,135,1,0,36.0,0,0,
questionpro,135,2,3,32.0,1,2,26.0
pollfish,135,0,0,31.0,0,0,
sogolytics,135,0,0,31.0,0,0,
maze,135,0,0,31.0,0,0,
blocksurvey,135,0,0,31.0,0,0,
forsta-surveys,135,0,0,31.0,0,0,
voxco,135,0,0,31.0,0,0,
ngsurvey,135,0,0,31.0,0,0,
limesurvey,135,0,0,31.0,0,0,
surveyplanet,135,0,0,31.0,0,0,
lyssna,135,0,0,31.0,0,0,
surveylab,135,0,0,31.0,0,0,
listen-labs,135,0,0,31.0,0,0,
crowdsignal,135,0,0,31.0,0,0,
survicate,135,0,0,31.0,0,0,
alchemer-survey,135,1,2,30.0,1,1,28.0
heyform,135,0,1,28.0,0,1,23.0
checkbox,135,0,1,28.0,0,0,
surveymonkey,135,6,16,26.0,4,13,23.0
sessions-health,136,11,0,67.0,11,0,65.0
teamup,136,11,1,63.0,2,0,43.0
healthie,136,8,0,62.0,5,0,53.0
koalendar,136,7,1,56.0,5,0,53.0
cal-com,136,11,4,54.0,4,0,50.0
calendly,136,66,48,52.0,18,24,37.0
booksy,136,3,0,50.0,3,0,47.0
therapynotes,136,3,0,50.0,3,0,47.0
jane,136,6,2,50.0,3,2,40.0
pabau,136,3,0,50.0,3,0,47.0
simplepractice,136,9,5,48.0,9,5,47.0
pushpress,136,2,0,46.0,2,0,43.0
zoho-bookings,136,2,0,46.0,1,0,39.0
practice-better,136,2,0,46.0,1,0,39.0
bookeo,136,2,0,46.0,1,0,39.0
zcal,136,3,1,45.0,1,0,39.0
vagaro,136,15,13,44.0,13,13,41.0
momence,136,8,7,42.0,3,1,43.0
cliniko,136,1,0,42.0,1,0,39.0
intakeq,136,1,0,42.0,1,0,39.0
doodle,136,1,0,42.0,0,0,
schedulicity,136,1,0,42.0,0,0,
fresha,136,7,6,42.0,5,5,38.0
youcanbookme,136,1,0,42.0,1,0,39.0
glossgenius,136,14,15,40.0,14,14,41.0
glofox,136,6,6,40.0,4,4,37.0
mangomint,136,4,4,39.0,4,4,37.0
chili-piper,136,1,1,38.0,0,0,
rallly,136,1,1,38.0,0,0,
microsoft-bookings,136,6,7,38.0,3,3,37.0
savvycal,136,0,0,37.0,0,0,
bookly,136,0,0,37.0,0,0,
daysmart-salon,136,0,0,37.0,0,0,
mariana-tek,136,0,0,37.0,0,0,
morgen,136,0,0,37.0,0,0,
bookwhen,136,0,0,37.0,0,0,
simply-schedule-appointments,136,0,0,37.0,0,0,
vimcal,136,0,0,37.0,0,0,
theranest,136,2,3,35.0,2,3,33.0
simplybook-me,136,0,1,33.0,0,1,30.0
setmore,136,0,1,33.0,0,0,
amelia,136,0,1,33.0,0,0,
bookafy,136,0,1,33.0,0,1,30.0
picktime,136,0,1,33.0,0,0,
tidycal,136,0,1,33.0,0,0,
acuity-scheduling,136,1,3,31.0,1,2,32.0
cron,136,0,2,30.0,0,1,30.0
zenoti,136,1,4,29.0,1,3,29.0
wellnessliving,136,1,4,29.0,1,4,27.0
zen-planner,136,1,7,24.0,1,7,22.0
mindbody,136,5,18,23.0,2,12,20.0
jibble,137,46,6,76.0,29,3,73.0
timecamp,137,9,0,64.0,5,0,54.0
tmetric,137,5,0,56.0,4,0,51.0
manictime,137,4,0,53.0,3,0,48.0
kimai,137,3,0,50.0,3,0,48.0
activitywatch,137,4,1,48.0,1,0,40.0
toggl-track,137,40,34,48.0,24,24,43.0
when-i-work,137,7,4,47.0,1,2,33.0
timetagger,137,2,0,46.0,1,0,40.0
solidtime,137,2,0,46.0,0,0,
memtime,137,2,0,46.0,2,0,45.0
clockify,137,26,23,45.0,18,15,45.0
rize,137,9,7,44.0,4,1,47.0
my-hours,137,18,16,44.0,9,8,42.0
hourstracker,137,1,0,42.0,1,0,40.0
actitime,137,1,0,42.0,1,0,40.0
timely,137,1,0,42.0,0,0,
monitask,137,1,0,42.0,1,0,40.0
traqq,137,1,0,42.0,0,0,
buddy-punch,137,1,0,42.0,0,0,
busybusy,137,1,0,42.0,0,0,
intervals,137,1,0,42.0,0,0,
exaktime,137,1,0,42.0,1,0,40.0
beebole,137,1,0,42.0,0,0,
everhour,137,1,0,42.0,0,0,
chrometa,137,1,0,42.0,0,0,
clockshark,137,2,1,42.0,2,1,40.0
tyme,137,1,1,38.0,1,0,40.0
desktime,137,0,0,37.0,0,0,
timesheets-com,137,0,0,37.0,0,0,
smartbarrel,137,0,0,37.0,0,0,
wakatime,137,0,0,37.0,0,0,
time-clock-wizard,137,0,0,37.0,0,0,
timetac,137,0,0,37.0,0,0,
homebase,137,0,0,37.0,0,0,
rhumbix,137,0,0,37.0,0,0,
hubstaff,137,10,14,36.0,7,11,33.0
bigtime,137,17,26,35.0,9,11,37.0
timing,137,2,3,35.0,1,3,30.0
clicktime,137,0,1,33.0,0,1,32.0
paymo,137,0,1,33.0,0,0,
timesheet-mobile,137,0,1,33.0,0,0,
ontheclock,137,4,8,31.0,2,5,30.0
timemator,137,0,2,30.0,0,2,29.0
trackingtime,137,3,7,30.0,1,7,23.0
rescuetime,137,3,9,27.0,1,5,26.0
time-doctor,137,0,8,19.0,0,6,21.0
zoho-books,138,59,7,79.0,39,5,76.0
invoice-ninja,138,8,1,65.0,5,1,60.0
holded,138,2,0,56.0,0,0,
kill-bill,138,2,0,56.0,0,0,
zoho-invoice,138,10,5,55.0,6,5,49.0
ordway,138,1,0,53.0,1,0,55.0
bonsai,138,1,0,53.0,0,0,
freeagent,138,2,1,51.0,1,1,49.0
subskribe,138,0,0,49.0,0,0,
metronome,138,0,0,49.0,0,0,
billtrust,138,0,0,49.0,0,0,
tabs,138,0,0,49.0,0,0,
easybill,138,0,0,49.0,0,0,
invoice-simple,138,0,0,49.0,0,0,
papierkram,138,0,0,49.0,0,0,
dubsado,138,4,3,49.0,0,0,
perfex-crm,138,0,0,49.0,0,0,
zenskar,138,0,0,49.0,0,0,
harvest,138,0,0,49.0,0,0,
honeybook,138,15,13,48.0,5,1,60.0
paddle,138,1,1,47.0,0,0,
recurly,138,1,1,47.0,1,1,49.0
maxio,138,2,2,46.0,2,2,48.0
zuora,138,4,4,46.0,2,3,45.0
stigg,138,0,1,43.0,0,0,
sevdesk,138,0,1,43.0,0,0,
invoicely,138,0,1,43.0,0,1,46.0
lexware-office,138,0,1,43.0,0,0,
fastspring,138,1,3,39.0,1,1,49.0
billingplatform,138,1,3,39.0,0,3,38.0
cleverbridge,138,0,3,36.0,0,0,
itilite,139,4,0,51.0,4,0,53.0
expensepoint,139,4,0,51.0,2,0,47.0
layerx,139,4,0,51.0,0,0,
navan,139,8,6,43.0,7,0,59.0
expensify,139,6,4,43.0,6,4,46.0
dext,139,5,4,41.0,4,2,46.0
spendesk,139,1,0,40.0,1,0,44.0
kodo,139,1,0,40.0,0,0,
zoho-expense,139,1,0,40.0,0,0,
expensein,139,4,4,39.0,1,3,35.0
payhawk,139,1,1,37.0,1,1,40.0
clara,139,0,0,36.0,0,0,
vexpenses,139,0,0,36.0,0,0,
tipalti-expenses,139,2,3,35.0,2,1,44.0
airwallex-expense-management,139,7,11,34.0,1,3,35.0
concur-expense,139,0,1,32.0,0,1,36.0
travelbank,139,0,3,27.0,0,3,31.0
docuseal,140,9,0,63.0,4,0,52.0
airslate-signnow,140,8,1,57.0,2,0,46.0
pandadoc,140,15,6,55.0,4,0,52.0
documenso,140,5,0,54.0,3,0,49.0
zoho-sign,140,5,0,54.0,3,0,49.0
pactima,140,3,0,49.0,3,0,49.0
boldsign,140,3,0,49.0,1,0,42.0
firma,140,2,0,45.0,2,0,46.0
jotform-sign,140,2,0,45.0,1,0,42.0
onespan-sign,140,2,0,45.0,1,0,42.0
secured-signing,140,2,0,45.0,2,0,46.0
dropbox-sign,140,3,1,44.0,1,1,38.0
foxit-esign,140,3,1,44.0,2,1,41.0
digisigner,140,1,0,41.0,0,0,
dochub,140,1,0,41.0,0,0,
docusign-esignature,140,57,69,41.0,26,34,40.0
signaturely,140,1,0,41.0,0,0,
xodo-sign,140,1,0,41.0,1,0,42.0
signeasy,140,0,0,36.0,0,0,
evrotrust,140,0,0,36.0,0,0,
opensign,140,0,0,36.0,0,0,
signwell,140,0,0,36.0,0,0,
juro,140,0,0,36.0,0,0,
yousign,140,11,18,33.0,1,7,25.0
getaccept,140,1,2,33.0,0,0,
proposify,140,0,1,32.0,0,0,
better-proposals,140,0,1,32.0,0,0,
signix,140,0,1,32.0,0,1,33.0
ignition,140,0,1,32.0,0,0,
adobe-acrobat-sign,140,3,6,31.0,3,0,49.0
devonthink,141,26,6,64.0,23,5,64.0
paperless-ngx,141,185,100,61.0,168,98,59.0
imanage-work,141,8,4,45.0,7,1,51.0
netdocuments,141,12,9,43.0,10,7,43.0
docuware,141,2,0,39.0,2,0,39.0
laserfiche,141,3,1,39.0,3,1,39.0
mayan-edms,141,2,0,39.0,1,0,34.0
filehold,141,2,0,39.0,2,0,39.0
folderit,141,2,0,39.0,1,0,34.0
bitfarm-archiv,141,2,0,39.0,0,0,
sharepoint,141,306,451,38.0,190,308,36.0
opentext-documentum-content-management,141,2,1,35.0,2,0,39.0
opendocman,141,1,0,34.0,0,0,
docspell,141,1,1,31.0,1,0,34.0
smartvault,141,0,0,29.0,0,0,
onbase,141,0,0,29.0,0,0,
lexworkplace,141,0,0,29.0,0,0,
square-9-globalsearch,141,0,0,29.0,0,0,
logicaldoc,141,0,0,29.0,0,0,
papervision-enterprise,141,1,2,28.0,1,2,28.0
bentley-projectwise,141,1,2,28.0,0,1,26.0
mastercontrol-quality-excellence,141,0,1,25.0,0,0,
papermerge,141,0,1,25.0,0,0,
openkm,141,0,1,25.0,0,0,
newforma-project-center,141,0,1,25.0,0,1,26.0
elo-ecm-suite,141,2,7,23.0,0,2,23.0
m-files,141,1,7,19.0,1,6,21.0
pdfgear,142,36,7,73.0,31,7,70.0
pdf24-creator,142,25,5,70.0,22,5,67.0
xournal-plus-plus,142,7,0,66.0,1,0,48.0
wondershare-pdfelement,142,6,0,65.0,5,0,60.0
xodo,142,9,1,65.0,6,1,58.0
foxit-pdf-editor,142,73,32,64.0,50,24,60.0
sumatrapdf,142,11,2,64.0,10,2,62.0
bluebeam-revu,142,152,77,62.0,127,67,61.0
pdf-xchange-editor,142,45,20,62.0,38,20,58.0
pdfsam-basic,142,7,1,62.0,4,0,58.0
pdf-expert,142,10,3,60.0,5,2,52.0
smallpdf,142,15,6,59.0,9,5,51.0
stirling-pdf,142,16,7,58.0,10,6,50.0
naps2,142,4,1,55.0,4,0,58.0
mupdf,142,6,2,55.0,3,2,46.0
pdfcreator,142,2,0,54.0,1,0,48.0
liquidtext,142,2,0,54.0,0,0,
enfocus-pitstop-pro,142,2,0,54.0,2,0,52.0
sejda-pdf,142,5,2,53.0,4,2,49.0
able2extract-professional,142,5,2,53.0,0,0,
master-pdf-editor,142,5,2,53.0,1,0,48.0
tungsten-power-pdf,142,3,1,52.0,3,1,50.0
ilovepdf,142,15,10,51.0,13,8,51.0
pdf-pro,142,1,0,50.0,0,0,
pdfescape,142,1,0,50.0,1,0,48.0
online2pdf,142,1,0,50.0,1,0,48.0
tabula,142,1,0,50.0,0,0,
lumin,142,1,0,50.0,1,0,48.0
icecream-pdf-editor,142,1,0,50.0,1,0,48.0
marginnote,142,1,0,50.0,0,0,
pdf-candy,142,1,0,50.0,1,0,48.0
kami,142,1,0,50.0,1,0,48.0
pdf-guru,142,1,0,50.0,1,0,48.0
abbyy-finereader-pdf,142,4,2,50.0,3,1,50.0
quite-imposing-plus,142,2,1,49.0,0,0,
drawboard-pdf,142,2,1,49.0,1,1,43.0
pdf-studio,142,3,2,48.0,0,2,34.0
updf,142,0,0,46.0,0,0,
itext,142,0,0,46.0,0,0,
apache-pdfbox,142,0,0,46.0,0,0,
ironpdf,142,0,0,46.0,0,0,
callas-pdftoolbox,142,0,0,46.0,0,0,
dopdf,142,1,1,45.0,0,1,38.0
ghostscript,142,2,2,44.0,1,1,43.0
okular,142,8,8,44.0,4,5,40.0
nitro-pdf-pro,142,4,4,44.0,3,3,42.0
flexipdf,142,0,1,40.0,0,1,38.0
pdffiller,142,0,1,40.0,0,1,38.0
adobe-acrobat,142,35,69,31.0,25,55,29.0
foxit,142,2,7,31.0,2,6,32.0
koofr,143,79,13,77.0,76,13,77.0
mega,143,24,5,65.0,21,5,63.0
idrive,143,24,6,63.0,18,6,58.0
filen,143,135,62,63.0,125,58,63.0
copyparty,143,16,3,62.0,15,3,61.0
masv,143,23,7,61.0,18,6,58.0
nextcloud-files,143,296,162,61.0,233,132,60.0
seafile,143,30,13,58.0,25,11,57.0
file-browser,143,25,10,58.0,12,6,50.0
jottacloud,143,34,17,56.0,28,16,53.0
mediafire,143,28,13,56.0,26,8,62.0
drime,143,55,33,55.0,55,33,55.0
lucidlink,143,14,5,54.0,13,5,53.0
owncloud,143,31,17,54.0,18,10,51.0
signiant-media-shuttle,143,7,1,52.0,6,1,51.0
box,143,10,3,52.0,4,1,45.0
proton-drive,143,71,57,50.0,49,49,44.0
egnyte,143,4,0,48.0,3,0,46.0
transfernow,143,4,0,48.0,4,0,49.0
tresorit,143,10,5,47.0,9,5,46.0
swisstransfer,143,7,3,46.0,3,3,36.0
opencloud,143,6,3,44.0,6,3,44.0
icloud-drive,143,257,324,42.0,106,126,42.0
icedrive,143,14,13,41.0,9,11,36.0
jumpshare,143,2,0,40.0,0,0,
nordlocker,143,2,0,40.0,1,0,37.0
pingvin-share,143,2,0,40.0,2,0,42.0
4shared,143,2,1,37.0,2,1,38.0
mail-ru-cloud,143,1,0,36.0,1,0,37.0
files-com,143,1,0,36.0,1,0,37.0
wormhole,143,1,0,36.0,1,0,37.0
filestash,143,1,0,36.0,1,0,37.0
qsync,143,1,0,36.0,1,0,37.0
filerun,143,1,0,36.0,0,0,
kdrive,143,4,4,35.0,4,4,36.0
zoho-workdrive,143,1,1,32.0,0,1,29.0
peergos,143,1,1,32.0,1,1,34.0
yandex-disk,143,1,1,32.0,1,1,34.0
murena-cloud,143,2,3,31.0,0,3,23.0
asus-webstorage,143,0,0,30.0,0,0,
baidu-netdisk,143,0,0,30.0,0,0,
gokapi,143,0,0,30.0,0,0,
filecloud,143,0,0,30.0,0,0,
projectsend,143,0,0,30.0,0,0,
kiteworks,143,0,0,30.0,0,0,
zipline,143,0,0,30.0,0,0,
nasuni,143,0,0,30.0,0,0,
smash,143,0,0,30.0,0,0,
microsoft-onedrive,143,242,549,29.0,123,325,25.0
sync-com,143,6,11,29.0,4,4,36.0
goanywhere-mft,143,0,1,27.0,0,0,
opendrive,143,1,3,27.0,1,3,28.0
sharefile,143,0,1,27.0,0,1,29.0
naver-mybox,143,0,1,27.0,0,0,
terabox,143,11,23,27.0,11,17,33.0
sftpgo,143,0,1,27.0,0,1,29.0
pydio-cells,143,0,2,24.0,0,1,29.0
degoo,143,0,6,17.0,0,6,18.0
wetransfer,143,4,30,13.0,3,20,16.0
internxt-drive,143,7,59,11.0,7,58,11.0
paint-net,144,24,1,79.0,15,0,77.0
pixinsight,144,18,0,79.0,18,0,79.0
affinity,144,26,2,78.0,16,2,71.0
photopea,144,41,6,77.0,16,2,71.0
krita,144,107,32,72.0,22,10,59.0
filmulator,144,11,0,72.0,11,0,73.0
art,144,10,0,71.0,10,0,72.0
dxo-photolab,144,54,17,68.0,53,15,70.0
lightzone,144,7,0,66.0,7,0,67.0
capture-one-pro,144,38,13,65.0,37,12,66.0
luminar-neo,144,12,2,65.0,9,2,62.0
rapidraw,144,23,7,64.0,21,7,63.0
topaz-photo,144,6,0,64.0,3,0,58.0
paintshop-pro,144,8,1,63.0,5,0,63.0
snapseed,144,19,7,61.0,16,4,65.0
remove-bg,144,7,1,61.0,0,0,
fotor,144,4,0,59.0,2,0,54.0
darktable,144,338,222,58.0,306,200,58.0
adobe-photoshop,144,532,375,57.0,303,193,58.0
digital-photo-professional,144,3,0,56.0,3,0,58.0
gimp,144,8,3,55.0,6,1,60.0
acdsee-photo-studio-ultimate,144,8,3,55.0,6,3,52.0
nx-studio,144,4,1,54.0,4,1,55.0
pixelmator-pro,144,4,1,54.0,4,1,55.0
rawtherapee,144,69,48,54.0,45,39,48.0
remini,144,2,0,53.0,1,0,51.0
siril,144,2,0,53.0,2,0,54.0
pixlr,144,2,0,53.0,1,0,51.0
zoner-photo-studio-x,144,2,0,53.0,2,0,54.0
photoscape-x,144,2,0,53.0,1,0,51.0
imagen,144,2,0,53.0,1,0,51.0
on1-photo-raw,144,17,11,51.0,16,11,51.0
picsart,144,3,1,51.0,1,1,45.0
adobe-lightroom,144,13,8,51.0,12,8,50.0
digikam,144,75,63,50.0,50,14,70.0
rni-films,144,1,0,49.0,1,0,51.0
sigma-photo-pro,144,1,0,49.0,0,0,
pinta,144,1,0,49.0,1,0,51.0
myedit,144,1,0,49.0,1,0,51.0
clipdrop,144,1,0,49.0,0,0,
epik,144,1,0,49.0,0,0,
phocus,144,1,0,49.0,1,0,51.0
photomator,144,5,4,46.0,4,4,44.0
portraitpro,144,0,0,45.0,0,0,
om-workspace,144,0,0,45.0,0,0,
lunapic,144,0,0,45.0,0,0,
picmonkey,144,0,0,45.0,0,0,
fujifilm-x-raw-studio,144,0,0,45.0,0,0,
silkypix-developer-studio-pro,144,0,0,45.0,0,0,
evoto-ai,144,1,1,44.0,1,1,45.0
imaging-edge-desktop,144,1,2,40.0,1,2,41.0
graxpert,144,0,1,39.0,0,1,41.0
facetune,144,0,1,39.0,0,1,41.0
vsco,144,2,4,37.0,2,2,44.0
prisma,144,0,2,35.0,0,0,
blender,145,21,2,74.0,11,1,67.0
onshape,145,124,33,74.0,103,26,74.0
openscad,145,88,29,69.0,78,28,67.0
blockbench,145,13,2,66.0,4,2,48.0
autodesk-fusion,145,127,55,65.0,100,45,64.0
freecad,145,184,92,63.0,142,67,64.0
zbrush,145,38,15,63.0,34,13,63.0
nomad-sculpt,145,8,1,62.0,8,1,62.0
rhino,145,6,0,62.0,5,0,60.0
shapr3d,145,15,4,62.0,11,4,57.0
autodesk-inventor,145,6,0,62.0,4,0,57.0
archicad,145,38,17,60.0,32,11,64.0
3dcoat,145,5,0,60.0,5,0,60.0
marvelous-designer,145,8,2,58.0,6,2,53.0
3ds-max,145,46,26,57.0,41,23,57.0
vectorworks-architect,145,28,14,57.0,14,10,49.0
solidworks,145,157,105,56.0,125,74,58.0
chief-architect-premier,145,5,1,55.0,3,1,49.0
revit,145,367,275,55.0,321,233,55.0
qcad,145,3,0,54.0,0,0,
sketchup,145,66,44,54.0,56,43,51.0
alibre-design,145,6,2,53.0,4,2,48.0
designspark-mechanical,145,7,3,52.0,2,0,51.0
solid-edge,145,2,0,51.0,2,0,51.0
allplan,145,2,0,51.0,2,0,51.0
autocad,145,197,176,50.0,142,120,51.0
siemens-nx,145,3,1,49.0,2,0,51.0
gstarcad,145,1,0,47.0,1,0,47.0
home-designer-pro,145,1,0,47.0,0,0,
ares-commander,145,1,0,47.0,1,0,47.0
brl-cad,145,1,0,47.0,0,0,
solvespace,145,1,0,47.0,0,0,
zwcad,145,1,0,47.0,0,0,
progecad,145,1,0,47.0,1,0,47.0
viacad,145,1,0,47.0,1,0,47.0
tinkercad,145,48,48,45.0,42,41,45.0
topsolid,145,1,1,42.0,1,1,42.0
turbocad,145,0,0,42.0,0,0,
datacad,145,0,0,42.0,0,0,
tekla-structures,145,5,5,42.0,5,5,42.0
draftsight,145,0,0,42.0,0,0,
creo,145,4,4,42.0,3,3,42.0
ntopology,145,0,0,42.0,0,0,
gravity-sketch,145,0,0,42.0,0,0,
plasticity,145,1,1,42.0,1,1,42.0
bricscad,145,7,7,42.0,5,6,40.0
archline-xp,145,0,0,42.0,0,0,
openbuildings-designer,145,0,0,42.0,0,0,
wings-3d,145,0,0,42.0,0,0,
microstation,145,6,7,40.0,6,7,40.0
ironcad,145,0,1,37.0,0,0,
moi-3d,145,0,1,37.0,0,1,37.0
catia,145,9,13,36.0,9,13,36.0
librecad,145,2,4,35.0,2,1,46.0
ansys-spaceclaim,145,0,2,33.0,0,1,37.0
lightwave-3d,145,0,2,33.0,0,2,34.0
nanocad,145,0,2,33.0,0,0,
openroads-designer,145,11,24,29.0,11,24,29.0
poly-cam,145,0,4,28.0,0,4,28.0
raylib,146,50,10,75.0,41,7,77.0
godot-engine,146,1682,528,75.0,1604,498,75.0
pico-8,146,13,1,73.0,11,1,72.0
dragonruby-game-toolkit,146,11,1,71.0,1,0,58.0
defold,146,8,0,71.0,8,0,74.0
construct-3,146,7,0,70.0,6,0,70.0
babylon-js,146,20,4,70.0,18,4,70.0
monogame,146,35,9,70.0,33,8,71.0
bevy,146,7,1,65.0,5,0,69.0
pygame,146,31,12,64.0,16,8,58.0
unigine,146,4,0,64.0,3,0,64.0
l-ve,146,6,1,63.0,6,1,65.0
tic-80,146,3,0,61.0,3,0,64.0
twine,146,3,0,61.0,3,0,64.0
fna,146,3,0,61.0,3,0,64.0
gamemaker,146,40,19,61.0,37,17,62.0
gdevelop,146,19,8,60.0,16,8,58.0
unity,146,21,9,60.0,18,7,62.0
core,146,15,6,60.0,0,0,
lumix-engine,146,4,1,58.0,0,0,
macroquad,146,2,0,58.0,0,0,
rpg-maker-mz,146,72,44,57.0,64,39,57.0
libgdx,146,7,3,56.0,5,2,58.0
phaser,146,7,3,56.0,5,3,54.0
heaps,146,1,0,55.0,1,0,58.0
stride-game-engine,146,1,0,55.0,1,0,58.0
gamesalad,146,1,0,55.0,1,0,58.0
openra,146,1,0,55.0,0,0,
upbge,146,1,0,55.0,1,0,58.0
coppercube,146,3,1,55.0,3,1,58.0
bitsy,146,1,0,55.0,1,0,58.0
stencyl,146,1,0,55.0,1,0,58.0
rpg-in-a-box,146,1,0,55.0,1,0,58.0
playcanvas,146,3,1,55.0,3,1,58.0
fyrox,146,1,0,55.0,0,0,
001-game-creator,146,3,1,55.0,0,0,
clickteam-fusion-2-5,146,3,1,55.0,3,1,58.0
ct-js,146,1,0,55.0,1,0,58.0
armory3d,146,1,0,55.0,1,0,58.0
scratch,146,3,1,55.0,1,1,52.0
microstudio,146,1,0,55.0,1,0,58.0
game-builder-garage,146,1,0,55.0,1,0,58.0
source-2,146,3,1,55.0,2,0,61.0
gb-studio,146,1,0,55.0,1,0,58.0
rpg-paper-maker,146,4,2,53.0,0,0,
ebitengine,146,4,2,53.0,1,1,52.0
ren-py,146,221,185,52.0,209,106,63.0
flax-engine,146,0,0,51.0,0,0,
glbasic,146,0,0,51.0,0,0,
inform-7,146,0,0,51.0,0,0,
unreal-engine,146,319,275,51.0,177,125,56.0
wolf-rpg-editor,146,0,0,51.0,0,0,
haxeflixel,146,0,0,51.0,0,0,
cocos-creator,146,0,0,51.0,0,0,
torque3d,146,0,0,51.0,0,0,
solar2d,146,0,0,51.0,0,0,
open-3d-engine,146,3,3,47.0,3,3,49.0
gameguru-max,146,0,1,44.0,0,1,48.0
panda3d,146,1,2,44.0,0,1,48.0
rpg-maker-unite,146,0,1,44.0,0,1,48.0
cryengine,146,17,18,44.0,16,14,48.0
roblox-studio,146,6,10,37.0,6,7,45.0
adventure-game-studio,146,0,3,36.0,0,3,38.0
gnu-emacs,147,1110,257,80.0,1051,248,79.0
sublime-text,147,37,6,76.0,33,5,76.0
rider,147,13,1,73.0,13,1,73.0
intellij-idea,147,77,25,70.0,65,19,71.0
bbedit,147,15,3,68.0,14,2,70.0
neovim,147,332,141,67.0,275,136,64.0
notepad-plus-plus,147,74,28,67.0,58,20,68.0
pycharm,147,40,14,66.0,25,9,64.0
zed,147,12,3,64.0,9,3,60.0
helix,147,4,0,63.0,4,0,64.0
geany,147,4,0,63.0,4,0,64.0
clion,147,11,3,63.0,9,3,60.0
thonny,147,6,1,62.0,5,1,60.0
phpstorm,147,40,19,61.0,39,19,60.0
jupyterlab,147,3,0,61.0,3,0,61.0
vscodium,147,28,12,61.0,22,10,60.0
bluej,147,3,0,61.0,2,0,58.0
qt-creator,147,5,1,60.0,5,1,60.0
goland,147,11,4,60.0,11,4,60.0
visual-studio-code,147,812,549,58.0,556,399,56.0
delphi,147,2,0,58.0,1,0,55.0
code-blocks,147,10,4,58.0,4,2,53.0
idle,147,1,0,54.0,1,0,55.0
kate,147,1,0,54.0,1,0,55.0
micro,147,1,0,54.0,1,0,55.0
rad-studio,147,1,0,54.0,1,0,55.0
kdevelop,147,1,0,54.0,1,0,55.0
eclipse-ide,147,1,0,54.0,1,0,55.0
pulsar,147,1,0,54.0,1,0,55.0
visual-studio,147,104,80,53.0,80,65,51.0
acode,147,2,1,52.0,1,0,55.0
spyder,147,2,1,52.0,1,0,55.0
rstudio-ide,147,11,7,52.0,5,3,52.0
apache-netbeans,147,11,7,52.0,11,7,52.0
mplab-x-ide,147,0,0,50.0,0,0,
positron,147,0,0,50.0,0,0,
cudatext,147,0,0,50.0,0,0,
pyscripter,147,0,0,50.0,0,0,
android-studio,147,0,0,50.0,0,0,
code-composer-studio,147,0,0,50.0,0,0,
webstorm,147,3,2,50.0,2,2,47.0
deveco-studio,147,0,0,50.0,0,0,
wing-python-ide,147,0,0,50.0,0,0,
textmate,147,1,1,48.0,1,1,49.0
spring-tools,147,1,1,48.0,0,1,44.0
ultraedit,147,2,2,47.0,2,2,47.0
eclipse-theia,147,0,1,44.0,0,0,
gitpod,147,0,1,44.0,0,0,
c-plus-plus-builder,147,1,2,43.0,1,2,44.0
stackblitz,147,1,2,43.0,1,1,49.0
segger-embedded-studio,147,1,2,43.0,0,1,44.0
codesandbox,147,1,2,43.0,1,0,55.0
codeanywhere,147,0,2,39.0,0,1,44.0
stm32cubeide,147,0,2,39.0,0,1,44.0
lapce,147,2,5,37.0,2,5,37.0
arduino-ide,147,1,4,36.0,1,4,37.0
xcode,147,39,67,34.0,27,47,34.0
forgejo,148,240,36,84.0,224,27,86.0
gitea,148,163,54,71.0,151,43,73.0
github,148,3558,1604,68.0,2015,1170,62.0
coding-devops,148,7,1,64.0,2,0,53.0
gitlab,148,384,204,63.0,313,166,63.0
soft-serve,148,4,0,62.0,1,0,50.0
tangled,148,3,0,60.0,2,0,53.0
gitgud-io,148,3,1,54.0,2,1,48.0
apache-allura,148,1,0,53.0,0,0,
apsara-devops-codeup,148,1,0,53.0,1,0,50.0
radicle,148,1,0,53.0,1,0,50.0
codebase,148,1,0,53.0,1,0,50.0
debian-salsa,148,1,0,53.0,1,0,50.0
phorge,148,1,0,53.0,1,0,50.0
fossil-scm,148,1,0,53.0,1,0,50.0
gitolite,148,1,0,53.0,1,0,50.0
codeberg,148,124,97,52.0,94,54,59.0
sourcehut,148,4,2,52.0,3,1,51.0
gitee,148,0,0,49.0,0,0,
gitcode,148,0,0,49.0,0,0,
disroot-git,148,0,0,49.0,0,0,
gogs,148,0,0,49.0,0,0,
onedev,148,0,0,49.0,0,0,
gnu-savannah,148,0,0,49.0,0,0,
pijul-nest,148,2,2,46.0,1,0,50.0
gerrit-code-review,148,4,4,45.0,4,4,43.0
launchpad,148,1,2,43.0,0,1,40.0
perforce-helix-core,148,0,1,43.0,0,0,
sourcegear-vault,148,0,1,43.0,0,0,
opendev,148,0,1,43.0,0,1,40.0
assembla,148,0,1,43.0,0,1,40.0
azure-devops,148,44,53,41.0,26,36,38.0
sourceforge,148,7,13,35.0,1,9,24.0
bitbucket,148,20,55,25.0,15,42,25.0
buildkite-pipelines,149,16,0,78.0,14,0,76.0
argo-cd,149,107,30,73.0,97,26,73.0
gitlab-ci-cd,149,37,12,66.0,34,10,67.0
github-actions,149,333,177,63.0,210,140,57.0
circleci,149,12,4,60.0,9,2,61.0
kargo,149,3,0,58.0,3,0,57.0
dagger,149,3,0,58.0,3,0,57.0
terramate,149,3,0,58.0,3,0,57.0
drone,149,2,0,55.0,2,0,54.0
woodpecker-ci,149,2,0,55.0,2,0,54.0
scalr,149,2,0,55.0,1,0,50.0
appcircle,149,2,0,55.0,1,0,50.0
eas-build,149,1,0,51.0,0,0,
laravel-envoyer,149,1,0,51.0,1,0,50.0
octopus-deploy,149,1,0,51.0,1,0,50.0
depot,149,1,0,51.0,1,0,50.0
aws-codepipeline,149,4,2,51.0,2,0,54.0
spacelift,149,2,1,49.0,2,1,48.0
deployhq,149,2,1,49.0,2,1,48.0
nx,149,0,0,47.0,0,0,
appveyor,149,0,0,47.0,0,0,
akuity-platform,149,0,0,47.0,0,0,
bitrise,149,0,0,47.0,0,0,
warpbuild,149,0,0,47.0,0,0,
buildbot,149,0,0,47.0,0,0,
digital-ai-deploy,149,0,0,47.0,0,0,
tekton,149,1,1,46.0,1,1,45.0
codemagic,149,1,1,46.0,0,1,40.0
concourse-ci,149,2,2,45.0,2,2,44.0
atlantis,149,0,1,41.0,0,1,40.0
bamboo,149,0,1,41.0,0,1,40.0
harness-ci,149,0,1,41.0,0,1,40.0
gocd,149,0,1,41.0,0,1,40.0
travis-ci,149,0,1,41.0,0,0,
jenkins,149,17,23,39.0,16,21,39.0
azure-pipelines,149,2,4,38.0,2,4,38.0
teamcity,149,8,14,35.0,8,4,53.0
bitbucket-pipelines,149,3,8,32.0,3,4,41.0
talos-linux,150,74,12,79.0,74,12,79.0
rke2,150,32,3,79.0,31,3,79.0
podman,150,136,27,79.0,112,23,78.0
gvisor,150,12,1,71.0,11,1,70.0
k3s,150,118,41,69.0,106,40,68.0
kubernetes,150,794,365,67.0,613,270,67.0
lxc,150,37,12,67.0,32,11,65.0
nomad,150,5,0,65.0,4,0,62.0
google-kubernetes-engine,150,26,10,63.0,19,9,58.0
k0s,150,9,2,63.0,6,2,57.0
amazon-elastic-container-service,150,101,49,63.0,48,29,56.0
docker-engine,150,9,3,59.0,7,3,55.0
amazon-elastic-kubernetes-service,150,68,44,56.0,53,37,54.0
oracle-container-engine-for-kubernetes,150,2,0,56.0,2,0,56.0
incus,150,2,0,56.0,2,0,56.0
cri-o,150,5,2,55.0,1,0,53.0
mirantis-kubernetes-engine,150,3,1,54.0,2,0,56.0
stackit-kubernetes-engine,150,1,0,53.0,1,0,53.0
apptainer,150,1,0,53.0,0,0,
palette,150,1,0,53.0,1,0,53.0
signadot,150,1,0,53.0,0,0,
kata-containers,150,1,0,53.0,1,0,53.0
red-hat-openshift-container-platform,150,41,31,51.0,32,28,48.0
portainer,150,97,88,49.0,87,87,46.0
canonical-kubernetes,150,0,0,49.0,0,0,
scaleway-kubernetes-kapsule,150,0,0,49.0,0,0,
exoscale-scalable-kubernetes-service,150,0,0,49.0,0,0,
karmada,150,0,0,49.0,0,0,
lxd,150,0,0,49.0,0,0,
kubermatic-kubernetes-platform,150,0,0,49.0,0,0,
rafay-kubernetes-operations-platform,150,0,0,49.0,0,0,
huawei-cloud-cloud-container-engine,150,0,0,49.0,0,0,
tencent-kubernetes-engine,150,0,0,49.0,0,0,
cycle,150,0,0,49.0,0,0,
civo-kubernetes,150,0,0,49.0,0,0,
ibm-cloud-kubernetes-service,150,0,0,49.0,0,0,
knative,150,1,1,47.0,1,1,47.0
containerd,150,2,2,46.0,1,2,42.0
azure-kubernetes-service,150,6,6,45.0,6,5,47.0
openfaas,150,0,1,43.0,0,1,43.0
platform9-managed-kubernetes,150,0,1,43.0,0,0,
alibaba-cloud-container-service-for-kubernetes,150,0,1,43.0,0,1,43.0
upcloud-managed-kubernetes,150,0,1,43.0,0,1,43.0
microk8s,150,7,9,41.0,3,9,31.0
docker-desktop,150,14,43,24.0,11,25,30.0
opentofu,151,36,2,84.0,32,1,85.0
red-hat-ansible-automation-platform,151,260,59,78.0,208,47,78.0
terraform,151,323,98,74.0,264,82,73.0
terragrunt,151,20,5,68.0,18,5,66.0
sst,151,5,0,68.0,2,0,60.0
firefly,151,4,0,65.0,2,0,60.0
aws-cloud-development-kit,151,113,49,65.0,89,41,64.0
bicep,151,4,0,65.0,4,0,65.0
aws-serverless-application-model,151,3,0,63.0,3,0,63.0
kratix,151,3,0,63.0,3,0,63.0
salt-project,151,4,1,60.0,4,1,59.0
maas,151,1,0,57.0,1,0,56.0
humanitec-platform-orchestrator,151,1,0,57.0,0,0,
cdk8s,151,1,0,57.0,1,0,56.0
crossplane,151,9,5,55.0,6,5,49.0
pulumi,151,46,33,53.0,40,30,52.0
metal3,151,0,0,53.0,0,0,
openstack-heat,151,0,0,53.0,0,0,
controlmonkey,151,0,0,53.0,0,0,
cloudify,151,1,1,51.0,0,0,
serverless-framework,151,49,39,51.0,24,23,46.0
cfengine,151,1,1,51.0,1,1,50.0
azure-resource-manager,151,1,1,51.0,0,1,46.0
terrakube,151,0,1,47.0,0,1,46.0
foreman,151,3,7,37.0,0,2,41.0
aws-cloudformation,151,40,61,37.0,35,54,37.0
victoriametrics,152,38,1,86.0,36,1,85.0
cribl,152,17,1,76.0,16,0,79.0
opentelemetry,152,196,50,76.0,169,36,78.0
openobserve,152,20,3,72.0,14,3,67.0
checkmk,152,28,6,71.0,27,6,70.0
uptime-kuma,152,71,20,71.0,63,18,71.0
grafana,152,296,112,70.0,236,88,70.0
healthchecks-io,152,16,3,68.0,14,1,73.0
zabbix,152,76,27,68.0,76,27,68.0
percona-monitoring-and-management,152,6,0,66.0,2,0,57.0
librenms,152,14,4,63.0,14,4,64.0
monte-carlo,152,36,15,62.0,17,3,70.0
better-stack,152,9,3,59.0,6,3,54.0
site24x7,152,3,0,59.0,3,0,60.0
dynatrace,152,31,15,59.0,25,12,59.0
langfuse,152,40,21,59.0,27,14,58.0
middleware,152,3,0,59.0,0,0,
dash0,152,4,1,56.0,4,1,57.0
logicmonitor,152,2,0,56.0,2,0,57.0
splunk-observability-cloud,152,2,0,56.0,2,0,57.0
statuscake,152,2,0,56.0,1,0,53.0
auvik,152,4,1,56.0,4,1,57.0
nagios-core,152,5,2,54.0,5,2,55.0
last9,152,3,1,54.0,2,1,51.0
hyperdx,152,3,1,54.0,3,1,54.0
uptimerobot,152,13,8,53.0,8,4,55.0
graylog,152,12,7,53.0,11,7,52.0
signoz,152,19,12,53.0,15,9,54.0
checkly,152,1,0,52.0,1,0,53.0
keywords-ai,152,1,0,52.0,0,0,
honeyhive,152,1,0,52.0,1,0,53.0
prtg-network-monitor,152,15,10,52.0,14,10,51.0
prometheus,152,1,0,52.0,1,0,53.0
datafold,152,1,0,52.0,0,0,
axiom,152,1,0,52.0,0,0,
openstatus,152,1,0,52.0,1,0,53.0
monit,152,2,1,50.0,2,1,51.0
munin,152,2,1,50.0,1,1,48.0
coralogix,152,6,4,50.0,5,4,48.0
coroot,152,2,1,50.0,2,1,51.0
opik,152,2,1,50.0,1,1,48.0
observium,152,2,1,50.0,2,1,51.0
chronosphere,152,3,2,49.0,1,2,43.0
opennms,152,0,0,48.0,0,0,
logz-io,152,0,0,48.0,0,0,
updown,152,0,0,48.0,0,0,
mezmo,152,0,0,48.0,0,0,
speedcurve,152,0,0,48.0,0,0,
metaplane,152,0,0,48.0,0,0,
solarwinds-observability,152,0,0,48.0,0,0,
eg-enterprise,152,0,0,48.0,0,0,
ibm-instana-observability,152,0,0,48.0,0,0,
jaeger,152,0,0,48.0,0,0,
kentik,152,0,0,48.0,0,0,
traceloop,152,0,0,48.0,0,0,
icinga,152,1,1,47.0,1,1,48.0
honeycomb,152,1,1,47.0,1,0,53.0
whylabs,152,1,1,47.0,1,1,48.0
sumo-logic,152,2,2,46.0,1,2,43.0
azure-monitor,152,2,2,46.0,0,2,39.0
netdata,152,14,14,44.0,13,12,46.0
sematext-cloud,152,0,1,42.0,0,1,43.0
opsramp,152,0,1,42.0,0,1,43.0
thousandeyes,152,0,1,42.0,0,0,
appdynamics,152,2,3,42.0,0,2,39.0
uptrace,152,0,1,42.0,0,1,43.0
groundcover,152,0,1,42.0,0,1,43.0
literal-ai,152,0,1,42.0,0,0,
datadog,152,111,140,41.0,79,102,41.0
helicone,152,6,8,40.0,5,3,51.0
amazon-cloudwatch,152,16,21,39.0,10,18,34.0
pingdom,152,0,2,38.0,0,1,43.0
elastic-observability,152,3,6,37.0,2,6,34.0
new-relic,152,14,26,33.0,13,21,36.0
traceway,153,9,0,69.0,6,0,64.0
tideways,153,4,0,62.0,4,0,61.0
gamenostic,153,1,0,54.0,1,0,55.0
sentry,153,4,2,54.0,3,1,56.0
honeybadger,153,1,0,54.0,0,0,
laravel-nightwatch,153,1,0,54.0,1,0,55.0
inspector,153,1,0,54.0,1,0,55.0
glitchtip,153,1,0,54.0,1,0,55.0
bugsink,153,2,1,53.0,0,0,
rollbar,153,0,0,51.0,0,0,
findbug,153,0,0,51.0,0,0,
atatus,153,0,0,51.0,0,0,
appsignal,153,0,0,51.0,0,0,
embrace,153,0,0,51.0,0,0,
scout-apm,153,0,0,51.0,0,0,
bugsnag,153,0,0,51.0,0,0,
raygun,153,0,0,51.0,0,0,
logrocket,153,4,4,48.0,0,2,44.0
firebase-crashlytics,153,2,3,46.0,2,2,50.0
flagsmith,154,13,0,77.0,10,0,74.0
posthog,154,114,36,71.0,81,27,69.0
unbounce,154,4,1,59.0,2,0,59.0
statsig,154,4,1,59.0,3,1,56.0
growthbook,154,2,0,59.0,0,0,
stellar,154,1,0,56.0,1,0,55.0
featbit,154,1,0,56.0,1,0,55.0
leadpages,154,1,0,56.0,0,0,
adobe-target,154,1,0,56.0,1,0,55.0
flagd,154,1,0,56.0,1,0,55.0
configcat,154,3,1,56.0,3,1,56.0
kameleoon,154,1,0,56.0,1,0,55.0
optimizely,154,5,3,53.0,2,1,53.0
harness-feature-management-and-experimentation,154,0,0,52.0,0,0,
eppo,154,0,0,52.0,0,0,
ab-tasty,154,0,0,52.0,0,0,
webtrends-optimize,154,0,0,52.0,0,0,
go-feature-flag,154,0,0,52.0,0,0,
devcycle,154,3,3,48.0,3,3,48.0
dynamic-yield,154,0,1,46.0,0,1,46.0
crazy-egg,154,0,1,46.0,0,0,
optimonk,154,0,1,46.0,0,0,
instapage,154,0,2,41.0,0,0,
launchdarkly,154,7,10,41.0,6,10,39.0
firebase-remote-config,154,0,3,38.0,0,1,46.0
microsoft-clarity,155,56,4,81.0,27,2,71.0
uxcam,155,3,0,42.0,3,0,39.0
mitzu,155,3,0,42.0,3,0,39.0
livesession,155,9,7,40.0,0,1,22.0
chartbeat,155,2,0,38.0,2,0,34.0
userpilot,155,2,0,38.0,2,0,34.0
mouseflow,155,2,0,38.0,2,0,34.0
google-analytics,155,230,339,38.0,135,227,35.0
hotjar,155,7,7,36.0,6,4,37.0
fullstory,155,7,7,36.0,1,1,27.0
glassbox,155,2,1,34.0,2,0,34.0
aptabase,155,1,0,33.0,1,0,30.0
kissmetrics,155,1,0,33.0,1,0,30.0
litlyx,155,1,0,33.0,0,0,
openpanel,155,1,0,33.0,0,0,
swetrix,155,1,0,33.0,1,0,30.0
telemetrydeck,155,1,0,33.0,0,0,
adapty,155,1,0,33.0,0,0,
seline,155,1,0,33.0,0,0,
pendo,155,7,10,31.0,3,9,21.0
contentsquare,155,0,0,27.0,0,0,
wide-angle-analytics,155,0,0,27.0,0,0,
parse-ly,155,0,0,27.0,0,0,
quantum-metric,155,0,0,27.0,0,0,
gameanalytics,155,0,1,24.0,0,1,22.0
countly,155,0,1,24.0,0,1,22.0
adobe-analytics,155,0,2,22.0,0,1,22.0
rybbit,156,11,0,78.0,9,0,79.0
usermaven,156,8,0,75.0,6,0,76.0
matomo,156,11,2,70.0,7,0,77.0
similarweb-web-intelligence,156,15,5,66.0,5,2,65.0
independent-analytics,156,2,0,65.0,2,0,70.0
plausible-analytics,156,2,0,65.0,1,0,68.0
pirsch-analytics,156,1,0,63.0,1,0,68.0
goaccess,156,1,0,63.0,1,0,68.0
fathom-analytics,156,1,0,63.0,0,0,
awstats,156,2,1,59.0,1,0,68.0
piwik-pro-analytics-suite,156,0,0,59.0,0,0,
simple-analytics,156,2,1,59.0,1,1,62.0
umami,156,2,1,59.0,2,0,70.0
pirsch,156,0,0,59.0,0,0,
offen-fair-web-analytics,156,0,0,59.0,0,0,
goatcounter,156,0,0,59.0,0,0,
yandex-metrica,156,0,1,53.0,0,1,59.0
statcounter,156,1,3,47.0,0,0,
fullsession,157,6,1,57.0,2,0,42.0
uxtweak,157,6,2,54.0,1,0,40.0
cux-io,157,1,0,50.0,0,0,
instabug,157,1,0,50.0,1,0,40.0
uxwizz,157,1,0,50.0,0,0,
lucky-orange,157,1,0,50.0,1,0,40.0
multiplayer,157,2,1,49.0,2,1,41.0
highlight-io,157,0,0,46.0,0,0,
openreplay,157,0,0,46.0,0,0,
userguiding,157,0,0,46.0,0,0,
heatmap-com,157,0,0,46.0,0,0,
sitebehaviour,157,0,1,43.0,0,1,35.0
userback,157,0,1,43.0,0,1,35.0
rrweb,157,0,1,43.0,0,1,35.0
duckdb,158,253,35,84.0,174,22,84.0
motherduck,158,7,0,73.0,5,0,70.0
starrocks,158,6,0,72.0,6,0,72.0
databricks-sql,158,7,1,68.0,5,1,64.0
dremio-cloud,158,8,2,65.0,5,2,59.0
bigquery,158,112,54,64.0,76,31,66.0
snowflake,158,2,0,63.0,0,0,
yellowbrick-data-warehouse,158,2,0,63.0,0,0,
vast-database,158,2,0,63.0,1,0,60.0
ocient-hyperscale-data-warehouse,158,1,0,60.0,1,0,60.0
apache-pinot,158,1,0,60.0,1,0,60.0
huawei-cloud-data-warehouse-service,158,1,0,60.0,0,0,
starburst-galaxy,158,1,0,60.0,1,0,60.0
apache-druid,158,1,0,60.0,1,0,60.0
singlestore,158,0,0,57.0,0,0,
kinetica,158,0,0,57.0,0,0,
apache-hive,158,0,0,57.0,0,0,
hydrolix,158,0,0,57.0,0,0,
alibaba-cloud-maxcompute,158,0,0,57.0,0,0,
exasol,158,0,0,57.0,0,0,
greenplum-database,158,0,0,57.0,0,0,
clickhouse-cloud,158,2,2,52.0,2,2,52.0
azure-synapse-analytics,158,2,2,52.0,2,2,52.0
teradata-cloud,158,2,3,47.0,2,3,47.0
microsoft-fabric,158,12,14,44.0,8,12,41.0
amazon-redshift,158,10,16,38.0,5,10,38.0
cloudera-data-warehouse,158,3,14,28.0,1,12,25.0
kestra,159,21,1,75.0,14,1,68.0
hevo-data,159,14,0,72.0,7,0,61.0
dlt,159,19,2,70.0,14,0,72.0
dagster,159,132,50,67.0,128,49,67.0
sqlmesh,159,23,7,62.0,23,7,62.0
dbt,159,28,13,58.0,25,13,55.0
apache-nifi,159,14,5,57.0,6,4,45.0
meltano,159,10,3,56.0,5,1,52.0
hightouch,159,4,0,54.0,1,0,42.0
dataflow,159,4,0,54.0,2,0,47.0
apache-spark,159,31,20,52.0,29,20,51.0
apache-airflow,159,160,136,51.0,143,114,52.0
windsor-ai,159,3,0,50.0,2,0,47.0
bruin,159,3,0,50.0,3,0,50.0
apache-hop,159,3,0,50.0,3,0,50.0
etlworks-integrator,159,4,1,49.0,4,1,49.0
astera-data-pipeline,159,2,0,47.0,0,0,
fme,159,2,0,47.0,2,0,47.0
apache-flink,159,4,2,45.0,4,1,49.0
dataddo,159,1,0,43.0,1,0,42.0
airbyte,159,41,43,43.0,26,22,46.0
census,159,1,0,43.0,1,0,42.0
skyvia,159,1,0,43.0,1,0,42.0
rudderstack,159,1,0,43.0,0,0,
polytomic,159,1,0,43.0,1,0,42.0
estuary-flow,159,1,0,43.0,1,0,42.0
prefect,159,2,1,42.0,2,1,42.0
supermetrics,159,6,5,42.0,5,3,45.0
adverity,159,0,0,38.0,0,0,
kafka-connect,159,1,1,38.0,1,1,38.0
unstructured,159,1,1,38.0,1,1,38.0
peerdb,159,0,0,38.0,0,0,
streamsets,159,0,0,38.0,0,0,
apache-beam,159,0,0,38.0,0,0,
ab-initio,159,0,0,38.0,0,0,
portable,159,0,0,38.0,0,0,
redpanda-connect,159,0,0,38.0,0,0,
striim,159,0,0,38.0,0,0,
improvado,159,0,0,38.0,0,0,
pentaho-data-integration,159,1,1,38.0,1,1,38.0
informatica-cloud-data-integration,159,1,2,35.0,1,2,34.0
matillion,159,2,4,33.0,2,3,35.0
funnel,159,0,1,33.0,0,1,33.0
azure-data-factory,159,21,37,32.0,20,37,31.0
fivetran,159,50,94,32.0,25,75,23.0
debezium,159,5,14,26.0,5,9,32.0
aws-glue,159,2,10,23.0,1,9,21.0
tembo,160,34,0,88.0,0,0,
postgresql,160,968,243,78.0,806,203,78.0
sqlite,160,581,180,74.0,405,131,73.0
neon,160,18,2,74.0,15,2,71.0
surrealdb,160,23,6,68.0,8,5,51.0
typesense,160,5,0,65.0,0,0,
weaviate,160,6,1,62.0,5,1,59.0
lancedb,160,6,1,62.0,5,1,59.0
apache-couchdb,160,11,4,60.0,11,4,59.0
lmdb,160,3,0,60.0,3,0,59.0
meilisearch,160,7,2,60.0,2,1,51.0
qdrant,160,26,13,58.0,17,8,58.0
risingwave,160,2,0,57.0,2,0,56.0
questdb,160,4,1,57.0,4,0,62.0
tidb,160,2,0,57.0,2,0,56.0
apache-cassandra,160,2,0,57.0,2,0,56.0
arcadedb,160,2,0,57.0,2,0,56.0
cloud-firestore,160,9,4,57.0,8,3,57.0
mariadb,160,47,27,57.0,41,25,56.0
neo4j,160,26,15,56.0,16,13,48.0
amazon-dynamodb,160,55,35,56.0,48,32,54.0
turso,160,5,2,55.0,5,1,59.0
yugabytedb,160,3,1,55.0,3,1,54.0
janusgraph,160,1,0,54.0,1,0,53.0
milvus-zilliz,160,1,0,54.0,1,0,53.0
memgraph,160,1,0,54.0,1,0,53.0
apache-derby,160,1,0,54.0,1,0,53.0
chroma,160,1,0,54.0,0,0,
orientdb,160,1,0,54.0,1,0,53.0
apache-iotdb,160,1,0,54.0,1,0,53.0
planetscale,160,7,4,53.0,5,4,48.0
beekeeper-studio,160,2,1,52.0,2,1,51.0
pinecone,160,2,1,52.0,1,1,47.0
redis,160,76,62,51.0,62,48,52.0
tdengine,160,0,0,50.0,0,0,
apache-solr,160,0,0,50.0,0,0,
oceanbase,160,0,0,50.0,0,0,
upstash,160,3,2,50.0,2,2,46.0
clickhouse,160,0,0,50.0,0,0,
scylladb,160,3,2,50.0,3,2,49.0
couchbase,160,0,0,50.0,0,0,
apache-hbase,160,0,0,50.0,0,0,
tigergraph,160,0,0,50.0,0,0,
cockroachdb,160,3,2,50.0,2,2,46.0
dragonfly,160,0,0,50.0,0,0,
apache-accumulo,160,0,0,50.0,0,0,
nebulagraph,160,0,0,50.0,0,0,
timescaledb,160,19,16,48.0,17,15,47.0
elasticsearch,160,27,25,47.0,22,10,59.0
rocksdb,160,2,2,47.0,2,2,46.0
microsoft-sql-server,160,139,136,47.0,118,115,47.0
mysql,160,125,134,45.0,110,122,44.0
influxdb,160,11,11,45.0,9,7,48.0
rethinkdb,160,0,1,44.0,0,1,43.0
foundationdb,160,1,2,43.0,1,2,42.0
pgadmin,160,3,4,43.0,2,3,42.0
arangodb,160,1,2,43.0,1,2,42.0
opensearch,160,2,4,40.0,2,3,42.0
oracle-database,160,8,11,40.0,8,7,47.0
mongodb,160,62,81,40.0,49,73,37.0
ibm-db2,160,3,5,40.0,3,5,39.0
xata,160,1,3,39.0,1,1,47.0
aiven,160,0,2,39.0,0,2,38.0
amazon-aurora,160,1,6,31.0,1,6,31.0
yaak,161,17,3,69.0,14,1,72.0
nango,161,6,0,65.0,5,0,64.0
moralis,161,5,0,63.0,0,0,
httpie,161,5,0,63.0,5,0,64.0
traefik,161,38,16,62.0,34,13,63.0
bitquery,161,5,1,58.0,0,0,
kreya,161,3,0,58.0,2,0,56.0
gravitee,161,3,0,58.0,2,0,56.0
bruno,161,4,1,56.0,4,0,61.0
openrouter,161,26,15,56.0,11,9,48.0
api-dash,161,2,0,55.0,2,0,56.0
mockoon,161,2,0,55.0,2,0,56.0
financial-modeling-prep,161,2,0,55.0,1,0,52.0
voiden,161,2,0,55.0,2,0,56.0
thunder-client,161,2,0,55.0,1,0,52.0
mockapi,161,2,0,55.0,1,0,52.0
helius,161,2,0,55.0,1,0,52.0
apidog,161,2,0,55.0,2,0,56.0
hoppscotch,161,3,1,53.0,2,1,51.0
nylas,161,1,0,52.0,1,0,52.0
imagekit,161,1,0,52.0,0,0,
testsigma,161,1,0,52.0,1,0,52.0
wundergraph,161,1,0,52.0,1,0,52.0
requestly,161,1,0,52.0,0,0,
rapidapi-client,161,1,0,52.0,1,0,52.0
readme,161,1,0,52.0,1,0,52.0
stoplight,161,1,0,52.0,1,0,52.0
scrapingbee,161,1,0,52.0,1,0,52.0
kong,161,1,0,52.0,1,0,52.0
scalar,161,1,0,52.0,1,0,52.0
speakeasy,161,1,0,52.0,1,0,52.0
alpha-vantage,161,5,3,51.0,4,2,52.0
tricentis-tosca,161,2,1,50.0,2,1,51.0
reqbin,161,0,0,48.0,0,0,
wizdler,161,0,0,48.0,0,0,
mocki,161,0,0,48.0,0,0,
curl,161,0,0,48.0,0,0,
beeceptor,161,0,0,48.0,0,0,
dolby-io,161,0,0,48.0,0,0,
boomerang-soap-and-rest-client,161,0,0,48.0,0,0,
svix,161,0,0,48.0,0,0,
mindee,161,0,0,48.0,0,0,
redocly-cli,161,0,0,48.0,0,0,
merge,161,1,1,46.0,0,0,
readyapi,161,1,1,46.0,1,1,47.0
stedi,161,1,1,46.0,0,0,
moesif,161,1,1,46.0,1,1,47.0
postman,161,1,1,46.0,1,1,47.0
mintlify,161,4,4,45.0,3,2,49.0
zenrows,161,0,1,42.0,0,1,43.0
finnhub,161,0,1,42.0,0,1,43.0
hasura,161,1,2,42.0,1,2,43.0
hookdeck,161,0,1,42.0,0,1,43.0
soapui,161,0,1,42.0,0,1,43.0
wiremock,161,0,1,42.0,0,0,
teller,161,0,2,38.0,0,0,
tavily,161,8,15,35.0,5,11,34.0
zuplo,161,0,3,35.0,0,3,35.0
katalon-studio,161,0,3,35.0,0,2,39.0
pocket-id,162,30,6,70.0,29,6,70.0
authentik,162,94,31,69.0,76,28,66.0
auth0,162,31,11,63.0,24,10,59.0
authelia,162,39,15,63.0,32,11,64.0
keycloak,162,52,23,62.0,37,14,63.0
omada-identity-cloud,162,61,30,60.0,58,24,63.0
descope,162,5,0,59.0,3,0,53.0
corbado,162,5,0,59.0,5,0,59.0
fusionauth,162,5,0,59.0,1,0,46.0
freeipa,162,14,5,58.0,13,4,59.0
okta,162,90,53,58.0,76,39,60.0
kinde-authentication,162,3,0,53.0,3,0,53.0
zitadel,162,3,0,53.0,1,0,46.0
onelogin,162,10,5,52.0,5,3,47.0
amazon-cognito,162,2,0,50.0,1,0,46.0
workos,162,2,0,50.0,1,0,46.0
kanidm,162,3,1,49.0,3,1,48.0
cisco-duo,162,3,1,49.0,2,0,50.0
conductorone,162,3,1,49.0,3,1,48.0
microsoft-entra-id,162,206,209,47.0,166,176,46.0
propelauth,162,1,0,46.0,1,0,46.0
casdoor,162,1,0,46.0,1,0,46.0
avatier-identity-anywhere,162,1,0,46.0,1,0,46.0
secureauth-identity-platform,162,1,0,46.0,0,0,
logto,162,1,0,46.0,1,0,46.0
zip-security,162,1,0,46.0,1,0,46.0
pingone,162,2,1,45.0,2,1,45.0
firebase-authentication,162,3,2,45.0,2,2,41.0
rsa-id-plus,162,0,0,41.0,0,0,
oasis-security,162,0,0,41.0,0,0,
akamai-identity-cloud,162,0,0,41.0,0,0,
beyond-identity,162,0,0,41.0,0,0,
shibboleth-identity-provider,162,0,0,41.0,0,0,
stack-auth,162,0,0,41.0,0,0,
supertokens,162,0,0,41.0,0,0,
thales-safenet-trusted-access,162,0,0,41.0,0,0,
aembit,162,0,0,41.0,0,0,
veriff,162,1,1,41.0,0,1,36.0
clerk,162,1,1,41.0,1,1,41.0
scalekit,162,0,0,41.0,0,0,
sailpoint-identity-security-cloud,162,0,0,41.0,0,0,
ubisecure-customer-identity-management,162,0,0,41.0,0,0,
stytch,162,1,1,41.0,1,1,41.0
sailpoint-identityiq,162,0,0,41.0,0,0,
hypr-enterprise-passkeys,162,0,0,41.0,0,0,
lumos,162,0,0,41.0,0,0,
jumpcloud,162,9,12,37.0,6,10,34.0
one-identity-manager,162,0,1,37.0,0,1,36.0
ory,162,0,1,37.0,0,1,36.0
miniorange-identity-platform,162,1,2,37.0,1,1,41.0
silverfort,162,0,1,37.0,0,1,36.0
openldap,162,1,3,34.0,1,3,34.0
saviynt-identity-cloud,162,6,19,25.0,6,19,25.0
mosyle-fuse,163,63,14,73.0,61,13,73.0
scalefusion-uem,163,11,0,67.0,6,0,57.0
addigy,163,21,4,66.0,17,4,62.0
suremdm,163,9,1,60.0,7,0,59.0
iru-endpoint-management,163,19,7,58.0,19,7,58.0
jamf-pro,163,116,70,58.0,104,67,56.0
miradore,163,8,1,58.0,6,1,53.0
workspace-one-uem,163,12,4,56.0,11,3,56.0
hexnode-uem,163,7,2,52.0,6,2,49.0
soti-mobicontrol,163,5,1,51.0,4,1,47.0
pdq-connect,163,3,0,49.0,3,0,48.0
automox,163,2,0,45.0,2,0,44.0
fleet,163,2,0,45.0,2,0,44.0
microsoft-intune,163,275,305,45.0,242,289,43.0
swif,163,1,0,41.0,1,0,40.0
baramundi-management-suite,163,3,2,41.0,2,2,36.0
headwind-mdm,163,3,2,41.0,3,0,48.0
manageengine-mobile-device-manager-plus,163,3,3,38.0,0,3,25.0
simplemdm,163,3,3,38.0,3,3,37.0
citrix-endpoint-management,163,1,1,37.0,0,0,
manageengine-endpoint-central,163,2,3,34.0,2,3,34.0
samsung-knox-manage,163,0,1,32.0,0,1,31.0
kace-systems-management-appliance,163,0,1,32.0,0,1,31.0
aagon-acmp,163,0,1,32.0,0,1,31.0
ibm-maas360,163,2,4,32.0,2,4,31.0
absolute-secure-endpoint,163,1,3,30.0,0,2,28.0
jamf-now,163,0,2,29.0,0,2,28.0
ninjaone-mobile-device-management,163,0,4,24.0,0,4,23.0
dell-wyse-management-suite,163,1,10,19.0,0,1,31.0
meshcentral,164,18,3,67.0,13,2,64.0
remote-desktop-manager,164,9,0,66.0,9,0,66.0
rustdesk,164,81,30,66.0,64,26,64.0
apache-guacamole,164,31,12,61.0,27,11,60.0
dwservice,164,6,0,60.0,5,0,58.0
helpwire,164,6,0,60.0,3,0,52.0
mremoteng,164,8,2,56.0,8,1,60.0
anyviewer,164,4,0,55.0,4,0,55.0
chrome-remote-desktop,164,24,13,54.0,14,7,53.0
nomachine,164,20,11,53.0,17,7,57.0
jump-desktop,164,11,5,53.0,3,4,37.0
xpra,164,3,0,51.0,3,0,52.0
supremo-remote-desktop,164,3,0,51.0,0,0,
zoho-assist,164,3,0,51.0,2,0,48.0
splashtop-remote-access,164,26,19,49.0,20,15,48.0
trugrid-securerdp,164,2,0,48.0,2,0,48.0
freerdp,164,2,0,48.0,2,0,48.0
tightvnc,164,2,0,48.0,2,0,48.0
thinlinc,164,2,0,48.0,2,0,48.0
hoptodesk,164,3,1,47.0,3,0,52.0
kasm-workspaces,164,4,2,46.0,4,2,47.0
remmina,164,7,5,45.0,6,4,46.0
simplehelp,164,1,0,44.0,0,0,
radmin,164,1,0,44.0,1,0,44.0
parsec,164,1,0,44.0,1,0,44.0
turbovnc,164,1,0,44.0,1,0,44.0
ultravnc,164,1,0,44.0,1,0,44.0
iperius-remote,164,1,0,44.0,0,0,
netsupport-manager,164,1,0,44.0,1,0,44.0
remotepc,164,3,2,43.0,1,0,44.0
xrdp,164,11,10,43.0,10,10,42.0
logmein-pro,164,2,2,40.0,0,1,35.0
royal-ts,164,2,2,40.0,2,2,40.0
isl-online,164,0,0,39.0,0,0,
screenmeet-remote-support,164,0,0,39.0,0,0,
citrix-daas,164,0,0,39.0,0,0,
uds-enterprise,164,0,0,39.0,0,0,
remote-utilities,164,1,1,39.0,1,0,44.0
dameware-remote-everywhere,164,0,0,39.0,0,0,
tuple,164,0,0,39.0,0,0,
inuvika-ovd-enterprise,164,0,0,39.0,0,0,
gotomypc,164,0,0,39.0,0,0,
deskin,164,4,5,38.0,2,2,40.0
connectwise-screenconnect,164,23,33,36.0,19,23,39.0
tigervnc,164,1,2,36.0,1,2,36.0
hp-anyware,164,0,1,35.0,0,0,
aeroadmin,164,0,1,35.0,0,1,35.0
todesk,164,0,1,35.0,0,0,
anydesk,164,22,35,34.0,17,25,36.0
beyondtrust-remote-support,164,3,6,33.0,3,5,35.0
teamviewer-remote,164,27,54,30.0,21,44,29.0
realvnc-connect,164,2,6,29.0,1,5,28.0
action1,165,31,2,79.0,28,2,77.0
gorelo,165,23,1,78.0,23,1,77.0
level,165,13,0,73.0,13,0,72.0
ninjaone-rmm,165,126,51,66.0,103,49,62.0
netlock-rmm,165,7,0,65.0,7,0,63.0
syncro,165,24,13,55.0,23,13,54.0
superops,165,13,6,55.0,10,6,50.0
atera,165,17,10,53.0,15,8,53.0
cisco-meraki-systems-manager,165,2,0,52.0,2,0,50.0
tactical-rmm,165,13,8,51.0,13,8,50.0
datto-rmm,165,84,72,50.0,52,56,44.0
manageengine-rmm-central,165,1,0,48.0,1,0,46.0
domotz,165,10,7,48.0,8,7,44.0
goto-resolve,165,1,0,48.0,1,0,46.0
naverisk,165,1,0,48.0,1,0,46.0
controlup-edge-dx,165,0,0,43.0,0,0,
n-able-n-sight-rmm,165,2,2,42.0,2,2,41.0
connectwise-rmm,165,6,6,42.0,1,3,34.0
pulseway,165,2,3,39.0,2,2,41.0
connectwise-automate,165,4,6,37.0,4,3,44.0
kaseya-vsa,165,4,11,29.0,4,9,31.0
n-able-n-central,165,8,31,22.0,4,29,16.0
twingate,166,24,0,84.0,22,0,83.0
openwrt,166,172,37,78.0,154,32,78.0
netbird,166,63,13,76.0,49,10,75.0
little-snitch,166,17,2,73.0,2,0,56.0
tailscale,166,1106,376,73.0,578,181,74.0
mikrotik-routeros,166,100,30,72.0,93,27,72.0
juniper-srx-series-firewalls,166,12,1,71.0,12,0,75.0
unifi-network,166,282,111,69.0,258,93,70.0
opnsense,166,590,271,67.0,549,262,66.0
firewalla,166,40,14,66.0,29,10,65.0
vyos,166,22,7,65.0,20,7,63.0
sophos-firewall,166,48,18,65.0,46,15,68.0
openziti,166,5,0,65.0,3,0,59.0
nextdns,166,14,4,64.0,10,3,61.0
cato-sase-cloud-platform,166,27,11,62.0,25,9,63.0
zerotier,166,20,8,61.0,11,4,59.0
pfsense,166,141,76,61.0,127,70,60.0
openvpn-cloudconnexa,166,3,0,60.0,3,0,59.0
netskope-one,166,2,0,57.0,2,0,56.0
kerio-control,166,2,0,57.0,2,0,56.0
comodo-firewall,166,2,0,57.0,0,0,
zenarmor,166,31,18,56.0,27,16,55.0
iboss-zero-trust-sase,166,3,1,54.0,3,1,54.0
hpe-aruba-networking-edgeconnect-sd-branch,166,1,0,54.0,1,0,53.0
glasswire,166,1,0,54.0,1,0,53.0
nethsecurity,166,1,0,54.0,1,0,53.0
aws-network-firewall,166,2,1,51.0,2,1,51.0
goodaccess,166,2,1,51.0,0,1,43.0
barracuda-cloudgen-firewall,166,3,2,50.0,2,2,46.0
todyl-security-platform,166,3,2,50.0,2,1,51.0
fortigate-ngfw,166,127,109,50.0,120,102,50.0
stormshield-network-security,166,0,0,49.0,0,0,
clavister-netwall,166,0,0,49.0,0,0,
arista-edge-threat-management-ng-firewall,166,0,0,49.0,0,0,
nordlayer,166,0,0,49.0,0,0,
firehol,166,0,0,49.0,0,0,
forcepoint-ngfw,166,0,0,49.0,0,0,
skyhigh-security-service-edge,166,0,0,49.0,0,0,
portmaster,166,0,0,49.0,0,0,
ipfire,166,4,3,49.0,4,2,52.0
corelight,166,0,1,44.0,0,1,43.0
zscaler-internet-access,166,39,44,43.0,34,37,43.0
versa-sase,166,3,4,43.0,0,0,
watchguard-firebox,166,17,19,42.0,17,19,42.0
simplewall,166,2,4,40.0,1,0,53.0
endian-utm,166,0,2,39.0,0,2,38.0
check-point-quantum-firewall,166,1,3,39.0,1,3,39.0
microsoft-azure-firewall,166,0,2,39.0,0,1,43.0
timus-sase,166,5,9,37.0,4,9,34.0
palo-alto-networks-next-generation-firewall,166,5,10,35.0,5,7,40.0
cisco-meraki-mx,166,2,7,32.0,2,7,32.0
cisco-secure-firewall,166,6,15,30.0,6,12,34.0
sonicwall-next-generation-firewall,166,28,120,18.0,26,118,17.0
fastmail,167,169,24,82.0,159,20,84.0
mailbox,167,83,16,76.0,79,16,75.0
neo,167,26,1,76.0,25,1,77.0
migadu,167,26,1,76.0,24,1,76.0
zoho-mail,167,46,7,75.0,39,5,76.0
mxroute,167,49,9,73.0,47,9,73.0
purelymail,167,44,8,73.0,41,8,72.0
codamail,167,21,2,70.0,21,1,74.0
mailcow,167,30,7,67.0,28,7,66.0
runbox,167,12,0,67.0,11,0,67.0
posteo,167,80,29,66.0,75,28,66.0
proton-mail,167,185,91,63.0,150,79,61.0
tuta-mail,167,235,129,61.0,222,124,61.0
thexyz,167,7,0,58.0,7,0,60.0
atomic-mail,167,11,3,55.0,8,2,54.0
disroot,167,6,0,55.0,6,0,58.0
mailfence,167,10,3,53.0,9,3,53.0
startmail,167,12,5,52.0,12,5,53.0
hey,167,4,0,49.0,2,0,45.0
mail-de,167,4,0,49.0,4,0,52.0
mail-in-a-box,167,3,0,46.0,3,0,49.0
gmx-mail,167,9,5,46.0,6,5,41.0
docker-mailserver,167,3,0,46.0,2,0,45.0
soverin,167,6,3,45.0,6,3,46.0
stalwart-mail-server,167,4,1,45.0,4,1,48.0
inbox-eu,167,4,1,45.0,3,1,44.0
mailu,167,2,0,42.0,1,0,41.0
mailo,167,2,0,42.0,1,0,41.0
kolab-now,167,2,0,42.0,2,0,45.0
iredmail,167,3,1,42.0,3,1,44.0
hushmail,167,1,0,38.0,1,0,41.0
autistici-inventati,167,2,1,38.0,2,1,41.0
web-de-freemail,167,2,1,38.0,1,1,36.0
pobox,167,1,0,38.0,0,0,
luxsci,167,1,0,38.0,1,0,41.0
poste-io,167,1,0,38.0,1,0,41.0
seznam-email,167,1,0,38.0,1,0,41.0
spacemail,167,1,1,34.0,1,0,41.0
lavabit,167,0,0,32.0,0,0,
qq-mail,167,0,0,32.0,0,0,
rackspace-email,167,0,0,32.0,0,0,
riseup-email,167,0,0,32.0,0,0,
rambler-mail,167,0,0,32.0,0,0,
yandex-mail,167,5,9,30.0,0,5,22.0
cock-li,167,0,1,29.0,0,1,32.0
libero-mail,167,0,1,29.0,0,0,
gmail,167,429,981,29.0,193,593,23.0
poczta-wp,167,0,2,26.0,0,1,32.0
telekom-e-mail,167,0,2,26.0,0,2,28.0
mail-com,167,2,6,26.0,2,6,28.0
icewarp,167,0,2,26.0,0,2,28.0
yahoo-mail,167,6,16,25.0,3,7,29.0
aol-mail,167,15,42,23.0,2,13,19.0
icloud-mail,167,1,6,22.0,1,2,33.0
outlook,167,4,14,22.0,4,9,29.0
smtp2go,168,31,2,79.0,23,2,74.0
brevo,168,115,33,72.0,89,26,71.0
mailtrap,168,6,1,57.0,3,0,53.0
gatewayapi,168,14,6,56.0,3,2,44.0
mailgun,168,35,22,54.0,32,22,52.0
novu,168,3,0,53.0,2,0,49.0
mailchannels-email-api,168,3,0,53.0,3,0,53.0
resend,168,6,2,53.0,3,1,48.0
clicksend-sms-api,168,4,1,52.0,3,0,53.0
twilio-sendgrid,168,34,25,51.0,24,21,46.0
zeptomail,168,2,0,50.0,2,0,49.0
plivo-sms-api,168,2,0,50.0,2,0,49.0
signalwire,168,2,0,50.0,1,0,45.0
bulksms,168,2,0,50.0,0,0,
mailersend,168,2,0,50.0,2,0,49.0
mailpace,168,2,0,50.0,2,0,49.0
postmark,168,2,0,50.0,2,0,49.0
telnyx-messaging-api,168,18,14,48.0,2,2,41.0
mailjet,168,4,2,48.0,0,0,
waypoint,168,1,0,46.0,1,0,45.0
simpletexting,168,1,0,46.0,1,0,45.0
msg91,168,1,0,46.0,1,0,45.0
amazon-simple-email-service,168,46,44,46.0,32,39,40.0
agentmail,168,1,0,46.0,0,0,
maileroo,168,1,0,46.0,0,0,
sakari,168,0,0,41.0,0,0,
flowroute-messaging,168,2,2,41.0,1,0,45.0
bandwidth-messaging-api,168,1,1,41.0,0,0,
telesign-messaging-api,168,0,0,41.0,0,0,
scaleway-transactional-email,168,0,0,41.0,0,0,
usesend,168,1,1,41.0,0,0,
cm-com,168,0,0,41.0,0,0,
clicksend,168,0,0,41.0,0,0,
bird,168,0,0,41.0,0,0,
twilio-programmable-messaging,168,51,64,40.0,16,35,29.0
emailit,168,5,7,37.0,2,5,32.0
vonage-sms-api,168,5,7,37.0,2,3,37.0
exotel-sms,168,0,1,36.0,0,1,36.0
ez-texting,168,0,1,36.0,0,1,36.0
infobip-sms-api,168,0,2,33.0,0,0,
textbelt,168,0,2,33.0,0,1,36.0
sms-to,168,3,7,32.0,1,1,41.0
sinch-sms-api,168,2,11,23.0,1,3,34.0
omnisend,169,78,6,84.0,45,5,77.0
emailoctopus,169,21,2,70.0,18,2,66.0
ghost,169,18,4,62.0,13,4,55.0
mailerlite,169,101,58,58.0,72,38,58.0
listmonk,169,9,2,54.0,5,2,44.0
flodesk,169,27,17,51.0,23,8,59.0
aweber,169,6,1,51.0,3,1,40.0
loops,169,4,0,49.0,2,0,40.0
sendfox,169,5,1,48.0,0,0,
buttondown,169,3,0,45.0,2,0,40.0
substack,169,760,875,45.0,616,733,44.0
moosend,169,4,2,41.0,2,2,33.0
getresponse,169,2,1,38.0,1,1,32.0
mailpoet,169,1,0,37.0,1,0,36.0
maropost,169,1,0,37.0,1,0,36.0
newsletter,169,0,0,32.0,0,0,
action-network,169,0,0,32.0,0,0,
curated,169,0,0,32.0,0,0,
mailwizz,169,0,0,32.0,0,0,
audienceful,169,0,0,32.0,0,0,
campaign-monitor,169,2,3,32.0,1,3,27.0
rss-com,170,30,3,76.0,30,3,76.0
ausha,170,8,1,61.0,8,1,61.0
castos,170,6,0,61.0,4,0,57.0
buzzsprout,170,60,29,61.0,39,14,64.0
patreon,170,137,77,60.0,35,16,59.0
spreaker,170,7,1,59.0,4,1,52.0
podigee,170,5,0,59.0,5,0,59.0
beamly,170,4,0,56.0,4,0,57.0
captivate,170,4,0,56.0,3,0,54.0
podcast-generator,170,3,0,53.0,2,0,50.0
supporting-cast,170,3,0,53.0,1,0,46.0
blubrry,170,4,1,52.0,4,1,52.0
soundcloud,170,23,15,52.0,1,1,41.0
pinecast,170,2,0,50.0,0,0,
redcircle,170,3,1,49.0,2,0,50.0
zencastr,170,16,13,47.0,16,13,47.0
acast,170,6,4,47.0,4,4,42.0
ivoox,170,1,0,46.0,1,0,46.0
alitu,170,1,0,46.0,1,0,46.0
storyboard,170,0,0,41.0,0,0,
bcast,170,0,0,41.0,0,0,
megaphone,170,0,0,41.0,0,0,
fireside,170,0,0,41.0,0,0,
transistor,170,0,0,41.0,0,0,
letscast-fm,170,0,0,41.0,0,0,
castopod,170,0,0,41.0,0,0,
castbox,170,1,1,41.0,1,1,41.0
omny-studio,170,0,0,41.0,0,0,
podlove-podcast-publisher,170,0,0,41.0,0,0,
libsyn,170,19,24,39.0,9,20,30.0
art19,170,1,2,37.0,1,2,38.0
simplecast,170,0,1,37.0,0,1,37.0
spotify-for-creators,170,18,25,37.0,11,21,32.0
podcastle,170,0,2,33.0,0,2,33.0
podbean,170,21,37,33.0,16,23,37.0
iono-fm,170,0,4,27.0,0,0,
peertube,171,14,4,54.0,6,1,38.0
odysee,171,17,8,51.0,6,1,38.0
bunny-stream,171,15,6,51.0,13,6,43.0
wistia,171,5,0,47.0,1,0,19.0
youtube,171,4769,6058,43.0,1628,3813,29.0
twitch,171,5,2,40.0,2,0,24.0
bilibili,171,13,14,37.0,3,11,14.0
lightstream-studio,171,5,3,37.0,1,3,14.0
vdocipher,171,3,1,36.0,3,0,29.0
switcher-studio,171,2,0,35.0,2,0,24.0
gumlet,171,2,0,35.0,1,0,19.0
restream,171,2,0,35.0,2,0,24.0
mediaplatform,171,10,12,34.0,5,5,26.0
ant-media-server,171,2,1,32.0,0,0,
vidyard,171,2,1,32.0,0,0,
castr,171,2,1,32.0,2,1,22.0
streamable,171,1,0,30.0,0,0,
kaltura,171,1,0,30.0,0,0,
cloudinary,171,6,9,29.0,0,1,12.0
vimeo,171,33,69,28.0,30,63,26.0
wowza-streaming-engine,171,1,1,27.0,1,0,19.0
kick,171,0,0,25.0,0,0,
red5-pro,171,0,0,25.0,0,0,
niconico,171,0,0,25.0,0,0,
streamyard,171,0,0,25.0,0,0,
yuja-video,171,0,0,25.0,0,0,
mux,171,0,0,25.0,0,0,
zype,171,0,0,25.0,0,0,
onestream-live,171,0,0,25.0,0,0,
jw-player,171,0,0,25.0,0,0,
uscreen,171,0,0,25.0,0,0,
rumble,171,0,0,25.0,0,0,
muvi,171,0,0,25.0,0,0,
spotlightr,171,0,0,25.0,0,0,
nebula,171,0,0,25.0,0,0,
brightcove,171,0,0,25.0,0,0,
rutube,171,0,1,22.0,0,1,12.0
dacast,171,0,1,22.0,0,1,12.0
owncast,171,0,1,22.0,0,1,12.0
dailymotion,171,11,33,21.0,7,24,16.0
bitchute,171,0,3,18.0,0,1,12.0
trovo,171,1,9,15.0,0,2,11.0
claap,172,12,0,69.0,2,0,45.0
cleanshot-x,172,24,4,69.0,21,3,69.0
komodo,172,9,0,65.0,9,0,64.0
steam-game-recording,172,13,2,64.0,3,2,41.0
sharex,172,44,16,64.0,37,16,60.0
bandicam,172,9,1,61.0,6,1,53.0
vmaker,172,5,0,57.0,4,0,52.0
obs-studio,172,233,167,55.0,153,109,54.0
screenflow,172,7,2,53.0,5,2,47.0
supademo,172,10,4,53.0,5,3,44.0
activepresenter,172,3,0,51.0,3,0,49.0
cap,172,3,0,51.0,2,0,45.0
tella,172,3,0,51.0,2,0,45.0
camtasia,172,10,5,51.0,6,5,42.0
easeus-recexperts,172,4,1,49.0,4,1,48.0
hippo-video,172,2,0,47.0,1,0,41.0
screenrec,172,2,0,47.0,1,0,41.0
nimbus-capture,172,2,0,47.0,1,0,41.0
screenpal,172,2,0,47.0,2,0,45.0
berrycast,172,2,0,47.0,1,0,41.0
screenity,172,1,0,43.0,1,0,41.0
sendspark,172,1,0,43.0,0,0,
gyazo,172,1,0,43.0,1,0,41.0
flashback,172,1,0,43.0,1,0,41.0
kap,172,1,0,43.0,1,0,41.0
screencast-o-matic,172,1,0,43.0,1,0,41.0
movavi-screen-recorder,172,1,0,43.0,0,0,
screencastify,172,1,0,43.0,1,0,41.0
screen-studio,172,27,34,39.0,24,32,37.0
snagit,172,3,3,39.0,3,2,41.0
wondershare-democreator,172,0,0,38.0,0,0,
supercut,172,0,0,38.0,0,0,
dubb,172,0,0,38.0,0,0,
droplr,172,1,1,38.0,1,1,37.0
awesome-screenshot,172,0,0,38.0,0,0,
guidde,172,0,0,38.0,0,0,
steelseries-gg,172,1,2,35.0,1,2,34.0
zight,172,1,2,35.0,1,2,34.0
medal,172,0,1,34.0,0,0,
echovideo,172,0,1,34.0,0,1,32.0
fbx-game-recorder,172,0,1,34.0,0,0,
screentogif,172,0,1,34.0,0,1,32.0
simplescreenrecorder,172,2,4,33.0,2,3,35.0
prism-live-studio,172,0,3,27.0,0,0,
amd-software-adrenalin-edition,172,3,18,19.0,1,12,18.0
nvidia-app,172,7,54,13.0,3,41,11.0
prezi,173,11,1,60.0,8,1,53.0
plus-ai,173,28,12,57.0,9,3,49.0
beautiful-ai,173,15,9,48.0,11,6,46.0
freeshow,173,4,0,47.0,0,0,
ahaslides,173,4,0,47.0,4,0,47.0
gamma,173,5,1,47.0,2,1,35.0
google-slides,173,34,31,45.0,13,9,44.0
ia-presenter,173,3,0,44.0,3,0,43.0
reveal-js,173,3,0,44.0,1,0,35.0
poll-everywhere,173,3,0,44.0,3,0,43.0
magicslides,173,2,0,40.0,2,0,39.0
microsoft-powerpoint,173,189,257,40.0,95,139,38.0
quarto,173,2,0,40.0,1,0,35.0
openlp,173,2,0,40.0,0,0,
r-markdown,173,2,1,36.0,1,1,31.0
slidecast,173,1,0,35.0,1,0,35.0
propresenter,173,4,4,35.0,0,0,
pitch,173,1,0,35.0,0,0,
ludus,173,1,0,35.0,0,0,
slido,173,1,0,35.0,1,0,35.0
keynote,173,1,0,35.0,1,0,35.0
onlyoffice-presentation-editor,173,1,0,35.0,0,0,
easyworship,173,1,0,35.0,0,0,
storydoc,173,1,0,35.0,0,0,
slidebean,173,1,0,35.0,1,0,35.0
marp,173,1,0,35.0,0,0,
explain-everything,173,11,14,35.0,6,6,36.0
visme,173,1,0,35.0,0,0,
customshow,173,1,0,35.0,0,0,
wooclap,173,1,0,35.0,1,0,35.0
wps-presentation,173,1,0,35.0,0,0,
chatslide,173,1,0,35.0,1,0,35.0
decktopus-ai,173,0,0,30.0,0,0,
slideator-ai,173,0,0,30.0,0,0,
powtoon,173,0,0,30.0,0,0,
classpoint,173,0,0,30.0,0,0,
libreoffice-impress,173,1,2,29.0,0,0,
slidesai,173,1,2,29.0,1,1,31.0
sozi,173,0,1,27.0,0,0,
presentations-ai,173,0,1,27.0,0,1,26.0
mediashout,173,0,1,27.0,0,0,
pear-deck,173,0,2,24.0,0,2,24.0
nearpod,173,0,2,24.0,0,2,24.0
softr,174,88,27,71.0,51,18,66.0
weweb,174,25,6,69.0,8,1,64.0
xano,174,5,0,66.0,2,0,56.0
nocobase,174,4,0,64.0,4,0,61.0
zoho-creator,174,4,0,64.0,1,0,52.0
noloco,174,4,0,64.0,1,0,52.0
flutterflow,174,23,9,62.0,16,4,65.0
wappler,174,3,0,61.0,0,0,
quickbase,174,2,0,59.0,1,0,52.0
rork,174,5,2,56.0,4,2,52.0
bubble,174,3,1,56.0,3,0,59.0
jitterbit-app-builder,174,1,0,55.0,1,0,52.0
backendless,174,1,0,55.0,1,0,52.0
appmysite,174,1,0,55.0,0,0,
glide,174,1,0,55.0,0,0,
goodbarber,174,1,0,55.0,1,0,52.0
emergent,174,1,0,55.0,0,0,
mindstudio,174,1,0,55.0,0,0,
base44,174,44,30,54.0,28,20,52.0
mit-app-inventor,174,0,0,51.0,0,0,
pandasuite,174,0,0,51.0,0,0,
draftbit,174,0,0,51.0,0,0,
kintone,174,0,0,51.0,0,0,
appsheet,174,1,1,49.0,0,1,43.0
thunkable,174,2,2,48.0,2,2,46.0
bolt-new,174,6,6,46.0,4,4,45.0
appfarm,174,0,1,45.0,0,0,
anything,174,1,2,45.0,1,2,43.0
adalo,174,6,9,40.0,0,5,30.0
activepieces,175,17,1,75.0,13,1,72.0
make,175,54,12,74.0,39,8,73.0
n8n,175,1196,390,74.0,887,287,74.0
gumloop,175,11,0,73.0,10,0,72.0
node-red,175,18,2,73.0,14,2,69.0
microsoft-power-automate,175,97,34,69.0,67,29,64.0
pipedream,175,5,0,63.0,2,0,56.0
browse-ai,175,4,0,61.0,2,0,56.0
composio,175,8,2,60.0,4,1,56.0
workato,175,9,3,59.0,5,2,54.0
uipath,175,39,20,59.0,29,19,53.0
relay-app,175,7,2,58.0,3,0,59.0
relevance-ai,175,5,1,58.0,5,1,59.0
camunda,175,3,0,58.0,2,0,56.0
lindy,175,5,1,58.0,3,1,53.0
process-street,175,3,0,58.0,2,0,56.0
inngest,175,2,0,55.0,1,0,52.0
temporal,175,2,0,55.0,0,0,
windmill,175,2,0,55.0,2,0,56.0
bika-ai,175,2,0,55.0,2,0,56.0
macrodroid,175,8,4,54.0,3,0,59.0
browser-use,175,10,6,52.0,7,2,59.0
automatisch,175,1,0,51.0,0,0,
latenode,175,1,0,51.0,1,0,52.0
axiom-ai,175,1,0,51.0,1,0,52.0
jitterbit-harmony,175,1,0,51.0,1,0,52.0
celigo-integrator-io,175,4,2,51.0,1,1,46.0
ss-and-c-blue-prism,175,5,3,50.0,5,3,50.0
unito,175,0,0,47.0,0,0,
boomi-enterprise-platform,175,6,5,47.0,1,3,38.0
pipefy,175,0,0,47.0,0,0,
tines,175,0,0,47.0,0,0,
cyberdesk,175,0,0,47.0,0,0,
leap-ai,175,0,0,47.0,0,0,
bardeen,175,1,1,46.0,0,1,42.0
trigger-dev,175,1,1,46.0,1,1,46.0
tonkean,175,2,2,45.0,0,0,
nintex,175,3,3,45.0,3,3,45.0
zapier,175,341,396,44.0,205,245,43.0
rocketbot,175,0,1,42.0,0,1,42.0
pabbly-connect,175,0,1,42.0,0,1,42.0
buildship,175,0,1,42.0,0,1,42.0
ifttt,175,5,6,42.0,3,5,39.0
openrpa,175,0,1,42.0,0,1,42.0
rundeck,175,1,2,41.0,1,2,42.0
automation-360,175,1,3,38.0,0,3,34.0
stackstorm,175,0,2,37.0,0,2,38.0
rewst,175,1,4,35.0,1,4,35.0
ui-vision-rpa,175,1,6,30.0,1,6,30.0
mulesoft-anypoint-platform,175,11,28,28.0,2,12,24.0
phprunner,176,9,0,73.0,9,0,73.0
caspio,176,7,0,70.0,2,0,59.0
ui-bakery,176,9,1,68.0,7,1,65.0
nocodb,176,12,4,62.0,6,4,52.0
google-appsheet,176,3,0,61.0,2,0,59.0
baserow,176,11,4,60.0,6,2,59.0
claris-filemaker,176,9,3,60.0,4,2,54.0
budibase,176,9,3,60.0,9,2,64.0
nicegui,176,8,3,59.0,7,1,65.0
filament,176,2,0,59.0,2,0,59.0
decisions,176,2,0,59.0,1,0,56.0
backpack-for-laravel,176,12,5,59.0,0,3,38.0
convertigo,176,2,0,59.0,1,0,56.0
microsoft-power-apps,176,32,17,58.0,14,9,54.0
streamlit,176,34,19,58.0,20,8,62.0
appsmith,176,4,1,58.0,4,1,59.0
tooljet,176,5,2,56.0,5,2,57.0
reflex,176,1,0,55.0,1,0,56.0
outsystems,176,1,0,55.0,0,0,
firecms,176,1,0,55.0,1,0,56.0
wavemaker,176,1,0,55.0,0,0,
blaze,176,1,0,55.0,0,0,
knack,176,1,0,55.0,1,0,56.0
retool,176,1,0,55.0,1,0,56.0
directus,176,8,5,53.0,7,2,61.0
oracle-apex,176,2,1,53.0,2,1,53.0
dronahq,176,2,1,53.0,0,1,46.0
dadabik,176,0,0,51.0,0,0,
flet,176,0,0,51.0,0,0,
nintex-apps,176,0,0,51.0,0,0,
alpha-anywhere,176,0,0,51.0,0,0,
activeadmin,176,0,0,51.0,0,0,
pega-platform,176,0,0,51.0,0,0,
basedash,176,0,0,51.0,0,0,
superblocks,176,0,0,51.0,0,0,
kissflow,176,0,0,51.0,0,0,
tadabase,176,0,0,51.0,0,0,
jet-admin,176,0,0,51.0,0,0,
betty-blocks,176,0,0,51.0,0,0,
mui-toolpad,176,0,0,51.0,0,0,
adminjs,176,0,0,51.0,0,0,
unqork,176,0,0,51.0,0,0,
react-admin,176,0,0,51.0,0,0,
shiny,176,1,1,49.0,0,0,
dash,176,0,1,45.0,0,1,46.0
forest-admin,176,0,1,45.0,0,1,46.0
appian,176,0,1,45.0,0,1,46.0
laravel-nova,176,0,1,45.0,0,0,
mendix,176,1,4,38.0,0,1,46.0
onlyoffice-sheets,177,75,29,66.0,26,7,66.0
google-sheets,177,420,231,62.0,168,95,60.0
airtable,177,247,131,62.0,78,60,52.0
microsoft-excel,177,37,16,61.0,12,6,53.0
prophix,177,4,0,59.0,2,0,51.0
libreoffice-calc,177,170,100,59.0,47,22,60.0
coda,177,3,0,56.0,0,0,
grist,177,2,0,53.0,1,0,47.0
collabora-office,177,16,11,50.0,2,6,31.0
cryptpad-sheet,177,1,0,49.0,1,0,47.0
coefficient,177,1,0,49.0,0,0,
quadratic,177,1,0,49.0,0,0,
visidata,177,1,0,49.0,0,0,
rows,177,1,0,49.0,0,0,
ironcalc,177,1,0,49.0,1,0,47.0
seatable,177,1,0,49.0,0,0,
apache-openoffice-calc,177,21,17,48.0,8,3,54.0
board,177,3,2,47.0,1,0,47.0
datarails,177,3,2,47.0,3,2,45.0
planful,177,0,0,44.0,0,0,
memento-database,177,0,0,44.0,0,0,
jedox,177,0,0,44.0,0,0,
quantrix-modeler,177,0,0,44.0,0,0,
zoho-sheet,177,0,0,44.0,0,0,
ethercalc,177,0,0,44.0,0,0,
sourcetable,177,0,1,39.0,0,0,
modern-csv,177,1,2,39.0,1,2,38.0
mito,177,0,1,39.0,0,0,
teable,177,0,1,39.0,0,1,38.0
numbers,177,8,12,37.0,7,8,40.0
collabora-online,177,1,3,36.0,0,1,38.0
andropen-office,177,0,2,35.0,0,0,
anaplan,177,5,9,35.0,0,0,
excalidraw,178,49,10,73.0,33,10,65.0
plantuml,178,17,5,62.0,9,2,58.0
thebrain,178,53,32,56.0,21,14,51.0
structurizr,178,3,0,53.0,1,0,45.0
tldraw,178,6,2,53.0,3,2,44.0
lucidchart,178,14,8,52.0,8,4,50.0
diagrams-net,178,17,11,51.0,12,4,57.0
simplemind,178,2,0,50.0,0,0,
affine,178,2,0,50.0,1,0,45.0
graphviz,178,4,2,48.0,0,0,
d2,178,1,0,46.0,1,0,45.0
archi,178,1,0,46.0,0,0,
coggle,178,1,0,46.0,1,0,45.0
mindmeister,178,1,0,46.0,0,0,
lucidspark,178,1,0,46.0,1,0,45.0
mindomo,178,1,0,46.0,0,0,
xmind,178,1,0,46.0,1,0,45.0
mindmanager,178,1,0,46.0,1,0,45.0
padlet-sandbox,178,1,0,46.0,1,0,45.0
whimsical,178,1,0,46.0,0,0,
gliffy,178,1,0,46.0,1,0,45.0
edrawmax,178,2,1,45.0,1,1,40.0
omnigraffle,178,2,1,45.0,1,1,40.0
freeform,178,2,1,45.0,1,0,45.0
mindmup,178,0,0,41.0,0,0,
creately,178,0,0,41.0,0,0,
smartdraw,178,1,1,41.0,1,0,45.0
edrawmind,178,0,0,41.0,0,0,
microsoft-whiteboard,178,0,0,41.0,0,0,
icepanel,178,0,0,41.0,0,0,
kosmik,178,0,0,41.0,0,0,
freeplane,178,0,0,41.0,0,0,
boardmix,178,0,0,41.0,0,0,
camunda-modeler,178,0,0,41.0,0,0,
bubbl-us,178,0,0,41.0,0,0,
bizagi-modeler,178,0,0,41.0,0,0,
zoom-whiteboard,178,1,1,41.0,1,1,40.0
eraser,178,0,0,41.0,0,0,
muse,178,0,0,41.0,0,0,
bluescape,178,0,0,41.0,0,0,
scrintal,178,0,0,41.0,0,0,
milanote,178,8,9,40.0,5,6,39.0
ayoa,178,0,1,37.0,0,1,36.0
modelio,178,0,1,37.0,0,0,
visual-paradigm,178,0,1,37.0,0,1,36.0
microsoft-visio,178,27,41,36.0,25,34,38.0
mindnode,178,0,2,33.0,0,0,
mermaid,178,0,3,30.0,0,1,36.0
enterprise-architect,178,1,5,29.0,0,3,29.0
dokuwiki,179,24,2,75.0,16,2,68.0
trilium-notes,179,49,11,72.0,46,9,73.0
tiddlywiki,179,7,0,65.0,5,0,59.0
bookstack,179,5,0,61.0,2,0,51.0
outline,179,7,1,60.0,5,1,55.0
otterwiki,179,5,1,56.0,4,1,52.0
wiki-js,179,11,5,55.0,9,4,53.0
helpdocs,179,7,3,53.0,2,1,46.0
moinmoin,179,1,0,48.0,1,0,47.0
xwiki,179,5,3,48.0,3,1,49.0
stonly,179,1,0,48.0,1,0,47.0
document360,179,1,0,48.0,1,0,47.0
gitbook,179,3,2,46.0,1,1,42.0
heptabase,179,3,2,46.0,3,2,45.0
mkdocs,179,9,8,45.0,8,6,47.0
twiki,179,0,0,44.0,0,0,
ikiwiki,179,0,0,44.0,0,0,
guru,179,0,0,44.0,0,0,
pmwiki,179,0,0,44.0,0,0,
bluespice,179,0,0,44.0,0,0,
wackowiki,179,0,0,44.0,0,0,
tiki-wiki-cms-groupware,179,0,0,44.0,0,0,
foswiki,179,0,0,44.0,0,0,
mediawiki,179,22,26,41.0,12,26,30.0
docmost,179,16,21,39.0,15,21,38.0
silverbullet,179,11,16,37.0,8,6,47.0
docusaurus,179,3,6,35.0,2,4,36.0
lokalise,180,3,0,37.0,3,0,25.0
libretranslate,180,4,1,37.0,0,0,
weblate,180,3,0,37.0,1,0,15.0
google-translate,180,65,101,35.0,10,34,16.0
crowdin,180,4,2,34.0,3,1,23.0
deepl-translator,180,34,50,34.0,7,45,11.0
cafetran-espresso,180,3,1,33.0,0,0,
multilingualpress,180,2,0,32.0,0,0,
linguee,180,1,0,27.0,0,0,
tencent-cloud-machine-translation,180,1,0,27.0,0,0,
wordfast-pro,180,1,0,27.0,0,0,
localizely,180,1,0,27.0,0,0,
loco,180,1,0,27.0,1,0,15.0
plunet-businessmanager,180,1,0,27.0,1,0,15.0
polylang,180,2,2,27.0,0,0,
gridly,180,1,0,27.0,0,0,
apertium,180,1,0,27.0,1,0,15.0
lara-translate,180,1,0,27.0,1,0,15.0
yandex-translate,180,1,0,27.0,0,0,
gtranslate,180,2,2,27.0,0,0,
promt-one,180,1,1,25.0,0,0,
smartling,180,2,3,25.0,2,3,16.0
weglot,180,2,4,23.0,0,3,8.0
tolgee,180,0,0,22.0,0,0,
rask-ai,180,0,0,22.0,0,0,
transifex,180,0,0,22.0,0,0,
poeditor,180,0,0,22.0,0,0,
naver-papago,180,0,0,22.0,0,0,
conveythis,180,0,0,22.0,0,0,
phrase-localization-platform,180,0,0,22.0,0,0,
systran-translate,180,0,0,22.0,0,0,
modernmt,180,0,0,22.0,0,0,
omegat,180,0,0,22.0,0,0,
language-weaver,180,0,0,22.0,0,0,
memoq-translator-pro,180,1,3,21.0,1,2,13.0
localazy,180,0,1,20.0,0,1,9.0
xtm-cloud,180,0,1,20.0,0,0,
translatepress,180,1,4,19.0,0,0,
trados-studio,180,3,10,19.0,3,9,14.0
across-language-server,180,0,2,18.0,0,0,
lilt,180,0,2,18.0,0,2,8.0
microsoft-translator,180,0,2,18.0,0,2,8.0
argos-translate,180,0,3,16.0,0,2,8.0
wpml,180,2,15,13.0,0,2,8.0
novelcrafter,181,27,8,64.0,27,8,63.0
writesonic,181,13,3,60.0,8,1,57.0
jasper,181,4,0,53.0,4,0,52.0
quillbot,181,12,5,53.0,6,2,49.0
scalenut,181,5,1,51.0,1,1,37.0
deepl-write,181,3,0,50.0,2,0,45.0
autocrit,181,3,0,50.0,3,0,48.0
letterly,181,3,0,50.0,0,0,
grammarly,181,100,96,47.0,45,55,41.0
perfectit,181,6,3,47.0,0,0,
grammarcheck,181,6,3,47.0,6,0,57.0
harper,181,2,0,46.0,1,0,41.0
hemingway-editor,181,2,0,46.0,0,0,
prowritingaid,181,12,10,44.0,12,10,44.0
writer,181,2,1,42.0,2,0,45.0
wordtune,181,1,1,38.0,0,1,32.0
languagetool,181,2,2,38.0,1,2,33.0
rytr,181,1,1,38.0,0,1,32.0
wordai,181,2,2,38.0,1,0,41.0
undetectable-ai,181,1,1,38.0,0,1,32.0
conversion,181,0,0,37.0,0,0,
paragraphai,181,0,0,37.0,0,0,
compose-ai,181,0,0,37.0,0,0,
microsoft-editor,181,0,0,37.0,0,0,
smodin,181,0,0,37.0,0,0,
paperpal,181,0,0,37.0,0,0,
type-ai,181,4,5,37.0,4,3,41.0
ginger,181,0,0,37.0,0,0,
copy-ai,181,5,6,37.0,3,4,35.0
trinka,181,0,0,37.0,0,0,
yomu-ai,181,0,0,37.0,0,0,
sudowrite,181,6,8,36.0,5,8,33.0
ai-writer,181,10,14,36.0,9,10,39.0
jenni-ai,181,0,1,33.0,0,1,32.0
anyword,181,0,1,33.0,0,1,32.0
closerscopy,181,0,1,33.0,0,1,32.0
notebooklm,182,207,46,78.0,125,24,78.0
marblism,182,23,0,78.0,20,0,76.0
venice,182,28,5,70.0,11,2,59.0
genspark,182,22,4,67.0,10,3,54.0
kimi,182,111,43,66.0,75,23,69.0
deepseek,182,2771,1372,66.0,1642,777,67.0
qwen-studio,182,9,0,63.0,6,0,57.0
claude,182,170,88,62.0,94,53,58.0
gemini,182,128,69,60.0,54,35,54.0
open-webui,182,91,54,57.0,86,48,58.0
poe,182,5,0,55.0,3,0,48.0
anythingllm,182,22,11,54.0,10,8,43.0
lm-studio,182,267,210,53.0,232,196,51.0
sillytavern,182,227,180,53.0,216,178,52.0
monica,182,4,0,52.0,0,0,
chatgpt,182,8009,7536,51.0,5074,4998,50.0
librechat,182,9,4,50.0,8,3,50.0
grok,182,67,53,50.0,41,35,47.0
duck-ai,182,12,7,49.0,10,7,45.0
lumo,182,8,4,48.0,7,4,45.0
scispace,182,3,0,48.0,1,0,39.0
perplexity,182,8,4,48.0,4,3,40.0
brave-leo-ai,182,5,2,47.0,2,1,39.0
cherry-studio,182,6,3,46.0,5,2,46.0
msty,182,3,1,44.0,2,1,39.0
janitorai,182,29,28,44.0,23,19,46.0
consensus,182,2,0,44.0,1,0,39.0
lobechat,182,2,0,44.0,1,0,39.0
tolan,182,2,0,44.0,2,0,44.0
doubao,182,6,4,43.0,4,3,40.0
vibe,182,48,53,42.0,34,45,38.0
pokee-ai,182,1,0,40.0,1,0,39.0
risuai,182,1,0,40.0,1,0,39.0
agnai,182,1,0,40.0,1,0,39.0
gpt4all,182,3,2,40.0,1,2,32.0
typingmind,182,2,1,40.0,2,1,39.0
elicit,182,1,0,40.0,0,0,
pi,182,1,0,40.0,1,0,39.0
chai,182,1,0,40.0,0,0,
glean,182,1,0,40.0,0,0,
chatbox,182,1,0,40.0,1,0,39.0
hyperspell,182,1,0,40.0,1,0,39.0
nextchat,182,2,1,40.0,1,1,35.0
nomi,182,21,25,39.0,18,19,41.0
microsoft-copilot,182,34,42,39.0,14,16,38.0
jan,182,2,2,37.0,2,2,36.0
koboldai-lite,182,2,2,37.0,2,2,36.0
sider,182,2,2,37.0,0,1,30.0
big-agi,182,1,1,36.0,1,1,35.0
dreamgf,182,1,1,36.0,0,0,
you-com,182,17,23,36.0,11,12,39.0
boltai,182,1,1,36.0,1,1,35.0
dust,182,1,1,36.0,1,1,35.0
leo-ai,182,1,1,36.0,1,1,35.0
huggingchat,182,0,0,35.0,0,0,
gigachat,182,0,0,35.0,0,0,
alice-ai,182,0,0,35.0,0,0,
hebbia,182,0,0,35.0,0,0,
crushon-ai,182,4,5,35.0,2,3,33.0
phind,182,0,0,35.0,0,0,
sakura,182,0,0,35.0,0,0,
dashworks,182,0,0,35.0,0,0,
replika,182,11,16,34.0,7,12,31.0
paradot,182,1,2,33.0,1,2,32.0
candy-ai,182,1,2,33.0,0,1,30.0
kindroid,182,55,102,32.0,49,102,29.0
iask,182,0,1,31.0,0,0,
langdock,182,0,1,31.0,0,1,30.0
spicychat,182,3,7,29.0,3,2,40.0
meta-ai,182,29,64,28.0,11,17,33.0
komo,182,0,3,25.0,0,0,
polybuzz,182,5,16,23.0,5,4,40.0
character-ai,182,38,127,21.0,14,45,21.0
tensor-art,183,17,1,75.0,17,0,79.0
krea,183,119,33,73.0,115,31,74.0
leonardo-ai,183,27,7,68.0,22,4,71.0
stable-diffusion,183,92,37,66.0,83,34,65.0
perchance,183,13,3,65.0,9,3,59.0
fooocus,183,17,5,64.0,17,5,64.0
midjourney,183,182,89,64.0,129,57,65.0
comfyui,183,528,285,63.0,438,254,61.0
draw-things,183,10,3,60.0,8,1,64.0
flux,183,8,2,60.0,1,0,52.0
novelai,183,9,3,59.0,7,3,55.0
invoke,183,3,0,59.0,3,0,58.0
playground-ai,183,3,0,59.0,1,0,52.0
ideogram,183,5,1,58.0,4,1,56.0
recraft,183,4,1,56.0,3,1,53.0
imagineart,183,4,1,56.0,4,1,56.0
kittl,183,5,2,54.0,4,2,51.0
getimg-ai,183,3,1,53.0,2,1,50.0
nightcafe-creator,183,1,0,52.0,0,0,
artbot,183,1,0,52.0,0,0,
civitai,183,63,47,52.0,60,47,51.0
piclumen,183,1,0,52.0,1,0,52.0
adobe-firefly,183,21,14,52.0,11,4,59.0
flair,183,1,0,52.0,1,0,52.0
dzine,183,1,0,52.0,0,0,
rundiffusion,183,1,0,52.0,1,0,52.0
mokker-ai,183,1,0,52.0,1,0,52.0
microsoft-designer,183,4,2,51.0,2,1,50.0
openart,183,20,14,51.0,13,11,47.0
pixelcut,183,2,1,50.0,0,0,
seaart-ai,183,2,1,50.0,2,1,50.0
pebblely,183,0,0,47.0,0,0,
dream-by-wombo,183,0,0,47.0,0,0,
deepai,183,5,4,47.0,0,2,37.0
thinkdiffusion,183,0,0,47.0,0,0,
dezgo,183,1,1,46.0,1,1,46.0
craiyon,183,1,1,46.0,1,0,52.0
freepik,183,9,8,46.0,5,6,42.0
ai-horde,183,3,3,45.0,3,3,45.0
pixai,183,2,2,45.0,1,1,46.0
photoroom,183,4,4,44.0,0,0,
nvidia-canvas,183,1,2,42.0,0,0,
botika,183,0,1,42.0,0,1,42.0
generated-photos,183,1,2,42.0,0,2,37.0
wonder,183,0,1,42.0,0,1,42.0
deep-dream-generator,183,9,12,39.0,4,3,48.0
kling-ai,184,68,11,78.0,66,11,77.0
hailuo-ai,184,43,8,74.0,43,8,73.0
runway,184,39,9,70.0,36,7,72.0
akool,184,9,0,67.0,9,0,66.0
seedance,184,557,262,66.0,528,253,65.0
animaker,184,8,0,65.0,4,0,55.0
dream-machine,184,47,17,65.0,28,5,71.0
fliki,184,9,1,62.0,7,1,58.0
pixverse,184,26,10,61.0,24,8,62.0
vidu,184,11,3,59.0,10,3,57.0
d-id,184,5,0,58.0,5,0,58.0
domoai,184,6,1,56.0,6,1,55.0
haiper,184,4,0,56.0,4,0,55.0
veed,184,18,8,56.0,13,6,54.0
vyond,184,9,3,55.0,2,1,43.0
google-flow,184,65,41,55.0,58,39,54.0
heygen,184,51,34,54.0,40,26,53.0
tavus,184,3,0,53.0,1,0,44.0
neural-frames,184,3,0,53.0,3,0,52.0
lumen5,184,3,0,53.0,2,0,48.0
filmora,184,28,18,52.0,20,13,51.0
genmo,184,2,0,49.0,2,0,48.0
kaiber,184,2,0,49.0,1,0,44.0
ltx-studio,184,447,435,49.0,441,435,48.0
runware,184,2,0,49.0,2,0,48.0
sora,184,103,92,49.0,103,91,49.0
invideo-ai,184,15,11,48.0,15,10,49.0
captions,184,3,1,48.0,3,1,47.0
steve-ai,184,3,1,48.0,2,1,43.0
creatify,184,9,6,47.0,5,5,40.0
synthesia,184,4,2,47.0,3,2,43.0
higgsfield,184,107,109,46.0,84,101,42.0
viggle,184,1,0,45.0,0,0,
blings,184,1,0,45.0,0,0,
pollo-ai,184,4,3,44.0,1,2,36.0
pictory,184,6,5,43.0,4,4,40.0
dreamina,184,34,39,41.0,28,39,37.0
fal-ai,184,3,3,40.0,2,3,36.0
ai-studios,184,1,1,40.0,1,1,39.0
diffusion-studio,184,0,0,40.0,0,0,
hour-one,184,3,3,40.0,2,3,36.0
pika,184,1,1,40.0,1,1,39.0
renderforest,184,0,0,40.0,0,0,
simplified,184,0,0,40.0,0,0,
arcads,184,1,3,33.0,1,3,33.0
colossyan,184,2,5,32.0,1,4,30.0
artlist,184,7,30,20.0,7,29,20.0
lovable,185,10,0,75.0,8,0,70.0
claude-code,185,3724,1180,75.0,2363,877,72.0
kilo-code,185,40,9,73.0,33,8,70.0
codex,185,108,32,72.0,73,18,74.0
zencoder,185,7,0,71.0,6,0,67.0
qoder,185,5,0,67.0,4,0,62.0
devin,185,4,0,65.0,4,0,62.0
openhands,185,9,2,64.0,7,2,59.0
cursor,185,9,2,64.0,8,1,65.0
v0,185,3,0,62.0,3,0,60.0
codebuff,185,3,0,62.0,3,0,60.0
opencode,185,1008,575,62.0,948,559,61.0
verdent,185,3,0,62.0,1,0,53.0
warp,185,5,1,61.0,4,1,57.0
askcodi,185,2,0,59.0,2,0,57.0
codeium,185,2,0,59.0,2,0,57.0
google-antigravity,185,239,149,59.0,178,126,55.0
open-interpreter,185,2,0,59.0,2,0,57.0
swe-agent,185,2,0,59.0,2,0,57.0
kiro,185,2,0,59.0,1,0,53.0
goose,185,2,0,59.0,0,0,
augment-code,185,5,2,57.0,4,2,52.0
create,185,16,8,57.0,5,2,55.0
cody,185,1,0,56.0,1,0,53.0
gitlab-duo,185,1,0,56.0,1,0,53.0
sourcery,185,1,0,56.0,0,0,
firebase-studio,185,3,1,56.0,1,1,47.0
ellipsis,185,1,0,56.0,1,0,53.0
poolside,185,3,1,56.0,3,1,54.0
anysphere,185,1,0,56.0,0,0,
tabby,185,1,0,56.0,0,0,
all-hands-ai,185,1,0,56.0,1,0,53.0
crush,185,1,0,56.0,1,0,53.0
jules,185,1,0,56.0,0,0,
gemini-code-assist,185,8,4,56.0,5,4,48.0
tabnine,185,2,1,53.0,1,1,47.0
jetbrains-ai-assistant,185,0,0,52.0,0,0,
trae,185,0,0,52.0,0,0,
github-spark,185,0,0,52.0,0,0,
amp,185,0,0,52.0,0,0,
refact-ai,185,0,0,52.0,0,0,
softgen,185,0,0,52.0,0,0,
coderabbit,185,27,19,52.0,23,15,53.0
metagpt,185,0,0,52.0,0,0,
supermaven,185,0,0,52.0,0,0,
pythagora,185,0,0,52.0,0,0,
github-copilot,185,211,185,51.0,149,140,48.0
pieces-for-developers,185,21,16,51.0,8,5,51.0
roo-code,185,34,27,50.0,21,16,50.0
factory-droids,185,1,1,50.0,0,1,43.0
blackbox-ai,185,8,6,50.0,4,3,48.0
databutton,185,0,1,46.0,0,1,43.0
tempo-labs,185,0,1,46.0,0,0,
junie,185,0,1,46.0,0,1,43.0
codegpt,185,0,1,46.0,0,1,43.0
cline,185,1,2,45.0,1,2,43.0
continue,185,5,6,44.0,4,6,40.0
qodo,185,2,3,44.0,2,2,46.0
greptile,185,2,4,41.0,2,3,42.0
bolt,185,0,2,41.0,0,1,43.0
amazon-q-developer,185,6,9,40.0,4,2,52.0
tencent-cloud-codebuddy,185,0,3,37.0,0,3,35.0
pr-agent,185,1,4,37.0,1,3,39.0
replit-agent,185,6,11,36.0,5,5,45.0
same-new,185,14,35,28.0,7,11,37.0
elevenlabs-scribe,186,18,0,79.0,12,0,78.0
tactiq,186,13,0,75.0,13,0,79.0
macwhisper,186,22,5,68.0,13,1,75.0
superwhisper,186,41,13,67.0,30,8,70.0
avoma,186,6,0,65.0,4,0,67.0
soniox,186,8,1,64.0,1,0,59.0
assemblyai,186,7,1,62.0,3,0,65.0
deepgram,186,29,12,62.0,19,6,66.0
granola,186,13,4,61.0,10,1,71.0
vexa,186,4,0,61.0,3,0,65.0
speechmatics,186,3,0,58.0,2,0,62.0
fathom,186,5,1,58.0,1,1,53.0
fireflies-ai,186,23,11,58.0,10,4,61.0
stenoai,186,2,0,55.0,2,0,62.0
supernormal,186,2,0,55.0,2,0,62.0
circleback,186,2,0,55.0,1,0,59.0
noota,186,2,0,55.0,1,0,59.0
verbit,186,2,0,55.0,2,0,62.0
trint,186,2,0,55.0,0,0,
meeting-ai,186,2,0,55.0,1,0,59.0
clari-copilot,186,2,0,55.0,2,0,62.0
otter-ai,186,19,11,54.0,9,6,54.0
notta,186,3,1,53.0,2,0,62.0
equal-time,186,1,0,52.0,1,0,59.0
autonotes,186,1,0,52.0,1,0,59.0
sybill,186,1,0,52.0,1,0,59.0
simon-says,186,1,0,52.0,0,0,
heidi,186,1,0,52.0,1,0,59.0
meetgeek,186,1,0,52.0,1,0,59.0
fellow,186,1,0,52.0,1,0,59.0
jiminny,186,1,0,52.0,1,0,59.0
happy-scribe,186,1,0,52.0,1,0,59.0
gong,186,1,0,52.0,1,0,59.0
speak-ai,186,2,1,50.0,1,0,59.0
transkriptor,186,2,1,50.0,1,0,59.0
freed,186,3,2,49.0,0,0,
castmagic,186,3,2,49.0,2,1,56.0
tl-dv,186,9,7,48.0,7,5,53.0
rev-ai,186,0,0,47.0,0,0,
deepscribe,186,0,0,47.0,0,0,
salesloft-conversations,186,0,0,47.0,0,0,
tali-ai,186,0,0,47.0,0,0,
gmr-transcription,186,0,0,47.0,0,0,
gladia,186,0,0,47.0,0,0,
laxis,186,0,0,47.0,0,0,
sonix,186,0,0,47.0,0,0,
recall-ai,186,1,1,46.0,0,0,
rev,186,1,1,46.0,1,0,59.0
krisp,186,9,8,46.0,4,4,49.0
meetily,186,5,5,44.0,4,4,49.0
bluedot,186,1,2,42.0,1,1,53.0
abridge,186,0,1,42.0,0,0,
turboscribe,186,2,4,39.0,2,3,47.0
podsqueeze,186,0,2,38.0,0,2,44.0
transcribeme,186,0,2,38.0,0,0,
gotranscript,186,0,5,29.0,0,0,
read-ai,186,4,34,16.0,0,12,23.0
fieldcamp,187,11,0,64.0,9,0,58.0
zenmaid,187,12,3,56.0,12,3,54.0
servicem8,187,13,6,51.0,6,4,40.0
buildops,187,4,0,48.0,2,0,39.0
gorilladesk,187,9,4,48.0,9,4,47.0
serviceworks,187,4,1,44.0,0,0,
dynamics-365-field-service,187,4,1,44.0,2,1,35.0
fieldpulse,187,3,1,41.0,2,1,35.0
service-fusion,187,3,1,41.0,3,1,39.0
jobber,187,3,1,41.0,1,1,31.0
connecteam,187,3,1,41.0,2,0,39.0
pestpro,187,1,0,37.0,1,0,34.0
service-autopilot,187,1,0,37.0,1,0,34.0
launch27,187,1,0,37.0,1,0,34.0
tradify,187,2,1,37.0,1,0,34.0
successware,187,1,0,37.0,1,0,34.0
zuper,187,1,0,37.0,1,0,34.0
smart-service,187,1,0,37.0,1,0,34.0
housecall-pro,187,32,43,37.0,24,32,36.0
pestpac,187,3,3,35.0,3,3,34.0
workiz,187,4,5,34.0,3,5,29.0
singleops,187,0,0,32.0,0,0,
joblogic,187,0,0,32.0,0,0,
servicemax,187,0,0,32.0,0,0,
fieldequip,187,0,0,32.0,0,0,
servicechannel,187,0,0,32.0,0,0,
simpro,187,0,0,32.0,0,0,
commusoft,187,0,0,32.0,0,0,
servicetrade,187,1,3,28.0,0,2,24.0
corrigo,187,0,1,28.0,0,1,26.0
nextminute,187,0,1,28.0,0,0,
ascora,187,0,1,28.0,0,0,
briostack,187,1,3,28.0,1,3,26.0
fieldd,187,0,1,28.0,0,1,26.0
servicetitan,187,17,39,27.0,8,30,20.0
fieldroutes,187,1,4,26.0,1,4,24.0
fieldedge,187,1,4,26.0,1,4,24.0
jobtread,188,61,5,82.0,36,2,78.0
knowify,188,7,0,60.0,6,0,55.0
ressio,188,7,0,60.0,3,0,46.0
forma-build,188,8,1,58.0,5,1,48.0
buildxact,188,5,1,51.0,1,0,38.0
letsbuild,188,3,0,49.0,0,0,
mastt,188,2,0,45.0,2,0,42.0
raken,188,2,0,45.0,2,0,42.0
procore,188,99,105,45.0,40,59,36.0
smartuse,188,2,0,45.0,0,0,
rib-buildsmart,188,2,0,45.0,0,0,
eque2-construct,188,1,0,41.0,1,0,38.0
archdesk,188,1,0,41.0,0,0,
redteam-flex,188,2,1,41.0,0,0,
fonn,188,1,0,41.0,1,0,38.0
fieldwire,188,1,0,41.0,1,0,38.0
buildbook,188,2,1,41.0,0,0,
esub-cloud,188,1,0,41.0,1,0,38.0
buildertrend,188,29,36,39.0,15,22,35.0
jobnimbus,188,1,1,37.0,0,0,
dalux,188,1,1,37.0,1,1,34.0
builterra,188,0,0,36.0,0,0,
roofr,188,0,0,36.0,0,0,
bentley-synchro,188,0,0,36.0,0,0,
buildern,188,0,0,36.0,0,0,
oracle-primavera-p6,188,3,4,35.0,3,2,39.0
companycam,188,2,3,35.0,1,0,38.0
trimble-projectsight,188,1,2,33.0,0,1,30.0
thinkproject,188,1,2,33.0,0,0,
oracle-aconex,188,1,2,33.0,1,1,34.0
deltek-computerease,188,0,1,32.0,0,0,
contractor-foreman,188,2,4,32.0,1,4,27.0
assignar,188,0,1,32.0,0,0,
aroflo,188,0,1,32.0,0,0,
acculynx,188,0,1,32.0,0,0,
coconstruct,188,1,3,31.0,0,3,24.0
houzz-pro,188,2,5,30.0,2,5,28.0
trimble-viewpoint-vista,188,0,2,29.0,0,0,
payapps,188,1,4,28.0,1,4,27.0
cmic,188,1,5,26.0,0,0,
hcss-heavyjob,188,1,5,26.0,1,5,25.0
baselane,189,23,5,66.0,23,5,66.0
rentpost,189,8,0,63.0,8,0,63.0
turbotenant,189,16,5,59.0,16,5,60.0
ownerrez,189,6,0,58.0,6,0,59.0
lodgify,189,19,8,57.0,18,8,56.0
rentvine,189,7,2,53.0,6,2,51.0
simplifyem-property-management,189,4,0,53.0,4,0,54.0
property-meld,189,3,0,50.0,3,0,51.0
innago,189,17,11,49.0,16,11,49.0
mri-property-management-x,189,9,5,48.0,0,2,31.0
rentredi,189,11,7,48.0,11,7,48.0
guesty,189,29,23,48.0,29,22,49.0
hostex,189,5,2,48.0,5,2,49.0
apartments-com-rental-manager,189,10,7,46.0,10,7,47.0
doorloop,189,9,6,46.0,9,6,47.0
cinc-systems,189,2,0,46.0,0,0,
smoobu,189,4,2,45.0,4,2,46.0
appfolio-property-manager,189,22,19,45.0,22,17,48.0
hemlane,189,3,1,45.0,3,1,47.0
vantaca,189,1,0,42.0,0,0,
condo-control,189,1,0,42.0,1,0,43.0
beds24,189,1,0,42.0,1,0,43.0
sitelink,189,2,1,42.0,0,0,
latchel,189,1,0,42.0,1,0,43.0
rentec-direct,189,1,0,42.0,1,0,43.0
tenantcloud,189,3,3,39.0,2,3,36.0
zillow-rental-manager,189,3,3,39.0,3,3,40.0
yardi-voyager,189,8,9,39.0,7,9,37.0
propertyware,189,1,1,38.0,1,1,39.0
rent-manager,189,1,1,38.0,1,1,39.0
hostaway,189,12,15,38.0,12,15,38.0
yardi-breeze,189,0,0,37.0,0,0,
tenant-turner,189,0,0,37.0,0,0,
revela,189,0,0,37.0,0,0,
tenant-file,189,0,0,37.0,0,0,
rently,189,0,0,37.0,0,0,
hostfully,189,4,5,37.0,3,5,35.0
buildium,189,11,17,34.0,10,15,35.0
propertyme,189,0,1,33.0,0,0,
rentbetter,189,0,1,33.0,0,0,
eliseai,189,0,1,33.0,0,1,34.0
landlord-studio,189,0,1,33.0,0,1,34.0
rentler,189,0,1,33.0,0,1,34.0
townsq,189,0,1,33.0,0,0,
stessa,189,0,1,33.0,0,1,34.0
agentos,189,1,3,31.0,0,0,
payhoa,189,1,3,31.0,1,2,35.0
onesite,189,9,18,30.0,1,2,35.0
managecasa,189,0,4,25.0,0,4,26.0
entrata,189,1,7,24.0,0,5,24.0
revo-xef,190,35,10,65.0,2,1,40.0
gotab,190,5,1,54.0,5,0,52.0
fudo,190,3,0,53.0,0,0,
7shifts,190,7,3,51.0,7,2,50.0
hotschedules,190,2,0,49.0,2,0,44.0
restaurant365,190,3,1,48.0,3,1,44.0
cake-pos,190,1,0,46.0,1,0,40.0
tabit,190,1,0,46.0,1,0,40.0
smarttab,190,1,0,46.0,0,0,
lightspeed-restaurant,190,1,0,46.0,0,0,
olo,190,1,0,46.0,1,0,40.0
bentobox,190,2,1,45.0,0,0,
last-app,190,4,3,44.0,0,0,
clover-for-restaurants,190,0,0,41.0,0,0,
menusifu,190,0,0,41.0,0,0,
spoton-restaurant-pos,190,1,1,41.0,1,1,37.0
toast,190,2,2,41.0,2,2,37.0
sevenrooms,190,0,0,41.0,0,0,
owner-com,190,0,0,41.0,0,0,
crunchtime,190,0,0,41.0,0,0,
maitre-d,190,0,0,41.0,0,0,
marginedge,190,1,1,41.0,1,1,37.0
aloha-cloud,190,0,0,41.0,0,0,
gofrugal-restaurant-pos,190,0,0,41.0,0,0,
foodics,190,0,0,41.0,0,0,
skytab,190,3,3,41.0,3,3,38.0
flipdish,190,0,0,41.0,0,0,
petpooja,190,4,5,39.0,4,5,37.0
chowly,190,0,1,37.0,0,1,32.0
hungerrush,190,0,1,37.0,0,1,32.0
simphony-point-of-sale,190,0,1,37.0,0,0,
soft-restaurant,190,0,1,37.0,0,1,32.0
lavu,190,0,1,37.0,0,1,32.0
gloriafood,190,0,1,37.0,0,1,32.0
rezku,190,0,2,33.0,0,2,30.0
touchbistro,190,1,9,24.0,1,3,31.0
korona-pos,191,4,0,41.0,4,0,45.0
sumup-pos,191,9,5,41.0,1,2,30.0
nrs-pos,191,4,2,35.0,4,2,40.0
lynqd,191,2,1,31.0,2,1,36.0
runit-realtime,191,1,0,29.0,0,0,
lightspeed-retail,191,1,0,29.0,1,0,35.0
clover,191,1,0,29.0,1,0,35.0
bottle-pos,191,1,0,29.0,1,0,35.0
it-retail,191,1,1,27.0,1,1,33.0
retailedge,191,1,1,27.0,1,1,33.0
revel-systems,191,1,1,27.0,1,1,33.0
unicenta-opos,191,1,1,27.0,1,1,33.0
greenline-pos,191,0,0,24.0,0,0,
alice-pos,191,0,0,24.0,0,0,
indicaonline,191,0,0,24.0,0,0,
erply,191,0,0,24.0,0,0,
flowhub-maui,191,0,0,24.0,0,0,
epos-now,191,1,3,23.0,1,3,29.0
windward-system-five,191,0,1,22.0,0,0,
chromis-pos,191,0,1,22.0,0,1,29.0
simpleconsign,191,0,1,22.0,0,1,29.0
loyverse-pos,191,0,1,22.0,0,1,29.0
helcim-pos,191,0,1,22.0,0,1,29.0
godaddy-point-of-sale,191,0,1,22.0,0,0,
cova-pos,191,0,1,22.0,0,0,
dutchie-pos,191,0,2,20.0,0,2,27.0
markt-pos,191,2,16,16.0,0,0,
inflow-inventory,192,15,0,85.0,15,0,86.0
erpnext,192,93,15,81.0,31,5,79.0
mrpeasy,192,62,9,81.0,45,1,91.0
hopstack,192,8,0,80.0,8,0,81.0
cin7-core,192,50,8,80.0,46,4,85.0
fulfil,192,2,0,71.0,2,0,73.0
packiyo,192,2,0,71.0,2,0,73.0
craftybase,192,2,0,71.0,1,0,71.0
zoho-inventory,192,16,4,71.0,12,4,68.0
craftable,192,1,0,68.0,1,0,71.0
infoplus,192,1,0,68.0,1,0,71.0
softeon,192,1,0,68.0,1,0,71.0
extensiv-order-manager,192,4,1,68.0,3,1,67.0
katana-cloud-inventory,192,1,0,68.0,1,0,71.0
sos-inventory,192,1,0,68.0,1,0,71.0
linnworks,192,0,0,65.0,0,0,
sellercloud,192,0,0,65.0,0,0,
thrive-inventory,192,0,0,65.0,0,0,
manhattan-active-warehouse-management,192,0,0,65.0,0,0,
veeqo,192,4,2,62.0,1,2,56.0
logiwa-io,192,5,3,60.0,5,3,61.0
boxhero,192,1,1,60.0,1,1,62.0
cargowise,192,1,1,60.0,1,0,71.0
finale-inventory,192,1,1,60.0,1,1,62.0
pipe17,192,0,1,57.0,0,1,59.0
fishbowl-inventory,192,2,3,52.0,1,3,51.0
brightpearl,192,0,3,46.0,0,0,
deposco,192,3,6,45.0,3,6,46.0
pirate-ship,193,42,10,68.0,32,9,62.0
shiphero,193,14,3,58.0,9,3,48.0
shippit,193,8,1,53.0,1,0,31.0
amazon-multichannel-fulfillment,193,8,4,45.0,6,4,38.0
fulfillrite,193,2,0,39.0,2,0,36.0
fulfyld,193,3,1,39.0,3,1,37.0
fulfillment-by-amazon,193,67,109,35.0,53,94,32.0
ithink-logistics,193,2,1,35.0,1,1,28.0
fulfillment-com,193,1,0,34.0,1,0,31.0
easyship,193,1,0,34.0,1,0,31.0
shipway,193,1,0,34.0,0,0,
shippo,193,1,0,34.0,1,0,31.0
efulfillment-service,193,1,0,34.0,0,0,
shipmozo,193,1,0,34.0,1,0,31.0
shipfusion,193,1,0,34.0,1,0,31.0
fareye,193,1,0,34.0,0,0,
delhivery-one,193,1,0,34.0,1,0,31.0
onfleet,193,1,0,34.0,0,0,
red-stag-fulfillment,193,1,0,34.0,1,0,31.0
shipstation,193,6,8,33.0,6,3,41.0
fship,193,1,1,31.0,1,1,28.0
netparcel,193,1,1,31.0,0,1,23.0
stamps-com,193,2,3,30.0,0,1,23.0
ph-multi-carrier-shipping-label,193,0,0,29.0,0,0,
sendcloud,193,0,0,29.0,0,0,
flowspace,193,0,0,29.0,0,0,
aftership,193,0,0,29.0,0,0,
shippypro,193,0,0,29.0,0,0,
gobolt,193,0,0,29.0,0,0,
flexport-fulfillment,193,0,0,29.0,0,0,
shipium,193,0,0,29.0,0,0,
clickship,193,0,0,29.0,0,0,
bringg,193,0,0,29.0,0,0,
rollo-ship,193,0,0,29.0,0,0,
nimbuspost,193,0,0,29.0,0,0,
shiphawk,193,0,0,29.0,0,0,
myfbaprep,193,0,0,29.0,0,0,
shipglobal,193,0,0,29.0,0,0,
stord,193,0,1,26.0,0,1,23.0
freightpop,193,0,1,26.0,0,1,23.0
click-and-drop,193,0,1,26.0,0,1,23.0
packlink-pro,193,0,2,23.0,0,2,21.0
walmart-fulfillment-services,193,0,2,23.0,0,2,21.0
shipbob,193,2,9,21.0,1,8,17.0
shiprocket,193,4,16,20.0,4,15,20.0
shipmonk,193,1,8,18.0,1,5,20.0
merchize,194,12,5,48.0,12,5,47.0
customcat,194,7,1,48.0,7,1,46.0
prodigi,194,11,5,46.0,11,5,45.0
gelato,194,7,2,45.0,7,2,43.0
teepublic,194,15,10,44.0,10,9,36.0
spreadshop,194,5,1,42.0,5,1,40.0
neatopod,194,5,1,42.0,4,1,37.0
society6,194,5,1,42.0,2,1,29.0
fourthwall,194,4,1,39.0,4,1,37.0
zazzle,194,9,7,39.0,2,7,19.0
tapstitch,194,5,2,39.0,5,2,37.0
ingramspark,194,34,44,37.0,30,43,34.0
printful,194,50,66,37.0,48,64,37.0
inkthreadable,194,3,1,35.0,3,1,33.0
kindle-direct-publishing,194,110,173,35.0,89,164,32.0
bookvault,194,3,1,35.0,3,1,33.0
displate,194,2,0,34.0,0,0,
dreamship,194,2,0,34.0,2,0,32.0
printseekers,194,2,0,34.0,2,0,32.0
spring,194,3,2,32.0,1,1,24.0
apliiq,194,3,2,32.0,3,2,30.0
snapwear,194,2,1,31.0,2,1,29.0
teelaunch,194,1,0,29.0,1,0,27.0
merchone,194,1,0,29.0,0,0,
finerworks,194,1,0,29.0,1,0,27.0
podbase,194,1,0,29.0,1,0,27.0
printkk,194,1,0,29.0,1,0,27.0
pic-the-gift,194,1,0,29.0,1,0,27.0
amazon-merch-on-demand,194,3,4,28.0,1,4,18.0
printify,194,32,68,27.0,29,65,26.0
shineon,194,1,1,26.0,0,0,
teemill,194,1,1,26.0,1,1,24.0
gicl-e-today,194,1,1,26.0,1,1,24.0
yoycol,194,1,1,26.0,1,1,24.0
subliminator,194,0,0,24.0,0,0,
podpartner,194,1,2,24.0,1,2,22.0
peaprint,194,0,0,24.0,0,0,
hugepod,194,0,0,24.0,0,0,
printdoors,194,0,0,24.0,0,0,
spreadconnect,194,0,0,24.0,0,0,
threadless,194,0,0,24.0,0,0,
gearlaunch,194,0,0,24.0,0,0,
cafepress,194,0,0,24.0,0,0,
interestprint,194,0,0,24.0,0,0,
fine-art-america,194,0,1,21.0,0,1,19.0
redbubble,194,24,74,21.0,15,68,15.0
inkedjoy,194,0,1,21.0,0,1,19.0
contrado,194,0,1,21.0,0,1,19.0
uma-penca,194,0,1,21.0,0,0,
qikink,194,0,1,21.0,0,1,19.0
gooten,194,1,4,20.0,1,4,18.0
inprnt,194,0,2,19.0,0,2,17.0
bookbaby,194,0,2,19.0,0,2,17.0
clio,195,11,2,55.0,10,2,54.0
filevine,195,20,17,43.0,11,9,42.0
best-case,195,16,13,43.0,0,0,
smokeball,195,9,7,40.0,9,7,41.0
casepeer,195,5,3,39.0,4,3,38.0
soluno,195,3,1,38.0,3,1,40.0
filepro,195,2,0,37.0,0,0,
timesolv,195,2,0,37.0,2,0,40.0
practicepanther,195,8,9,35.0,8,9,36.0
tabs3,195,6,7,33.0,1,0,36.0
caret-legal,195,1,0,32.0,1,0,36.0
cloudlex,195,1,0,32.0,0,0,
prolaw,195,1,0,32.0,1,0,36.0
litify,195,8,11,32.0,8,11,34.0
time59,195,1,0,32.0,0,0,
runsensible,195,1,0,32.0,1,0,36.0
open-practice,195,1,0,32.0,0,0,
centerbase,195,1,0,32.0,0,0,
smartadvocate,195,1,0,32.0,1,0,36.0
casepacer,195,1,0,32.0,1,0,36.0
amicus-attorney,195,1,1,29.0,1,1,32.0
cosmolex,195,5,9,28.0,4,5,33.0
lawcus,195,3,5,28.0,1,2,30.0
surepoint-legal-management-system,195,11,23,27.0,0,0,
leanlaw,195,0,0,27.0,0,0,
actionstep,195,0,0,27.0,0,0,
abacuslaw,195,0,0,27.0,0,0,
legal-files,195,0,0,27.0,0,0,
casefleet,195,0,0,27.0,0,0,
neos,195,0,1,24.0,0,1,28.0
advbox,195,0,1,24.0,0,0,
elite-3e,195,0,1,24.0,0,0,
rocket-matter,195,0,1,24.0,0,1,28.0
perfectlaw,195,0,1,24.0,0,1,28.0
pclaw,195,2,6,23.0,2,6,26.0
docketwise,195,0,2,22.0,0,2,25.0
time-matters,195,0,2,22.0,0,1,28.0
aderant-expert,195,0,3,20.0,0,1,28.0
denovo,195,0,3,20.0,0,0,
bill4time,195,0,4,19.0,0,3,23.0
cerenade-ecms,195,0,5,17.0,0,1,28.0
civicrm,196,7,1,58.0,6,1,54.0
little-green-light,196,8,2,56.0,8,2,55.0
givebutter,196,7,2,54.0,7,1,56.0
planning-center,196,14,7,53.0,14,7,52.0
bonterra-everyaction,196,3,0,53.0,3,0,51.0
donorbox,196,12,6,53.0,12,4,56.0
onecause,196,4,1,51.0,0,0,
betterworld,196,4,1,51.0,0,0,
donordock,196,2,0,49.0,2,0,47.0
churchsuite,196,2,0,49.0,2,0,47.0
churchtrac,196,2,0,49.0,2,0,47.0
neon-crm,196,3,1,48.0,3,1,46.0
fundraise-up,196,1,0,45.0,1,0,43.0
aplos,196,1,0,45.0,1,0,43.0
continue-to-give,196,1,0,45.0,0,0,
one-church-software,196,1,0,45.0,0,0,
shelbynext-membership,196,1,0,45.0,0,0,
keela,196,1,0,45.0,0,0,
b1-church,196,1,0,45.0,1,0,43.0
mightycause,196,1,0,45.0,1,0,43.0
eleo,196,1,0,45.0,0,0,
blackbaud-raiser-s-edge-nxt,196,3,2,44.0,1,2,36.0
bloomerang,196,13,13,43.0,11,13,39.0
rallyup,196,0,0,41.0,0,0,
give-lively,196,1,1,41.0,1,1,39.0
gloo,196,0,0,41.0,0,0,
beacon-crm,196,0,0,41.0,0,0,
causevox,196,0,0,41.0,0,0,
touchpoint,196,0,0,41.0,0,0,
raisely,196,0,0,41.0,0,0,
soapbox-engage,196,0,0,41.0,0,0,
zeffy,196,1,1,41.0,1,1,39.0
nationbuilder,196,0,0,41.0,0,0,
charityengine,196,0,1,36.0,0,1,35.0
network-for-good,196,0,1,36.0,0,1,35.0
funraise,196,0,1,36.0,0,1,35.0
church-windows,196,0,1,36.0,0,1,35.0
donorperfect,196,0,1,36.0,0,1,35.0
rock-rms,196,0,1,36.0,0,1,35.0
pushpay-chms,196,1,3,34.0,1,3,33.0
wildapricot,196,2,6,31.0,1,4,30.0
subsplash,196,1,5,30.0,1,5,28.0
tithely-church-management,196,0,4,28.0,0,4,27.0
meetup,197,7,0,45.0,0,0,
luma,197,5,0,39.0,2,0,30.0
partiful,197,7,4,35.0,3,2,29.0
eventcube,197,3,0,32.0,3,0,34.0
eventify,197,3,1,29.0,2,0,30.0
humanitix,197,3,1,29.0,2,1,28.0
regfox,197,2,0,28.0,2,0,30.0
audienceview,197,2,1,25.0,1,1,23.0
rsvpify,197,1,0,23.0,1,0,26.0
accelevents,197,1,0,23.0,1,0,26.0
tito,197,1,0,23.0,0,0,
billetto,197,1,0,23.0,1,0,26.0
ticket-tailor,197,2,3,21.0,2,3,24.0
eventbrite,197,8,25,19.0,3,18,16.0
whova,197,1,2,19.0,0,0,
eventmobi,197,0,0,17.0,0,0,
pretix,197,0,0,17.0,0,0,
hi-events,197,0,0,17.0,0,0,
indico,197,0,0,17.0,0,0,
sched,197,0,0,17.0,0,0,
rainfocus,197,0,0,17.0,0,0,
trybooking,197,0,0,17.0,0,0,
sessionize,197,0,0,17.0,0,0,
heysummit,197,0,0,17.0,0,0,
spotme,197,0,0,17.0,0,0,
ticketspice,197,1,5,15.0,1,5,18.0
tessitura,197,0,1,15.0,0,0,
splash,197,0,1,15.0,0,0,
bizzabo,197,0,1,15.0,0,0,
showpass,197,0,1,15.0,0,0,
allseated,197,0,1,15.0,0,1,19.0
inevent,197,0,3,13.0,0,1,19.0
spektrix,197,0,3,13.0,0,0,
cvent,197,1,9,12.0,0,7,13.0
ticketmaster,197,4,39,10.0,1,2,22.0
piefed,198,23,2,65.0,17,2,62.0
skool,198,15,1,58.0,2,1,29.0
lemmy,198,14,9,41.0,0,1,20.0
discourse,198,9,4,39.0,3,1,34.0
mbin,198,5,0,37.0,5,0,44.0
phpbb,198,9,8,33.0,2,5,22.0
flarum,198,4,1,31.0,0,0,
reddit,198,3543,8196,30.0,815,1209,39.0
exo-platform,198,9,12,28.0,2,0,32.0
simple-machines-forum,198,3,1,27.0,0,1,20.0
xenforo,198,3,2,25.0,0,0,
mybb,198,2,0,25.0,0,0,
vbulletin,198,3,3,23.0,0,0,
buddyboss,198,2,3,19.0,2,3,25.0
bettermode,198,1,0,19.0,1,0,28.0
humhub,198,1,0,19.0,0,0,
mighty-networks,198,1,0,19.0,1,0,28.0
heartbeat,198,1,0,19.0,0,0,
invision-community,198,2,3,19.0,0,1,20.0
friendica,198,1,0,19.0,1,0,28.0
mastodon,198,1,0,19.0,0,0,
happeo,198,1,0,19.0,0,0,
workvivo,198,1,1,17.0,0,0,
nodebb,198,1,2,16.0,1,0,28.0
whop,198,1,2,16.0,0,1,20.0
circle,198,1,3,15.0,1,3,21.0
hubzilla,198,0,0,13.0,0,0,
apache-answer,198,0,0,13.0,0,0,
bbpress,198,0,0,13.0,0,0,
khoros,198,0,0,13.0,0,0,
jomsocial,198,0,0,13.0,0,0,
mobilizon,198,0,0,13.0,0,0,
misskey,198,0,1,12.0,0,1,20.0
hivebrite,198,0,1,12.0,0,1,20.0
glue-up,198,0,1,12.0,0,0,
easysocial,198,0,1,12.0,0,1,20.0
buddypress,198,0,1,12.0,0,1,20.0
open-social,198,0,1,12.0,0,0,
forem,198,0,5,8.0,0,0,
actual-budget,199,161,27,81.0,128,18,82.0
goodbudget,199,16,2,67.0,13,1,68.0
everydollar,199,60,26,62.0,49,18,64.0
quicken-classic,199,9,1,61.0,9,0,66.0
quicken-simplifi,199,20,7,60.0,18,7,58.0
pocketguard,199,6,0,59.0,6,0,60.0
beyond-budget,199,4,0,54.0,4,0,55.0
empower-personal-dashboard,199,4,0,54.0,2,0,48.0
gnucash,199,63,44,53.0,56,42,51.0
money-manager-expense-and-budget,199,11,5,52.0,9,2,58.0
money-manager-ex,199,3,0,51.0,2,0,48.0
wealthica,199,4,1,49.0,4,1,50.0
banktivity,199,5,2,48.0,4,2,46.0
lunch-money,199,18,13,48.0,18,10,53.0
fina,199,2,0,47.0,2,0,48.0
plum,199,2,0,47.0,0,0,
homebank,199,2,0,47.0,2,0,48.0
finanzguru,199,4,2,45.0,3,2,43.0
ynab,199,289,336,44.0,260,289,45.0
wemoney,199,1,0,43.0,1,0,44.0
tiller,199,1,0,43.0,1,0,44.0
wealthposition,199,1,0,43.0,1,0,44.0
finwise,199,1,0,43.0,1,0,44.0
money-pro,199,1,0,43.0,1,0,44.0
cashew,199,1,0,43.0,1,0,44.0
snoop,199,1,0,43.0,1,0,44.0
money-lover,199,1,0,43.0,1,0,44.0
honeydue,199,1,0,43.0,1,0,44.0
money-forward-me,199,1,0,43.0,0,0,
firefly-iii,199,9,8,42.0,3,0,52.0
moneyhub,199,3,2,42.0,3,2,43.0
moneydance,199,2,1,42.0,2,1,43.0
moneywiz,199,5,4,42.0,3,1,47.0
rocket-money,199,25,26,42.0,22,15,50.0
copilot-money,199,3,2,42.0,3,1,47.0
monarch-money,199,10,10,41.0,9,6,47.0
buckets,199,2,2,39.0,2,1,43.0
kmymoney,199,3,3,39.0,2,3,36.0
piere,199,0,0,38.0,0,0,
andromoney,199,0,0,38.0,0,0,
wallet-by-budgetbakers,199,1,1,38.0,1,1,39.0
bluecoins,199,0,0,38.0,0,0,
bankin,199,0,0,38.0,0,0,
frollo,199,1,1,38.0,1,1,39.0
truebill,199,0,0,38.0,0,0,
moneyspire,199,0,0,38.0,0,0,
neontra,199,1,1,38.0,1,1,39.0
pocketsmith,199,11,15,36.0,9,13,36.0
buxfer,199,2,3,36.0,1,3,33.0
spendee,199,1,2,35.0,1,2,36.0
projectionlab,199,1,2,35.0,1,2,36.0
moneytree,199,0,1,34.0,0,1,35.0
toshl-finance,199,0,1,34.0,0,1,35.0
debit-and-credit,199,1,3,32.0,1,3,33.0
outbank,199,0,2,30.0,0,0,
das-budget,199,0,7,20.0,0,6,22.0
freetaxusa,200,334,78,77.0,275,56,79.0
cash-app-taxes,200,10,2,55.0,10,2,55.0
olt-online-taxes,200,7,1,51.0,5,0,51.0
jackson-hewitt-online,200,6,2,46.0,3,2,37.0
taxslayer,200,9,5,45.0,8,3,48.0
wealthsimple-tax,200,4,1,43.0,4,1,44.0
taxcalc,200,2,0,39.0,2,0,40.0
h-and-r-block-online,200,56,78,37.0,47,64,37.0
futuretax,200,2,1,35.0,2,1,36.0
cryptotaxcalculator,200,1,0,34.0,0,0,
sovos,200,1,0,34.0,1,0,35.0
taxcloud,200,1,0,34.0,1,0,35.0
anrok,200,1,0,34.0,0,0,
taxjar,200,1,0,34.0,1,0,35.0
expatfile,200,1,0,34.0,1,0,35.0
crosslink-1040,200,1,0,34.0,0,0,
cleartax,200,1,0,34.0,0,0,
taxact,200,8,12,32.0,6,11,29.0
hnry,200,3,4,31.0,2,4,28.0
proconnect-tax,200,1,1,31.0,1,0,35.0
ultimatetax,200,0,0,29.0,0,0,
ufile,200,0,0,29.0,0,0,
kryptos,200,0,0,29.0,0,0,
genutax-standard,200,0,0,29.0,0,0,
taxfreeway,200,0,0,29.0,0,0,
lodgeit,200,0,0,29.0,0,0,
taxtron,200,0,0,29.0,0,0,
cantax,200,0,0,29.0,0,0,
blockpit,200,0,0,29.0,0,0,
glacier-tax-prep,200,0,0,29.0,0,0,
coinledger,200,0,0,29.0,0,0,
zamp,200,0,0,29.0,0,0,
taxcycle,200,0,0,29.0,0,0,
gosystem-tax-rs,200,0,0,29.0,0,0,
gosimpletax,200,0,0,29.0,0,0,
ultratax-cs,200,1,2,28.0,1,2,29.0
taxwise,200,1,2,28.0,1,2,29.0
lacerte,200,0,1,26.0,0,0,
cch-prosystem-fx-tax,200,1,3,26.0,1,1,32.0
taxbit,200,0,1,26.0,0,0,
cointracker,200,0,1,26.0,0,1,27.0
drake-tax,200,1,3,26.0,1,3,26.0
profile,200,0,1,26.0,0,1,27.0
sprintax,200,0,1,26.0,0,1,27.0
myob-practice-tax,200,0,1,26.0,0,1,27.0
studiotax,200,0,1,26.0,0,1,27.0
tokentax,200,0,1,26.0,0,0,
proseries-professional,200,0,3,21.0,0,0,
cloudtax,200,0,3,21.0,0,0,
myexpattaxes,200,0,4,20.0,0,4,20.0
cch-axcess-tax,200,0,4,20.0,0,4,20.0
turbotax,200,91,326,20.0,69,260,19.0
koinly,200,3,14,19.0,3,13,20.0
avalara-avatax,200,0,6,17.0,0,4,20.0
1040-com,200,1,10,16.0,0,3,22.0
prospeo,501,42,3,83.0,29,1,85.0
skrapp-io,501,7,0,72.0,7,0,74.0
cognism,501,13,2,70.0,10,2,69.0
crustdata,501,6,0,70.0,5,0,71.0
leadinfo,501,3,0,64.0,3,0,67.0
bettercontact,501,3,0,64.0,2,0,65.0
findymail,501,8,2,64.0,6,2,63.0
linkedin-sales-navigator,501,53,23,64.0,44,14,69.0
builtwith,501,9,3,62.0,5,1,65.0
hg-insights,501,2,0,61.0,1,0,62.0
wiza,501,2,0,61.0,2,0,65.0
contactout,501,2,0,61.0,0,0,
trigify,501,2,0,61.0,1,0,62.0
kaspr,501,4,1,60.0,4,1,63.0
hunter,501,4,1,60.0,3,1,61.0
fullenrich,501,6,2,60.0,6,2,63.0
bombora,501,3,1,58.0,3,0,67.0
rb2b,501,1,0,58.0,1,0,62.0
lusha,501,14,7,58.0,10,5,59.0
crunchbase,501,12,6,58.0,6,3,59.0
tomba,501,1,0,58.0,1,0,62.0
tracxn,501,1,0,58.0,1,0,62.0
dealfront,501,1,0,58.0,1,0,62.0
clay,501,1,0,58.0,0,0,
cufinder,501,1,0,58.0,0,0,
beauhurst,501,2,1,55.0,0,0,
warmly,501,0,0,54.0,0,0,
icypeas,501,0,0,54.0,0,0,
pitchbook,501,0,0,54.0,0,0,
dealroom-co,501,0,0,54.0,0,0,
ocean-io,501,0,0,54.0,0,0,
leadgenius,501,0,0,54.0,0,0,
people-data-labs,501,0,0,54.0,0,0,
wappalyzer,501,3,2,53.0,0,1,52.0
zint-technology,501,1,1,52.0,0,0,
salesintel,501,1,1,52.0,1,1,55.0
leadiq,501,2,2,50.0,0,1,52.0
clearbit,501,2,2,50.0,1,1,55.0
intentsify,501,0,1,48.0,0,0,
d-and-b-hoovers,501,0,1,48.0,0,0,
cb-insights,501,0,1,48.0,0,0,
common-room,501,2,3,46.0,1,0,62.0
rocketreach,501,1,5,37.0,0,2,46.0
seamless-ai,501,0,6,31.0,0,6,33.0
levanta,502,5,0,52.0,5,0,51.0
flexoffers,502,4,1,46.0,4,1,45.0
refersion,502,2,0,43.0,2,0,42.0
partnerstack,502,5,3,43.0,5,3,42.0
affonso,502,1,0,39.0,0,0,
affiliatewp,502,1,0,39.0,1,0,39.0
voluum,502,1,0,39.0,1,0,39.0
uppromote,502,1,0,39.0,1,0,39.0
loyaltylion,502,1,0,39.0,1,0,39.0
allbound,502,1,0,39.0,1,0,39.0
firstpromoter,502,1,0,39.0,1,0,39.0
admitad,502,1,0,39.0,1,0,39.0
refgrow,502,1,0,39.0,1,0,39.0
growsurf,502,1,0,39.0,0,0,
clickmagick,502,1,0,39.0,1,0,39.0
partnerize,502,1,1,36.0,1,1,35.0
everflow,502,1,1,36.0,1,1,35.0
social-snowball,502,1,1,36.0,1,1,35.0
goaffpro,502,0,0,35.0,0,0,
buyapowa,502,0,0,35.0,0,0,
tapfiliate,502,0,0,35.0,0,0,
referral-factory,502,0,0,35.0,0,0,
redtrack,502,0,0,35.0,0,0,
cellxpert,502,0,0,35.0,0,0,
tolt,502,0,0,35.0,0,0,
promotekit,502,0,0,35.0,0,0,
clickbank,502,4,7,33.0,4,7,33.0
mention-me,502,0,1,31.0,0,0,
rakuten-advertising,502,0,1,31.0,0,1,31.0
digistore24,502,1,3,30.0,1,3,30.0
cj,502,1,3,30.0,1,3,30.0
warriorplus,502,1,4,29.0,1,4,28.0
jvzoo,502,0,4,25.0,0,4,25.0
mastra,503,51,4,83.0,49,3,84.0
lyzr,503,22,2,76.0,18,0,79.0
pydantic-ai,503,16,1,74.0,14,1,72.0
retell-ai,503,17,2,72.0,6,1,60.0
letta,503,11,1,69.0,11,1,69.0
llamaindex,503,10,2,64.0,5,0,63.0
langgraph,503,71,33,62.0,68,32,62.0
openai-agents-sdk,503,7,2,58.0,6,2,56.0
bland-ai,503,7,2,58.0,3,2,48.0
agent-zero,503,5,1,58.0,4,1,56.0
autogpt,503,4,1,56.0,4,1,56.0
agent-development-kit,503,3,1,53.0,2,1,50.0
flowise,503,3,1,53.0,3,1,53.0
atomic-agents,503,1,0,52.0,1,0,51.0
synthflow-ai,503,1,0,52.0,0,0,
vellum,503,1,0,52.0,1,0,51.0
haystack,503,1,0,52.0,1,0,51.0
klarity,503,1,0,52.0,0,0,
beam-ai,503,1,0,52.0,1,0,51.0
crewai,503,31,27,48.0,23,25,43.0
bolna,503,0,0,47.0,0,0,
autogen,503,0,0,47.0,0,0,
hippocratic-ai,503,0,0,47.0,0,0,
ag2,503,0,0,47.0,0,0,
1mind,503,0,0,47.0,0,0,
phidata,503,0,0,47.0,0,0,
sierra,503,0,0,47.0,0,0,
stack-ai,503,0,0,47.0,0,0,
elizaos,503,0,0,47.0,0,0,
strands-agents,503,0,0,47.0,0,0,
vectorshift,503,0,0,47.0,0,0,
polyai,503,1,1,46.0,1,0,51.0
moveworks,503,0,1,42.0,0,1,42.0
langflow,503,4,5,42.0,4,5,42.0
smythos,503,0,1,42.0,0,1,42.0
langchain,503,32,53,35.0,28,40,38.0
dify,503,1,7,29.0,1,7,29.0
showpad,504,3,0,48.0,3,0,47.0
mindtickle,504,3,0,48.0,0,0,
hyperbound,504,4,1,47.0,0,0,
aligned,504,2,0,45.0,2,0,44.0
amplemarket,504,2,0,45.0,2,0,44.0
veloxy,504,1,0,41.0,1,0,41.0
second-nature,504,1,0,41.0,0,0,
highspot,504,1,1,38.0,0,1,35.0
fision,504,0,0,37.0,0,0,
reachdesk,504,0,0,37.0,0,0,
jeeva-ai,504,0,0,37.0,0,0,
revenue,504,0,0,37.0,0,0,
klue,504,3,5,36.0,3,2,42.0
yoodli,504,0,1,34.0,0,0,
6sense,504,3,8,32.0,3,6,36.0
modartt,505,23,0,86.0,23,0,86.0
bitwig,505,163,29,81.0,163,28,81.0
qtractor,505,23,2,79.0,23,2,79.0
valhalla-vintageverb,505,11,0,78.0,8,0,75.0
synthesizer-v-studio,505,10,0,77.0,4,0,68.0
melodyne,505,62,12,77.0,61,12,77.0
landr,505,14,1,76.0,14,1,76.0
ableton,505,464,128,76.0,463,122,77.0
renoise,505,25,4,75.0,25,4,75.0
neural-dsp,505,19,3,74.0,19,3,74.0
harrison-mixbus,505,7,0,73.0,7,0,73.0
mixcraft,505,6,0,72.0,6,0,72.0
izotope-rx,505,13,2,71.0,13,2,72.0
fabfilter-pro-q,505,15,3,70.0,15,3,70.0
ardour,505,8,1,69.0,8,1,69.0
decent-sampler,505,10,2,68.0,10,2,68.0
studio-one,505,38,13,67.0,38,13,67.0
vocaloid,505,12,3,67.0,3,1,59.0
steinberg-cubase,505,67,27,66.0,67,27,66.0
tunecore,505,6,1,66.0,6,1,66.0
samplitude,505,3,0,65.0,3,0,66.0
vital,505,3,0,65.0,3,0,66.0
image-line-fl-studio,505,147,67,65.0,143,67,64.0
propellerhead-reason,505,2,0,63.0,2,0,63.0
amuse,505,2,0,63.0,2,0,63.0
acid-pro,505,2,0,63.0,2,0,63.0
audiotool,505,2,0,63.0,2,0,63.0
cakewalk-sonar,505,6,2,61.0,6,2,61.0
phase-plant,505,6,2,61.0,6,2,61.0
guitarix,505,8,3,61.0,8,3,61.0
output,505,1,0,60.0,1,0,60.0
fadr,505,1,0,60.0,1,0,60.0
kontakt,505,1,0,60.0,1,0,60.0
cockos,505,1,0,60.0,1,0,60.0
serato-studio,505,1,0,60.0,1,0,60.0
pigments,505,1,0,60.0,1,0,60.0
moises,505,1,0,60.0,1,0,60.0
musescore-studio,505,1,0,60.0,1,0,60.0
diva,505,1,0,60.0,1,0,60.0
amplitube,505,9,4,59.0,9,4,59.0
zrythm,505,3,1,59.0,3,1,59.0
ozone,505,3,1,59.0,3,1,59.0
omnisphere,505,38,21,58.0,31,19,56.0
plugin-alliance,505,6,3,57.0,6,3,57.0
lmms,505,25,15,56.0,25,14,58.0
serum,505,0,0,56.0,0,0,
kits-ai,505,0,0,56.0,0,0,
loopcloud,505,2,1,56.0,2,1,56.0
cockos-reaper,505,2,1,56.0,2,1,56.0
rosegarden,505,0,0,56.0,0,0,
blue-cat-audio,505,0,0,56.0,0,0,
bandlab,505,28,18,55.0,28,17,56.0
surge-xt,505,3,2,54.0,3,2,54.0
komplete,505,1,1,53.0,1,1,53.0
udio,505,1,1,53.0,1,0,60.0
guitar-rig,505,7,5,52.0,7,5,53.0
maschine,505,2,2,51.0,2,2,51.0
ripx,505,0,1,49.0,0,1,49.0
stable-audio,505,0,1,49.0,0,1,49.0
massive-x,505,0,1,49.0,0,1,49.0
sforzando,505,0,1,49.0,0,1,49.0
audacity,505,0,1,49.0,0,1,49.0
digital-performer,505,1,2,48.0,1,2,48.0
cd-baby,505,12,12,46.0,12,12,46.0
distrokid,505,17,17,46.0,17,17,46.0
soundtrap,505,3,4,46.0,3,4,46.0
waveform,505,0,2,44.0,0,2,44.0
suno,505,2,6,37.0,1,4,40.0
auto-tune,505,3,9,34.0,3,7,38.0
sonarworks,505,17,34,32.0,17,34,32.0
holistiplan,506,17,8,54.0,17,8,54.0
portfolio-visualizer,506,4,1,50.0,4,1,51.0
asset-map,506,2,0,48.0,2,0,49.0
ss-and-c-advent-moxy,506,2,0,48.0,0,0,
envestnet,506,3,2,44.0,3,2,45.0
charles-river,506,1,0,44.0,1,0,45.0
portfolio-performance,506,1,0,44.0,1,0,45.0
smartleaf,506,1,0,44.0,0,0,
capitect,506,1,0,44.0,1,0,45.0
irebal,506,2,2,41.0,2,2,42.0
clearwater-analytics,506,0,0,40.0,0,0,
ss-and-c-advent-apx,506,0,0,40.0,0,0,
riskalyze,506,0,0,40.0,0,0,
investcloud,506,0,0,40.0,0,0,
addepar,506,0,0,40.0,0,0,
advyzon,506,1,1,40.0,1,1,41.0
55ip,506,0,0,40.0,0,0,
circleblack,506,0,0,40.0,0,0,
albridge-wealth-reporting,506,0,0,40.0,0,0,
advicepay,506,0,0,40.0,0,0,
sharesight,506,1,1,40.0,0,1,38.0
kwanti,506,0,0,40.0,0,0,
ghostfolio,506,0,1,36.0,0,0,
passiv,506,0,1,36.0,0,1,38.0
black-diamond-wealth-platform,506,1,3,35.0,1,3,36.0
authory,506,0,3,31.0,0,0,
finviz,507,14,1,69.0,14,1,72.0
deepvue,507,5,0,59.0,5,0,64.0
stock-analysis,507,5,0,59.0,5,0,64.0
quantconnect,507,14,5,58.0,14,5,61.0
koyfin,507,3,0,53.0,3,0,59.0
quiver-quantitative,507,3,0,53.0,2,0,57.0
value-investors-club,507,2,0,50.0,2,0,57.0
marketsurge,507,2,0,50.0,2,0,57.0
macrotrends,507,2,0,50.0,2,0,57.0
tiingo,507,2,0,50.0,2,0,57.0
factset-workstation,507,2,0,50.0,2,0,57.0
takeprofit,507,3,1,49.0,0,0,
eodhd,507,3,1,49.0,2,1,51.0
barchart,507,1,0,46.0,1,0,53.0
benzinga-pro,507,1,0,46.0,1,0,53.0
unusual-whales,507,1,0,46.0,1,0,53.0
fiscal-ai,507,1,0,46.0,0,0,
justetf,507,1,0,46.0,1,0,53.0
lseg-workspace,507,35,33,46.0,2,3,44.0
fintel,507,1,0,46.0,1,0,53.0
stockopedia,507,1,0,46.0,1,0,53.0
ycharts,507,3,2,45.0,0,0,
seeking-alpha,507,2,1,45.0,2,1,51.0
bamsec,507,0,0,42.0,0,0,
marketscreener,507,0,0,42.0,0,0,
morningstar-direct,507,0,0,42.0,0,0,
visible-alpha,507,0,0,42.0,0,0,
zacks-premium,507,0,0,42.0,0,0,
trading-economics,507,0,0,42.0,0,0,
market-chameleon,507,0,0,42.0,0,0,
openbb,507,0,0,42.0,0,0,
capitol-trades,507,0,0,42.0,0,0,
orats,507,0,0,42.0,0,0,
gurufocus,507,0,0,42.0,0,0,
tipranks,507,0,0,42.0,0,0,
new-constructs,507,0,0,42.0,0,0,
stock-rover,507,0,0,42.0,0,0,
portfolio123,507,0,0,42.0,0,0,
macromicro,507,0,0,42.0,0,0,
investingpro,507,0,0,42.0,0,0,
alpha-spread,507,0,0,42.0,0,0,
dataroma,507,0,0,42.0,0,0,
tikr,507,0,0,42.0,0,0,
simply-wall-st,507,1,1,41.0,1,1,48.0
spotgamma,507,1,1,41.0,1,1,48.0
s-and-p-capital-iq,507,1,1,41.0,0,1,44.0
bloomberg-terminal,507,18,23,39.0,11,13,43.0
alphasense,507,1,2,38.0,0,2,40.0
tickeron,507,0,1,37.0,0,0,
tc2000,507,0,1,37.0,0,1,44.0
vectorvest,507,0,1,37.0,0,1,44.0
value-line-investment-survey,507,0,2,33.0,0,0,
optionsplay,507,0,2,33.0,0,2,40.0
superfiliate,508,3,0,52.0,3,0,42.0
favikon,508,2,0,49.0,0,0,
saral,508,2,0,49.0,2,0,39.0
tiktok-one,508,3,1,48.0,0,1,29.0
upfluence,508,5,3,47.0,2,3,32.0
superawesome,508,1,0,46.0,0,0,
billo,508,1,0,46.0,1,0,35.0
shopmy,508,1,0,46.0,1,0,35.0
cohley,508,1,0,46.0,1,0,35.0
impact-com,508,1,0,46.0,0,0,
creatoriq,508,1,0,46.0,0,0,
modash,508,4,3,45.0,3,3,35.0
collabstr,508,2,1,45.0,2,1,36.0
joinbrands,508,0,0,42.0,0,0,
noxinfluencer,508,0,0,42.0,0,0,
aspire,508,0,0,42.0,0,0,
influencity,508,0,1,38.0,0,1,29.0
grin,508,0,1,38.0,0,1,29.0
thoughtleaders,508,0,1,38.0,0,0,
heepsy,508,0,1,38.0,0,1,29.0
hypeauditor,508,0,1,38.0,0,1,29.0
afluencer,508,0,1,38.0,0,1,29.0
skeepers,508,0,1,38.0,0,1,29.0
cloud-custodian,509,3,0,56.0,3,0,56.0
prosperops,509,3,0,56.0,3,0,56.0
finout,509,2,0,54.0,2,0,53.0
pointfive,509,2,0,54.0,1,0,51.0
archera,509,1,0,51.0,1,0,51.0
vantage,509,1,0,51.0,1,0,51.0
hyperglance,509,1,0,51.0,1,0,51.0
north,509,1,0,51.0,1,0,51.0
kubecost,509,2,1,50.0,2,1,50.0
infracost,509,3,2,49.0,2,2,47.0
cloudhealth,509,1,1,47.0,1,1,47.0
doit,509,0,0,47.0,0,0,
finopsly,509,0,0,47.0,0,0,
cloudzero,509,0,0,47.0,0,0,
zluri,509,0,0,47.0,0,0,
cloudcheckr,509,0,0,47.0,0,0,
vendr,509,0,0,47.0,0,0,
nops,509,0,0,47.0,0,0,
cloudkeeper,509,2,2,46.0,2,2,47.0
flexera-one-finops,509,1,2,43.0,1,2,44.0
anodot,509,0,1,43.0,0,0,
nooks,510,1,1,18.0,0,0,
level-ai,510,1,4,17.0,0,0,
abstrakt,510,0,0,16.0,0,0,
orum,510,0,4,15.0,0,4,20.0
trustpilot,511,20,9,58.0,2,2,47.0
judge,511,5,2,54.0,3,0,51.0
yotpo-reviews,511,1,0,51.0,1,0,48.0
embedsocial,511,1,0,51.0,0,0,
flowbox,511,1,0,51.0,0,0,
ryviu,511,1,0,51.0,0,0,
bazaarvoice,511,1,0,51.0,1,0,48.0
nicejob,511,2,1,50.0,0,0,
reputation,511,0,0,47.0,0,0,
appbot,511,0,0,47.0,0,0,
elfsight,511,0,0,47.0,0,0,
trustyou,511,1,1,46.0,1,0,48.0
embedmyreviews,511,2,2,46.0,0,0,
chainguard,512,9,1,53.0,9,1,51.0
lakera,512,5,0,46.0,5,0,45.0
zap,512,6,1,46.0,5,1,41.0
burp-suite,512,15,10,44.0,15,10,44.0
ox-security,512,3,0,39.0,2,0,34.0
nightvision,512,3,0,39.0,1,0,29.0
semgrep,512,8,6,39.0,4,6,28.0
checkmarx-one,512,3,1,36.0,1,1,26.0
sonarqube-server,512,2,0,35.0,1,0,29.0
projectdiscovery,512,2,0,35.0,1,0,29.0
codacy,512,2,0,35.0,0,0,
synack,512,3,2,33.0,3,2,32.0
endor-labs,512,2,1,32.0,2,1,31.0
coverity,512,1,0,31.0,1,0,29.0
cobalt-pentest-as-a-service,512,1,0,31.0,1,0,29.0
nowsecure-platform,512,1,0,31.0,1,0,29.0
owasp-dependency-track,512,1,0,31.0,1,0,29.0
invicti,512,1,0,31.0,1,0,29.0
jit,512,1,0,31.0,0,0,
prompt-security,512,1,0,31.0,1,0,29.0
aikido-security,512,0,0,25.0,0,0,
mend-io,512,0,0,25.0,0,0,
probely,512,0,0,25.0,0,0,
corgea,512,0,0,25.0,0,0,
wallarm,512,0,0,25.0,0,0,
pentest-tools-com,512,0,0,25.0,0,0,
detectify,512,0,0,25.0,0,0,
hackerone-pentest,512,0,0,25.0,0,0,
gitguardian,512,0,0,25.0,0,0,
pillar-security,512,0,0,25.0,0,0,
traceable,512,0,0,25.0,0,0,
cycode,512,0,0,25.0,0,0,
socket,512,0,1,23.0,0,0,
veracode,512,0,2,21.0,0,2,20.0
snyk,512,4,14,20.0,2,13,16.0
jfrog-xray,512,2,12,17.0,1,0,29.0
bugcrowd,512,8,53,14.0,8,51,14.0
strapi,513,9,2,64.0,9,2,64.0
webiny,513,3,0,63.0,3,0,62.0
brightspot-cms,513,3,0,63.0,3,0,62.0
storyblok,513,3,0,63.0,3,0,62.0
decap-cms,513,3,0,63.0,3,0,62.0
statamic,513,4,1,60.0,4,1,59.0
oneentry,513,2,0,60.0,0,0,
sanity,513,1,0,58.0,1,0,57.0
wagtail,513,1,0,58.0,1,0,57.0
processwire,513,1,0,58.0,1,0,57.0
grav,513,1,0,58.0,1,0,57.0
hygraph,513,0,0,54.0,0,0,
crafter-cms,513,0,0,54.0,0,0,
xperience-by-kentico,513,0,0,54.0,0,0,
typo3,513,0,0,54.0,0,0,
contentstack,513,0,0,54.0,0,0,
craft-cms,513,0,0,54.0,0,0,
datocms,513,0,0,54.0,0,0,
prismic,513,2,2,51.0,2,2,50.0
tinacms,513,2,2,51.0,2,2,50.0
payload,513,3,3,50.0,3,3,50.0
coremedia-content-cloud,513,0,1,49.0,0,1,48.0
saleo,514,3,1,44.0,3,1,42.0
navattic,514,2,1,41.0,2,1,40.0
demoboost,514,1,0,41.0,0,0,
howdygo,514,1,0,41.0,1,0,40.0
userflow,514,2,1,41.0,1,1,38.0
storylane,514,1,1,39.0,1,1,38.0
appcues,514,0,0,38.0,0,0,
demostack,514,0,0,38.0,0,0,
walkme,514,0,1,35.0,0,1,35.0
tts-performance-suite,514,0,1,35.0,0,0,
apache-jmeter,515,5,3,37.0,4,3,33.0
playwright,515,2,0,36.0,2,0,34.0
accelq,515,2,0,36.0,2,0,34.0
webdriverio,515,2,1,33.0,2,1,31.0
testrigor,515,1,0,31.0,1,0,30.0
selenium,515,1,0,31.0,1,0,30.0
kobiton,515,1,0,31.0,1,0,30.0
ghost-inspector,515,1,0,31.0,1,0,30.0
applitools,515,2,2,30.0,2,2,29.0
browserstack-automate,515,2,2,30.0,0,1,23.0
robot-framework,515,1,1,29.0,1,1,27.0
qa-wolf,515,0,0,27.0,0,0,
bugbug,515,0,0,27.0,0,0,
testim,515,0,0,27.0,0,0,
qase,515,1,2,27.0,1,2,25.0
mabl,515,0,0,27.0,0,0,
copado-robotic-testing,515,0,0,27.0,0,0,
ranorex,515,0,0,27.0,0,0,
testrail,515,3,9,24.0,2,9,21.0
lambdatest,515,0,1,24.0,0,0,
rest-assured,515,0,1,24.0,0,1,23.0
bug0,515,0,1,24.0,0,1,23.0
appium,515,2,8,22.0,2,8,21.0
studio-pro,516,17,1,70.0,0,0,
wodify,516,2,0,57.0,2,0,40.0
trainerize,516,1,0,55.0,1,0,38.0
westrive,516,1,0,55.0,0,0,
vibefam,516,1,0,55.0,1,0,38.0
arketa,516,1,0,55.0,1,0,38.0
coachmeplus,516,1,0,55.0,0,0,
offeringtree,516,1,0,55.0,1,0,38.0
trainheroic,516,0,0,51.0,0,0,
gymdesk,516,1,1,50.0,1,1,36.0
iclasspro,516,2,2,49.0,0,0,
pt-distinction,516,0,1,47.0,0,1,33.0
exercise-com,516,0,1,47.0,0,1,33.0
everfit,516,0,1,47.0,0,1,33.0
abc-fitness,516,0,1,47.0,0,1,33.0
virtuagym,516,0,1,47.0,0,0,
melento,517,0,0,30.0,0,0,
intelagree,517,0,0,30.0,0,0,
sirion,517,0,0,30.0,0,0,
agiloft,517,0,0,30.0,0,0,
earthchain,518,2,0,51.0,2,0,55.0
coolset,518,1,0,49.0,1,0,53.0
one-click-lca,518,1,0,49.0,1,0,53.0
netnada,518,1,0,49.0,1,0,53.0
aclymate,518,1,0,49.0,1,0,53.0
scope3,518,1,0,49.0,1,0,53.0
ecochain-mobius,518,1,0,49.0,0,0,
carbonfact,518,1,0,49.0,1,0,53.0
made2flow,518,1,0,49.0,1,0,53.0
ecovadis,518,0,0,46.0,0,0,
vaayu,518,0,0,46.0,0,0,
minimum,518,0,0,46.0,0,0,
openlca,518,0,0,46.0,0,0,
ecologi-carbon-accounting,518,0,0,46.0,0,0,
plan-a,518,2,3,45.0,0,0,
persefoni,518,0,1,43.0,0,1,48.0
idenfy,519,3,0,36.0,3,0,44.0
nasdaq-verafin,519,1,1,32.0,1,1,41.0
opensanctions,519,0,0,30.0,0,0,
quantifind-graphyte,519,0,0,30.0,0,0,
world-check-one,519,0,0,30.0,0,0,
trm-labs,519,0,0,30.0,0,0,
resistant-ai,519,0,0,30.0,0,0,
chainalysis,519,0,2,29.0,0,0,
merkle-science,519,0,1,29.0,0,0,
change-org,520,3,0,44.0,0,0,
new-mode,520,1,0,42.0,0,0,
dehavilland,520,0,0,40.0,0,0,
l2,520,0,0,40.0,0,0,
postbeyond,520,0,0,40.0,0,0,
everyonesocial,520,0,0,40.0,0,0,
legiscan,520,0,0,40.0,0,0,
fastdemocracy,520,0,0,40.0,0,0,
pdi,520,0,1,39.0,0,0,
rightcapital,521,4,3,42.0,4,3,38.0
idu-concept,521,1,0,41.0,0,0,
moneyguidepro,521,1,0,41.0,1,0,35.0
fintastic,521,1,0,41.0,1,0,35.0
onestream,521,2,2,39.0,0,2,30.0
abacum,521,1,1,38.0,1,1,34.0
liveplan,521,1,1,38.0,0,0,
emoney-advisor,521,0,0,37.0,0,0,
deepdots,522,7,0,52.0,7,0,52.0
onramp,522,2,0,43.0,2,0,43.0
valuecase,522,2,0,43.0,1,0,40.0
velaris,522,1,0,40.0,1,0,40.0
planhat,522,2,1,40.0,2,1,40.0
accord,522,0,0,36.0,0,0,
customersuccessbox,522,0,0,36.0,0,0,
rocketlane,522,0,0,36.0,0,0,
updateai,522,0,1,33.0,0,0,
churnkey,522,0,1,33.0,0,1,34.0
chartmogul,522,0,2,31.0,0,2,32.0
churnzero,522,0,2,31.0,0,2,32.0
custify,522,0,3,30.0,0,3,30.0
spendhq,523,3,0,55.0,3,0,44.0
focal-point,523,3,0,55.0,0,0,
proactis-rego,523,3,0,55.0,1,0,40.0
celonis,523,2,0,52.0,0,0,
amazon-business,523,3,1,51.0,1,0,40.0
sievo,523,1,0,50.0,1,0,40.0
tradogram,523,1,0,50.0,0,0,
ivalua,523,1,0,50.0,1,0,40.0
procurify,523,1,0,50.0,1,0,40.0
globality,523,0,0,46.0,0,0,
pactum,523,0,0,46.0,0,0,
tealbook,523,0,0,46.0,0,0,
arkestro,523,0,0,46.0,0,0,
opstream,523,0,0,46.0,0,0,
keelvar,523,0,0,46.0,0,0,
levelpath,523,0,0,46.0,0,0,
lightsource,523,0,1,43.0,0,0,
fairmarkit,523,0,1,43.0,0,1,35.0
jaggaer,523,0,2,40.0,0,2,33.0
sap-ariba,523,0,2,40.0,0,2,33.0
smartreach,524,9,0,69.0,7,0,67.0
lemlist,524,38,14,64.0,36,12,66.0
heyreach,524,22,7,63.0,22,7,64.0
dripify,524,6,2,55.0,6,2,56.0
la-growth-machine,524,5,2,53.0,5,2,54.0
mixmax,524,2,0,53.0,1,0,51.0
aisdr,524,2,0,53.0,2,0,55.0
snov-io,524,3,1,51.0,1,1,46.0
artisan,524,1,0,50.0,0,0,
salesrobot,524,1,0,50.0,1,0,51.0
linked-helper,524,1,0,50.0,1,0,51.0
texau,524,1,0,50.0,1,0,51.0
saleshandy,524,2,1,48.0,1,1,46.0
phoneburner,524,2,1,48.0,2,1,50.0
expandi,524,8,6,48.0,8,6,49.0
smartlead,524,30,29,46.0,29,24,49.0
leadloft,524,0,0,45.0,0,0,
right-inbox,524,0,0,45.0,0,0,
meet-alfred,524,0,0,45.0,0,0,
gmass,524,1,1,44.0,1,1,46.0
waalaxy,524,2,2,44.0,2,1,50.0
mailshake,524,1,1,44.0,1,0,51.0
instantly,524,1,1,44.0,1,1,46.0
phantombuster,524,1,2,40.0,1,2,42.0
reply,524,0,1,40.0,0,1,42.0
octopus-crm,524,0,1,40.0,0,0,
dux-soup,524,0,1,40.0,0,0,
hyperliquid,525,45,18,62.0,43,17,62.0
bubblemaps,525,4,0,55.0,4,0,54.0
cow-swap,525,3,0,52.0,3,0,51.0
banana-gun,525,3,0,52.0,3,0,51.0
dex-screener,525,4,1,50.0,4,1,50.0
gmgn,525,2,0,49.0,2,0,48.0
dydx,525,2,0,49.0,2,0,48.0
rotki,525,2,0,49.0,1,0,44.0
kyberswap,525,1,0,45.0,1,0,44.0
maestro,525,1,0,45.0,0,0,
glassnode,525,1,0,45.0,1,0,44.0
1inch,525,1,0,45.0,1,0,44.0
wundertrading,525,1,0,45.0,1,0,44.0
altrady,525,1,0,45.0,1,0,44.0
freqtrade,525,2,1,44.0,2,1,43.0
raydium,525,3,2,44.0,3,2,43.0
uniswap,525,19,19,43.0,15,16,41.0
tradingview,525,30,33,42.0,19,27,37.0
coingecko,525,4,4,41.0,1,3,33.0
coinglass,525,1,1,40.0,1,1,39.0
arkham,525,0,0,40.0,0,0,
coinalyze,525,0,0,40.0,0,0,
hummingbot,525,0,0,40.0,0,0,
debank,525,0,0,40.0,0,0,
3commas,525,2,2,40.0,2,2,39.0
cryptoquant,525,0,0,40.0,0,0,
pionex,525,0,0,40.0,0,0,
geckoterminal,525,0,0,40.0,0,0,
stoic-ai,525,0,1,36.0,0,1,35.0
coinmarketcap,525,1,5,29.0,1,5,28.0
pimcore,526,1,0,29.0,0,0,
brandkit,526,2,3,28.0,0,0,
bynder,526,1,1,27.0,1,0,31.0
mediavalet,526,0,0,25.0,0,0,
air,526,0,0,25.0,0,0,
brandfolder,526,0,0,25.0,0,0,
photoshelter,526,0,1,25.0,0,1,31.0
frontify,526,0,1,25.0,0,0,
ezlynx,527,2,0,48.0,2,0,46.0
radiusbob,527,1,0,46.0,0,0,
eis-group,527,1,0,46.0,1,0,45.0
agencyzoom,527,2,1,46.0,1,1,44.0
special-agent,527,1,0,46.0,1,0,45.0
sprout-ai,527,0,0,43.0,0,0,
partner-platform,527,0,0,43.0,0,0,
sunfire,527,0,0,43.0,0,0,
guidewire-insurancesuite,527,0,0,43.0,0,0,
ams360,527,0,0,43.0,0,0,
hi-marley,527,0,0,43.0,0,0,
bold-penguin,527,0,0,43.0,0,0,
xactimate,527,0,0,43.0,0,0,
instanda,527,0,0,43.0,0,0,
employee-navigator,527,0,0,43.0,0,0,
snapsheet,527,0,0,43.0,0,0,
hawksoft,527,0,1,42.0,0,0,
akitu-one,528,3,0,52.0,3,0,50.0
open-dental,528,8,4,51.0,8,4,49.0
cleardent,528,1,0,47.0,1,0,44.0
core-practice,528,1,0,47.0,0,0,
eaglesoft,528,1,0,47.0,0,0,
dentrix,528,8,6,47.0,7,5,46.0
dental-intelligence,528,1,0,47.0,1,0,44.0
cloud-9,528,1,0,47.0,0,0,
dentrix-ascend,528,1,1,43.0,1,1,41.0
power-practice,528,0,0,43.0,0,0,
dentrix-enterprise,528,0,1,39.0,0,1,37.0
abeldent,528,0,1,39.0,0,1,37.0
iubenda,529,1,0,21.0,1,0,23.0
consentmanager,529,0,1,19.0,0,1,21.0
mine,529,0,0,19.0,0,0,
complianz,529,0,1,19.0,0,1,21.0
tugboat-logic,529,0,0,19.0,0,0,
bigid,529,0,1,19.0,0,0,
gdpr-cookie-compliance,529,0,0,19.0,0,0,
cookieyes,529,0,1,19.0,0,1,21.0
cookie-information,529,0,0,19.0,0,0,
relyance-ai,529,0,0,19.0,0,0,
consentmo-gdpr-compliance,529,0,1,19.0,0,1,21.0
wpconsent,529,0,0,19.0,0,0,
cookiebot-cmp,529,0,0,19.0,0,0,
seedlegals,530,7,0,69.0,3,0,51.0
fidelity-private-shares,530,6,1,65.0,0,1,43.0
carta,530,3,0,65.0,3,0,51.0
broadridge,530,2,0,63.0,0,0,
cake-equity,530,1,0,61.0,1,0,48.0
equity-edge-online,530,0,0,58.0,0,0,
ubs-equity-plan-services,530,0,0,58.0,0,0,
wows-cap-table,530,0,0,58.0,0,0,
eqvista,530,1,1,56.0,1,1,46.0
global-shares,530,0,1,53.0,0,0,
nethermind,531,5,1,49.0,5,1,57.0
blockscout,531,3,0,47.0,3,0,57.0
envio,531,3,0,47.0,3,0,57.0
quicknode,531,4,1,46.0,4,1,55.0
ankr,531,2,0,43.0,2,0,55.0
geth,531,2,0,43.0,2,0,55.0
erigon,531,2,0,43.0,2,0,55.0
eth-docker,531,3,1,43.0,3,1,53.0
the-graph,531,44,50,42.0,6,2,56.0
kaleido,531,1,0,39.0,0,0,
chainstack,531,1,0,39.0,1,0,52.0
space-and-time,531,1,0,39.0,0,0,
alchemy,531,1,0,39.0,1,0,52.0
publicnode,531,1,0,39.0,0,0,
allnodes,531,1,1,35.0,1,1,47.0
infura,531,1,1,35.0,1,1,47.0
thirdweb,531,1,1,35.0,0,0,
blockdaemon,531,1,1,35.0,1,1,47.0
drpc,531,1,1,35.0,1,1,47.0
axelar,531,0,0,34.0,0,0,
onfinality,531,0,0,34.0,0,0,
subgraph,531,0,0,34.0,0,0,
blockpi,531,0,0,34.0,0,0,
blockchair,531,0,0,34.0,0,0,
tenderly,531,0,0,34.0,0,0,
hyperledger-besu,531,0,1,31.0,0,1,43.0
reth,531,0,1,31.0,0,1,43.0
teku,531,0,1,31.0,0,1,43.0
nownodes,531,0,1,31.0,0,0,
dappnode,531,0,1,31.0,0,1,43.0
lodestar,531,0,2,28.0,0,2,40.0
dealhub,532,6,0,60.0,3,0,44.0
camos-cpq,532,1,0,56.0,0,0,
veloce-cpq,532,1,0,56.0,0,0,
iquotexpress,532,0,0,54.0,0,0,
cincom,532,0,0,54.0,0,0,
driveworks,532,0,0,54.0,0,0,
kugamon,532,0,0,54.0,0,0,
vendavo,532,0,0,54.0,0,0,
appsflyer,533,6,4,31.0,5,4,36.0
whatconverts,533,4,5,25.0,4,5,33.0
northbeam,533,1,0,22.0,1,0,33.0
thoughtmetric,533,1,0,22.0,1,0,33.0
infinity,533,1,0,22.0,1,0,33.0
admetrics,533,1,0,22.0,1,0,33.0
hyros,533,0,0,18.0,0,0,
lifesight,533,0,0,18.0,0,0,
full-circle-insights,533,0,0,18.0,0,0,
robyn,533,0,0,18.0,0,0,
cometly,533,0,0,18.0,0,0,
polar-analytics,533,0,0,18.0,0,0,
dreamdata,533,0,1,16.0,0,1,27.0
calltrackingmetrics,533,0,1,16.0,0,1,27.0
kochava,533,0,1,16.0,0,0,
nimbata,533,0,1,16.0,0,1,27.0
callrail,533,0,2,15.0,0,2,25.0
mytracker,533,0,14,11.0,0,0,
stellar-cyber,534,4,0,60.0,4,0,58.0
threatconnect,534,1,0,55.0,1,0,53.0
pre-security,534,1,0,55.0,0,0,
thehive,534,1,0,55.0,1,0,53.0
reliaquest-greymatter,534,1,0,55.0,1,0,53.0
dfir-iris,534,1,0,55.0,1,0,53.0
rapid7-insightidr,534,2,1,54.0,2,1,52.0
intezer-autonomous-soc,534,0,0,52.0,0,0,
anvilogic,534,0,0,52.0,0,0,
shuffler,534,0,0,52.0,0,0,
prophet-security,534,0,0,52.0,0,0,
torq,534,0,0,52.0,0,0,
swimlane,534,0,0,52.0,0,0,
sekoia,534,0,0,52.0,0,0,
d3-security,534,0,0,52.0,0,0,
exabeam,534,1,1,51.0,1,1,50.0
growthloop,535,0,0,35.0,0,0,
mparticle,535,0,0,35.0,0,0,
tealium,535,0,0,35.0,0,0,
voyado,535,0,0,35.0,0,0,
amperity,535,0,0,35.0,0,0,
lexer,535,1,0,35.0,0,0,
llamaparse,536,31,2,81.0,25,2,79.0
docsumo,536,5,0,68.0,4,0,66.0
rossum,536,3,0,63.0,2,0,61.0
docling,536,63,29,63.0,58,28,63.0
parseur,536,1,0,57.0,1,0,58.0
marker,536,1,0,57.0,1,0,58.0
tensorlake,536,1,0,57.0,0,0,
reducto,536,6,3,56.0,6,3,56.0
vectorize-iris,536,0,0,54.0,0,0,
landingai-agentic-document-extraction,536,0,0,54.0,0,0,
docparser,536,0,0,54.0,0,0,
llmwhisperer,536,0,0,54.0,0,0,
ocrolus,536,0,0,54.0,0,0,
mineru,536,7,5,52.0,7,3,58.0
unstract,536,1,1,51.0,1,1,52.0
nanonets,536,2,2,50.0,2,0,61.0
super-ai,536,0,1,48.0,0,0,
ag-leader-sms,537,35,69,29.0,6,0,51.0
cropin,537,1,0,22.0,1,0,46.0
john-deere-operations-center,537,0,0,17.0,0,0,
sensehub-dairy,537,0,0,17.0,0,0,
pasture-io,537,0,0,17.0,0,0,
lely-horizon,537,0,1,15.0,0,1,42.0
delpro-farmmanager,537,0,1,15.0,0,1,42.0
tekmetric,538,11,3,56.0,10,3,55.0
autoleap,538,4,0,52.0,3,0,50.0
reynolds-and-reynolds,538,5,1,51.0,5,1,51.0
pbs-systems,538,3,0,49.0,2,0,46.0
identifix-direct-hit,538,3,1,45.0,3,1,46.0
dealertrack-dms,538,5,3,44.0,5,3,45.0
partstech,538,1,0,42.0,1,0,43.0
shopmonkey,538,1,0,42.0,0,0,
repairlink-shop,538,2,1,42.0,2,1,42.0
napa-tracs,538,1,0,42.0,1,0,43.0
mitchell-1,538,1,0,42.0,1,0,43.0
tiremaster,538,0,0,37.0,0,0,
alldata-repair,538,4,5,37.0,4,5,38.0
autoserve1,538,0,0,37.0,0,0,
deskmanager,538,0,0,37.0,0,0,
autosoft-dms,538,0,0,37.0,0,0,
promax,538,5,7,36.0,0,0,
ccc-one,538,0,1,33.0,0,1,34.0
tekion,538,8,17,31.0,8,16,33.0
catapult-sports,539,0,0,30.0,0,0,
loopio,540,0,4,15.0,0,4,17.0
turbodocx,540,0,0,14.0,0,0,
visiblethread,540,0,0,14.0,0,0,
inventive-ai,540,0,0,14.0,0,0,
zomentum,540,0,1,14.0,0,0,
1up,540,0,0,14.0,0,0,
autorfp,540,0,1,14.0,0,1,16.0
future-agi,541,19,0,76.0,19,0,79.0
promptfoo,541,6,0,61.0,3,0,59.0
langsmith,541,17,8,55.0,17,8,58.0
confident-ai,541,5,1,54.0,5,1,59.0
ragas,541,2,0,50.0,2,0,57.0
pydantic-logfire,541,2,0,50.0,2,0,57.0
arize-ax,541,3,1,49.0,3,0,59.0
deepeval,541,4,2,48.0,2,2,47.0
arize-phoenix,541,1,0,46.0,1,0,53.0
giskard,541,1,0,46.0,0,0,
portkey,541,1,0,46.0,1,0,53.0
litellm,541,37,43,43.0,16,14,48.0
freeplay,541,0,0,42.0,0,0,
braintrust,541,0,0,42.0,0,0,
cleanlab-tlm,541,0,0,42.0,0,0,
weights-and-biases-weave,541,0,0,42.0,0,0,
maxim-ai,541,0,0,42.0,0,0,
trulens,541,0,0,42.0,0,0,
patronus-ai,541,0,0,42.0,0,0,
bifrost,541,1,1,41.0,1,0,53.0
promptlayer,541,6,7,40.0,4,6,41.0
orq,541,0,1,37.0,0,1,44.0
goodcall,542,18,2,67.0,9,0,62.0
cartesia,542,16,2,65.0,15,2,63.0
gradium,542,3,0,48.0,3,0,48.0
resemble-ai,542,3,1,44.0,3,1,44.0
murf,542,3,1,44.0,3,1,44.0
pipecat,542,5,3,43.0,5,3,43.0
respeecher,542,1,0,40.0,1,0,40.0
voicemod,542,1,0,40.0,1,0,40.0
livekit-agents,542,7,7,39.0,7,3,48.0
hume-ai,542,1,1,36.0,1,1,36.0
lovo,542,0,0,35.0,0,0,
openai-audio-api,542,0,0,35.0,0,0,
vapi,542,23,43,32.0,21,39,33.0
altered,542,0,1,31.0,0,0,
wellsaid-labs,542,0,1,31.0,0,1,32.0
naturalreader,542,1,4,28.0,1,4,29.0
nhost,543,7,0,73.0,7,0,72.0
pocketbase,543,6,0,72.0,6,0,72.0
trailbase,543,3,0,69.0,3,0,68.0
appwrite,543,6,1,68.0,5,1,67.0
convex,543,0,0,62.0,0,0,
epic-online-services,543,0,0,62.0,0,0,
instant,543,0,0,62.0,0,0,
heroic-labs,543,0,1,57.0,0,1,56.0
hotel-link,544,1,0,32.0,1,0,35.0
amenitiz,544,1,0,32.0,0,0,
ezee-absolute,544,0,0,30.0,0,0,
resnexus,544,0,2,30.0,0,0,
roomkeypms,544,0,0,30.0,0,0,
canary-technologies,544,0,0,30.0,0,0,
guestpoint,544,0,0,30.0,0,0,
reservationkey,544,0,0,30.0,0,0,
cloudbeds,544,0,0,30.0,0,0,
visual-matrix,544,0,0,30.0,0,0,
accuknox-cspm,545,12,0,72.0,7,0,64.0
turbot-guardrails,545,37,20,58.0,7,1,61.0
aqua-security,545,3,0,58.0,1,0,54.0
fairwinds-insights,545,6,3,53.0,0,0,
fix-security,545,1,0,52.0,1,0,54.0
orca-security,545,1,0,52.0,1,0,54.0
armo-security,545,0,0,48.0,0,0,
wiz,545,0,0,48.0,0,0,
steampipe,545,0,0,48.0,0,0,
tenable-cloud-security,545,0,0,48.0,0,0,
sysdig,545,2,2,46.0,1,1,50.0
rapid7-insightcloudsec,545,0,3,36.0,0,3,41.0
details-flowers-software,546,6,4,43.0,0,0,
hana-florist-pos,546,3,1,43.0,0,0,
studio-ninja,546,1,0,40.0,1,0,40.0
iris-works,546,1,0,40.0,0,0,
shootproof,546,1,0,40.0,1,0,40.0
beatdesk,546,0,0,37.0,0,0,
17hats,546,0,1,34.0,0,0,
light-blue,546,0,1,34.0,0,0,
dj-intelligence,546,0,1,34.0,0,0,
avanan,547,29,7,66.0,27,7,66.0
ironscales,547,5,0,57.0,5,0,60.0
abnormal-security,547,3,0,52.0,2,0,52.0
valimail,547,2,0,48.0,2,0,52.0
rspamd,547,2,0,48.0,2,0,52.0
darktrace-email,547,2,0,48.0,2,0,52.0
material-security,547,1,0,44.0,1,0,48.0
proofpoint-email-protection,547,26,26,44.0,25,23,47.0
apache-spamassassin,547,1,0,44.0,1,0,48.0
perception-point,547,1,0,44.0,1,0,48.0
spamtitan,547,1,0,44.0,1,0,48.0
trustifi,547,1,0,44.0,1,0,48.0
dmarcian,547,1,0,44.0,1,0,48.0
mesh-email-security,547,1,0,44.0,1,0,48.0
sublime-security,547,1,0,44.0,1,0,48.0
proxmox-mail-gateway,547,2,1,44.0,2,1,47.0
red-sift-ondmarc,547,0,0,40.0,0,0,
nospamproxy,547,0,0,40.0,0,0,
powerdmarc,547,0,0,40.0,0,0,
vade,547,0,0,40.0,0,0,
tessian,547,0,0,40.0,0,0,
mimecast-email-security,547,11,25,30.0,10,16,36.0
docvilla-ehr,548,7,2,42.0,7,2,43.0
tebra-ehr,548,10,13,32.0,10,13,32.0
modmed-ema,548,4,3,32.0,0,0,
practice-fusion,548,3,2,31.0,3,2,31.0
openemr,548,2,1,29.0,2,1,30.0
office-ally-ehr-24-7,548,2,1,29.0,2,1,30.0
eclinicalworks,548,2,1,29.0,2,0,33.0
nextgen-enterprise-ehr,548,5,7,28.0,4,6,28.0
pointclickcare,548,2,2,27.0,1,2,24.0
azalea-health,548,1,0,27.0,1,0,28.0
elation-health,548,1,0,27.0,1,0,28.0
altera-sunrise,548,1,0,27.0,0,0,
drchrono,548,0,0,22.0,0,0,
curemd,548,0,0,22.0,0,0,
valant,548,0,0,22.0,0,0,
epic,548,0,0,22.0,0,0,
athenaone,548,0,0,22.0,0,0,
gnu-health,548,0,0,22.0,0,0,
medicaldirector-clinical,548,0,0,22.0,0,0,
practice-ehr,548,0,0,22.0,0,0,
openmrs,548,0,0,22.0,0,0,
bp-premier,548,0,1,20.0,0,0,
advancedmd,548,0,1,20.0,0,1,21.0
matrixcare,548,0,1,20.0,0,1,21.0
netsmart-myunity,548,0,1,20.0,0,1,21.0
altera-touchworks-ehr,548,0,1,20.0,0,1,21.0
medent,548,0,2,18.0,0,2,19.0
ims-by-meditab,548,0,3,17.0,0,0,
carecloud-charts,548,0,3,17.0,0,0,
meditech-expanse,548,1,15,12.0,1,15,13.0
buzzstream,549,3,0,41.0,1,0,30.0
qwoted,549,2,0,37.0,1,0,30.0
source-of-sources,549,2,0,37.0,1,0,30.0
help-a-b2b-writer,549,1,0,34.0,0,0,
sourcebottle,549,1,0,34.0,0,0,
globenewswire,549,1,0,34.0,1,0,30.0
justreachout,549,1,0,34.0,0,0,
tveyes,549,1,0,34.0,1,0,30.0
muck-rack,549,6,10,32.0,6,10,30.0
truescope,549,1,1,31.0,1,1,28.0
prezly,549,0,0,29.0,0,0,
talkwalker,549,0,0,29.0,0,0,
business-wire,549,0,0,29.0,0,0,
newswire,549,0,0,29.0,0,0,
cision,549,1,6,23.0,1,6,22.0
ein-presswire,549,0,4,22.0,0,0,
arive,550,2,0,34.0,2,0,40.0
ncino,550,1,0,31.0,1,0,39.0
defi-solutions,550,1,0,31.0,0,0,
ice-msp,550,4,7,30.0,0,0,
zest-ai,550,0,0,27.0,0,0,
lendingpad,550,0,0,27.0,0,0,
nfs-ascent,550,1,2,27.0,0,0,
openclose,550,0,1,25.0,0,0,
calyx-point,550,0,1,25.0,0,1,37.0
inovalon-one-platform,551,29,13,58.0,2,0,40.0
trinetx-live,551,1,0,48.0,0,0,
mdclone-adams-platform,551,1,0,48.0,0,0,
open-integration-engine,551,1,0,48.0,1,0,38.0
om1-ai-outcomes-platform,551,1,0,48.0,0,0,
sophia-ddm,551,1,0,48.0,1,0,38.0
medplum,551,1,0,48.0,0,0,
haste-health,551,0,0,44.0,0,0,
milliman-medinsight,551,0,0,44.0,0,0,
hapi-fhir,551,0,0,44.0,0,0,
firely-server,551,0,0,44.0,0,0,
orion-health-amadeus-ai,551,0,1,40.0,0,0,
merative-marketscan,551,0,1,40.0,0,0,
mirth-connect,551,1,3,38.0,1,3,36.0
